--------- beginning of main
03-27 07:13:33.233 18091 18205 I [CT]    : HandPoseSampler: Filter reset
03-27 07:13:33.233 18091 18205 I InputDevice_Hand: HANDTRACKING ADMIRE hand 0: hpm=1 -> shared=0
03-27 07:13:33.233 18091 18205 I [CT]    : HandPoseSampler: Filter reset
03-27 07:13:33.233 18091 18205 I InputDevice_Hand: HANDTRACKING ADMIRE hand 1: hpm=1 -> shared=0
03-27 07:13:33.233 18091 18205 I OpenXR_ClientState: [OATS]: IP changed: unknown/interaction_profiles/meta/touch_controller_plus, 7
03-27 07:13:33.233 18091 18205 I OpenXR_ClientState: [OATS]: IP changed: /user/hand/right/interaction_profiles/meta/touch_controller_plus, -1
03-27 07:13:33.234 18091 18205 I [SEO] ShellInputConfigurationDataProvider: InteractionMode changed, mode: Null activation method: No Device Present displayTimeActivated 130985.630488
03-27 07:13:33.237 18091 18205 I Shell   : ResMan : skinnedmesh records unloaded: asset=0000000000000000  data=0000007517703100,00000075177be500,00000075177be500,00000075178c8f80,0000007517700680,00000075177be500,0000007531b5fc00,00000075176fff00,0000007531b5fc00,00000075176ff000,0000007517c7bc00,00000074aa258d80,000000756c636200,000000756a5abb00,000000756c420700,000000756c633c80,000000756ca61480,000000756c420700,000000756c633c80,000000756c634b80,000000756ca5ec80,000000756ca60300,000000756c9a6f00,000000756ca61480,000000756ca5ec80,000000756ca62b00,000000756c633c80,000000756c634b80,000000756ca5ec80,000000756ca60300,000000756c4a7b80,000000756c633a00,  dstryFlg=1,1,1,1,1,1,1,1,1,1,1,1,1,1,1,1,1,1,1,1,1,1,1,1,1,1,1,1,1,1,1,1,  vec=0000000000000000/0000000000000000/0000000000000000,0000000000000000/0000000000000000/0000000000000000,0000000000000000/0000000000000000/0000000000000000,0000000000000000/0000000000000000/0000000000000000,0000000000000000/0000000000000000/0000000000000000,0000000000000000/0000000000000000/0000000000000000,0000000000000000/0000000000000000/0000000000000000,0000000000000000/0000000000000000/0000000000000000,0000000000000000/0000000000000000/0000000000000000,0000000000000000/0000000000000000/0000000000000000,0000000000000000/0000000000000000/0000000000000000,0000000000000000/0000000000000000/0000000000000000,0000000000000000/0000000000000000/0000000000000000,0000000000000000/0000000000000000/0000000000000000,0000000000000000/0000000000000000/0000000000000000,0000000000000000/0000000000000000/0000000000000000,0000000000000000/0000000000000000/0000000000000000,0000000000000000/0000000000000000/0000000000000000,0000000000000000/0000000000000000/0000000000000000,0000000000000000/0000000000000000/0000000000000000,0000000000000000/0000000000000000/0000000000000000,0000000000000000/0000000000000000/0000000000000000,0000000000000000/0000000000000000/0000000000000000,0000000000000000/0000000000000000/0000000000000000,0000000000000000/0000000000000000/0000000000000000,0000000000000000/0000000000000000/0000000000000000,0000000000000000/0000000000000000/0000000000000000,0000000000000000/0000000000000000/0000000000000000,0000000000000000/0000000000000000/0000000000000000,0000000000000000/0000000000000000/0000000000000000,0000000000000000/0000000000000000/0000000000000000,0000000000000000/0000000000000000/0000000000000000,  dstry=000000062bdd8076,000000062bdd807b,000000062bee9d1d,000000062bee9d21,000000062c1c923c,000000062c1c9242,000000062c4cb703,000000062c4cb708,000000062c675a0a,000000062c675a0f,000000065596e831,000000065596e835,0000000655a4bc5b,0000000655a4bc60,0000000655c51f16,0000000655c51f1a,0000000655e0bdc1,0000000655e0bdc6,0000000656068fb7,0000000656068fbb,000000065610bf0b,000000065610bf0f,000000065622dc0d,000000065622dc11,000000065635de24,000000065635de27,0000000656532dfd,0000000656532e02,000000065661ee56,000000065661ee5a,0000000656d25581,0000000656d25585,  unld=000000062bdd80d3,000000062bdd80d5,000000062bee9d5b,000000062bee9d5d,000000062c1c929f,000000062c1c92a1,000000062c4cb746,000000062c4cb749,000000062c675a70,000000062c675a73,000000065596e86f,000000065596e871,0000000655a4bcab,0000000655a4bcad,0000000655c51f54,0000000655c51f56,0000000655e0be09,0000000655e0be0b,0000000656068ffe,0000000656069000,000000065610bf4c,000000065610bf4e,000000065622dc4b,000000065622dc4e,000000065635de6c,000000065635de6e,0000000656532e48,0000000656532e4a,000000065661ee96,000000065661ee98,0000000656d2561f,0000000656d25622,
03-27 07:13:33.238 18091 18205 W [SEO] InputOpenXr: Interaction Profile retrieval failed: /user/eyes_ext
03-27 07:13:33.245 18091 18205 I [CT]    : HandPoseSampler: Filter reset
03-27 07:13:33.245 18091 18205 I InputDevice_Hand: HANDTRACKING ADMIRE hand 0: hpm=1 -> shared=0
03-27 07:13:33.245 18091 18205 I [CT]    : HandPoseSampler: Filter reset
03-27 07:13:33.245 18091 18205 I InputDevice_Hand: HANDTRACKING ADMIRE hand 1: hpm=1 -> shared=0
03-27 07:13:33.247 18091 18205 I ShellHsr: Input: Destroying hand instance: hand=Right
03-27 07:13:33.254  2697 14219 I [CT]    : MIXEDREALITY: PassthroughApiManager: GetUpdatedLayerState: (every 2 seconds) PT is: ON numLayers: 1
03-27 07:13:33.255 18091 18205 I [CT]    : HandPoseSampler: Filter reset
03-27 07:13:33.255 18091 18205 I InputDevice_Hand: HANDTRACKING ADMIRE hand 0: hpm=1 -> shared=0
03-27 07:13:33.255 18091 18205 I [CT]    : HandPoseSampler: Filter reset
03-27 07:13:33.255 18091 18205 I InputDevice_Hand: HANDTRACKING ADMIRE hand 1: hpm=1 -> shared=0
--------- beginning of system
03-27 07:13:33.261  1419  3729 D CompatibilityChangeReporter: Compat change id reported: 161252188; UID 10065; state: DISABLED
03-27 07:13:33.262  1419  3729 W ActivityTaskManager: callingPackage for (uid=2000, pid=16741) has no WPC
03-27 07:13:33.263  1419  3729 D HzOS.BinderClient: Connected to PreferencesService
03-27 07:13:33.263  1419  3729 D HzOS.BinderClient: Connected to PreferencesService
03-27 07:13:33.265  1419  3729 D CompatibilityChangeReporter: Compat change id reported: 265464455; UID 10065; state: DISABLED
03-27 07:13:33.265  1419  3729 D CompatibilityChangeReporter: Compat change id reported: 265452344; UID 10065; state: DISABLED
03-27 07:13:33.265  1419  3729 D CompatibilityChangeReporter: Compat change id reported: 266124927; UID 10065; state: DISABLED
03-27 07:13:33.265  1419  3729 D CompatibilityChangeReporter: Compat change id reported: 265451093; UID 10065; state: DISABLED
03-27 07:13:33.265  1419  3729 D CompatibilityChangeReporter: Compat change id reported: 265456536; UID 10065; state: DISABLED
03-27 07:13:33.265  1419  3729 D CompatibilityChangeReporter: Compat change id reported: 255940284; UID 10065; state: DISABLED
03-27 07:13:33.265  1419  3729 D CompatibilityChangeReporter: Compat change id reported: 236283604; UID 10065; state: DISABLED
03-27 07:13:33.265  1419  3729 D CompatibilityChangeReporter: Compat change id reported: 263959004; UID 10065; state: DISABLED
03-27 07:13:33.265  1419  3729 D CompatibilityChangeReporter: Compat change id reported: 264304459; UID 10065; state: DISABLED
03-27 07:13:33.265  1419  3729 D CompatibilityChangeReporter: Compat change id reported: 264301586; UID 10065; state: DISABLED
03-27 07:13:33.265  1419  3729 D CompatibilityChangeReporter: Compat change id reported: 254631730; UID 10065; state: DISABLED
03-27 07:13:33.266  1419  3729 D CompatibilityChangeReporter: Compat change id reported: 273509367; UID 10065; state: DISABLED
03-27 07:13:33.266  1419  3729 D CompatibilityChangeReporter: Compat change id reported: 263259275; UID 10065; state: ENABLED
03-27 07:13:33.266  1419  3729 D CompatibilityChangeReporter: Compat change id reported: 174042980; UID 10065; state: DISABLED
03-27 07:13:33.266  1419  3729 D CompatibilityChangeReporter: Compat change id reported: 174042936; UID 10065; state: DISABLED
03-27 07:13:33.266  1419  3729 D CompatibilityChangeReporter: Compat change id reported: 181136395; UID 10065; state: DISABLED
03-27 07:13:33.266   920 14201 I VD628x  : Flicker results: freq 120.000000, max 119.911575, dcr 32.972752, pct 0.040685, idx 0.012862, conf 0.881819, snr 8.799206, svm 0.069477, sus 0
03-27 07:13:33.267  1419  3729 D CompatibilityChangeReporter: Compat change id reported: 194480991; UID 10065; state: ENABLED
03-27 07:13:33.267 18091 18205 I [CT]    : HandPoseSampler: Filter reset
03-27 07:13:33.267 18091 18205 I InputDevice_Hand: HANDTRACKING ADMIRE hand 0: hpm=1 -> shared=0
03-27 07:13:33.267 18091 18205 I [CT]    : HandPoseSampler: Filter reset
03-27 07:13:33.267 18091 18205 I InputDevice_Hand: HANDTRACKING ADMIRE hand 1: hpm=1 -> shared=0
03-27 07:13:33.268  1419  3729 I ActivityTaskManager: START u0 {flg=0x10000000 cmp=is.xyz.omw.debug/ui.activity.VrEntryActivity (has extras)} with LAUNCH_MULTIPLE from uid 2000 (BAL_ALLOW_PERMISSION) result code=0
03-27 07:13:33.268  2388  2388 I VrKeyguardViewMediator: handleSetOccluded, occluded: false, prevValue: false, mHiding: false
03-27 07:13:33.268  2388  2388 D VrLockscreenHost: setOccluded: false, was: false, force: false, window: null
03-27 07:13:33.269 18091 18091 D [SEO] ShellSpatialWindowManagerService: Requesting placement of new volumetric window for ComponentInfo{is.xyz.omw.debug/ui.activity.VrEntryActivity} from null null
03-27 07:13:33.270 18091 18091 D [SEO] ShellSpatialWindowManagerService: Setup Activity Launch Environment for is.xyz.omw.debug/ui.activity.VrEntryActivity
03-27 07:13:33.271 18091 18091 D [SEO] ShellSpatialWindowManagerService: Routing activity intent through Shell's launch checks
03-27 07:13:33.271 18091 18091 D [SEO] ShellControlBroadcastReceiver: onReceive: Intent{action=com.oculus.vrshell.intent.action.LAUNCH, data=is.xyz.omw.debug/ui.activity.VrEntryActivity, type=null, categories=null, component=null, flags=0x10010000, extras={activity_surface_width=500, requestingCrashRecovery=null, isHomeIntent=false, launchId=730917de-ff61-43f4-90e0-a4c5b945d84d, target=null, launch_mode=standard, activity_intent=true, defaultLaunchReason=0, activity_surface_height=800, rebuildForExisting2DActivity=false, queryParametersUri=null}}
03-27 07:13:33.271 18091 18091 D [SEO] ShellControlBroadcastReceiver: isLaunchAction = true, isTrustedAppLaunch = true
03-27 07:13:33.271 18091 18091 D [SEO] ShellControlBroadcastReceiver: Transitioning broadcast to nativeBroadcastIntent.
03-27 07:13:33.271 18091 18091 W [SEO] IntentParser: Got intent with null or empty value for key(s): requestingCrashRecovery target queryParametersUri 
03-27 07:13:33.271 18091 18091 D [SEO] ShellService: onStartCommand() with action com.oculus.intent.action.BROADCAST_INTENT
03-27 07:13:33.271 18091 18091 W [SEO] IntentParser: Got intent with null or empty value for key(s): requestingCrashRecovery target queryParametersUri 
03-27 07:13:33.278 18091 18205 I [CT]    : HandPoseSampler: Filter reset
03-27 07:13:33.278 18091 18205 I InputDevice_Hand: HANDTRACKING ADMIRE hand 0: hpm=1 -> shared=0
03-27 07:13:33.278 18091 18205 I [CT]    : HandPoseSampler: Filter reset
03-27 07:13:33.278 18091 18205 I InputDevice_Hand: HANDTRACKING ADMIRE hand 1: hpm=1 -> shared=0
03-27 07:13:33.282 18091 18205 I [SEO] FrameCommandHelpers: Handling Pending Launch from Intent - target=is.xyz.omw.debug/ui.activity.VrEntryActivity, launch source=com.oculus.vrshell.intent.action.LAUNCH
03-27 07:13:33.282 18091 18205 I [SEO] HostPlatform: LaunchExternalApplication
03-27 07:13:33.282 18091 18205 D [SEO] ShellApplication: sendLaunchIntent: 'is.xyz.omw.debug/ui.activity.VrEntryActivity' launchId: '730917de-ff61-43f4-90e0-a4c5b945d84d'
03-27 07:13:33.283 18091 18205 D [SEO] ShellSpatialWindowManagerService: updatePackageCurrencyInLibrary aliasId is empty
03-27 07:13:33.283 18091 18205 D [SEO] ShellSpatialWindowManagerService: Placing immersive activity into new volumetric window
03-27 07:13:33.283 18091 18205 D [SEO] ShellSpatialWindowManagerService: placeImmersiveActivityIntoNewVolumetricWindow: shouldQuitCurrentApp=false
03-27 07:13:33.284  1419  1443 I VolumetricWindowManagerServiceImpl: Handling SWMS response: launch into NEW_VOLUMETRIC_WINDOW VolumetricWindowPlacementResponse { volumetricToken = VolumetricWindowToken { scope = 1, token = horizonos.view.VolumetricWindowToken$InternalVolumetricToken@dd61abd, persistableToken = 2a9f7696-70c8-451d-b490-c2857fa086b7 }, relativeSpaceToken = SpaceToken { binderToken = android.os.BinderProxy@41cf8a6, persistableToken = 00000000-0000-0000-0000-000000000000 }, pose = Pose { orientation = Vector4f { x = 0.0, y = 0.0, z = 0.0, w = 1.0 }, position = Vector3f { x = 0.0, y = 0.0, z = 0.0 } }, bounds = Extent3f { width = 0.5816597, height = 0.30479985, depth = 0.0 }, surfaceSize = 3664x1920, densityDpi = 0, visible = true } for launch request [ActivityInfo{510b214 ui.activity.VrEntryActivity}]
03-27 07:13:33.287  1419  1443 W ActivityTaskManager: callingPackage for (uid=1000, pid=1419) is ambiguous: [android, com.android.providers.settings, com.android.server.telecom, com.android.location.fused]
03-27 07:13:33.289  1419  1443 E CellBroadcastUtils: getDefaultCellBroadcastReceiverPackageName: no package found
03-27 07:13:33.289 18091 18205 I [CT]    : HandPoseSampler: Filter reset
03-27 07:13:33.289 18091 18205 I InputDevice_Hand: HANDTRACKING ADMIRE hand 0: hpm=1 -> shared=0
03-27 07:13:33.289 18091 18205 I [CT]    : HandPoseSampler: Filter reset
03-27 07:13:33.289 18091 18205 I InputDevice_Hand: HANDTRACKING ADMIRE hand 1: hpm=1 -> shared=0
03-27 07:13:33.290  1419  1443 D CompatibilityChangeReporter: Compat change id reported: 184838306; UID 10065; state: DISABLED
03-27 07:13:33.290  1419  1443 D CompatibilityChangeReporter: Compat change id reported: 185004937; UID 10065; state: DISABLED
03-27 07:13:33.291  1419  1443 D CompatibilityChangeReporter: Compat change id reported: 197654537; UID 10065; state: DISABLED
03-27 07:13:33.291   898 18980 D perfservice: [POWERHINT] Received LAUNCH hint
03-27 07:13:33.292  1419  1443 D CompatibilityChangeReporter: Compat change id reported: 205907456; UID 10065; state: DISABLED
03-27 07:13:33.292   898  1065 E perfservice: End applying 'START_HINT' from hint 'LAUNCH' - Failed after 5 retries - Latency: 0.557ms
03-27 07:13:33.292   898  1065 E perfservice:   >> Failed final validation: /sys/block/dm-0/queue/read_ahead_kb=512
03-27 07:13:33.292   898  1065 E perfservice:   >> Failed final validation: /sys/block/dm-1/queue/read_ahead_kb=512
03-27 07:13:33.294  1419  1443 I ActivityTaskManager: START u0 {flg=0x10010100 cmp=is.xyz.omw.debug/ui.activity.VrEntryActivity (has extras)} with LAUNCH_MULTIPLE from uid 2000 (realCallingUid=1000) (BAL_ALLOW_PENDING_INTENT) result code=0
03-27 07:13:33.295 18091 18091 W [SEO] HomeActivity: onPause
03-27 07:13:33.298  1419  2160 W TrackingAccessCache: PID is not attached yet to ActivityInfo{6a82fac ui.activity.VrEntryActivity}
03-27 07:13:33.299  1419  1445 D CompatibilityChangeReporter: Compat change id reported: 135634846; UID 10065; state: DISABLED
03-27 07:13:33.299  1419  1445 D CompatibilityChangeReporter: Compat change id reported: 177438394; UID 10065; state: DISABLED
03-27 07:13:33.299  1419  1445 D CompatibilityChangeReporter: Compat change id reported: 135772972; UID 10065; state: DISABLED
03-27 07:13:33.299  1419  1445 D CompatibilityChangeReporter: Compat change id reported: 135754954; UID 10065; state: DISABLED
03-27 07:13:33.299  1419  2160 I InterstitialController: onImmersiveActivityAppeared: uid: 10065, pid: 0, state: 4, is.xyz.omw.debug, on task: WCT{RemoteToken{bc549ca Task{e6a4c8b #3 type=standard}}}, launchId: null
03-27 07:13:33.299  1419  2160 I UiModeController: Notify UI mode change: UiModeConfiguration { uiModeFlags = 8 (IMMERSIVE), immersiveAppBoundaryType = IMMERSIVE_APP_BOUNDARY_TYPE_ALWAYS_ON, immersiveAppPackageName = is.xyz.omw.debug }, clients: 5
03-27 07:13:33.299  1419  1460 D CompatibilityChangeReporter: Compat change id reported: 143937733; UID 10065; state: DISABLED
03-27 07:13:33.299  1419  2160 I UiModeController: Switching from com.oculus.vrshell to is.xyz.omw.debug
03-27 07:13:33.299 18224 29592 I GuardianFocusListener: [GuardianFocusListener::onUiModeChanged] UiModeConfiguration{ pkg: is.xyz.omw.debug (IMMERISIVE_APP), sysDialog: 0, boundaryType: 1}
03-27 07:13:33.299 18224 29592 I GuardianFocusListener: [GuardianFocusListener::onUiModeChanged] changing from com.oculus.vrshell -> is.xyz.omw.debug
03-27 07:13:33.300  1419  1419 D SpatialAudioService: Skipping processing for app: is.xyz.omw.debug (isNewApp: false, epsService: true)
03-27 07:13:33.300 18091 18201 D [SEO] VolumetricWindowManagerClient: onUiModeChanged: topActivity=is.xyz.omw.debug, isHomeActive=false, isInVrui=false
03-27 07:13:33.300 18091 18201 D [SEO] ShellApplication: New TopActivityChanged event: topActivity=is.xyz.omw.debug, isHomeActive=false, isInVrui=false
03-27 07:13:33.300 18091 18201 D [SEO] ShellService: New TopActivityChanged event: topActivity=is.xyz.omw.debug overlaySuppressed=false
03-27 07:13:33.300  1419  1419 V WorldManagerService: VW Content Listener: is.xyz.omw.debug -1
03-27 07:13:33.300 18091 18205 I [CT]    : HandPoseSampler: Filter reset
03-27 07:13:33.300 18091 18205 I InputDevice_Hand: HANDTRACKING ADMIRE hand 0: hpm=1 -> shared=0
03-27 07:13:33.300 18091 18205 I [CT]    : HandPoseSampler: Filter reset
03-27 07:13:33.300 18091 18205 I InputDevice_Hand: HANDTRACKING ADMIRE hand 1: hpm=1 -> shared=0
03-27 07:13:33.302  1419  1945 D CompatibilityChangeReporter: Compat change id reported: 265195908; UID 10065; state: ENABLED
03-27 07:13:33.304  3257  3319 W TrustedCallerVerifier: Could not verify trusted caller for uidPackageNames=[com.oculus.metacam] and uidSignature=android.content.pm.Signature@89661ab1
03-27 07:13:33.305 18091 18205 I [SEO] ShellApp: OnTopActivityChanged 'com.oculus.vrshell'->'is.xyz.omw.debug', isHomeActive active: 1->0, is in VRUI: 0->0
03-27 07:13:33.305 18091 18205 I [SEO] DesktopPanelController: Animating desktop hide with reason system-initiated, source HideShellUI
03-27 07:13:33.305 18091 18205 W [SEO] SystemTaskBar: Cancelling HideTaskBarLayers: taskBarLayers not initialized
03-27 07:13:33.305 18091 18205 I [SEO] SystemKeyboardController: DeferCloseKeyboard: isKeyboardActive false, VWHost false.
03-27 07:13:33.305 18091 18205 I [SEO] FlowController: Reset resetReason : Dismissed
03-27 07:13:33.305 18091 18205 I [SEO] FlowController: Resetting current flow : DesktopFlow
03-27 07:13:33.305 18091 18205 I [SEO] OverlayDesktopFlow: OverlayDesktopFlow Reset
03-27 07:13:33.305 18091 18205 I [SEO] DialogController: Reset resetReason:1
03-27 07:13:33.305 18091 18205 I [SEO] FlowController: UpdateActiveFlow from (none) to NonModalFlow
03-27 07:13:33.305 18091 18205 I [SEO] SystemKeyboardController: DeferCloseKeyboard: isKeyboardActive false, VWHost false.
03-27 07:13:33.305 18091 18205 I [SEO] NonModalFlow: Activated
03-27 07:13:33.305 18091 18205 I [SEO] ShellThreadPriorityMonitor: RequestRenderThreadPriorityChange isOverlay: 1
03-27 07:13:33.308  1419  1445 I OculusWindowMgr: OWMS::focusChanged: windowRootTaskId: 3
03-27 07:13:33.308  1419  1445 I OculusWindowMgr: OWMS::focusChanged: getImmersiveTask returned
03-27 07:13:33.308  1419  1445 I OculusWindowMgr: OWMS::focusChanged: matchedTaskId: 3
03-27 07:13:33.309  1419  2160 D VolumetricContentMonitor: Focused window changed to RunningWindowInfo{  pid: 18091, uid: 10029, userId: 0, windowContainerToken: 234269117, windowToken: android.view.IWindow$Stub$Proxy@eec0bb2, windowId: com.android.server.wm.WindowState$WindowId@3bd6703, displayId: 0, windowType: 1, activity: RunningActivityInfo { rootTask: 3, uid: 10029, pid: 18091, userId: 0, activity: com.oculus.vrshell.HomeActivity, windowId: com.android.server.wm.WindowState$WindowId@3bd6703, state: ACTIVITY_STATE_VISIBLE}}, from android.view.IWindow$Stub$Proxy@91eeba5
03-27 07:13:33.309  1419  1419 D SpatialAudioService: Skipping processing for app: com.oculus.vrshell (isNewApp: false, epsService: true)
03-27 07:13:33.309  1419  1419 V WorldManagerService: VW Content Listener: com.oculus.vrshell -1
03-27 07:13:33.309  1419  1419 D SpatialAudioService: Skipping processing for app: is.xyz.omw.debug (isNewApp: false, epsService: true)
03-27 07:13:33.309  1419  1419 V WorldManagerService: VW Content Listener: is.xyz.omw.debug -1
03-27 07:13:33.309   858   858 D Zygote  : Forked child process 16746
03-27 07:13:33.309  2697  2697 I ClientMgrFocus: FocusedWindowChanged: falling back to client with same uid: 10029, and pid: 18091
03-27 07:13:33.309  2697  2697 I ClientMgrFocus: ClientMgr::SetFocusedClient: FocusedClient did not change: [com.oculus.vrshell:18091]
03-27 07:13:33.309  2697  2697 I ClientMgrFocus: ClientMgr::SetFocusedClient: 18091:com.oculus.vrshell type 1
03-27 07:13:33.309  2697  2697 I ClientMgrFocus: ClientMgr::SetFocusedClient: Updating Focus State: 0 for Client: /system/bin/surfaceflinger:1671, Client DisplayId: 0
03-27 07:13:33.309  2697  2697 I ClientMgrFocus: ClientMgr::SetFocusedClient: Updating Focus State: 0 for Client: com.oculus.vrguardianservice:18224, Client DisplayId: -1
03-27 07:13:33.309  2697  2697 I ClientMgrFocus: ClientMgr::SetFocusedClient: Updating Focus State: 1 for Client: com.oculus.vrshell:18091, Client DisplayId: -1
03-27 07:13:33.309  2697  2697 I ClientMgrFocus: ClientMgr::SetFocusedClient: Updating Focus State: 0 for Client: /system_ext/bin/mrsystemservice:1168, Client DisplayId: 0
03-27 07:13:33.309  2697  2697 I ClientMgrFocus: SetFocusedPackageName - packageName com.oculus.vrshell processName com.oculus.vrshell clientId 2022615302 clientPid 18091
03-27 07:13:33.309  2697  2697 I ServiceInputManager: ServiceInputManager::SetFocusedPackageName 'com.oculus.vrshell'
03-27 07:13:33.310  1419  1460 I ActivityManager: Start proc 16746:is.xyz.omw.debug/u0a65 for next-activity {is.xyz.omw.debug/ui.activity.VrEntryActivity}
03-27 07:13:33.310  3257  3319 W AppManagerInternal: Entitlement for packageName=is.xyz.omw.debug not found, channels=[Store, Q4B, PcStore]
03-27 07:13:33.310  5144  5842 W OVRLibrary: null cursor received for query content://com.oculus.ocms.library/apps/is.xyz.omw.debug
03-27 07:13:33.310  1419  1460 I Cgroup  : Cgroup /uid_0/pid_858 created
03-27 07:13:33.310  5144  5842 E CoresdkAnalyticsEvent: could not set key=session_id value=null
03-27 07:13:33.310  1419  1460 E Cgroup  : Failed to read processes from /uid_0/pid_858/cgroup.procs : java.nio.file.NoSuchFileException: /uid_0/pid_858/cgroup.procs
03-27 07:13:33.311  2697  3530 I FocusedClientsListener: onTopActivityChanged: Updated TopActivityChangeEvent - topActivityName: is.xyz.omw.debug, immersiveAppPackageName: nullopt, isImmersiveAppTopActivity: false, pid: -1
03-27 07:13:33.311  2697  3530 I ClientMgrPerFrameUpdate: TopActivityChangedCallback: is.xyz.omw.debug, -1
03-27 07:13:33.311  2697  3530 I ClientMgrPerFrameUpdate: ImmersiveAppChangedCallback: is.xyz.omw.debug, -1
03-27 07:13:33.311  2697  3530 I ClientMgrFocus: OnForegroundVrAppClient: uid -1 pid -1 hasImmersiveApp 0 isTopActivity 0 --> is.xyz.omw.debug
03-27 07:13:33.311  1168  1824 I MRSS    : MIXEDREALITY: MrServiceController: VrFocusManager::Top Activity Changed, topActivity now is: 'is.xyz.omw.debug', immersiveApp now is: ''.
03-27 07:13:33.311  2697  3530 I InterstitialManager: Foreground app change: immersiveApp is.xyz.omw.debug, pid: -1,  renderingEnabled: 0. submittedFrames: 0
03-27 07:13:33.311  2697  3530 I ClientMgr: [ClientOptedOutLDM] Entered with packageName: is.xyz.omw.debug
03-27 07:13:33.311  2697  3530 I JVMHandler: JVMHandler: callStaticMethodWithVariableArguments. [functionName:applicationHasOptedOutLyingDownMode] is valid: [1]
03-27 07:13:33.311 18091 18205 I [SEO] ShellFrameAnalytics: Shell Heartbeat activeFlowName: NonModalFlow isFlowRequestingActivation: 1 flowActivationReason: PassthroughActive focusedPanelTimeSpent: {"-1":22761} visibleTimeSpent: {} panelIdToComponentName: {} inputTimeSpent: {"-1":"{\"focus_controller\":11199,\"focus_gaze\":11562}"} inputClickCount: {} mouseMoveTimeSpent: 0 mouseScrollTimeSpent: 0 quickActionsMenuActivations: 0 quickActionsMenuTimeSpent: 0 quickActionsMenuSessionLengths: [] quickActionsMenuSelections: {} handTrackingOptIn: 1 handTrackingAutoTransition: 0 directTouchTabletEnabled: 22761 gamepadButtonDestinations: {}
03-27 07:13:33.312 18091 18205 I [SEO] ShellApp: ResolveInteractionState: change from HasInputFocus to Rendering
03-27 07:13:33.312 18091 18205 D [SEO] ShellApplication: setOverlayInputFocus: inputFocus=false
03-27 07:13:33.312 18091 18205 D [SEO] ShellService: setOverlayInputFocus : entrypoint - inputFocus=false
03-27 07:13:33.312 18091 18205 D [SEO] ShellApplication: Setting boost to false for foreground panel service com.oculus.vrshell/com.oculus.vrshell.ShellService
03-27 07:13:33.312 18091 18091 D [SEO] ShellService: setOverlayInputFocus(0) : Vwr(1)
03-27 07:13:33.312 18091 18091 D FocusPlaceholderActivity: Finishing activity
03-27 07:13:33.312 18091 18205 D [SEO] ShellApplication: Setting boost to false for foreground panel service com.oculus.systemux/com.oculus.panelapp.anytimeui.AnytimeUIActivity
03-27 07:13:33.312 18091 18205 D [SEO] ShellApplication: Setting boost to false for foreground panel service com.oculus.vrshell/com.oculus.panelapp.qam.QuickActionsMenuActivity
03-27 07:13:33.312   945  1377 D EpsSpatialWindowSettingsClientImpl: Global spatial settings change {
03-27 07:13:33.312   945  1377 D EpsSpatialWindowSettingsClientImpl:     "global spatial preference": true,
03-27 07:13:33.312   945  1377 D EpsSpatialWindowSettingsClientImpl:     "in shell env": false,
03-27 07:13:33.312   945  1377 D EpsSpatialWindowSettingsClientImpl:     "package spatial preference": false
03-27 07:13:33.312   945  1377 D EpsSpatialWindowSettingsClientImpl: }
03-27 07:13:33.312 18091 18205 D [SEO] ShellApplication: Setting boost to false for foreground panel service com.oculus.vrshell/com.oculus.panelapp.controlbar.ControlBarActivity
03-27 07:13:33.313 18091 18205 I [SEO] AnchoringExperience: Setting anchoring active state to false, reason: NotInHome
03-27 07:13:33.313  1419 16747 I ParfaitServiceHelper: Fetched allowlist from parfait:
03-27 07:13:33.313  1419 16747 I ParfaitServiceHelper:    allowlist entry: com.oculus.vrshell
03-27 07:13:33.313  1419 16747 I ParfaitServiceHelper:    allowlist entry: com.oculus.panelapp.settings
03-27 07:13:33.313  1419 16747 I ParfaitServiceHelper:    allowlist entry: com.oculus.panelapp.settings:QuickControls
03-27 07:13:33.313  1419 16747 I ParfaitServiceHelper:    allowlist entry: com.oculus.panelapp.library:SystemBar
03-27 07:13:33.313  1419 16747 I ParfaitServiceHelper:    allowlist entry: com.oculus.panelapp.library:GlobalSearch
03-27 07:13:33.313  1419 16747 I ParfaitServiceHelper:    allowlist entry: com.oculus.panelapp.library:Library
03-27 07:13:33.313  1419 16747 I ParfaitServiceHelper:    allowlist entry: com.oculus.panelapp.library:Worlds
03-27 07:13:33.313  1419 16747 I ParfaitServiceHelper:    allowlist entry: com.oculus.panelapp.library:MeTab
03-27 07:13:33.313  1419 16747 I ParfaitServiceHelper:    allowlist entry: com.oculus.socialplatform:PeopleTab
03-27 07:13:33.313  1419 16747 I ParfaitServiceHelper:    allowlist entry: com.oculus.systemux
03-27 07:13:33.313  1419 16747 I ParfaitServiceHelper:    allowlist entry: com.oculus.systemux:Library
03-27 07:13:33.313  1419 16747 I ParfaitServiceHelper:    allowlist entry: com.oculus.systemux:SystemUX
03-27 07:13:33.314  1419  3726 W ActivityManager: setIsForegroundPanelService: ComponentInfo{com.oculus.systemux/com.oculus.panelapp.anytimeui.AnytimeUIActivity} not found
03-27 07:13:33.314  1419  3726 W ActivityManager: setIsForegroundPanelService: ComponentInfo{com.oculus.vrshell/com.oculus.panelapp.qam.QuickActionsMenuActivity} not found
03-27 07:13:33.314 18091 18091 D [SEO] ShellService: setOverlayInputFocus(0) : Vwr(1), setWindowFocus VolumetricWindowToken { scope = 1, token = android.os.BinderProxy@44a715e, persistableToken = 7b46de7e-8189-4570-84ea-c457740a5cbe }
03-27 07:13:33.314 18091 18091 D [SEO] ShellService: setOverlayInputFocus : completed - inputFocus=false
03-27 07:13:33.315 18091 18205 I [CT]    : HandPoseSampler: Filter reset
03-27 07:13:33.315 18091 18205 I InputDevice_Hand: HANDTRACKING ADMIRE hand 0: hpm=1 -> shared=0
03-27 07:13:33.315  2697  3530 I ClientMgr: [ClientOptedOutLDM] PackageName: is.xyz.omw.debug has value false
03-27 07:13:33.315 18091 18205 I [CT]    : HandPoseSampler: Filter reset
03-27 07:13:33.315 18091 18205 I InputDevice_Hand: HANDTRACKING ADMIRE hand 1: hpm=1 -> shared=0
03-27 07:13:33.315  2697  3530 I [CT]    : MIXEDREALITY: MrServiceController: VrFocusManager::Top Activity Changed, topActivity now is: 'is.xyz.omw.debug', immersiveApp now is: ''.
03-27 07:13:33.315  1419  3726 W ActivityManager: setIsForegroundPanelService: ComponentInfo{com.oculus.vrshell/com.oculus.panelapp.controlbar.ControlBarActivity} not found
03-27 07:13:33.315  5075  5075 E 1Qv     : onTopActivityChanged: BackgroundThreadExecutor is being fetched from destroyed context com.oculus.systemux.SystemUXApplication@753c978 
03-27 07:13:33.315  5075  5075 E 1Qv     :  dalvik.system.VMStack.getThreadStackTrace(Native Method)>>>java.lang.Thread.getStackTrace(Thread.java:1841)>>>X.1Qv.onTopActivityChanged(:105)>>>com.oculus.util.focus.TopActivityClient$VrFocusManagerHolder$managedListener$1.onTopActivityChanged(:39)>>>com.oculus.os.VrFocusManager$VrTopActivityListenerWrapper$1.run(VrFocusManager.java:181)>>>android.os.Handler.handleCallback(Handler.java:958)>>>android.os.Handler.dispatchMessage(Handler.java:99)>>>android.os.Looper.loopOnce(Looper.java:218)>>>android.os.Looper.loop(Looper.java:310)>>>android.app.ActivityThread.main(ActivityThread.java:8297)>>>java.lang.reflect.Method.invoke(Native Method)>>>com.android.internal.os.RuntimeInit$MethodAndArgsCaller.run(RuntimeInit.java:552)>>>com.android.internal.os.ZygoteInit.main(ZygoteInit.java:978)
03-27 07:13:33.317 18091 18205 I [SEO] AnchoringSystem: Detected transition: space MR Home to MR Home isAnchoringActive 0
03-27 07:13:33.317 18091 18205 I [SEO] AnchoringSystem: Found matching behavior surface_typing
03-27 07:13:33.317 18091 18205 I [SEO] AnchoringSystem: Anchorable SurfaceInputs already exists, persistence id 3d79b21e-7d23-4791-8303-3442cb541b37 [SurfaceInputs]
03-27 07:13:33.317 18091 18205 I [SEO] VrShellDesktopBase: No recall for spatialized apps
03-27 07:13:33.317 18091 18205 I [SEO] AnchorManagementSystem: Setting anchor provider mr_spatial active state to false
03-27 07:13:33.317 18091 18205 I OpenXR_Anchor: xrQuerySpacesFB: split anchor query enabled
03-27 07:13:33.317 18091 18205 I [SEO] HPIManagementSystem: HPIManagementSystem: Deactivating HPIs due to reason: NotInHome
03-27 07:13:33.318  4500 18556 I [CT]    : SP:AP:AnchorPersistenceRuntimeIpcServer: checkRPC start: sessionUuid:de76105c-3765-3cfc-f025-996364c4337d, clientId:3936617581, givenPackageName:com.oculus.vrshell
03-27 07:13:33.318  4500 18556 I [CT]    : SP:AP:AnchorPersistenceRuntimeIpcServer: checkPackageAccess - detectedPackageName:com.oculus.vrshell, detectedProcessName:com.oculus.vrshell, givenPackageName:com.oculus.vrshell
03-27 07:13:33.318  4500 18556 I [CT]    : SP:AP:AnchorPersistenceRuntimeIpcServer: checkRPC package name matches: sessionUuid:de76105c-3765-3cfc-f025-996364c4337d, clientId:3936617581, givenPackageName:com.oculus.vrshell, detectedPackageName:com.oculus.vrshell, detectedProcessName:com.oculus.vrshell
03-27 07:13:33.318  4500 18556 I [CT]    : SP:AP:AnchorPersistenceRuntimeIpcServer: queryAvailableAnchorsSMV2: clientId: 3936617581, maxAnchors: 500, filter: 0, queryMultipleRoomsEnabledByOpenXrVersion: true, source: 1, appId: com.oculus.vrshell
03-27 07:13:33.318  4500 18556 I [CT]    : SP:SM:SceneManager: queryAvailableAnchors: maxAnchors: 500, filter: 0, queryMultipleRoomsEnabledByOpenXrVersion: true, source: 1, appId: com.oculus.vrshell
03-27 07:13:33.318  4500 18556 I [CT]    : SP:AP:AnchorPersistenceConfig: getSceneRuntimePermissionEnabled: USE_SCENE permission is enabled on this device
03-27 07:13:33.318  4500 18556 I [CT]    : SP:AP:AnchorPersistenceScenePermissions: hasClientGrantedScenePermission: USE_SCENE permission is enabled on this device, check client 3936617581, grant is true
03-27 07:13:33.318  4500 18556 I [CT]    : SP:AP:AnchorPersistenceConfig: getSceneRuntimePermissionEnabled: USE_SCENE permission is enabled on this device
03-27 07:13:33.318  4500 18556 I [CT]    : SP:SceneAnchorFilterUtil: filterSceneDataByPermission: com.oculus.vrshell permission check passed, keep scene data. anchors size: 0
03-27 07:13:33.319  1419  2999 I HorizonOsWindowManagerUtils: setFocusedWindowSync: setting focus to ActivityRecord{25cc003 u0 is.xyz.omw.debug/ui.activity.VrEntryActivity t9682}
03-27 07:13:33.320 16746 16746 I libc    : SetHeapTaggingLevel: tag level set to 0
03-27 07:13:33.320  2697  3402 I InterstitialManager: Update: Current client changed to immersiveApp package is.xyz.omw.debug, renderingEnabled=0, submittedFrames=0
03-27 07:13:33.320  2697  3402 I InterstitialManager: ComputeRequiredInterstitials: is.xyz.omw.debug pid: -1 enabled for rendering: 0
03-27 07:13:33.320  2697  3402 I JVMHandler: JVMHandler: callStaticMethodWithVariableArguments. [functionName:isMrHomeWorldActive] is valid: [1]
03-27 07:13:33.320  2697  3402 I JVMHandler: JVMHandler: callStaticMethodWithVariableArguments. [functionName:getApplicationSplashBackground] is valid: [1]
03-27 07:13:33.322  2697  3402 I JVMHandler: JVMHandler: callStaticMethodWithVariableArguments. [functionName:isBoundarylessApplication] is valid: [1]
03-27 07:13:33.323  2697  3402 I ClientMgrFocus: Passthrough transition for is.xyz.omw.debug: 0 (background "black", [App Launched already: 0] [MR home enabled: 1], [App Enabled for PT: 0], [isBoundarylessApp: 0])
03-27 07:13:33.323  2697  3402 I JVMHandler: JVMHandler: callStaticMethodWithVariableArguments. [functionName:applicationRequiresSplash] is valid: [1]
03-27 07:13:33.323  2697  3402 I InterstitialManager: Interstitial mask: 16, transitionType: 2, description: SWM-rendered interstitial for regular app launch
03-27 07:13:33.323  2697  3402 I ClientMgrFocus: ClientMgr::FireTransitionStartEvent
03-27 07:13:33.323  2697  3402 I InterstitialRenderer: SetTransitionType: background=2
03-27 07:13:33.323  2697  3402 I InterstitialRenderer: ovrInterstitialRenderer::Start frameType=16, clientPackageName=is.xyz.omw.debug, description=SWM-rendered interstitial for regular app launch launchId=
03-27 07:13:33.323  2697  3402 I CompositorServer: DisableCompositorClient: 1
03-27 07:13:33.323  2697  3402 I CompositorClientManager: CompositorClientManager::DisableClient 1
03-27 07:13:33.323  2697  3402 W CompositorClientManager: CompositorClientManager:DisableClient: client 1 in invalid state 3
03-27 07:13:33.323  2697  3402 I InterstitialRendererLoggerSession: ---------- InterstitialRenderer LoggerSession Begin ----------
03-27 07:13:33.323  2697  3402 I InterstitialRendererLoggerSession: ID: ffd02b2d9e67edd514d515f4a0575e79
03-27 07:13:33.323  2697  3402 I InterstitialRendererLoggerSession: Frame Type: Immersive[16]
03-27 07:13:33.323  2697  3402 I InterstitialRendererLoggerSession: Event Type: start
03-27 07:13:33.323  2697  3402 I InterstitialRendererLoggerSession: Status: Started [3]
03-27 07:13:33.323  2697  3402 I InterstitialRendererLoggerSession: [Start Time 130985708]
03-27 07:13:33.323  2697  3402 I InterstitialRendererLoggerSession: 	 [event_type: start]
03-27 07:13:33.323  2697  3402 I InterstitialRendererLoggerSession: 	 [launch_id: ]
03-27 07:13:33.323  2697  3402 I InterstitialRendererLoggerSession: 	 [previous_session_id: 0654a9db3b8554e5e67725087bf9b295]
03-27 07:13:33.323  2697  3402 I InterstitialRendererLoggerSession: 	 [last_top_activity_start: com.oculus.vrshell]
03-27 07:13:33.323  2697  3402 I InterstitialRendererLoggerSession: 	 [top_activity_start: is.xyz.omw.debug]
03-27 07:13:33.323  2697  3402 I InterstitialRendererLoggerSession: 	 [description: SWM-rendered interstitial for regular app launch]
03-27 07:13:33.323  2697  3402 I InterstitialRendererLoggerSession: 	 [client_package_name: is.xyz.omw.debug]
03-27 07:13:33.323  2697  3402 I InterstitialRendererLoggerSession: 	 [transition_type: 0]
03-27 07:13:33.323  2697  3402 I InterstitialRendererLoggerSession: 	 [frame_type: 16]
03-27 07:13:33.323  2697  3402 I InterstitialRendererLoggerSession: 
03-27 07:13:33.323  2697  3402 I InterstitialRendererLoggerSession: ---------- InterstitialRenderer LoggerSession End ----------
03-27 07:13:33.323  2697  3402 I InterstitialRendererLoggerSession: SessionId: ffd02b2d9e67edd514d515f4a0575e79, Event: start, FrameType: Immersive, Reason: SWM-rendered interstitial for regular app launch, Duration: 0, Category: 
03-27 07:13:33.323  2697  3402 I InterstitialRenderer: Starting logsoftTimer_
03-27 07:13:33.323  2697  3402 I InterstitialRenderer: Starting broadcastTimer_
03-27 07:13:33.324 18091 18205 I [SEO] SurfaceTypingController: Setting keyboard API state to Unregistered
03-27 07:13:33.324 18091 18205 D ShellSpatialInputHandler: unregisterSurfaceKeyboard
03-27 07:13:33.324  1419  1457 I SurfaceKeyboard: unregisterSurfaceKeyboardUnlocked
03-27 07:13:33.324  1419  1457 D SurfaceKeyboard: unregisterSurfaceKeyboardUnlocked: closing keyboard
03-27 07:13:33.325  1419  1968 I EventHub: Removing device Surface Keyboard due to epoll hang-up event.
03-27 07:13:33.325  1419  1968 I EventHub: Removed device: path=/dev/input/event3 name=Surface Keyboard id=196 fd=612 classes=KEYBOARD | ALPHAKEY
03-27 07:13:33.325 18091 18205 I [SEO] SurfaceTouchpadController: Setting touchpad API state to Unregistered
03-27 07:13:33.325 18091 18205 D ShellSpatialInputHandler: unregisterSurfaceTouchpad
03-27 07:13:33.325 16746 16746 I s.xyz.omw.debug: Late-enabling -Xcheck:jni
03-27 07:13:33.325  1419  3729 I SurfaceTouchpad: unregisterSurfaceTouchpadUnlocked
03-27 07:13:33.327  1419  1968 I InputReader: Device removed: id=176, eventHubId=196, name='Surface Keyboard', descriptor='6c03ab88ea31373459da01f1d091a904f7e9f2d5', sources=KEYBOARD
03-27 07:13:33.328  1212  1212 E VrDeviceManagerService: Permission denied: process 18091 (uid 10029) doesn't have the required permission: com.oculus.permission.SET_THREAD_POLICY
03-27 07:13:33.328 18091 18205 I [SEO] TravelController: ProcessImmersiveTransitionEvent: Start Transition for package: is.xyz.omw.debug and launchId: , isPassthroughTransition: false, isResumeTransition: false TravelState: Inactive
03-27 07:13:33.328 18091 18205 I [SEO] TravelController: LogTravelStateChange: from current state: Inactive to state: App Loading  currentWorldId: []
03-27 07:13:33.328 18091 18205 I [SEO] WorldManager: Requesting world change to World: 
03-27 07:13:33.328  1419  1968 I InputReader: Reconfiguring input devices, changes=DISPLAY_INFO | KEYBOARD_LAYOUT_ASSOCIATION
03-27 07:13:33.328  1419  1968 W InputReader: InputDevice::configure(): composite device contains multiple unique controller numbers
03-27 07:13:33.328  1419  1968 W InputReader: InputDevice::configure(): composite device contains multiple unique controller numbers
03-27 07:13:33.329  1671  1671 I BpBinder: onLastStrongRef automatically unlinking death recipients: 
03-27 07:13:33.329  1419  1968 I EventHub: Removing device '/dev/input/event3' due to inotify event
03-27 07:13:33.329 18091 18205 I [SEO] TransitionsController: StartImmersiveTransition: [is.xyz.omw.debug], isPassthroughTransition: [false]
03-27 07:13:33.329 18091 18205 I Shell   : ImmersiveTransitionSystem: Emplacing start request for package is.xyz.omw.debug (0x8)
03-27 07:13:33.329 18091 18205 I Shell   : ImmersiveTransitionSystem : immersive transition event: init=2e+12  sh=CTIA,BETR,CTIN,CTTI,CTTI,CTTI,CTIS,FETR,BETR,CTIA,CTIN,CTTI,CTIS,CTTO,CTIA,BETR  sct=0193f6ef,01949aac,01949af4,01949b13,01949b22,01949b2c,01949d9f,019f180c,019f180d,019f1820,019f1837,019f185b,019f1ab6,019f1ac2,019f2138,019f7199,
03-27 07:13:33.331  1419  2999 W TrackingAccessCache: PID is not attached yet to ActivityInfo{6a82fac ui.activity.VrEntryActivity}
03-27 07:13:33.333 18091 18205 I [SEO] FlowController: UpdateActiveFlow from NonModalFlow to TransitionsFlow
03-27 07:13:33.333 18091 18205 I [SEO] SystemKeyboardController: DeferCloseKeyboard: isKeyboardActive false, VWHost false.
03-27 07:13:33.333 18091 18205 I [SEO] NonModalFlow: Deactivated
03-27 07:13:33.333 18091 18205 I [SEO] TransitionsFlow: Activated - Starting Immersive Transition
03-27 07:13:33.334 18091 18205 I [SEO] PerformanceController: Sending Transitions State Signal: 1
03-27 07:13:33.334 18224 18471 I VrGuardianService: com.oculus.vrshell -> GuardianSDKServer::SetTravelAndTransitionsInfoNoWait: isAppTransitionActive true, isWorldTravelActive false, travelDestinationWorldId 
03-27 07:13:33.334 18091 18205 D [SEO] ShellApplication: Setting boost to true for foreground panel service com.oculus.vrshell/com.oculus.vrshell.ShellService
03-27 07:13:33.334 18091 18205 D [SEO] ShellApplication: Setting boost to true for foreground panel service com.oculus.systemux/com.oculus.panelapp.anytimeui.AnytimeUIActivity
03-27 07:13:33.334 18224 18471 I GuardianInterstitialRequestsHandler: [GuardianInterstitialRequestsHandler::setTravelAndTransitionsInfo] isAppTransitionActive: true, isWorldTravelActive: false, travelDestinationWorldId: 
03-27 07:13:33.334 18091 18205 D [SEO] ShellApplication: Setting boost to true for foreground panel service com.oculus.vrshell/com.oculus.panelapp.qam.QuickActionsMenuActivity
03-27 07:13:33.334 18224 18471 I VrGuardianService: com.oculus.vrshell -> GuardianSDKServer::SetShellWorldManagerInfo to 4, null
03-27 07:13:33.334 18091 18205 D [SEO] ShellApplication: Setting boost to true for foreground panel service com.oculus.vrshell/com.oculus.panelapp.controlbar.ControlBarActivity
03-27 07:13:33.334 18091 18205 I [SEO] WorldManager: Frame: Setting world id to [] topActivity: [is.xyz.omw.debug]
03-27 07:13:33.334 18091 18205 I [SEO] WorldManager: Processing world change OLD: 9351906201599529 type 1 NEW:  type 3
03-27 07:13:33.334 18091 18205 I [SEO] WorldManager: SetMRHomeWorldPassthrough, enable: 0, reason world id is set as non mr home world
03-27 07:13:33.334 18091 18205 D [SEO] WorldManagerClient: Updating active world id to  with type 3
03-27 07:13:33.334  1419  3727 I WorldManagerService: Added World  to the recent worlds stack
03-27 07:13:33.334  1419  3727 I WorldManagerService: Setting active world with ID:  and tpye: 3
03-27 07:13:33.335  1419  2999 W ActivityManager: setIsForegroundPanelService: ComponentInfo{com.oculus.systemux/com.oculus.panelapp.anytimeui.AnytimeUIActivity} not found
03-27 07:13:33.337 18091 18205 V [SEO] FullPassthroughToastMediaManager: updateActiveWorld id:  isWorldActive:false
03-27 07:13:33.337 19731 19731 I WorldChangeBroadcastReceiver: doReceive intent: Intent { act=com.oculus.intent.action.WORLD_CHANGE flg=0x10 cmp=com.oculus.mrds/.msft.background.WorldChangeBroadcastReceiver (has extras) }
03-27 07:13:33.337 19731 19731 I WorldChangeBroadcastReceiver: worldType: 3
03-27 07:13:33.338 18091 18205 I OpenXR  : xrPerfSettingsSetPerformanceLevelEXT [package=com.oculus.vrshell, domain=cpu, level=boost]
03-27 07:13:33.338 18091 18205 I OpenXR  : xrPerfSettingsSetPerformanceLevelEXT [package=com.oculus.vrshell, domain=gpu, level=boost]
03-27 07:13:33.338 18091 18205 I [SEO] PanelTetheringExperience: Setting tethering active false, reason: AnchoringDisabled
03-27 07:13:33.338 18091 18205 I [SEO] AnchorManagementSystem: Setting anchor provider body_tethered active state to false
03-27 07:13:33.338 18091 18205 I [CT]    : HandPoseSampler: Filter reset
03-27 07:13:33.338 18091 18205 I InputDevice_Hand: HANDTRACKING ADMIRE hand 0: hpm=1 -> shared=0
03-27 07:13:33.338 18091 18205 I [CT]    : HandPoseSampler: Filter reset
03-27 07:13:33.338 18091 18205 I InputDevice_Hand: HANDTRACKING ADMIRE hand 1: hpm=1 -> shared=0
03-27 07:13:33.338  1419  2901 W ActivityManager: setIsForegroundPanelService: ComponentInfo{com.oculus.vrshell/com.oculus.panelapp.qam.QuickActionsMenuActivity} not found
03-27 07:13:33.338  1419  2901 W ActivityManager: setIsForegroundPanelService: ComponentInfo{com.oculus.vrshell/com.oculus.panelapp.controlbar.ControlBarActivity} not found
03-27 07:13:33.339 11876 11876 I WorldChangeBroadcastReceiver: doReceive intent: Intent { act=com.oculus.intent.action.WORLD_CHANGE flg=0x10 cmp=com.oculus.remotedesktop/com.oculus.mrds.msft.background.WorldChangeBroadcastReceiver (has extras) }
03-27 07:13:33.339 11876 11876 I WorldChangeBroadcastReceiver: worldType: 3
03-27 07:13:33.341 18091 18205 I [SEO] GuardianController: ShouldAllowShellUi changed from [true] to [false]
03-27 07:13:33.341 18091 18205 I [SEO] AnchoringSystem: Detected transition: space MR Home to Empty isAnchoringActive 0
03-27 07:13:33.341 18091 18205 I [SEO] VrShellDesktopBase: No recall for spatialized apps
03-27 07:13:33.342 18091 18205 I Shell   : HsrEmbodimentSystem::embodimentCoreInitialize begin ...
03-27 07:13:33.342 18091 18205 I ShellHsr: Embodiment: Initialize started
03-27 07:13:33.342 18091 18205 I ShellHsr: Embodiment: Using Meta Avatar SDK ovrAvatar2Platform_Quest3
03-27 07:13:33.342 18091 18205 I ShellHsr: Embodiment: Using controllerType Quest3
03-27 07:13:33.342 18091 18205 I ShellHsr: Asset: Registering asset loader 'AvatarsCoreMeshAssetLoader' (priority=1, assetContext=0, hasNonDefaultAssetLoader=false)
03-27 07:13:33.342 18091 18205 I ShellHsr: Asset: Registering asset loader 'AvatarsCoreTextureAssetLoader' (priority=1, assetContext=0, hasNonDefaultAssetLoader=false)
03-27 07:13:33.344 11876 11876 I RdpaWorldChangeBroadcastReceiver: doReceive intent: Intent { act=com.oculus.intent.action.WORLD_CHANGE flg=0x10 cmp=com.oculus.remotedesktop/.worldbroadcastreceiver.RdpaWorldChangeBroadcastReceiver (has extras) }
03-27 07:13:33.344 11876 11876 I RdpaWorldChangeBroadcastReceiver: worldType: 3 setPassthroughEnabled: false, MR_HOME: 1
03-27 07:13:33.344 11876 11876 I WorldUtil:  World changed and passthrough is now false
03-27 07:13:33.347 18091 18205 I ShellHsr: Embodiment: BudgeterConfig: Avatar SDK Budgeter is inactive and unused by AvatarsCore
03-27 07:13:33.347 18091 18205 I ShellHsr: Embodiment: BUDGETERSTATUS: Budgeter:inactive BudgeterFacets:unavailable
03-27 07:13:33.347 18091 18205 I ShellHsr: Embodiment: Avatar budgeter ignoring thermal health signals
03-27 07:13:33.347 18091 18205 I ShellHsr: Embodiment: ovrAvatar2_GetVersionString() returned Avatar2 runtime SDK 44.0.0.29.24 client SDK 44.0.0.29.24
03-27 07:13:33.348 18091 18205 I ShellHsr: Embodiment: Access Token received from authentication system
03-27 07:13:33.348 18091 18205 W ShellHsr: Embodiment: Failed to load UBS behaviors package (character.behavior.zip). Application instance is not present or not initialized.
03-27 07:13:33.348 18091 18205 I ShellHsr: Embodiment: Initialize completed in 6.028021 ms
03-27 07:13:33.348 18091 18205 I Shell   : OpenXRSystem - notifyFaceTrackingRequestStart, 1
03-27 07:13:33.348 18091 18205 I OpenXR_Face: ------------ xrCreateFaceTracker2FB -----------
03-27 07:13:33.348 18091 18205 I Shell   : OpenXRSystem - Initialized face tracking
03-27 07:13:33.348  8150  8150 W JIT_JITEducationService: Could not properly process intent, stopping service :
03-27 07:13:33.348  8150  8150 W JIT_JITEducationService: java.lang.IllegalArgumentException: Unknown or missing world type: 3
03-27 07:13:33.348  8150  8150 W JIT_JITEducationService: 	at X.0Zn.A04(Unknown Source:6)
03-27 07:13:33.348  8150  8150 W JIT_JITEducationService: 	at com.oculus.guidebook.JITEducationService.onStartCommand(Unknown Source:928)
03-27 07:13:33.348  8150  8150 W JIT_JITEducationService: 	at android.app.ActivityThread.handleServiceArgs(ActivityThread.java:4878)
03-27 07:13:33.348  8150  8150 W JIT_JITEducationService: 	at android.app.ActivityThread.-$$Nest$mhandleServiceArgs(Unknown Source:0)
03-27 07:13:33.348  8150  8150 W JIT_JITEducationService: 	at android.app.ActivityThread$H.handleMessage(ActivityThread.java:2331)
03-27 07:13:33.348  8150  8150 W JIT_JITEducationService: 	at android.os.Handler.dispatchMessage(Handler.java:106)
03-27 07:13:33.348  8150  8150 W JIT_JITEducationService: 	at android.os.Looper.loopOnce(Looper.java:218)
03-27 07:13:33.348  8150  8150 W JIT_JITEducationService: 	at android.os.Looper.loop(Looper.java:310)
03-27 07:13:33.348  8150  8150 W JIT_JITEducationService: 	at android.app.ActivityThread.main(ActivityThread.java:8297)
03-27 07:13:33.348  8150  8150 W JIT_JITEducationService: 	at java.lang.reflect.Method.invoke(Native Method)
03-27 07:13:33.348  8150  8150 W JIT_JITEducationService: 	at com.android.internal.os.RuntimeInit$MethodAndArgsCaller.run(RuntimeInit.java:552)
03-27 07:13:33.348  8150  8150 W JIT_JITEducationService: 	at com.android.internal.os.ZygoteInit.main(ZygoteInit.java:978)
03-27 07:13:33.351 18091 18205 I Shell   : Loaded 'character.behavior.zip' (763140 bytes)
03-27 07:13:33.353 16746 16746 I s.xyz.omw.debug: Using CollectorTypeCC GC.
03-27 07:13:33.354  2697  3402 I FaceEyeTrackingServerManager_Impl: [FaceEyeTrackingServerManager] Face: app 1, global 0, perf status ENABLED, fidelity MEDIUM, force enable 0, force disable 0
03-27 07:13:33.355  2697  3402 I FaceEyeTrackingServerManager_Impl: [FaceEyeTrackingServerManager] CodecAvatar: app 0, perf status DISABLED, fidelity MEDIUM_LOW, calibration 0, force enable 0, force disable 0
03-27 07:13:33.355  2697  3402 I FaceEyeTrackingServerManager_Impl: [FaceEyeTrackingServerManager] Updating tracking fidelity: FACE_TRACKING, Status (req: ENABLED, set: ENABLED), Fidelity (req: MEDIUM, set: LOW).
03-27 07:13:33.355  2697  3402 I FaceEyeTrackingServerManager_Impl: [FaceEyeTrackingServerManager] Updating tracking fidelity: CODEC_AVATAR_ENCODER, Status (req: DISABLED, set: DISABLED), Fidelity (req: MEDIUM_LOW, set: MEDIUM).
--------- beginning of tracking
03-27 07:13:33.355  1175  1175 I TrackingFidelityService: Request(s)={face:1,codec_avatar_encoder:0,}
03-27 07:13:33.355   897 19507 I TrackingService: Updating face tracking breakdown: FT: 0 ET: 0 ORT_ACTIVE: 0, ORT_BG: 0, LST: 1, CDC: 0
03-27 07:13:33.356   927 19390 I SensorService: configDirectReport for channelHandle:1 sensorHandle:3 Rate:3
03-27 07:13:33.356  1419  2294 I TrackingServiceProxy: Starting audio data stream.
03-27 07:13:33.356  1419  2294 I OboeAudio: openStream() INPUT -------- OboeVersion1.7.1 --------
03-27 07:13:33.356  1419  2294 I AAudio  : AAudioStreamBuilder_openStream() called ----------------------------------------
03-27 07:13:33.356  1419  2294 I AudioStreamBuilder: rate   =  16000, channels  = 1, channelMask = 0x80000001, format   = 5, sharing = SH, dir = INPUT
03-27 07:13:33.356  1419  2294 I AudioStreamBuilder: device =      0, sessionId = -1, perfMode = 12, callback: ON with frames = 640
03-27 07:13:33.356  1419  2294 I AudioStreamBuilder: usage  =      1, contentType = 2, inputPreset = 6, allowedCapturePolicy = 0
03-27 07:13:33.356  1419  2294 I AudioStreamBuilder: privacy sensitive = false, opPackageName = (null), attributionTag = (null)
03-27 07:13:33.356  1419  2294 D AudioStreamBuilder: build() enable (auto) aaudio input mmap via gk
03-27 07:13:33.356  1419  2294 D AudioStreamBuilder: build() package system_server denied mmap
03-27 07:13:33.356  1175  1175 D TrackingFidelityService: TrackingFidelitySharedMemory - setFeatureFidelity: 3 1
03-27 07:13:33.356  1175  1175 D TrackingFidelityService: TrackingFidelitySharedMemory - setFeatureFidelity: 11 0
03-27 07:13:33.357  1419  2294 D system_server: PlayerBase::PlayerBase()
03-27 07:13:33.358  1279  1337 I adbd    : jdwp connection from 16746
03-27 07:13:33.359   872   912 E AHAL: soundtrigger: audio_extn_sound_trigger_check_and_get_session: 344: st_dev 1, in_stream 0
03-27 07:13:33.360   945 16765 I AudioFlinger: AudioFlinger's thread 0xb4000074217df640 tid=16765 ready to run
03-27 07:13:33.361   945  3145 I audioserver: App op 27 missing, silencing record AttributionSourceState{pid: 1419, uid: 1000, packageName: com.oculus.vrosconfigwriterdeprecated, attributionTag: (null), token: binder:0xb40000742a4d6460, renouncedPermissions: (null), next: []}
03-27 07:13:33.363 18091 18205 W ShellHsr: Embodiment: `libovravatar2` JsonParser::Failed to find member 'event' on object:
03-27 07:13:33.363 18091 18205 W ShellHsr: {
03-27 07:13:33.363 18091 18205 W ShellHsr:     "from": "InAirLeanAdditive_State",
03-27 07:13:33.363 18091 18205 W ShellHsr:     "to": "EmptyAdditive_State",
03-27 07:13:33.363 18091 18205 W ShellHsr:     "blendTimeSec": 0.10000000149011612,
03-27 07:13:33.363 18091 18205 W ShellHsr:     "blendMode": "linear",
03-27 07:13:33.363 18091 18205 W ShellHsr:     "condition": "inAirLeanTransition_DataFlow:toEmpty",
03-27 07:13:33.363 18091 18205 W ShellHsr:     "conditions": [ ... ]
03-27 07:13:33.363 18091 18205 W ShellHsr: }, state machine: InAirAdditive_SubState
03-27 07:13:33.363 18091 18205 W ShellHsr: Embodiment: `libovravatar2` JsonParser::Event name for transition 'InAirLeanAdditive_State' to 'EmptyAdditive_State' is not set, state machine: InAirAdditive_SubState
03-27 07:13:33.364 18091 18205 W ShellHsr: Embodiment: `libovravatar2` JsonParser::Failed to find member 'event' on object:
03-27 07:13:33.364 18091 18205 W ShellHsr: {
03-27 07:13:33.364 18091 18205 W ShellHsr:     "from": "EmptyAdditive_State",
03-27 07:13:33.364 18091 18205 W ShellHsr:     "to": "InAirLeanAdditive_State",
03-27 07:13:33.364 18091 18205 W ShellHsr:     "blendTimeSec": 0.10000000149011612,
03-27 07:13:33.364 18091 18205 W ShellHsr:     "blendMode": "linear",
03-27 07:13:33.364 18091 18205 W ShellHsr:     "condition": "inAirLeanTransition_DataFlow:toAir",
03-27 07:13:33.364 18091 18205 W ShellHsr:     "conditions": [ ... ]
03-27 07:13:33.364 18091 18205 W ShellHsr: }, state machine: InAirAdditive_SubState
03-27 07:13:33.364 18091 18205 W ShellHsr: Embodiment: `libovravatar2` JsonParser::Event name for transition 'EmptyAdditive_State' to 'InAirLeanAdditive_State' is not set, state machine: InAirAdditive_SubState
03-27 07:13:33.364 18091 18205 W ShellHsr: Embodiment: `libovravatar2` JsonParser::Node name is not alpha numeric or underscore characters: 'Sample Animation'., dataflow: InAirLeanAdditive_State
03-27 07:13:33.364 18091 18205 W ShellHsr: Embodiment: `libovravatar2` JsonParser::Failed to parse input link Sample Animation:inputPhase, dataflow: InAirLeanAdditive_State
03-27 07:13:33.364 18091 18205 W ShellHsr: Embodiment: `libovravatar2` JsonParser::Failed to parse output link Sample Animation:outputPose, dataflow: InAirLeanAdditive_State
03-27 07:13:33.364 18091 18205 W ShellHsr: Embodiment: `libovravatar2` JsonParser::Node name is not alpha numeric or underscore characters: 'Sample Animation'., dataflow: Acceleration_State
03-27 07:13:33.364 18091 18205 W ShellHsr: Embodiment: `libovravatar2` JsonParser::Failed to parse input link Sample Animation:inputPhase, dataflow: Acceleration_State
03-27 07:13:33.364 18091 18205 W ShellHsr: Embodiment: `libovravatar2` JsonParser::Failed to parse output link Sample Animation:outputPose, dataflow: Acceleration_State
03-27 07:13:33.364 18091 18205 W ShellHsr: Embodiment: `libovravatar2` JsonParser::Failed to parse output link Sample Animation:outputPose, dataflow: Acceleration_State
03-27 07:13:33.364 18091 18205 W ShellHsr: Embodiment: `libovravatar2` JsonParser::Node name is not alpha numeric or underscore characters: 'Sample Animation'., dataflow: LeanXBlend_DataFlow
03-27 07:13:33.364 18091 18205 W ShellHsr: Embodiment: `libovravatar2` JsonParser::Failed to parse output link Sample Animation:outputPose, dataflow: LeanXBlend_DataFlow
03-27 07:13:33.364 18091 18205 W ShellHsr: Embodiment: `libovravatar2` JsonParser::Node name is not alpha numeric or underscore characters: 'Sample Animation'., dataflow: UpperBodyLocoAdditive_DataFlow
03-27 07:13:33.364 18091 18205 W ShellHsr: Embodiment: `libovravatar2` JsonParser::Failed to parse output link Sample Animation:outputPose, dataflow: UpperBodyLocoAdditive_DataFlow
03-27 07:13:33.364 18091 18205 W ShellHsr: Embodiment: `libovravatar2` JsonParser::Node name is not alpha numeric or underscore characters: 'Sample Animation'., dataflow: lookPoseUp_Blend
03-27 07:13:33.364 18091 18205 W ShellHsr: Embodiment: `libovravatar2` JsonParser::Failed to parse output link Sample Animation:outputPose, dataflow: lookPoseUp_Blend
03-27 07:13:33.365 18091 18205 W ShellHsr: Embodiment: `libovravatar2` JsonParser::Node name is not alpha numeric or underscore characters: 'Sample Animation'., dataflow: lookPoseStraight_Blend
03-27 07:13:33.365 18091 18205 W ShellHsr: Embodiment: `libovravatar2` JsonParser::Failed to parse output link Sample Animation:outputPose, dataflow: lookPoseStraight_Blend
03-27 07:13:33.365 18091 18205 W ShellHsr: Embodiment: `libovravatar2` JsonParser::Failed to find member 'event' on object:
03-27 07:13:33.365 18091 18205 W ShellHsr: {
03-27 07:13:33.365 18091 18205 W ShellHsr:     "from": "LeanAdditive_State",
03-27 07:13:33.365 18091 18205 W ShellHsr:     "to": "LocomotionEmptyAdditive_State",
03-27 07:13:33.365 18091 18205 W ShellHsr:     "blendTimeSec": 0.15000000596046449,
03-27 07:13:33.365 18091 18205 W ShellHsr:     "blendMode": "linear",
03-27 07:13:33.365 18091 18205 W ShellHsr:     "condition": "AccelerationTransition_DataFlow:leanToEmpty",
03-27 07:13:33.365 18091 18205 W ShellHsr:     "conditions": [ ... ]
03-27 07:13:33.365 18091 18205 W ShellHsr: }, state machine: AccelerationAdditive_SubState
03-27 07:13:33.365 18091 18205 W ShellHsr: Embodiment: `libovravatar2` JsonParser::Event name for transition 'LeanAdditive_State' to 'LocomotionEmptyAdditive_State' is not set, state machine: AccelerationAdditive_SubState
03-27 07:13:33.365 18091 18205 W ShellHsr: Embodiment: `libovravatar2` JsonParser::Failed to find member 'event' on object:
03-27 07:13:33.365 18091 18205 W ShellHsr: {
03-27 07:13:33.365 18091 18205 W ShellHsr:     "from": "Acceleration_State",
03-27 07:13:33.365 18091 18205 W ShellHsr:     "to": "LocomotionEmptyAdditive_State",
03-27 07:13:33.365 18091 18205 W ShellHsr:     "blendTimeSec": 0.30000001192092898,
03-27 07:13:33.365 18091 18205 W ShellHsr:     "blendMode": "linear",
03-27 07:13:33.365 18091 18205 W ShellHsr:     "condition": "AccelerationTransition_DataFlow:accelerationToEmpty",
03-27 07:13:33.365 18091 18205 W ShellHsr:     "conditions": [ ... ]
03-27 07:13:33.365 18091 18205 W ShellHsr: }, state machine: AccelerationAdditive_SubState
03-27 07:13:33.365 18091 18205 W ShellHsr: Embodiment: `libovravatar2` JsonParser::Event name for transition 'Acceleration_State' to 'LocomotionEmptyAdditive_State' is not set, state machine: AccelerationAdditive_SubState
03-27 07:13:33.365 18091 18205 W ShellHsr: Embodiment: `libovravatar2` JsonParser::Failed to find member 'event' on object:
03-27 07:13:33.365 18091 18205 W ShellHsr: {
03-27 07:13:33.365 18091 18205 W ShellHsr:     "from": "Acceleration_State",
03-27 07:13:33.365 18091 18205 W ShellHsr:     "to": "LeanAdditive_State",
03-27 07:13:33.365 18091 18205 W ShellHsr:     "blendTimeSec": 0.10000000149011612,
03-27 07:13:33.365 18091 18205 W ShellHsr:     "blendMode": "linear",
03-27 07:13:33.365 18091 18205 W ShellHsr:     "blendEarly": true,
03-27 07:13:33.365 18091 18205 W ShellHsr:     "conditions": [ ... ]
03-27 07:13:33.365 18091 18205 W ShellHsr: }, state machine: AccelerationAdditive_SubState
03-27 07:13:33.365 18091 18205 W ShellHsr: Embodiment: `libovravatar2` JsonParser::Event name for transition 'Acceleration_State' to 'LeanAdditive_State' is not set, state machine: AccelerationAdditive_SubState
03-27 07:13:33.365 18091 18205 W ShellHsr: Embodiment: `libovravatar2` JsonParser::Failed to find member 'event' on object:
03-27 07:13:33.365 18091 18205 W ShellHsr: {
03-27 07:13:33.365 18091 18205 W ShellHsr:     "from": "LocomotionEmptyAdditive_State",
03-27 07:13:33.365 18091 18205 W ShellHsr:     "to": "Acceleration_State",
03-27 07:13:33.365 18091 18205 W ShellHsr:     "blendTimeSec": 0.10999999940395355,
03-27 07:13:33.365 18091 18205 W ShellHsr:     "blendMode": "linear",
03-27 07:13:33.365 18091 18205 W ShellHsr:     "condition": "AccelerationTransition_DataFlow:toAcceleration",
03-27 07:13:33.365 18091 18205 W ShellHsr:     "conditions": [ ... ]
03-27 07:13:33.365 18091 18205 W ShellHsr: }, state machine: AccelerationAdditive_SubState
03-27 07:13:33.365 18091 18205 W ShellHsr: Embodiment: `libovravatar2` JsonParser::Event name for transition 'LocomotionEmptyAdditive_State' to 'Acceleration_State' is not set, state machine: AccelerationAdditive_SubState
03-27 07:13:33.365 18091 18205 W ShellHsr: Embodiment: `libovravatar2` JsonParser::Failed to find member 'event' on object:
03-27 07:13:33.365 18091 18205 W ShellHsr: {
03-27 07:13:33.365 18091 18205 W ShellHsr:     "from": "Jump_Anticipation",
03-27 07:13:33.365 18091 18205 W ShellHsr:     "to": "LandAdditiveBlend_State",
03-27 07:13:33.365 18091 18205 W ShellHsr:     "blendTimeSec": 0.11999999731779099,
03-27 07:13:33.365 18091 18205 W ShellHsr:     "blendMode": "linear",
03-27 07:13:33.365 18091 18205 W ShellHsr:     "condition": "JumpLandAdditiveTransition_DataFlow:groundedOnMove",
03-27 07:13:33.365 18091 18205 W ShellHsr:     "conditions": [ ... ]
03-27 07:13:33.365 18091 18205 W ShellHsr: }, state machine: JumpLandAdditive_SubState
03-27 07:13:33.365 18091 18205 W ShellHsr: Embodiment: `libovravatar2` JsonParser::Event name for transition 'Jump_Anticipation' to 'LandAdditiveBlend_State' is not set, state machine: JumpLandAdditive_SubState
03-27 07:13:33.365 18091 18205 W ShellHsr: Embodiment: `libovravatar2` JsonParser::Failed to find member 'event' on object:
03-27 07:13:33.365 18091 18205 W ShellHsr: {
03-27 07:13:33.365 18091 18205 W ShellHsr:     "from": "Jump_Anticipation",
03-27 07:13:33.365 18091 18205 W ShellHsr:     "to": "EmptyAdditive_State",
03-27 07:13:33.365 18091 18205 W ShellHsr:     "blendTimeSec": 0.15000000596046449,
03-27 07:13:33.365 18091 18205 W ShellHsr:     "blendMode": "linear",
03-27 07:13:33.365 18091 18205 W ShellHsr:     "condition": "JumpLandAdditiveTransition_DataFlow:noLandingAdditive",
03-27 07:13:33.365 18091 18205 W ShellHsr:     "conditions": [ ... ]
03-27 07:13:33.365 18091 18205 W ShellHsr: }, state machine: JumpLandAdditive_SubState
03-27 07:13:33.365 18091 18205 W ShellHsr: Embodiment: `libovravatar2` JsonParser::Event name for transition 'Jump_Anticipation' to 'EmptyAdditive_State' is not set, state machine: JumpLandAdditive_SubState
03-27 07:13:33.365 18091 18205 W ShellHsr: Embodiment: `libovravatar2` JsonParser::Failed to find member 'event' on object:
03-27 07:13:33.365 18091 18205 W ShellHsr: {
03-27 07:13:33.365 18091 18205 W ShellHsr:     "from": "LandAdditiveBlend_State",
03-27 07:13:33.365 18091 18205 W ShellHsr:     "to": "Jump_Anticipation",
03-27 07:13:33.365 18091 18205 W ShellHsr:     "blendTimeSec": 0.15000000596046449,
03-27 07:13:33.365 18091 18205 W ShellHsr:     "blendMode": "linear",
03-27 07:13:33.365 18091 18205 W ShellHsr:     "condition": "JumpLandAdditiveTransition_DataFlow:JumpNotGrounded",
03-27 07:13:33.365 18091 18205 W ShellHsr:     "conditions": [ ... ]
03-27 07:13:33.365 18091 18205 W ShellHsr: }, state machine: JumpLandAdditive_SubState
03-27 07:13:33.365 18091 18205 W ShellHsr: Embodiment: `libovravatar2` JsonParser::Event name for transition 'LandAdditiveBlend_State' to 'Jump_Anticipation' is not set, state machine: JumpLandAdditive_SubState
03-27 07:13:33.365 18091 18205 W ShellHsr: Embodiment: `libovravatar2` JsonParser::Failed to find member 'event' on object:
03-27 07:13:33.365 18091 18205 W ShellHsr: {
03-27 07:13:33.365 18091 18205 W ShellHsr:     "from": "LandAdditiveBlend_State",
03-27 07:13:33.365 18091 18205 W ShellHsr:     "to": "EmptyAdditive_State",
03-27 07:13:33.365 18091 18205 W ShellHsr:     "blendTimeSec": 0.11999999731779099,
03-27 07:13:33.365 18091 18205 W ShellHsr:     "blendEarly": true,
03-27 07:13:33.365 18091 18205 W ShellHsr:     "conditions": [ ... ]
03-27 07:13:33.365 18091 18205 W ShellHsr: }, state machine: JumpLandAdditive_SubState
03-27 07:13:33.365 18091 18205 W ShellHsr: Embodiment: `libovravatar2` JsonParser::Event name for transition 'LandAdditiveBlend_State' to 'EmptyAdditive_State' is not set, state machine: JumpLandAdditive_SubState
03-27 07:13:33.365 18091 18205 W ShellHsr: Embodiment: `libovravatar2` JsonParser::Failed to find member 'event' on object:
03-27 07:13:33.365 18091 18205 W ShellHsr: {
03-27 07:13:33.365 18091 18205 W ShellHsr:     "from": "EmptyAdditive_State",
03-27 07:13:33.365 18091 18205 W ShellHsr:     "to": "Jump_Anticipation",
03-27 07:13:33.365 18091 18205 W ShellHsr:     "blendTimeSec": 0,
03-27 07:13:33.365 18091 18205 W ShellHsr:     "blendMode": "linear",
03-27 07:13:33.365 18091 18205 W ShellHsr:     "condition": "JumpLandAdditiveTransition_DataFlow:isJump",
03-27 07:13:33.365 18091 18205 W ShellHsr:     "conditions": [ ... ]
03-27 07:13:33.365 18091 18205 W ShellHsr: }, state machine: JumpLandAdditive_SubState
03-27 07:13:33.365 18091 18205 W ShellHsr: Embodiment: `libovravatar2` JsonParser::Event name for transition 'EmptyAdditive_State' to 'Jump_Anticipation' is not set, state machine: JumpLandAdditive_SubState
03-27 07:13:33.365 18091 18205 W ShellHsr: Embodiment: `libovravatar2` JsonParser::Failed to find member 'event' on object:
03-27 07:13:33.365 18091 18205 W ShellHsr: {
03-27 07:13:33.365 18091 18205 W ShellHsr:     "from": "EmptyAdditive_State",
03-27 07:13:33.365 18091 18205 W ShellHsr:     "to": "Empty_NoGrounded",
03-27 07:13:33.365 18091 18205 W ShellHsr:     "blendTimeSec": 0,
03-27 07:13:33.365 18091 18205 W ShellHsr:     "blendMode": "linear",
03-27 07:13:33.365 18091 18205 W ShellHsr:     "condition": "((!Grounded AND (abs(verticalSpeed) > 2.8)) AND !isJumpAdditive)",
03-27 07:13:33.365 18091 18205 W ShellHsr:     "conditions": [ ... ]
03-27 07:13:33.365 18091 18205 W ShellHsr: }, state machine: JumpLandAdditive_SubState
03-27 07:13:33.365 18091 18205 W ShellHsr: Embodiment: `libovravatar2` JsonParser::Event name for transition 'EmptyAdditive_State' to 'Empty_NoGrounded' is not set, state machine: JumpLandAdditive_SubState
03-27 07:13:33.365 18091 18205 W ShellHsr: Embodiment: `libovravatar2` JsonParser::Failed to find member 'event' on object:
03-27 07:13:33.365 18091 18205 W ShellHsr: {
03-27 07:13:33.365 18091 18205 W ShellHsr:     "from": "EmptyAdditive_State",
03-27 07:13:33.365 18091 18205 W ShellHsr:     "to": "Empty_NoGrounded",
03-27 07:13:33.365 18091 18205 W ShellHsr:     "conditions": [ ... ]
03-27 07:13:33.365 18091 18205 W ShellHsr: }, state machine: JumpLandAdditive_SubState
03-27 07:13:33.365 18091 18205 W ShellHsr: Embodiment: `libovravatar2` JsonParser::Event name for transition 'EmptyAdditive_State' to 'Empty_NoGrounded' is not set, state machine: JumpLandAdditive_SubState
03-27 07:13:33.365 18091 18205 W ShellHsr: Embodiment: `libovravatar2` JsonParser::Failed to find member 'event' on object:
03-27 07:13:33.365 18091 18205 W ShellHsr: {
03-27 07:13:33.365 18091 18205 W ShellHsr:     "from": "Empty_NoGrounded",
03-27 07:13:33.365 18091 18205 W ShellHsr:     "to": "LandAdditiveBlend_State",
03-27 07:13:33.365 18091 18205 W ShellHsr:     "blendTimeSec": 0.15000000596046449,
03-27 07:13:33.365 18091 18205 W ShellHsr:     "blendMode": "linear",
03-27 07:13:33.365 18091 18205 W ShellHsr:     "condition": "JumpLandAdditiveTransition_DataFlow:groundedOnMove",
03-27 07:13:33.365 18091 18205 W ShellHsr:     "conditions": [ ... ]
03-27 07:13:33.365 18091 18205 W ShellHsr: }, state machine: JumpLandAdditive_SubState
03-27 07:13:33.365 18091 18205 W ShellHsr: Embodiment: `libovravatar2` JsonParser::Event name for transition 'Empty_NoGrounded' to 'LandAdditiveBlend_State' is not set, state machine: JumpLandAdditive_SubState
03-27 07:13:33.365 18091 18205 W ShellHsr: Embodiment: `libovravatar2` JsonParser::Failed to find member 'event' on object:
03-27 07:13:33.365 18091 18205 W ShellHsr: {
03-27 07:13:33.365 18091 18205 W ShellHsr:     "from": "Empty_NoGrounded",
03-27 07:13:33.365 18091 18205 W ShellHsr:     "to": "EmptyAdditive_State",
03-27 07:13:33.365 18091 18205 W ShellHsr:     "blendTimeSec": 0.10000000149011612,
03-27 07:13:33.365 18091 18205 W ShellHsr:     "blendMode": "linear",
03-27 07:13:33.365 18091 18205 W ShellHsr:     "condition": "(!MovementAxisInput AND Grounded)",
03-27 07:13:33.365 18091 18205 W ShellHsr:     "conditions": [ ... ]
03-27 07:13:33.365 18091 18205 W ShellHsr: }, state machine: JumpLandAdditive_SubState
03-27 07:13:33.365 18091 18205 W ShellHsr: Embodiment: `libovravatar2` JsonParser::Event name for transition 'Empty_NoGrounded' to 'EmptyAdditive_State' is not set, state machine: JumpLandAdditive_SubState
03-27 07:13:33.365 18091 18205 W ShellHsr: Embodiment: `libovravatar2` JsonParser::Node name is not alpha numeric or underscore characters: 'Sample Animation'., dataflow: LandAdditiveBlend_State
03-27 07:13:33.366 18091 18205 W ShellHsr: Embodiment: `libovravatar2` JsonParser::Failed to parse output link Sample Animation:outputPose, dataflow: LandAdditiveBlend_State
03-27 07:13:33.366 18091 18205 W ShellHsr: Embodiment: `libovravatar2` JsonParser::Failed to parse output link Sample Animation:outputPose, dataflow: LandAdditiveBlend_State
03-27 07:13:33.366 18091 18205 W ShellHsr: Embodiment: `libovravatar2` JsonParser::Failed to parse output link Sample Animation:outputPose, dataflow: LandAdditiveBlend_State
03-27 07:13:33.366 18091 18205 W ShellHsr: Embodiment: `libovravatar2` JsonParser::Node name is not alpha numeric or underscore characters: 'Sample Animation'., dataflow: Empty_NoGrounded
03-27 07:13:33.366 18091 18205 W ShellHsr: Embodiment: `libovravatar2` JsonParser::Failed to parse output link Sample Animation:outputPose, dataflow: Empty_NoGrounded
03-27 07:13:33.366 18091 18205 W ShellHsr: Embodiment: `libovravatar2` JsonParser::Failed to find member 'event' on object:
03-27 07:13:33.366 18091 18205 W ShellHsr: {
03-27 07:13:33.366 18091 18205 W ShellHsr:     "from": "default_interaction_state",
03-27 07:13:33.366 18091 18205 W ShellHsr:     "to": "ready_blending_state",
03-27 07:13:33.366 18091 18205 W ShellHsr:     "blendTimeSec": 0.10000000149011612,
03-27 07:13:33.366 18091 18205 W ShellHsr:     "conditions": [ ... ]
03-27 07:13:33.366 18091 18205 W ShellHsr: }, state machine: Additive_interaction_upper_blending_sm
03-27 07:13:33.366 18091 18205 W ShellHsr: Embodiment: `libovravatar2` JsonParser::Event name for transition 'default_interaction_state' to 'ready_blending_state' is not set, state machine: Additive_interaction_upper_blending_sm
03-27 07:13:33.366 18091 18205 W ShellHsr: Embodiment: `libovravatar2` JsonParser::Failed to find member 'event' on object:
03-27 07:13:33.366 18091 18205 W ShellHsr: {
03-27 07:13:33.366 18091 18205 W ShellHsr:     "from": "ready_blending_state",
03-27 07:13:33.366 18091 18205 W ShellHsr:     "to": "default_interaction_state",
03-27 07:13:33.366 18091 18205 W ShellHsr:     "blendTimeSec": 0.10000000149011612,
03-27 07:13:33.366 18091 18205 W ShellHsr:     "conditions": [ ... ]
03-27 07:13:33.366 18091 18205 W ShellHsr: }, state machine: Additive_interaction_upper_blending_sm
03-27 07:13:33.366 18091 18205 W ShellHsr: Embodiment: `libovravatar2` JsonParser::Event name for transition 'ready_blending_state' to 'default_interaction_state' is not set, state machine: Additive_interaction_upper_blending_sm
03-27 07:13:33.366 18091 18205 W ShellHsr: Embodiment: `libovravatar2` JsonParser::Failed to find member 'event' on object:
03-27 07:13:33.366 18091 18205 W ShellHsr: {
03-27 07:13:33.366 18091 18205 W ShellHsr:     "from": "ready_blending_state",
03-27 07:13:33.366 18091 18205 W ShellHsr:     "to": "default_interaction_state",
03-27 07:13:33.366 18091 18205 W ShellHsr:     "blendTimeSec": 0.10000000149011612,
03-27 07:13:33.366 18091 18205 W ShellHsr:     "conditions": [ ... ]
03-27 07:13:33.366 18091 18205 W ShellHsr: }, state machine: Additive_interaction_upper_blending_sm
03-27 07:13:33.366 18091 18205 W ShellHsr: Embodiment: `libovravatar2` JsonParser::Event name for transition 'ready_blending_state' to 'default_interaction_state' is not set, state machine: Additive_interaction_upper_blending_sm
03-27 07:13:33.366 18091 18205 W ShellHsr: Embodiment: `libovravatar2` JsonParser::Node name is not alpha numeric or underscore characters: 'Layer Poses'., dataflow: ready_blending_state
03-27 07:13:33.366 18091 18205 W ShellHsr: Embodiment: `libovravatar2` JsonParser::Node name is not alpha numeric or underscore characters: 'Make Array'., dataflow: ready_blending_state
03-27 07:13:33.366 18091 18205 W ShellHsr: Embodiment: `libovravatar2` JsonParser::Node name is not alpha numeric or underscore characters: 'Make Object'., dataflow: ready_blending_state
03-27 07:13:33.366 18091 18205 W ShellHsr: Embodiment: `libovravatar2` JsonParser::Node name is not alpha numeric or underscore characters: 'Make Object_1'., dataflow: ready_blending_state
03-27 07:13:33.366 18091 18205 W ShellHsr: Embodiment: `libovravatar2` JsonParser::Failed to parse output link Layer Poses:outputPose, dataflow: ready_blending_state
03-27 07:13:33.366 18091 18205 W ShellHsr: Embodiment: `libovravatar2` JsonParser::Failed to parse input link Layer Poses:layers, dataflow: ready_blending_state
03-27 07:13:33.366 18091 18205 W ShellHsr: Embodiment: `libovravatar2` JsonParser::Failed to parse input link Make Array:1, dataflow: ready_blending_state
03-27 07:13:33.366 18091 18205 W ShellHsr: Embodiment: `libovravatar2` JsonParser::Failed to parse input link Make Array:0, dataflow: ready_blending_state
03-27 07:13:33.366 18091 18205 W ShellHsr: Embodiment: `libovravatar2` JsonParser::Failed to parse input link Make Object_1:inputPose, dataflow: ready_blending_state
03-27 07:13:33.367 18091 18205 W ShellHsr: Embodiment: `libovravatar2` JsonParser::Failed to parse input link Make Object:inputPose, dataflow: ready_blending_state
03-27 07:13:33.369 18224 18352 I OpenXR_ClientState: [OATS]: IP changed: unknown/interaction_profiles/meta/touch_controller_plus, 7
03-27 07:13:33.369 18224 18352 I OpenXR_ClientState: [OATS]: IP changed: /user/hand/right/interaction_profiles/meta/touch_controller_plus, -1
03-27 07:13:33.369   872   912 E AHAL: soundtrigger: audio_extn_sound_trigger_check_and_get_session: 344: st_dev 1, in_stream 0
03-27 07:13:33.369 18224 18352 I SafetyIntentMgr: [SafetyIntentMgr::handleImmersiveAppChange] Immersive App: com.oculus.vrshell -> is.xyz.omw.debug
03-27 07:13:33.369 18224 18352 I SpatialShiftLogger: [SpatialShift][Telemetry][FloorHeight]: [ event: IMMERSIVE_APP_ENTERED, eventReason: [is.xyz.omw.debug], numGuardians: 0 hasActiveSafetyBound: 1 activeSafetyBound: 2cee9d32-7f24-ff1e-5555-ae309d8ea246, stageFloorHeight: -0.886328, guardianFloorHeight: -0.893524, isSlamFloorHeightValid: 1 slamFloorHeight: -1.74047 guardianSlamDiff:0.846949 guardianStageDiff: -0.00719607 ]
03-27 07:13:33.370   945 16769 I AudioFlinger: AudioFlinger's thread 0xb4000074217dfe40 tid=16769 ready to run
03-27 07:13:33.370 18091 18205 W ShellHsr: Embodiment: `libovravatar2` JsonParser::Node name is not alpha numeric or underscore characters: 'Read Boolean Variable'., dataflow: aim_chest_adjustment_fp_dataflow
03-27 07:13:33.370 18091 18205 W ShellHsr: Embodiment: `libovravatar2` JsonParser::Node name is not alpha numeric or underscore characters: 'Read Boolean Variable_1'., dataflow: aim_chest_adjustment_fp_dataflow
03-27 07:13:33.370 18091 18205 W ShellHsr: Embodiment: `libovravatar2` JsonParser::Node name is not alpha numeric or underscore characters: 'Select By Boolean'., dataflow: aim_chest_adjustment_fp_dataflow
03-27 07:13:33.370 18091 18205 W ShellHsr: Embodiment: `libovravatar2` JsonParser::Failed to parse output link Read Boolean Variable:outputValue, dataflow: aim_chest_adjustment_fp_dataflow
03-27 07:13:33.370 18091 18205 W ShellHsr: Embodiment: `libovravatar2` JsonParser::Failed to parse output link Read Boolean Variable_1:outputValue, dataflow: aim_chest_adjustment_fp_dataflow
03-27 07:13:33.370 18091 18205 W ShellHsr: Embodiment: `libovravatar2` JsonParser::Failed to parse input link Select By Boolean:inputValue, dataflow: aim_chest_adjustment_fp_dataflow
03-27 07:13:33.370 18091 18205 W ShellHsr: Embodiment: `libovravatar2` JsonParser::Failed to parse input link Select By Boolean:inputTrue, dataflow: aim_chest_adjustment_fp_dataflow
03-27 07:13:33.370 18091 18205 W ShellHsr: Embodiment: `libovravatar2` JsonParser::Failed to parse input link Select By Boolean:inputFalse, dataflow: aim_chest_adjustment_fp_dataflow
03-27 07:13:33.370 18091 18205 W ShellHsr: Embodiment: `libovravatar2` JsonParser::Failed to parse output link Select By Boolean:output, dataflow: aim_chest_adjustment_fp_dataflow
03-27 07:13:33.370 18091 18205 W ShellHsr: Embodiment: `libovravatar2` JsonParser::Node name is not alpha numeric or underscore characters: 'Select By Boolean'., dataflow: aim_chest_adjustment_tp_dataflow
03-27 07:13:33.370 18091 18205 W ShellHsr: Embodiment: `libovravatar2` JsonParser::Failed to parse input link Select By Boolean:inputValue, dataflow: aim_chest_adjustment_tp_dataflow
03-27 07:13:33.370 18091 18205 W ShellHsr: Embodiment: `libovravatar2` JsonParser::Failed to parse input link Select By Boolean:inputTrue, dataflow: aim_chest_adjustment_tp_dataflow
03-27 07:13:33.370 18091 18205 W ShellHsr: Embodiment: `libovravatar2` JsonParser::Failed to parse input link Select By Boolean:inputFalse, dataflow: aim_chest_adjustment_tp_dataflow
03-27 07:13:33.370   945  3145 I audioserver: App op 27 missing, silencing record AttributionSourceState{pid: 1419, uid: 1000, packageName: com.oculus.vrosconfigwriterdeprecated, attributionTag: (null), token: binder:0xb40000742a4d6460, renouncedPermissions: (null), next: []}
03-27 07:13:33.370 18091 18205 W ShellHsr: Embodiment: `libovravatar2` JsonParser::Failed to parse output link Select By Boolean:output, dataflow: aim_chest_adjustment_tp_dataflow
03-27 07:13:33.371 18224 18352 I SafetyIntentMgr: [SafetyIntentMgr::setRunningAppInfoFromPackage] is.xyz.omw.debug has appBoundaryRequirementType_: BoundaryRequired
03-27 07:13:33.371 18224 18352 I SafetyIntentMgr: [SafetyIntentMgr::internalSetIsBoundarylessModeEnable] requestedBoundarylessMode: 0
03-27 07:13:33.371 18224 18352 I GuardianJavaMethodBinder: [GuardianJavaMethodBinder::setUserPackageBoundarylessModeEnabled] is.xyz.omw.debug: false
03-27 07:13:33.371 18224 18352 I VrGuardianService: setUserPackageBoundarylessModeEnabled() is.xyz.omw.debug, isEnabled = false)
03-27 07:13:33.371  2697 18429 I VrRuntimeService: RuntimeServiceSDKServer::UpdateGuardianBoundaryVisibility: 1267052144, visible
03-27 07:13:33.371  2697 18429 I VrRuntimeService: RuntimeIPC: SendGuardianBoundaryVisibilityChangeEventToAllClients: PostClientEvent SUCCESS: com.oculus.vrshell:com.oculus.vrshell:18091, visible
03-27 07:13:33.371  2697 18429 I VrRuntimeService: RuntimeIPC: SendGuardianBoundaryVisibilityChangeEventToAllClients: PostClientEvent SUCCESS: com.oculus.guardian:com.oculus.vrguardianservice:18224, visible
03-27 07:13:33.371  2697 18429 I VrRuntimeService: RuntimeIPC: SendGuardianBoundaryVisibilityChangeEventToAllClients: PostClientEvent SUCCESS: com.oculus.guardian:com.oculus.vrguardianservice:18224, visible
03-27 07:13:33.371  2697 18429 W LocklessCircularBuffer_SPSC [RUNTIMEIPC]: CanWriteExternalSize: buffer full: usedSpace=8187, size=12, bufferSize=8192
03-27 07:13:33.371  2697 18429 W RipcFramework_Server [RUNTIMEIPC]: ipc_PostClientEvent FAILED: BoundaryVisibilityChangeEvent
03-27 07:13:33.371  2697 18429 W VrRuntimeService: RuntimeIPC: SendGuardianBoundaryVisibilityChangeEventToAllClients: PostClientEvent FAILED: native_process.system:/odm/bin/trackingservice:897, visible
03-27 07:13:33.371  2697 18429 I VrRuntimeService: RuntimeIPC: SendGuardianBoundaryVisibilityChangeEventToAllClients: PostClientEvent SUCCESS: com.oculus.vrshell:com.oculus.vrshell:18091, visible
03-27 07:13:33.371  2697 18429 W LocklessCircularBuffer_SPSC [RUNTIMEIPC]: CanWriteExternalSize: buffer full: usedSpace=8183, size=12, bufferSize=8192
03-27 07:13:33.371  2697 18429 W RipcFramework_Server [RUNTIMEIPC]: ipc_PostClientEvent FAILED: BoundaryVisibilityChangeEvent
03-27 07:13:33.371  2697 18429 W VrRuntimeService: RuntimeIPC: SendGuardianBoundaryVisibilityChangeEventToAllClients: PostClientEvent FAILED: native_process.system:/system_ext/bin/mrsystemservice:1168, visible
03-27 07:13:33.371  2697 18429 I VrRuntimeService: RuntimeIPC: SendGuardianBoundaryVisibilityChangeEventToAllClients: PostClientEvent SUCCESS: native_process.system:/system_ext/bin/mrsystemservice:1168, visible
03-27 07:13:33.371  2697 18429 I VrRuntimeService: RuntimeIPC: SendGuardianBoundaryVisibilityChangeEventToAllClients: PostClientEvent SUCCESS: native_process.system:/system/bin/surfaceflinger:1671, visible
03-27 07:13:33.371  2697 18429 W LocklessCircularBuffer_SPSC [RUNTIMEIPC]: CanWriteExternalSize: buffer full: usedSpace=8191, size=12, bufferSize=8192
03-27 07:13:33.371  2697 18429 W RipcFramework_Server [RUNTIMEIPC]: ipc_PostClientEvent FAILED: BoundaryVisibilityChangeEvent
03-27 07:13:33.371  2697 18429 W VrRuntimeService: RuntimeIPC: SendGuardianBoundaryVisibilityChangeEventToAllClients: PostClientEvent FAILED: native_process.system:/system_ext/bin/mrsystemservice:1168, visible
03-27 07:13:33.371 18091 18370 I VrRuntimeClient: BoundaryVisibilityChangeEvent Occurred: Boundary is visible
03-27 07:13:33.371  1671  3524 I VrRuntimeClient: BoundaryVisibilityChangeEvent Occurred: Boundary is visible
03-27 07:13:33.372 18224 18406 I VrRuntimeClient: BoundaryVisibilityChangeEvent Occurred: Boundary is visible
03-27 07:13:33.372  1168  3437 I VrRuntimeClient: BoundaryVisibilityChangeEvent Occurred: Boundary is visible
03-27 07:13:33.370   945   945 W binder:945_6: type=1400 audit(0.0:20733): avc:  denied  { getattr } for  path="/proc/1419" dev="proc" ino=31923 scontext=u:r:audioserver:s0 tcontext=u:r:system_server:s0 tclass=dir permissive=0
03-27 07:13:33.373   945  3145 W AF::RecordHandle: OpRecordAudio: Process 1419 no longer exists, using first package
03-27 07:13:33.373 18224 18352 I LocalGroupMgr: [LocalGroupMgr::handleImmersiveAppChange]: early return because the user is not in a local group
03-27 07:13:33.370   945   945 W binder:945_6: type=1400 audit(0.0:20734): avc:  denied  { getattr } for  path="/proc/1419" dev="proc" ino=31923 scontext=u:r:audioserver:s0 tcontext=u:r:system_server:s0 tclass=dir permissive=0
03-27 07:13:33.374 18224 18352 I WorldsSafetySystemStateMachine: [WorldsSafetySystemStateMachine::handleImmersiveAppChange] Immersive App: com.oculus.vrshell -> is.xyz.omw.debug
03-27 07:13:33.374 18224 18352 I WorldsSafetySystemStateMachine: [WorldsSafetySystemStateMachine::handleImmersiveAppChange] is.xyz.omw.debug has AppBoundaryRequirementType: BoundaryRequired
03-27 07:13:33.374 18224 18352 I GuardianFocusListener: [GuardianFocusListener::notifyImmersiveAppChanged] From app: com.oculus.vrshell To App: is.xyz.omw.debug
03-27 07:13:33.374   945  3145 W AF::RecordHandle: OpRecordAudio: Process 1419 no longer exists, using first package
03-27 07:13:33.375   945  3145 D AF::RecordHandle: OpRecordAudio: track:1030 uid:1000 pkg:com.oculus.vrosconfigwriterdeprecated usage:0 source:6 muted
03-27 07:13:33.375 18224 18352 I GuardianMapDataMgr: [GuardianMapDataMgr::isAnyRoomscaleTracked] Checking 1 existing guardian data
03-27 07:13:33.375 18224 18352 I GuardianMapDataMgr: [GuardianMapDataMgr::isValidTrackedRoomscale] [2575043440] Valid=yes, Roomscale=yes, Anchor [2cee9d32-7f24-ff1e-5555-ae309d8ea246] Tracked=yes
03-27 07:13:33.375 18224 18352 I GuardianBoundaryChecking: [GuardianBoundaryChecking::isInsideDormantRoomscaleBoundary] Checking 1 existing guardian data
03-27 07:13:33.375 18224 18352 I GuardianMapDataMgr: [GuardianMapDataMgr::isValidTrackedRoomscale] [2575043440] Valid=yes, Roomscale=yes, Anchor [2cee9d32-7f24-ff1e-5555-ae309d8ea246] Tracked=yes
03-27 07:13:33.375 18224 18352 I GuardianBoundaryChecking: [GuardianBoundaryChecking::isInsideDormantRoomscaleBoundary] [2575043440] Distance to HMD: 1.554742
03-27 07:13:33.375 18224 18352 I WorldsSafetySystemStateMachine: [NotActiveState::Update] User is inside a dormant Roomscale boundary. Switching to Roomscale, but no toasts needed.
03-27 07:13:33.375 18224 18352 I GuardianMapDataMgr: [GuardianMapDataMgr::isAnyRoomscaleTracked] Checking 1 existing guardian data
03-27 07:13:33.375 18224 18352 I GuardianMapDataMgr: [GuardianMapDataMgr::isValidTrackedRoomscale] [2575043440] Valid=yes, Roomscale=yes, Anchor [2cee9d32-7f24-ff1e-5555-ae309d8ea246] Tracked=yes
03-27 07:13:33.375 18224 18352 I AutoStationaryHelper: [AutoStationaryHelper::switchToRoomscale] Switching to Pre-Existing Roomscale
03-27 07:13:33.375 18224 18352 I SafetyBoundMgr: Active safety bound policy changed: from Closest to Closest
03-27 07:13:33.377  1419  2294 W AudioStreamRecord: open() flags changed from 0x00000005 to 0x00000000
03-27 07:13:33.377  1419  2294 W AudioStreamRecord: open() perfMode changed from 12 to 10
03-27 07:13:33.377  1419  2294 D AAudioStream: setState(s#123) from 0 to 2
03-27 07:13:33.377 18224 18352 I GuardianFocusListener: [GuardianFocusListener::updateCurrentProcess] is.xyz.omw.debug
03-27 07:13:33.377 18224 18352 I GuardianShellAndProcessUtil: setCurrentProcessName: is.xyz.omw.debug, previous ProcessName: com.oculus.vrshell
03-27 07:13:33.377 18224 18352 I GuardianLifecycleMgr: ~~[GuardianLifecycleMgr::updateLifecycleState] Lifecycle state changed from SAFETY_SYSTEM_MR to SAFETY_SYSTEM_VR
03-27 07:13:33.378 18224 18413 I GuardianRender: GuardianRender::processFrameBufferChanges: resolution 0 -> 1024, depth 0 -> 1
03-27 07:13:33.378 18224 18413 I GuardianFramebuffer: GuardianRender::Framebuffer_Destroy: destroying framebuffers
03-27 07:13:33.378 18224 18413 I GuardianRender: Rebuilding framebuffers! Normal
03-27 07:13:33.378 18224 18413 I GuardianFramebuffer: GuardianRender::Framebuffer_Create: W: 1024, H: 1024
03-27 07:13:33.378  1419  2294 I AAudio  : AAudioStreamBuilder_openStream() returns 0 = AAUDIO_OK for s#123 ----------------
03-27 07:13:33.378  1419  2294 D AAudio  : AAudioStream_requestStart(s#123) called --------------
03-27 07:13:33.378  1419  2294 D AAudioStream: setState(s#123) from 2 to 3
03-27 07:13:33.379  2697 18405 I VrRuntimeService: CreateSwapChain: 3652125467
03-27 07:13:33.379  2697 18405 I VrRuntimeService: CreateSwapChain: api:gles 2 0x8c43 1024 1024 1 2 2 0 3
03-27 07:13:33.381   897  1854 I Tracking: CONSTELLATION_Right: [Throttled count=56] P+C Right: Applying Consistent Zero Velocity Update during slow motion.
03-27 07:13:33.383   872   912 I AHAL: AudioDevice: InGetStream: 1330: Found existing stream associated with iohandle 3046
03-27 07:13:33.383   872   912 I AHAL: AudioStream: RouteStream: 4410: Enter: InPrimary usecase(21: audio-record)
03-27 07:13:33.383  2697  2994 I @@@     : surface: SUCCESS posting result to queue
03-27 07:13:33.383  2697 18405 V CompositorServer: CreateTextureSwapChain: result importswapchainfromdevice 1
03-27 07:13:33.384   945 16769 D audioserver: FGS Logger Transaction failed
03-27 07:13:33.384   945 16769 D audioserver: -129
03-27 07:13:33.384   945 16769 D audioserver: FGS Logger Transaction failed
03-27 07:13:33.384   945 16769 D audioserver: -129
03-27 07:13:33.386   945  3145 D audioserver: FGS Logger Transaction failed
03-27 07:13:33.386 18224 18413 V OpenXR_GPUMemTrace: Swapchain creation, id=2196, idx=0, width: 1024, height: 1024, array size: 2, MemoryAllocationSize: 8229 KB
03-27 07:13:33.386   945  3145 D audioserver: -129
03-27 07:13:33.386 18224 18413 V OpenXR_GPUMemTrace: Swapchain creation, id=2196, idx=1, width: 1024, height: 1024, array size: 2, MemoryAllocationSize: 8229 KB
03-27 07:13:33.386  2697 18405 I VrRuntimeService: CreateSwapChain: 3652125467
03-27 07:13:33.386  2697 18405 I VrRuntimeService: CreateSwapChain: api:gles 2 0x81a5 1024 1024 1 2 2 0 18
03-27 07:13:33.389  2697  2994 I @@@     : surface: SUCCESS posting result to queue
03-27 07:13:33.390  2697 18405 V CompositorServer: CreateTextureSwapChain: result importswapchainfromdevice 1
03-27 07:13:33.390   872   912 W StreamHAL: Error from HAL stream in function set_microphone_direction: Function not implemented
03-27 07:13:33.390   872   912 W StreamHAL: Error from HAL stream in function set_microphone_field_dimension: Function not implemented
03-27 07:13:33.391  1419  1457 I TransitionsSignalController: Transitions state changed: true
03-27 07:13:33.391  1419  1457 I ResourceProtectionService: Processing transitions state change: true
03-27 07:13:33.391  1419  2294 D AAudio  : AAudioStream_requestStart(s#123) returned 0 ---------
03-27 07:13:33.391  1419  2294 I TrackingServiceProxy: Oboe audio stream started.
03-27 07:13:33.391  1419  2901 D AudioStreamLegacy: onAudioDeviceUpdate(deviceId = 536870913)
03-27 07:13:33.392 18224 18413 V OpenXR_GPUMemTrace: Swapchain creation, id=2197, idx=0, width: 1024, height: 1024, array size: 2, MemoryAllocationSize: 4133 KB
03-27 07:13:33.392 18224 18413 V OpenXR_GPUMemTrace: Swapchain creation, id=2197, idx=1, width: 1024, height: 1024, array size: 2, MemoryAllocationSize: 4133 KB
03-27 07:13:33.392 18224 18413 I GuardianFramebuffer: GuardianRender::Framebuffer_Create SUCCESS
03-27 07:13:33.392 18224 18413 W RuntimeTelemetryThread: [OpenXR] frame call order invalid; 
03-27 07:13:33.392 18224 18413 I OpenXRHelpers: OpenXR error: xrBeginFrame(session_, &beginFrameDesc): XR_ERROR_CALL_ORDER_INVALID
03-27 07:13:33.396  1419  1457 I ResourceProtectionService: Clearing app flavor for VRShell
03-27 07:13:33.396  1419  2160 D TrackingAccessCache: Tracking access changed: [ProcessTrackingAccess { uid = 10065, pid = 16746, trackingAccessPose = 2046, trackingAccessInput = 2046 }]
03-27 07:13:33.397 18091 18205 I Shell   : Successfully loaded 'character.behavior.zip' into Avatar SDK (request ID: 1)
03-27 07:13:33.397 18091 18205 I Shell   : HsrEmbodimentSystem::embodimentCoreInitialize completed in 55.007977 ms.
03-27 07:13:33.397  1419  2160 I UiModeController: Switching from is.xyz.omw.debug to is.xyz.omw.debug
03-27 07:13:33.397  1419  2901 D ActivityTaskManager: getDisplaysWithTopActivities: immersive ActivityRecord{25cc003 u0 is.xyz.omw.debug/ui.activity.VrEntryActivity t9682}
03-27 07:13:33.397  1419  1419 D SpatialAudioService: Skipping processing for app: is.xyz.omw.debug (isNewApp: false, epsService: true)
03-27 07:13:33.397 18091 18205 I ShellHsr: AvatarSocketManager: [AvatarSocketManager] Changed request from AvatarLoadingState to set avatar props 131073 to Hidden
03-27 07:13:33.397 18091 18205 I ShellHsr: Embodiment: Avatar 131073 set to hidden initially
03-27 07:13:33.397  1419  1419 V WorldManagerService: VW Content Listener: is.xyz.omw.debug -1
03-27 07:13:33.397  1217 25961 D VrFocus : onForegroundActivitiesChanged: uid: 10065, pid: 16746, fg: 1, display main: 1, secondary: 0
03-27 07:13:33.398  1419  3729 D AudioStreamLegacy: onAudioDeviceUpdate(deviceId = 536870913)
03-27 07:13:33.398 18091 18205 W ShellHsr: Character: Failed to subscribe to PlayerGrabbedObjectEventBus
03-27 07:13:33.398 18091 18205 W ShellHsr: Character: Failed to subscribe to PlayerReleasedObjectEventBus
03-27 07:13:33.398 18091 18205 I Shell   : ImmersiveTransitionSystem: Process start request for is.xyz.omw.debug
03-27 07:13:33.398 18091 18205 I Shell   : ImmersiveTransitionSystem : immersive transition event: init=2e+12  sh=BETR,CTIN,CTTI,CTTI,CTTI,CTIS,FETR,BETR,CTIA,CTIN,CTTI,CTIS,CTTO,CTIA,BETR,CTIN  sct=01949aac,01949af4,01949b13,01949b22,01949b2c,01949d9f,019f180c,019f180d,019f1820,019f1837,019f185b,019f1ab6,019f1ac2,019f2138,019f7199,019f71dd,
03-27 07:13:33.398 18091 18205 I Shell   : ImmersiveTransitionSystem: Creating rendering with size 1680 x 1760
03-27 07:13:33.398 18091 18205 I Shell   : OpenXRSystem::createSwapchain: 496: texture, 1680x1760, 2 view(s),  1 mip(s), 3 buffer(s)
03-27 07:13:33.399  2697 18369 I VrRuntimeService: CreateSwapChain: 2022615302
03-27 07:13:33.399  2697 18369 I VrRuntimeService: CreateSwapChain: api:vk 2 0x2b 1680 1760 1 3 2 4 3
03-27 07:13:33.401   872 16770 I AHAL: AudioStream: Open: 4642: Enter: InPrimary usecase(21: audio-record)
03-27 07:13:33.401   872 16770 E AHAL: soundtrigger: audio_extn_sound_trigger_check_and_get_session: 344: st_dev 1, in_stream 0
03-27 07:13:33.401   872 16770 I PAL: ResourceManager: getActiveStream_l: 5668: no active streams found for device 25 ret -2
03-27 07:13:33.401   872 16770 I PAL: Device: setDeviceAttributes: 372: DeviceAttributes for Device Id 25 updated
03-27 07:13:33.401   872 16770 I PAL: Device: open: 452: Enter. deviceCount 0 for device id 25 (PAL_DEVICE_IN_HANDSET_MIC)
03-27 07:13:33.401   872 16770 I PAL: SessionAlsaUtils: setDeviceMediaConfig: 1048: CODEC_DMA-LPAIF_RXTX-TX-3 rate ch fmt data_fmt 48000 2 6 1
03-27 07:13:33.401   872 16770 D audio_route: Apply path: handset-mic
03-27 07:13:33.404 16746 16746 D CompatibilityChangeReporter: Compat change id reported: 171979766; UID 10065; state: DISABLED
03-27 07:13:33.405 16746 16746 D CompatibilityChangeReporter: Compat change id reported: 242716250; UID 10065; state: DISABLED
03-27 07:13:33.405   872 16770 I PAL: Device: open: 487: Exit. deviceCount 1 for device id 25 (PAL_DEVICE_IN_HANDSET_MIC), exit status: 0
03-27 07:13:33.405   872 16770 I PAL: ResourceManager: allocateFrontEndIds: 6541: allocateFrontEndIds: front end 115
03-27 07:13:33.405   872 16770 I PAL: PayloadBuilder: populateStreamKV: 2831: stream type 8
03-27 07:13:33.405   872 16770 I PAL: PayloadBuilder: getSelectorValues: 2653: Direction: 2
03-27 07:13:33.405   872 16770 I PAL: PayloadBuilder: getSelectorValues: 2669: Instance: 1
03-27 07:13:33.405   872 16770 I PAL: PayloadBuilder: findKVs: 2543: key: 0xb1000000 value: 0xb1000001
03-27 07:13:33.405   872 16770 I PAL: PayloadBuilder: findKVs: 2543: key: 0xab000000 value: 0x1
03-27 07:13:33.405   872 16770 I PAL: PayloadBuilder: populateDeviceKV: 2945: Enter device id:25
03-27 07:13:33.405   872 16770 I PAL: PayloadBuilder: findKVs: 2556: key: 0xa3000000 value: 0xa3000004
03-27 07:13:33.405   872 16770 I PAL: PayloadBuilder: populateDeviceKV: 2973: Exit device id:25, status 0
03-27 07:13:33.405   872 16770 I PAL: PayloadBuilder: populateDevicePPKV: 3105: Tx device id:25
03-27 07:13:33.405   872 16770 I PAL: PayloadBuilder: getSelectorValues: 2729: stream type: 8
03-27 07:13:33.405   872 16770 I PAL: PayloadBuilder: findKVs: 2543: key: 0xa3000000 value: 0xa3000004
03-27 07:13:33.405   872 16770 D agm_server_wrapper: Aif id 0 already added to session list of 115
03-27 07:13:33.405   872 16770 D agm_server_wrapper: Aif id 0 already added to session list of 115
03-27 07:13:33.405   872 16770 I PAL: ResourceManager: GetConcurrencyInfo: 5024: stream type 8 Tx conc 1, Rx conc 0, concurrency allowed
03-27 07:13:33.405   872 16770 I PAL: ResourceManager: GetConcurrencyInfo: 5024: stream type 8 Tx conc 1, Rx conc 0, concurrency allowed
03-27 07:13:33.405   872 16770 I PAL: ResourceManager: GetConcurrencyInfo: 5024: stream type 8 Tx conc 1, Rx conc 0, concurrency allowed
03-27 07:13:33.406   872 16770 I PAL: SessionAlsaUtils: setDeviceMediaConfig: 1048: CODEC_DMA-LPAIF_RXTX-TX-3 rate ch fmt data_fmt 48000 2 6 1
03-27 07:13:33.406   872 16770 E PAL: ResourceManager: voteSleepMonitor: 1758: ioctl device is not open
03-27 07:13:33.406   872 16770 D agm_client_wrapper: agm_session_open called with handle = ee4ae9f0 , *handle = 0
03-27 07:13:33.407   872 16770 D AGM: graph: graph_open: 678 miid 43af mid 7001024 tag c0000005
03-27 07:13:33.407   872 16770 I GPR:    : __gpr_cmd_register_v2:902 GPR Register: Source Port is 8210 heap_index: 0
03-27 07:13:33.408 18224 18413 I GuardianWall: buildFromPoints: Original: 1061, New: 218, Triangles: 5616
03-27 07:13:33.409 18224 18413 W RuntimeTelemetryThread: [OpenXR] xrEndFrame: Invalid frame call; 2
03-27 07:13:33.409 18224 18413 I OpenXRHelpers: OpenXR error: xrEndFrame(session_, &endFrameInfo): XR_ERROR_CALL_ORDER_INVALID
03-27 07:13:33.409   416   981 I audioadsprpcd: vendor/qcom/anorak/proprietary/adsprpc/src/apps_std_imp.c:880: Successfully opened file xra_capture_capi.so
03-27 07:13:33.412  1419  2999 D CompatibilityChangeReporter: Compat change id reported: 170503758; UID 10065; state: DISABLED
03-27 07:13:33.418 16746 16746 D ApplicationLoaders: Returning zygote-cached class loader: /system/framework/android.test.base.jar
03-27 07:13:33.419  2697  2994 I @@@     : surface: SUCCESS posting result to queue
03-27 07:13:33.419  2697 18369 V CompositorServer: CreateTextureSwapChain: result importswapchainfromdevice 1
03-27 07:13:33.420 18091 18205 V SwapChain_Vulkan_Memory_Export: Imported texture has requirements 3, ends up index 0
03-27 07:13:33.421 18091 18205 V SwapChain_Vulkan_Memory_Export: Imported texture has requirements 3, ends up index 0
03-27 07:13:33.421 18091 18205 V SwapChain_Vulkan_Memory_Export: Imported texture has requirements 3, ends up index 0
03-27 07:13:33.421 18091 18205 V OpenXR_GPUMemTrace: Swapchain creation, id=2198, idx=0, width: 1680, height: 1760, array size: 2, MemoryAllocationSize: 23877 KB
03-27 07:13:33.421 18091 18205 V OpenXR_GPUMemTrace: Swapchain creation, id=2198, idx=1, width: 1680, height: 1760, array size: 2, MemoryAllocationSize: 23877 KB
03-27 07:13:33.421 18091 18205 V OpenXR_GPUMemTrace: Swapchain creation, id=2198, idx=2, width: 1680, height: 1760, array size: 2, MemoryAllocationSize: 23877 KB
03-27 07:13:33.421 18091 18205 I Shell   : ImmersiveTransitionSystem::_recreateRenderingLayer: renderSurfaceSystem=0x00000075d12f8800  targetLayer_=-1  newTargetLayer=175
03-27 07:13:33.422 18091 18205 I Shell   : HsrSoundSystem::playEventSound2D for GUID a72956c8-4d69-4682-9e95-8c754c611506 with event name transitionEnterPathway
03-27 07:13:33.422 18091 18205 I Shell   : TransitionAudioManager: Playing pathway event transitionEnterPathway with ID transitionEnterPathway
03-27 07:13:33.422 18091 18205 I Shell   : HsrSoundSystem::playEventSound2D for GUID 8b02cdbf-c432-4953-9506-e10a03dc6c6d with event name transitionPathwayDark
03-27 07:13:33.422 18091 18205 I Shell   : TransitionAudioManager: Playing pathway event transitionPathwayDark with ID transitionPathwayDark
03-27 07:13:33.422 18091 18205 I Shell   : ImmersiveTransitionSystem: Changed state from Inactive to Initializing
03-27 07:13:33.422 18091 18205 I Shell   : ImmersiveTransitionSystem: Captured head pose at transition start
03-27 07:13:33.423 18091 18205 I ShellHsr: Config: ConfigChanged: horizon::avatars_core::AvatarsCoreConfig v165 (LocalConfigChange)
03-27 07:13:33.423 18091 18205 I ShellHsr: Config: ConfigChanged: horizon::avatar::AvatarConfig v96 (LocalConfigChange)
03-27 07:13:33.423 16746 16746 D nativeloader: Configuring clns-6 for other apk /system/framework/android.test.mock.jar. target_sdk_version=29, uses_libraries=ALL, library_path=/data/app/~~zQb_GASu1AR8SnzUkQl4IA==/is.xyz.omw.debug-gjLgRwa_BUNZC2fH4t36qw==/lib/arm64:/data/app/~~zQb_GASu1AR8SnzUkQl4IA==/is.xyz.omw.debug-gjLgRwa_BUNZC2fH4t36qw==/base.apk!/lib/arm64-v8a:/apex/com.meta.xr/priv-app/VrDriver/VrDriver.apk!/lib/arm64-v8a, permitted_path=/data:/mnt/expand:/data/user/0/is.xyz.omw.debug
03-27 07:13:33.423 18091 18205 I ShellHsr: Avatar: Invalid Pose Detected, player avatar is put into full animation state
03-27 07:13:33.423 16746 16746 D nativeloader: Extending system_exposed_libraries: libaudiotapper.oculus.so:libcalibrationmanager.oculus.so:libheadtracker.oculus.so:libinstsamp.oculus.so:libossdk.oculus.so:libparfait.oculus.so:libripcclient.oculus.so:libripcmanager.oculus.so:libappsensoraccess.oculus.so:libOVRMrcLib.oculus.so:libxrstreaminghost.oculus.so:libhzos.meta.so:libhzos_featurejournal.meta.so:libhzos_gaze.meta.so:libhzos_orthofit.meta.so:libhzos_prescriptionlens.meta.so:libhzos_reportstatsevent.meta.so:libhzos_spaces.meta.so:libhzos_trackedinput.meta.so:libhzos_trackingclient.meta.so
03-27 07:13:33.423 18091 18205 I ShellHsr: Embodiment: Hand tracking enabled for local avatar: true
03-27 07:13:33.424 18091 18205 I ShellHsr: World: Created networked prefab instances: prefabId: 807, prefabName: , role: local, count: 1, entities: [(2190160/71190160)]
03-27 07:13:33.425 18091 18205 I FaceTrackingClient: STALE DATA: Estimation timestamp: 130970, absTimeInSeconds: 130986, diff: 15.5461
03-27 07:13:33.426 16746 16746 D ApplicationLoaders: Returning zygote-cached class loader: /system/framework/android.test.base.jar
03-27 07:13:33.429 16746 16746 D nativeloader: Configuring clns-7 for other apk /system/framework/android.test.runner.jar. target_sdk_version=29, uses_libraries=ALL, library_path=/data/app/~~zQb_GASu1AR8SnzUkQl4IA==/is.xyz.omw.debug-gjLgRwa_BUNZC2fH4t36qw==/lib/arm64:/data/app/~~zQb_GASu1AR8SnzUkQl4IA==/is.xyz.omw.debug-gjLgRwa_BUNZC2fH4t36qw==/base.apk!/lib/arm64-v8a:/apex/com.meta.xr/priv-app/VrDriver/VrDriver.apk!/lib/arm64-v8a, permitted_path=/data:/mnt/expand:/data/user/0/is.xyz.omw.debug
03-27 07:13:33.429 16746 16746 D nativeloader: Extending system_exposed_libraries: libaudiotapper.oculus.so:libcalibrationmanager.oculus.so:libheadtracker.oculus.so:libinstsamp.oculus.so:libossdk.oculus.so:libparfait.oculus.so:libripcclient.oculus.so:libripcmanager.oculus.so:libappsensoraccess.oculus.so:libOVRMrcLib.oculus.so:libxrstreaminghost.oculus.so:libhzos.meta.so:libhzos_featurejournal.meta.so:libhzos_gaze.meta.so:libhzos_orthofit.meta.so:libhzos_prescriptionlens.meta.so:libhzos_reportstatsevent.meta.so:libhzos_spaces.meta.so:libhzos_trackedinput.meta.so:libhzos_trackingclient.meta.so
03-27 07:13:33.429 18091 18205 I ShellHsr: Embodiment: Requested avatar for entity id 131073, user id 897985500070064
03-27 07:13:33.431 18091 18205 I [SEO] AndroidDriver: Android input device removed, ID:  176
03-27 07:13:33.431 18091 18205 I [SEO] PassthroughFeatureController: [ConfigureMrServiceClient] Disabling System Reconstructed Passthrough
03-27 07:13:33.431 18091 18205 I OpenXR_Passthrough: ------------ xrPassthroughLayerPauseFB -----------
03-27 07:13:33.431  2697 18463 I [CT]    : MIXEDREALITY: MrClientModelStates: setLayerPaused true layer 1004 for client 3936617581.
03-27 07:13:33.431  2697 18463 I [CT]    : MIXEDREALITY: MrSvc: PassthroughLayer: setPaused: Layer 1004 is being paused
03-27 07:13:33.431 18091 18205 I [SEO] PassthroughFeatureController: [PausePassthroughSession] Passthrough type changed from PT_TYPE_SYSTEM_RECONSTRUCTED to PT_TYPE_PAUSED
03-27 07:13:33.431  2697 14219 I ProxyToPassthroughLayerProcessor: ProcessPTProxyLayers: removing 1 layers because no matching active layers were found
03-27 07:13:33.431  2697 14219 I BackgroundPassthroughLogic: Starting passthrough hysteresis
03-27 07:13:33.431  2697 14219 I CompositorVR: Passthrough usage state changed: app 0, guardian 0, shell 0, system 1, mask 0, surface_proj 0
03-27 07:13:33.432 18091 18205 I [CT]    : HandPoseSampler: Filter reset
03-27 07:13:33.432 18091 18205 I InputDevice_Hand: HANDTRACKING ADMIRE hand 0: hpm=1 -> shared=0
03-27 07:13:33.432 18091 18205 I [CT]    : HandPoseSampler: Filter reset
03-27 07:13:33.432 18091 18205 I InputDevice_Hand: HANDTRACKING ADMIRE hand 1: hpm=1 -> shared=0
03-27 07:13:33.433 16746 16746 W ziparchive: Unable to open '/data/app/~~zQb_GASu1AR8SnzUkQl4IA==/is.xyz.omw.debug-gjLgRwa_BUNZC2fH4t36qw==/base.dm': No such file or directory
03-27 07:13:33.433 16746 16746 W ziparchive: Unable to open '/data/app/~~zQb_GASu1AR8SnzUkQl4IA==/is.xyz.omw.debug-gjLgRwa_BUNZC2fH4t36qw==/base.dm': No such file or directory
03-27 07:13:33.435 18091 18205 I [SEO] PassthroughFeatureController: [LogShellEnvironmentAllowedState] isShellEnvironmentAllowed changed from 0 to 1, guardian allows shell env 1, shell allows shell env 1, transition in progress 0, transition percentage 0.000000
03-27 07:13:33.435 18091 18205 I [SEO] GuardianController: ShouldAllowShellUi changed from [false] to [true]
03-27 07:13:33.435 18091 18205 I [SEO] GuardianController: IsShellEnvironmentAllowed changed from [false] to [true]
03-27 07:13:33.435 18091 18205 I OpenXR_Anchor: xrQuerySpacesFB: split anchor query enabled
03-27 07:13:33.436  4500 18556 I [CT]    : SP:AP:AnchorPersistenceRuntimeIpcServer: checkRPC start: sessionUuid:de76105c-3765-3cfc-f025-996364c4337d, clientId:3936617581, givenPackageName:com.oculus.vrshell
03-27 07:13:33.436  4500 18556 I [CT]    : SP:AP:AnchorPersistenceRuntimeIpcServer: checkPackageAccess - detectedPackageName:com.oculus.vrshell, detectedProcessName:com.oculus.vrshell, givenPackageName:com.oculus.vrshell
03-27 07:13:33.436  4500 18556 I [CT]    : SP:AP:AnchorPersistenceRuntimeIpcServer: checkRPC package name matches: sessionUuid:de76105c-3765-3cfc-f025-996364c4337d, clientId:3936617581, givenPackageName:com.oculus.vrshell, detectedPackageName:com.oculus.vrshell, detectedProcessName:com.oculus.vrshell
03-27 07:13:33.436  4500 18556 I [CT]    : SP:AP:AnchorPersistenceRuntimeIpcServer: queryAvailableAnchorsSMV2: clientId: 3936617581, maxAnchors: 500, filter: 0, queryMultipleRoomsEnabledByOpenXrVersion: true, source: 1, appId: com.oculus.vrshell
03-27 07:13:33.436  4500 18556 I [CT]    : SP:AP:AnchorPersistenceConfig: getSceneRuntimePermissionEnabled: USE_SCENE permission is enabled on this device
03-27 07:13:33.436  4500 18556 I [CT]    : SP:AP:AnchorPersistenceScenePermissions: hasClientGrantedScenePermission: USE_SCENE permission is enabled on this device, check client 3936617581, grant is true
03-27 07:13:33.436  4500 18556 I [CT]    : SP:AP:AnchorPersistenceConfig: getSceneRuntimePermissionEnabled: USE_SCENE permission is enabled on this device
03-27 07:13:33.437  4500 18556 I [CT]    : SP:SceneAnchorFilterUtil: filterSceneDataByPermission: com.oculus.vrshell permission check passed, keep scene data. anchors size: 0
03-27 07:13:33.438 18091 18205 I Shell   :  (1214066)
03-27 07:13:33.438 18091 18205 I Shell   :    (1214067)
03-27 07:13:33.438 18091 18205 I Shell   :    (1214068)
03-27 07:13:33.438 18091 18205 I Shell   :    (1214069)
03-27 07:13:33.438 18091 18205 I Shell   :    (1214102)
03-27 07:13:33.438 18091 18205 I Shell   :    (1214070)
03-27 07:13:33.438 18091 18205 I Shell   :      (1214071)
03-27 07:13:33.438 18091 18205 I Shell   :        (1214072)
03-27 07:13:33.438 18091 18205 I Shell   :          (1214073)
03-27 07:13:33.438 18091 18205 I Shell   :          (1214074)
03-27 07:13:33.438 18091 18205 I Shell   :          (1214075)
03-27 07:13:33.438 18091 18205 I Shell   :          (1214076)
03-27 07:13:33.438 18091 18205 I Shell   :          (1214077)
03-27 07:13:33.438 18091 18205 I Shell   :          (1214078)
03-27 07:13:33.438 18091 18205 I Shell   :          (1214079)
03-27 07:13:33.438 18091 18205 I Shell   :          (1214080)
03-27 07:13:33.438 18091 18205 I Shell   :        (1214089)
03-27 07:13:33.438 18091 18205 I Shell   :          (1214090)
03-27 07:13:33.438 18091 18205 I Shell   :          (1214091)
03-27 07:13:33.438 18091 18205 I Shell   :          (1214092)
03-27 07:13:33.438 18091 18205 I Shell   :          (1214093)
03-27 07:13:33.438 18091 18205 I Shell   :          (1214094)
03-27 07:13:33.438 18091 18205 I Shell   :          (1214095)
03-27 07:13:33.438 18091 18205 I Shell   :          (1214096)
03-27 07:13:33.438 18091 18205 I Shell   :          (1214097)
03-27 07:13:33.438 18091 18205 I Shell   :        (1214081)
03-27 07:13:33.438 18091 18205 I Shell   :          (1214082)
03-27 07:13:33.438 18091 18205 I Shell   :          (1214083)
03-27 07:13:33.438 18091 18205 I Shell   :          (1214084)
03-27 07:13:33.438 18091 18205 I Shell   :          (1214085)
03-27 07:13:33.438 18091 18205 I Shell   :          (1214086)
03-27 07:13:33.438 18091 18205 I Shell   :          (1214087)
03-27 07:13:33.438 18091 18205 I Shell   :          (1214088)
03-27 07:13:33.438 18091 18205 I Shell   :    (1214098)
03-27 07:13:33.438 18091 18205 I Shell   :      (1214099)
03-27 07:13:33.438 18091 18205 I Shell   :      (1214100)
03-27 07:13:33.438 18091 18205 I Shell   :      (1214101)
03-27 07:13:33.439 18091 18205 I Shell   : ImmersiveTransitionSystem : immersive transition event: init=2e+12  sh=CTIN,CTTI,CTTI,CTTI,CTIS,FETR,BETR,CTIA,CTIN,CTTI,CTIS,CTTO,CTIA,BETR,CTIN,CTTI  sct=01949af4,01949b13,01949b22,01949b2c,01949d9f,019f180c,019f180d,019f1820,019f1837,019f185b,019f1ab6,019f1ac2,019f2138,019f7199,019f71dd,019f7206,
03-27 07:13:33.439 18091 18205 I Shell   : RenderableReadinessMonitor[ImmersiveTransitionSystem]: Snapshotted renderables at proxy index: 13093
03-27 07:13:33.439 18091 18205 E ShellHsr: Renderer: (Result)ErrorNotReady -32
03-27 07:13:33.439 18091 18205 E ShellHsr: Renderer: (Result)ErrorNotReady -32
03-27 07:13:33.439 18091 18205 I Shell   : ImmersiveTransitionSystem: Waiting for transition renderables to sync
03-27 07:13:33.441  2697  3402 I XrPerformanceManager: [EVENT] Performance profile changed to: SOCIAL_PRESENCE
03-27 07:13:33.441  2697  3402 I XrPerformanceManager: Switching MainState: from_state: InHomeMr -> to_state: InHomeVr
03-27 07:13:33.443 18091 18205 I Shell   : GTK: Telemetry::TrackedObjectsSystem: Logging cutout alpha: 0.000000, outline alpha: 0.000000, isOSDialogActive: false, full passthrough: false, theater view: false - Mode changed to: NO_TRACKED_OBJECT
03-27 07:13:33.448 19731 16748 I Launcher: shouldPollForComputerAvailability: shouldPoll: false, connectButtonType: TOAST, state: SignalState(keyboardDetected=false, keyboardDetectedSticky=false, unpairedComputerDetected=false, availabilityData=AvailabilityData(isOneComputerPairedAndAvailable=false, isMultipleComputersPairedAndAvailable=false, serverType=UNKNOWN, displayName=null), isSuppressed=false, isCooldown=false, passthroughEnabled=false, windowsGkEnabled=true, enableConnectButtonWithoutDetectingComputer=false)
03-27 07:13:33.449 19731 16748 I Launcher: shouldLaunchConnectButton: shouldShow: (HIDDEN, NO_KEYBOARD), connectButtonType: TOAST, state: SignalState(keyboardDetected=false, keyboardDetectedSticky=false, unpairedComputerDetected=false, availabilityData=AvailabilityData(isOneComputerPairedAndAvailable=false, isMultipleComputersPairedAndAvailable=false, serverType=UNKNOWN, displayName=null), isSuppressed=false, isCooldown=false, passthroughEnabled=false, windowsGkEnabled=true, enableConnectButtonWithoutDetectingComputer=false)
03-27 07:13:33.449 19731 16748 I Launcher: showOrHideConnectButton, show: false, useToast: true
03-27 07:13:33.450 18091 18457 W ShellHsr: Renderer: RenderableFilter has 117 tags, which is more than 10. This is expected to be rare. If this becomes common, consider changing RenderableFilter logic to use something other than linear searches for filtering renderable tags (like registered bitsets).
03-27 07:13:33.452 18091 18205 I [CT]    : HandPoseSampler: Filter reset
03-27 07:13:33.452 18091 18205 I InputDevice_Hand: HANDTRACKING ADMIRE hand 0: hpm=1 -> shared=0
03-27 07:13:33.452 18091 18205 I [CT]    : HandPoseSampler: Filter reset
03-27 07:13:33.452 18091 18205 I InputDevice_Hand: HANDTRACKING ADMIRE hand 1: hpm=1 -> shared=0
03-27 07:13:33.458 18091 18205 I Shell   : ImmersiveTransitionSystem : immersive transition event: init=2e+12  sh=CTTI,CTTI,CTTI,CTIS,FETR,BETR,CTIA,CTIN,CTTI,CTIS,CTTO,CTIA,BETR,CTIN,CTTI,CTTI  sct=01949b13,01949b22,01949b2c,01949d9f,019f180c,019f180d,019f1820,019f1837,019f185b,019f1ab6,019f1ac2,019f2138,019f7199,019f71dd,019f7206,019f721a,
03-27 07:13:33.459 18091 18205 E ShellHsr: Renderer: (Result)ErrorNotReady -32
03-27 07:13:33.459 18091 18205 E ShellHsr: Renderer: (Result)ErrorNotReady -32
03-27 07:13:33.461 18091 18343 I ShellHsr: Core: PerformanceMonitor: hitch frames detected of 100000000 ns
03-27 07:13:33.467 18091 18205 I [CT]    : HandPoseSampler: Filter reset
03-27 07:13:33.467 18091 18205 I InputDevice_Hand: HANDTRACKING ADMIRE hand 0: hpm=1 -> shared=0
03-27 07:13:33.467 18091 18205 I [CT]    : HandPoseSampler: Filter reset
03-27 07:13:33.467 18091 18205 I InputDevice_Hand: HANDTRACKING ADMIRE hand 1: hpm=1 -> shared=0
03-27 07:13:33.467 18091 18457 I ShellHsr: Renderer: TextureManager async uploads: 4 submitted (0 with mip generation), 0 completed, 4 pending
03-27 07:13:33.472 18091 18205 I Shell   : ImmersiveTransitionSystem : immersive transition event: init=2e+12  sh=CTTI,CTTI,CTIS,FETR,BETR,CTIA,CTIN,CTTI,CTIS,CTTO,CTIA,BETR,CTIN,CTTI,CTTI,CTTI  sct=01949b22,01949b2c,01949d9f,019f180c,019f180d,019f1820,019f1837,019f185b,019f1ab6,019f1ac2,019f2138,019f7199,019f71dd,019f7206,019f721a,019f7227,
03-27 07:13:33.473  4500  4806 I DynamicObjectClient: Query Dynamic Object Tracker anchors
03-27 07:13:33.473  4500  4806 I DynamicObjectClient: Object in query has empty predictions or tracking flags
03-27 07:13:33.473 18091 18205 I Shell   : ImmersiveTransitionSystem: Started transition animations - renderables synced
03-27 07:13:33.473 18091 18205 I Shell   : ImmersiveTransitionSystem: Changed state from Initializing to TransitionIn
03-27 07:13:33.476   416   981 I audioadsprpcd: vendor/qcom/anorak/proprietary/adsprpc/src/apps_std_imp.c:860: Successfully opened file /vendor/lib/rfsa/adsp/xra_resources/xra_config_capture
03-27 07:13:33.477  1153  1196 I orchestrator: orchestrator_common::policy_manager: Enrolling policy: PolicyId { id: PerProcess { pid: 16746 }, factory_name: "CgroupV2TelemetryFactory" }
03-27 07:13:33.484 18091 18457 I ShellHsr: Renderer: TextureManager async uploads: 2 submitted (0 with mip generation), 0 completed, 6 pending
03-27 07:13:33.485 18091 18205 I [CT]    : HandPoseSampler: Filter reset
03-27 07:13:33.485 18091 18205 I InputDevice_Hand: HANDTRACKING ADMIRE hand 0: hpm=1 -> shared=0
03-27 07:13:33.485 18091 18205 I [CT]    : HandPoseSampler: Filter reset
03-27 07:13:33.485 18091 18205 I InputDevice_Hand: HANDTRACKING ADMIRE hand 1: hpm=1 -> shared=0
03-27 07:13:33.485   416   981 I audioadsprpcd: vendor/qcom/anorak/proprietary/adsprpc/src/apps_std_imp.c:860: Successfully opened file /data/vendor/audio/dsp_config_capture
03-27 07:13:33.488   416   981 I audioadsprpcd: vendor/qcom/anorak/proprietary/adsprpc/src/apps_std_imp.c:860: Successfully opened file /vendor/lib/rfsa/adsp/xra_resources/resources_capture.dat
03-27 07:13:33.492   898  1065 E perfservice: End applying 'START_HINT' from hint 'SUSTAINED_PERFORMANCE_VR_MODE' - Failed after 5 retries - Latency: 0.391ms
03-27 07:13:33.492   898  1065 E perfservice:   >> Failed final validation: /sys/block/dm-0/queue/read_ahead_kb=512
03-27 07:13:33.492   898  1065 E perfservice:   >> Failed final validation: /sys/block/dm-1/queue/read_ahead_kb=512
03-27 07:13:33.492   898 18980 E perfservice: DspDCVSPower: Invalid DSP DCVS QE config: 
03-27 07:13:33.492   898  1065 E perfservice: End applying 'END_HINT' from hint 'SUSTAINED_PERFORMANCE_MR_MODE' - Failed after 5 retries - Latency: 0.539ms
03-27 07:13:33.492   898  1065 E perfservice:   >> Failed final validation: /sys/block/dm-0/queue/read_ahead_kb=512
03-27 07:13:33.492   898  1065 E perfservice:   >> Failed final validation: /sys/block/dm-1/queue/read_ahead_kb=512
03-27 07:13:33.493   898 18980 E perfservice: DspDCVSPower: Invalid DSP DCVS QE config: 
03-27 07:13:33.493 18091 18205 I [CT]    : HandPoseSampler: Filter reset
03-27 07:13:33.493 18091 18205 I InputDevice_Hand: HANDTRACKING ADMIRE hand 0: hpm=1 -> shared=0
03-27 07:13:33.493 18091 18205 I [CT]    : HandPoseSampler: Filter reset
03-27 07:13:33.493 18091 18205 I InputDevice_Hand: HANDTRACKING ADMIRE hand 1: hpm=1 -> shared=0
03-27 07:13:33.499 18091 18457 I ShellHsr: Renderer: TextureManager async uploads: 0 submitted (0 with mip generation), 4 completed, 2 pending
03-27 07:13:33.499 18224 18352 I IStateMachineRecordKeeper: IStateMachineRecordKeeper::AddHistoryEntry EffectiveSingleRoom: Transition  PeriodicUpdate -> Inactive
03-27 07:13:33.499 18224 18352 I SafetyIntentMgr: [SafetyIntentMgr::updateSafetyIntentMode] SafetyIntentMode: SAFETY_INTENT_MR_HOME -> SAFETY_INTENT_VR_APP (Package Name: is.xyz.omw.debug) isWorldManagerApiRefactorEnabled: 0
03-27 07:13:33.499 18224 18352 I GuardianLifecycleMgr: [GuardianLifecycleMgr::onSystemThreadLifecycleState] State transition SAFETY_SYSTEM_MR->SAFETY_SYSTEM_VR
03-27 07:13:33.500  2697 18429 I VrRuntimeService: RuntimeServiceSDKServer::SetGuardianPolygon: 1267052144, 1061
03-27 07:13:33.500  2697 18429 I Guardian: SetPolygon: 1061
03-27 07:13:33.500  2697 18439 I VrRuntimeService: RuntimeServiceSDKServer::SetGuardianStationaryInfo: 1267052144
03-27 07:13:33.500 18224 18352 I IStateMachineRecordKeeper: IStateMachineRecordKeeper::AddHistoryEntry GlanceableBounds: Transition  GlanceableBoundsOff -> GlanceableBoundsOn
03-27 07:13:33.500 18224 18352 I IStateMachineRecordKeeper: IStateMachineRecordKeeper::AddHistoryEntry SafetyIndicator: Transition  Passthrough -> Roomscale
03-27 07:13:33.502 18224 18352 I GuardianSDKServerMgr: [GuardianSDKServerMgr::handleSystemStateChange] Flags changed: 65536 -> 589832 | Added: GUARDIAN_SYSTEM_V2_ROOM_SCALE_ACTIVE,GUARDIAN_SYSTEM_V2_GUARDIAN_VALID | Removed: NONE | Current: GUARDIAN_SYSTEM_V2_ROOM_SCALE_ACTIVE,GUARDIAN_SYSTEM_V2_SMART_GUARDIAN,GUARDIAN_SYSTEM_V2_GUARDIAN_VALID
03-27 07:13:33.502  2697 18429 I VrRuntimeService: RuntimeServiceSDKServer::SetGuardianSystemState: 1267052144
03-27 07:13:33.505   872 16770 E ACDB    : AcdbCmdGetProcSubgraphCalDataPersist:8217 Error[19]: No calibration found
03-27 07:13:33.506   872 16770 E ACDB    : AcdbCmdGetProcSubgraphCalDataPersist:8217 Error[19]: No calibration found
03-27 07:13:33.506   872 16770 E ACDB    : AcdbCmdGetProcSubgraphCalDataPersist:8217 Error[19]: No calibration found
03-27 07:13:33.506   872 16770 D agm_client_wrapper: agm_session_open Received handle = 0x77ee4ae9f0 , *handle = b400007883f1fc80
03-27 07:13:33.506   872 16770 D PLUGIN: pcm: agm_pcm_hw_params: 477 agm_pcm_hw_params: mode: 268435456
03-27 07:13:33.506   872 16770 E PAL: SessionAlsaPcm: start: 1082: miid : 40cc id = 115, data CODEC_DMA-LPAIF_RXTX-TX-3
03-27 07:13:33.506   872 16770 I PAL: Session: updateCustomPayload: 619: customPayloadSize = 32
03-27 07:13:33.506   872 16770 D AGM: graph_module: configure_hw_ep_media_config: 697 entry mod tag c0000005 miid 43af mid 7001024
03-27 07:13:33.506   872 16770 D AGM: graph_module: configure_hw_ep_media_config: 727 rate 48000 bw 24 ch 2, data_fmt 1
03-27 07:13:33.506   872 16770 D AGM: graph_module: configure_hw_ep_media_config: 737 exit, ret 0
03-27 07:13:33.506   872 16770 D AGM: graph_module: configure_codec_dma_ep: 314 cdc_dma intf cfg lpaif 1 indx 4 ch_msk 3
03-27 07:13:33.506   872 16770 D AGM: graph_module: configure_codec_dma_ep: 329 exit, ret 0
03-27 07:13:33.506   872 16770 E AGM: graph: configure_buffer_params: 295 Unsupported buffer mode : 0, Default to Blocking
03-27 07:13:33.506 18091 18205 I [CT]    : HandPoseSampler: Filter reset
03-27 07:13:33.506 18091 18205 I InputDevice_Hand: HANDTRACKING ADMIRE hand 0: hpm=1 -> shared=0
03-27 07:13:33.506 18091 18205 I [CT]    : HandPoseSampler: Filter reset
03-27 07:13:33.506 18091 18205 I InputDevice_Hand: HANDTRACKING ADMIRE hand 1: hpm=1 -> shared=0
03-27 07:13:33.513   897 14271 W Tracking: IoteLogging: IMU Update exceeded imu sampling period: update=0.001542299 [sec], period=0.001250000 [sec].
03-27 07:13:33.514 18091 18457 I ShellHsr: Renderer: TextureManager async uploads: 1 submitted (0 with mip generation), 2 completed, 1 pending
03-27 07:13:33.514 18091 18205 I [CT]    : HandPoseSampler: Filter reset
03-27 07:13:33.514 18091 18205 I InputDevice_Hand: HANDTRACKING ADMIRE hand 0: hpm=1 -> shared=0
03-27 07:13:33.514 18091 18205 I [CT]    : HandPoseSampler: Filter reset
03-27 07:13:33.514 18091 18205 I InputDevice_Hand: HANDTRACKING ADMIRE hand 1: hpm=1 -> shared=0
03-27 07:13:33.525 18091 18457 I ShellHsr: Renderer: TextureManager async uploads: 2 submitted (0 with mip generation), 0 completed, 3 pending
03-27 07:13:33.525 18091 18205 I [CT]    : HandPoseSampler: Filter reset
03-27 07:13:33.525 18091 18205 I InputDevice_Hand: HANDTRACKING ADMIRE hand 0: hpm=1 -> shared=0
03-27 07:13:33.526 18091 18205 I [CT]    : HandPoseSampler: Filter reset
03-27 07:13:33.526 18091 18205 I InputDevice_Hand: HANDTRACKING ADMIRE hand 1: hpm=1 -> shared=0
03-27 07:13:33.527   872 16770 E ACDB    : AcdbCmdGetSubgraphCalDataNonPersist:5898 Error[19]: No calibration found
03-27 07:13:33.529 16746 16746 D nativeloader: Configuring clns-8 for other apk /data/app/~~zQb_GASu1AR8SnzUkQl4IA==/is.xyz.omw.debug-gjLgRwa_BUNZC2fH4t36qw==/base.apk. target_sdk_version=29, uses_libraries=, library_path=/data/app/~~zQb_GASu1AR8SnzUkQl4IA==/is.xyz.omw.debug-gjLgRwa_BUNZC2fH4t36qw==/lib/arm64:/data/app/~~zQb_GASu1AR8SnzUkQl4IA==/is.xyz.omw.debug-gjLgRwa_BUNZC2fH4t36qw==/base.apk!/lib/arm64-v8a:/apex/com.meta.xr/priv-app/VrDriver/VrDriver.apk!/lib/arm64-v8a, permitted_path=/data:/mnt/expand:/data/user/0/is.xyz.omw.debug
03-27 07:13:33.529 16746 16746 D nativeloader: Extending system_exposed_libraries: libaudiotapper.oculus.so:libcalibrationmanager.oculus.so:libheadtracker.oculus.so:libinstsamp.oculus.so:libossdk.oculus.so:libparfait.oculus.so:libripcclient.oculus.so:libripcmanager.oculus.so:libappsensoraccess.oculus.so:libOVRMrcLib.oculus.so:libxrstreaminghost.oculus.so:libhzos.meta.so:libhzos_featurejournal.meta.so:libhzos_gaze.meta.so:libhzos_orthofit.meta.so:libhzos_prescriptionlens.meta.so:libhzos_reportstatsevent.meta.so:libhzos_spaces.meta.so:libhzos_trackedinput.meta.so:libhzos_trackingclient.meta.so
03-27 07:13:33.533   872 16770 I PAL: SessionAlsaPcm: setParameters: 2515: mixer set module config status=0
03-27 07:13:33.533   872 16770 I PAL: SessionAlsaPcm: setParameters: 2515: mixer set module config status=0
03-27 07:13:33.534 18091 18205 I [CT]    : HandPoseSampler: Filter reset
03-27 07:13:33.534 18091 18205 I InputDevice_Hand: HANDTRACKING ADMIRE hand 0: hpm=1 -> shared=0
03-27 07:13:33.534 18091 18205 I [CT]    : HandPoseSampler: Filter reset
03-27 07:13:33.534 18091 18205 I InputDevice_Hand: HANDTRACKING ADMIRE hand 1: hpm=1 -> shared=0
03-27 07:13:33.537 18091 18205 I OpenXR_Anchor: xrQuerySpacesFB: split anchor query enabled
03-27 07:13:33.537  4500 18556 I [CT]    : SP:AP:AnchorPersistenceRuntimeIpcServer: checkRPC start: sessionUuid:de76105c-3765-3cfc-f025-996364c4337d, clientId:3936617581, givenPackageName:com.oculus.vrshell
03-27 07:13:33.537  4500 18556 I [CT]    : SP:AP:AnchorPersistenceRuntimeIpcServer: checkPackageAccess - detectedPackageName:com.oculus.vrshell, detectedProcessName:com.oculus.vrshell, givenPackageName:com.oculus.vrshell
03-27 07:13:33.537  4500 18556 I [CT]    : SP:AP:AnchorPersistenceRuntimeIpcServer: checkRPC package name matches: sessionUuid:de76105c-3765-3cfc-f025-996364c4337d, clientId:3936617581, givenPackageName:com.oculus.vrshell, detectedPackageName:com.oculus.vrshell, detectedProcessName:com.oculus.vrshell
03-27 07:13:33.537  4500 18556 I [CT]    : SP:AP:AnchorPersistenceRuntimeIpcServer: queryAvailableAnchorsSMV2: clientId: 3936617581, maxAnchors: 500, filter: 0, queryMultipleRoomsEnabledByOpenXrVersion: true, source: 1, appId: com.oculus.vrshell
03-27 07:13:33.537  4500 18556 I [CT]    : SP:AP:AnchorPersistenceConfig: getSceneRuntimePermissionEnabled: USE_SCENE permission is enabled on this device
03-27 07:13:33.537  4500 18556 I [CT]    : SP:AP:AnchorPersistenceScenePermissions: hasClientGrantedScenePermission: USE_SCENE permission is enabled on this device, check client 3936617581, grant is true
03-27 07:13:33.537  4500 18556 I [CT]    : SP:AP:AnchorPersistenceConfig: getSceneRuntimePermissionEnabled: USE_SCENE permission is enabled on this device
03-27 07:13:33.539  4500 18556 I [CT]    : SP:SceneAnchorFilterUtil: filterSceneDataByPermission: com.oculus.vrshell permission check passed, keep scene data. anchors size: 0
03-27 07:13:33.542 16746 16746 D CompatibilityChangeReporter: Compat change id reported: 183155436; UID 10065; state: DISABLED
03-27 07:13:33.542  2697 14219 I BackgroundPassthroughLogic: Stopping passthrough hysteresis because hysteresis duration has elapsed
03-27 07:13:33.542  2697 14219 I PassthroughInCompositor: Passthrough start/stop request: 1->0 succeeded. Retry=0
03-27 07:13:33.542  2697 14219 I CompositorVR: Passthrough usage state changed: app 0, guardian 0, shell 0, system 0, mask 0, surface_proj 0
03-27 07:13:33.542  2697 14219 I CompositorVR: Overall Passthrough usage state changed to unused
03-27 07:13:33.543  2697 14219 I [CT]    : MIXEDREALITY: [Insights] PassthroughTelemetry: rendering over 22.2 sec, session 22.2 sec, dropped_draw_rate: 0.0% (0 failed draw calls)
03-27 07:13:33.543  2697 14219 I [CT]    : MIXEDREALITY: [Insights] PassthroughTelemetry: - TTFR completed: 0.1 ms, predicted: 13.5 ms, begin-to-img: -36.0 ms, img-to-end-pred: 49.5 ms
03-27 07:13:33.543  2697 14219 I [CT]    : MIXEDREALITY: [Insights] PassthroughTelemetry: - TTFR depth rendered: 13.5 ms, computed: -36.0 ms
03-27 07:13:33.543  2697 14219 I [CT]    : MIXEDREALITY: [Insights] PassthroughTelemetry: - rates: rendering: 90.0/90.0, images: color 60.0, geometry: 27.8 fps
03-27 07:13:33.543  2697 14219 I [CT]    : MIXEDREALITY: [Insights] PassthroughTelemetry: - p2pLat: 33.0,43.8,49.7 p2geomLat: 38.5,61.4,105.3 ms, min,avg,max
03-27 07:13:33.543  2697 14219 I [CT]    : MIXEDREALITY: [Insights] PassthroughTelemetry: - system latency: c2a: 14.8,16.9,17.6 a2w: 0.0,0.0,0.2 w2r: 0.0,7.3,18.2 ms, min,avg,max
03-27 07:13:33.543  2697 14219 I [CT]    : MIXEDREALITY: [Insights] PassthroughTelemetry: - avg exp/gain  5.9/14.9
03-27 07:13:33.543  2697 14219 I [CT]    : MIXEDREALITY: [Insights] PassthroughTelemetry: - consecutive frame drops count: 0/0/0 (>1/>3/>7)
03-27 07:13:33.543  2697 14219 I [CT]    : MIXEDREALITY: [Insights] PassthroughTelemetry: - invalid gaze frames: 1996
03-27 07:13:33.543  2697 14219 I [CT]    : MIXEDREALITY: [Insights] PassthroughTelemetry: - frames with gaze inside fovea / blended / periphery areas (left eye): 0 / 0 / 0
03-27 07:13:33.543  2697 14219 I [CT]    : MIXEDREALITY: [Insights] PassthroughTelemetry: - dominant Foveation tier id -1
03-27 07:13:33.543  2697 14219 I [CT]    : MIXEDREALITY: [Insights] PassthroughTelemetry: - dominant AF tier id -1
03-27 07:13:33.543  2697 14219 I [CT]    : MIXEDREALITY: [Insights] PassthroughTelemetry: - pt high freq required rate: 0.028
03-27 07:13:33.543  2697 14219 I [CT]    : MIXEDREALITY: [Insights] PassthroughTelemetry: - gCapt2pLat: -,-,- gEvent2pLat: -,-,- ms, min,avg,max
03-27 07:13:33.543  2697 14219 I [CT]    : MIXEDREALITY: PassthroughRenderingTelemetry: sendPassthroughRenderingTelemetry: Logging telemetry.
03-27 07:13:33.543  1168  3181 I MRSS    : MIXEDREALITY: MrSystemServiceIPCServer: ChangeMrCapabilityStatusNonBlocking: client 2122484430, capability Passthrough, command 0.
03-27 07:13:33.543  1168  3181 I MRSS    : MIXEDREALITY: TickProducer: Canceling tick: _1minute
03-27 07:13:33.544  1168  3181 I MRSS    : TELEMETRY_COLLECTOR: Stopping periodic telemetry polling.
03-27 07:13:33.545  1168  3181 I MRSS    : TELEMETRY_COLLECTOR: [EVENT] Collected periodic telemetry from 1 aggregators.
03-27 07:13:33.545  1168  3181 I MRSS    : MIXEDREALITY: MrSystemServiceIPCServer: Got notification for VisionInterfaceTelemetry, fidelity level: NONE, command: 0
03-27 07:13:33.545  1168  3181 I MRSS    : MIXEDREALITY: CapabilityController: Stop VisionInterfaceTelemetry duration: 1.195677 millisec.
03-27 07:13:33.545  1168  3181 I RipcClient [RUNTIMEIPC]: ReleaseRef: Remaining refs: 0, Client: native_process.system:/system_ext/bin/mrsystemservice:1168, Server: native_process.system:/odm/bin/trackingservice:0 (MapperOperationsServer)
03-27 07:13:33.545  1168 16632 I RuntimeIPCNotificationThread [RUNTIMEIPC]: RuntimeIPCNotificationThread MainLoop: WaitForNotification canceled during shutdown
03-27 07:13:33.545  1168 16632 I RuntimeIPCNotificationThread [RUNTIMEIPC]: RuntimeIPCNotificationThread MainLoop: exiting
03-27 07:13:33.545  1168  3181 W RipcClient [RUNTIMEIPC]: [RIPC_CONNECT_LOG] DisconnectFromServer: Not connected: 0, Client: native_process.system:/system_ext/bin/mrsystemservice:1168, Server: native_process.system:/odm/bin/trackingservice:0 (MapperOperationsServer)
03-27 07:13:33.545   897 14248 I RipcServerClientHandler [RUNTIMEIPC]: [RIPC_CONNECT_LOG] RipcServerClientHandler::Shutdown: Client: native_process.system:/system_ext/bin/mrsystemservice:1168:, Server: native_process.system:/odm/bin/trackingservice (MapperOperationsServer)
03-27 07:13:33.546 18091 18457 I ShellHsr: Renderer: TextureManager async uploads: 0 submitted (0 with mip generation), 1 completed, 2 pending
03-27 07:13:33.547  2697 14219 I ClientSurface: ClientSurface.SetOvrState: vr_compositor_3664x1920 ovrState=5
03-27 07:13:33.547  2697 14219 I ClientSurface: ClientSurface.SetOvrState: vr_compositor_protected_3664x1920 ovrState=5
03-27 07:13:33.547  1419 16759 D AAudioStream: setState(s#123) from 3 to 4
03-27 07:13:33.548  2697 14219 I ClientSurface: ClientSurface.SetOvrState: vr_compositor_with_depth_test_3664x1920 ovrState=5
03-27 07:13:33.548  1168  3181 I RipcClient [RUNTIMEIPC]: [RIPC_CONNECT_LOG] Shutdown: clientId: 16777264, Client: native_process.system:/system_ext/bin/mrsystemservice:1168, Server: native_process.system:/odm/bin/trackingservice:0 (MapperOperationsServer), SUCCESS
03-27 07:13:33.548  1168  3181 I RipcClientMgr [RUNTIMEIPC]: [RIPC_CONNECT_LOG] DisconnectFromServer DONE: clientId: 16777264, Client: native_process.system:/system_ext/bin/mrsystemservice:1168, Server: native_process.system:/odm/bin/trackingservice:0 (MapperOperationsServer)
03-27 07:13:33.549  1212  1212 E VrDeviceManagerService: Permission denied: process 18091 (uid 10029) doesn't have the required permission: com.oculus.permission.SET_THREAD_POLICY
03-27 07:13:33.549 16746 16746 V GraphicsEnvironment: Currently set values for:
03-27 07:13:33.549 16746 16746 V GraphicsEnvironment:   angle_gl_driver_selection_pkgs=[]
03-27 07:13:33.549 16746 16746 V GraphicsEnvironment:   angle_gl_driver_selection_values=[]
03-27 07:13:33.550 16746 16746 V GraphicsEnvironment: ANGLE GameManagerService for is.xyz.omw.debug: false
03-27 07:13:33.550 16746 16746 V GraphicsEnvironment: is.xyz.omw.debug is not listed in per-application setting
03-27 07:13:33.550 16746 16746 V GraphicsEnvironment: Neither updatable production driver nor prerelease driver is supported.
03-27 07:13:33.551 18091 18205 I [CT]    : HandPoseSampler: Filter reset
03-27 07:13:33.552 18091 18205 I InputDevice_Hand: HANDTRACKING ADMIRE hand 0: hpm=1 -> shared=0
03-27 07:13:33.552 18091 18205 I [CT]    : HandPoseSampler: Filter reset
03-27 07:13:33.552 18091 18205 I InputDevice_Hand: HANDTRACKING ADMIRE hand 1: hpm=1 -> shared=0
03-27 07:13:33.554 16746 16746 D CompatibilityChangeReporter: Compat change id reported: 175409949; UID 10065; state: DISABLED
03-27 07:13:33.554 16746 16746 D CompatibilityChangeReporter: Compat change id reported: 175409951; UID 10065; state: DISABLED
03-27 07:13:33.554 16746 16746 D CompatibilityChangeReporter: Compat change id reported: 175409956; UID 10065; state: DISABLED
03-27 07:13:33.556 16746 16746 D CompatibilityChangeReporter: Compat change id reported: 175409950; UID 10065; state: DISABLED
03-27 07:13:33.557 16746 16746 D CompatibilityChangeReporter: Compat change id reported: 175409952; UID 10065; state: DISABLED
03-27 07:13:33.557  1168  3181 I MRSS    : MIXEDREALITY: MrFeatureTelemetry: sendComputeTelemetry: Logging telemetry.
03-27 07:13:33.557 18091 18457 I ShellHsr: Renderer: TextureManager async uploads: 0 submitted (0 with mip generation), 2 completed, 0 pending
03-27 07:13:33.557  1168  3181 I MRSS    : MIXEDREALITY: MrSystemServiceIPCServer: Got notification for MrFeatureTelemetry, fidelity level: NONE, command: 0
03-27 07:13:33.557  1168  3181 I MRSS    : MIXEDREALITY: CapabilityController: Stop MrFeatureTelemetry duration: 12.791511 millisec.
03-27 07:13:33.558 18091 18205 I [CT]    : HandPoseSampler: Filter reset
03-27 07:13:33.559 18091 18205 I InputDevice_Hand: HANDTRACKING ADMIRE hand 0: hpm=1 -> shared=0
03-27 07:13:33.559 18091 18205 I [CT]    : HandPoseSampler: Filter reset
03-27 07:13:33.559 18091 18205 I InputDevice_Hand: HANDTRACKING ADMIRE hand 1: hpm=1 -> shared=0
03-27 07:13:33.559  1168  3181 I MRSS    : MIXEDREALITY: PassthroughComputeCapability: onStop: Stopping Passthrough
03-27 07:13:33.559  1168  3181 I MRSS    : MIXEDREALITY: PassthroughTelemetry: Passthrough compute telemetry over 22.2 seconds:
03-27 07:13:33.559  1168  3181 I MRSS    : MIXEDREALITY: PassthroughTelemetry: - using online cal: yes, calibration age: 2218.7 minutes
03-27 07:13:33.559  1168  3181 I MRSS    : MIXEDREALITY: PassthroughTelemetry: - frames processed (stereo/depth): 663.0 (663.0/0.0)
03-27 07:13:33.559  1168  3181 I MRSS    : MIXEDREALITY: PassthroughTelemetry: - avg exp/gain stereo: 5.3/5.2 depth: 0.0/0.0
03-27 07:13:33.559  1168  3181 I MRSS    : MIXEDREALITY: PassthroughTelemetry: - per frame: primary: 0.0,0.0,0.0, secondary: 0.0,0.0,0.0, prev mesh: 0.0,0.0,0.0
03-27 07:13:33.559  1168  3181 I MRSS    : MIXEDREALITY: PassthroughTelemetry: - mld: model hash: 16384365530014645678
03-27 07:13:33.559  1168  3181 I MRSS    : MIXEDREALITY: PassthroughTelemetry: - mld per stereo frame: count: 134703.0, extracted: 0.0, sparsified: 0.0
03-27 07:13:33.559  1168  3181 I MRSS    : MIXEDREALITY: PassthroughComputeCapability: sendComputeTelemetry: Logging telemetry.
03-27 07:13:33.560  1168  3181 I MRSS    : MIXEDREALITY: MrSystemServiceIPCServer: Got notification for Passthrough, fidelity level: NONE, command: 0
03-27 07:13:33.560  1168  3181 I MRSS    : MIXEDREALITY: CapabilityController: Stop Passthrough duration: 2.476928 millisec.
03-27 07:13:33.560  1168  3181 I MRSS    : MIXEDREALITY: EnvironmentDepthTelemetry: Environment Depth compute telemetry over 22.2 seconds:
03-27 07:13:33.560  1168  3181 I MRSS    : MIXEDREALITY: EnvironmentDepthTelemetry: - using online calibration: yes, calibration age: 133120 seconds
03-27 07:13:33.560  1168  3181 I MRSS    : MIXEDREALITY: DepthStatsCollector: sendTelemetry: Logging environment depth telemetry.
03-27 07:13:33.560  1168  3181 I MRSS    : MIXEDREALITY: DepthStatsCollector: sendTelemetry: Logging depth compute telemetry.
03-27 07:13:33.560  1168  3181 I MRSS    : MIXEDREALITY: StereoPipeline: removeClient: removing client SceneReconstruction, active clients: 'Passthrough,SceneReconstruction'.
03-27 07:13:33.561  1168  3181 I MRSS    : MIXEDREALITY: StereoPipeline: removeClient: removing client Passthrough, active clients: 'Passthrough'.
03-27 07:13:33.562  1168  3181 I MRSS    : MIXEDREALITY: MrSystemServiceIPCServer: Got notification for Depth, fidelity level: NONE, command: 0
03-27 07:13:33.562  1168  3181 I MRSS    : MIXEDREALITY: CapabilityController: Stop Depth duration: 2.200053 millisec.
03-27 07:13:33.562  1168  3181 I MRSS    : MIXEDREALITY: MrSystemServiceIPCServer: Got notification for Camera, fidelity level: NONE, command: 0
03-27 07:13:33.562  1168  3181 I MRSS    : MIXEDREALITY: CapabilityController: Stop Camera duration: 0.107552 millisec.
03-27 07:13:33.562  1168  3181 I MRSS    : MIXEDREALITY: MrSystemService: FramesetTelemetry: valid: -/-, stereo/depth/color: avail:   69/   0/ 139, accepted %: 98.6/0.0/100.0, dropped %: 1.4/0.0/0.0, valid %: 98.6/0.0/100.0, textured %: 0.0/0.0/100.0.
03-27 07:13:33.562  1168  3181 I MRSS    : MIXEDREALITY: MrSystemService: FramesetTelemetry: timeouts stereo/color: compute side: 0/0, render side: 0/0, egl: 0.
03-27 07:13:33.563  1175  1803 I TrackingFidelityService: Request(s)={mr_passthrough:0,}
03-27 07:13:33.563  1175  1803 D TrackingFidelityService: TrackingFidelitySharedMemory - setFeatureFidelity: 13 0
03-27 07:13:33.563  1175  1803 D TrackingFidelityService: TrackingFidelitySharedMemory - setFeatureFidelity: 14 0
03-27 07:13:33.563  1175  1803 D TrackingFidelityService: TrackingFidelitySharedMemory - setFeatureFidelity: 19 0
03-27 07:13:33.563  1175  1803 D TrackingFidelityService: TrackingFidelitySharedMemory - setFeatureFidelity: 20 0
03-27 07:13:33.563  1175  1803 E TrackingFidelityService: Feature pt_display_sync has not been scored properly by the mux mode solver.
03-27 07:13:33.563  1175  1803 I TrackingFidelityService: Request(s)={mr_passthrough:0,pt_display_sync:0,hyperscape_room_scanning:0,isp_foveation:0,low_latency_pt:0,}, Mux mode idx=1, name=default, score=-1980
03-27 07:13:33.563  1175  1803 I TrackingFidelityService: beginTransition[color]: default(1)->default(1)
03-27 07:13:33.563  1175  1803 I TrackingFidelityService: _applyMuxModeLockedInternal: Mode default already set. Returning.
03-27 07:13:33.563  1175  1803 I TrackingFidelityService: endTransition[color]: default(1)->default(1), seqId=-1, succeeded=true
03-27 07:13:33.566 18091 18205 I [CT]    : HandPoseSampler: Filter reset
03-27 07:13:33.566 18091 18205 I InputDevice_Hand: HANDTRACKING ADMIRE hand 0: hpm=1 -> shared=0
03-27 07:13:33.566 18091 18205 I [CT]    : HandPoseSampler: Filter reset
03-27 07:13:33.566 18091 18205 I InputDevice_Hand: HANDTRACKING ADMIRE hand 1: hpm=1 -> shared=0
03-27 07:13:33.573  1419  3523 I ActivityManager: Flag disabled. Ignoring finishAttachApplication from uid: 10065. pid: 16746
03-27 07:13:33.586 18091 18205 I [CT]    : HandPoseSampler: Filter reset
03-27 07:13:33.586 18091 18205 I InputDevice_Hand: HANDTRACKING ADMIRE hand 0: hpm=1 -> shared=0
03-27 07:13:33.586 18091 18205 I [CT]    : HandPoseSampler: Filter reset
03-27 07:13:33.586 18091 18205 I InputDevice_Hand: HANDTRACKING ADMIRE hand 1: hpm=1 -> shared=0
03-27 07:13:33.598 18091 18205 I [CT]    : HandPoseSampler: Filter reset
03-27 07:13:33.598 18091 18205 I InputDevice_Hand: HANDTRACKING ADMIRE hand 0: hpm=1 -> shared=0
03-27 07:13:33.598 18091 18205 I [CT]    : HandPoseSampler: Filter reset
03-27 07:13:33.598 18091 18205 I InputDevice_Hand: HANDTRACKING ADMIRE hand 1: hpm=1 -> shared=0
03-27 07:13:33.605 18091 18457 I ShellHsr: Renderer: TextureManager async uploads: 1 submitted (0 with mip generation), 0 completed, 1 pending
03-27 07:13:33.619 18091 18205 I [CT]    : HandPoseSampler: Filter reset
03-27 07:13:33.619 18091 18205 I InputDevice_Hand: HANDTRACKING ADMIRE hand 0: hpm=1 -> shared=0
03-27 07:13:33.619 18091 18205 I [CT]    : HandPoseSampler: Filter reset
03-27 07:13:33.619 18091 18205 I InputDevice_Hand: HANDTRACKING ADMIRE hand 1: hpm=1 -> shared=0
03-27 07:13:33.624 16746 16746 D VrosSpatialAudio: Immersive activity detected, skip VrosSpatialAudio init
03-27 07:13:33.624 18224 18352 I IStateMachineRecordKeeper: IStateMachineRecordKeeper::AddHistoryEntry LeftMRSafeRange: Transition  CheckSafeRange -> NoSafeRange |  (input: SafetySystemMRStateExit)
03-27 07:13:33.624 18224 18352 I IStateMachineRecordKeeper: IStateMachineRecordKeeper::AddHistoryEntry SafetyIntent: Transition  HomeSafetyMR -> AppSafetyVR
03-27 07:13:33.624 18224 18352 I FreespaceMgr: [FreespaceMgr::StopFreespaceScanningNonBlocking], isForegroundScan: 0
03-27 07:13:33.625  1168 18427 I MRSS    : MIXEDREALITY: MrSystemServiceIPCServer: ChangeMrCapabilityStatusNonBlocking: client 1267052144, capability MetaBackgroundFreespaceScan, command 0.
03-27 07:13:33.625  1168 18427 I MRSS    : MIXEDREALITY: PlaneFreeSpace: PlaneFreespaceComputeCapability: PlaneFreespaceComputeCapability::onUpdateFidelityLevel: new frequency = 15
03-27 07:13:33.625  1168 18427 I MRSS    : MIXEDREALITY: MrSystemServiceIPCServer: Got notification for MetaBackgroundFreespaceScan, fidelity level: NONE, command: 0
03-27 07:13:33.625  1168 18427 I MRSS    : MIXEDREALITY: CapabilityController: Stop MetaBackgroundFreespaceScan duration: 0.11724 millisec.
03-27 07:13:33.625  1168 18427 I MRSS    : MIXEDREALITY: PlaneFreeSpace: PlaneFreespaceComputeCapability: PlaneFreespaceComputeCapability stopped
03-27 07:13:33.625  1168 18427 I MRSS    : MIXEDREALITY: PlaneFreeSpace: FreespaceVolumeUpdater: FreespaceVolumeUpdater(): Resetting freespace volume
03-27 07:13:33.625 18224 18352 I GuardianSDKServerMgr: [GuardianSDKServerMgr::handleSystemStateChange] Flags changed: 589832 -> 590344 | Added: GUARDIAN_SYSTEM_V2_CAN_SMOOTH_TRANSITION_TO_VR_HOME | Removed: NONE | Current: GUARDIAN_SYSTEM_V2_ROOM_SCALE_ACTIVE,GUARDIAN_SYSTEM_V2_CAN_SMOOTH_TRANSITION_TO_VR_HOME,GUARDIAN_SYSTEM_V2_SMART_GUARDIAN,GUARDIAN_SYSTEM_V2_GUARDIAN_VALID
03-27 07:13:33.625  2697 18429 I VrRuntimeService: RuntimeServiceSDKServer::SetGuardianSystemState: 1267052144
03-27 07:13:33.625  1168 18427 I MRSS    : VoxelOccupancyGrid: ~VoxelOccupancyGrid
03-27 07:13:33.627  1168 18427 I MRSS    : MIXEDREALITY: MrSystemServiceIPCServer: Got notification for PlaneFreespace, fidelity level: NONE, command: 0
03-27 07:13:33.627  1168 18427 I MRSS    : MIXEDREALITY: CapabilityController: Stop PlaneFreespace duration: 1.635782 millisec.
03-27 07:13:33.630 18091 18205 I [CT]    : HandPoseSampler: Filter reset
03-27 07:13:33.630 18091 18205 I InputDevice_Hand: HANDTRACKING ADMIRE hand 0: hpm=1 -> shared=0
03-27 07:13:33.630 18091 18205 I [CT]    : HandPoseSampler: Filter reset
03-27 07:13:33.630 18091 18205 I InputDevice_Hand: HANDTRACKING ADMIRE hand 1: hpm=1 -> shared=0
03-27 07:13:33.637 18091 18457 I ShellHsr: Renderer: TextureManager async uploads: 1 submitted (0 with mip generation), 1 completed, 1 pending
03-27 07:13:33.642 18091 18205 I [CT]    : HandPoseSampler: Filter reset
03-27 07:13:33.642 18091 18205 I InputDevice_Hand: HANDTRACKING ADMIRE hand 0: hpm=1 -> shared=0
03-27 07:13:33.642 18091 18205 I [CT]    : HandPoseSampler: Filter reset
03-27 07:13:33.642 18091 18205 I InputDevice_Hand: HANDTRACKING ADMIRE hand 1: hpm=1 -> shared=0
03-27 07:13:33.644 18091 18205 I OpenXR_Anchor: xrQuerySpacesFB: split anchor query enabled
03-27 07:13:33.645  4500 18556 I [CT]    : SP:AP:AnchorPersistenceRuntimeIpcServer: checkRPC start: sessionUuid:de76105c-3765-3cfc-f025-996364c4337d, clientId:3936617581, givenPackageName:com.oculus.vrshell
03-27 07:13:33.645  4500 18556 I [CT]    : SP:AP:AnchorPersistenceRuntimeIpcServer: checkPackageAccess - detectedPackageName:com.oculus.vrshell, detectedProcessName:com.oculus.vrshell, givenPackageName:com.oculus.vrshell
03-27 07:13:33.645  4500 18556 I [CT]    : SP:AP:AnchorPersistenceRuntimeIpcServer: checkRPC package name matches: sessionUuid:de76105c-3765-3cfc-f025-996364c4337d, clientId:3936617581, givenPackageName:com.oculus.vrshell, detectedPackageName:com.oculus.vrshell, detectedProcessName:com.oculus.vrshell
03-27 07:13:33.645  4500 18556 I [CT]    : SP:AP:AnchorPersistenceRuntimeIpcServer: queryAvailableAnchorsSMV2: clientId: 3936617581, maxAnchors: 500, filter: 0, queryMultipleRoomsEnabledByOpenXrVersion: true, source: 1, appId: com.oculus.vrshell
03-27 07:13:33.645  4500 18556 I [CT]    : SP:AP:AnchorPersistenceConfig: getSceneRuntimePermissionEnabled: USE_SCENE permission is enabled on this device
03-27 07:13:33.645  4500 18556 I [CT]    : SP:AP:AnchorPersistenceScenePermissions: hasClientGrantedScenePermission: USE_SCENE permission is enabled on this device, check client 3936617581, grant is true
03-27 07:13:33.645  4500 18556 I [CT]    : SP:AP:AnchorPersistenceConfig: getSceneRuntimePermissionEnabled: USE_SCENE permission is enabled on this device
03-27 07:13:33.646  4500 18556 I [CT]    : SP:SceneAnchorFilterUtil: filterSceneDataByPermission: com.oculus.vrshell permission check passed, keep scene data. anchors size: 0
03-27 07:13:33.653 18091 18205 I [CT]    : HandPoseSampler: Filter reset
03-27 07:13:33.653 18091 18205 I InputDevice_Hand: HANDTRACKING ADMIRE hand 0: hpm=1 -> shared=0
03-27 07:13:33.653 18091 18205 I [CT]    : HandPoseSampler: Filter reset
03-27 07:13:33.653 18091 18205 I InputDevice_Hand: HANDTRACKING ADMIRE hand 1: hpm=1 -> shared=0
03-27 07:13:33.664 18091 18205 I [CT]    : HandPoseSampler: Filter reset
03-27 07:13:33.664 18091 18205 I InputDevice_Hand: HANDTRACKING ADMIRE hand 0: hpm=1 -> shared=0
03-27 07:13:33.664 18091 18205 I [CT]    : HandPoseSampler: Filter reset
03-27 07:13:33.664 18091 18205 I InputDevice_Hand: HANDTRACKING ADMIRE hand 1: hpm=1 -> shared=0
03-27 07:13:33.668 18091 18205 E ShellHsr: Embodiment: `libovravatar2` GazeFixerNode::Gaze Fixer Layer: can't find animation clip gazeFixup_L_lookDown.
03-27 07:13:33.668 18091 18205 E ShellHsr: Embodiment: `libovravatar2` GazeFixerNode::Gaze Fixer Layer: can't find animation clip gazeFixup_L_lookLeft.
03-27 07:13:33.668 18091 18205 E ShellHsr: Embodiment: `libovravatar2` GazeFixerNode::Gaze Fixer Layer: can't find animation clip gazeFixup_L_lookRight.
03-27 07:13:33.668 18091 18205 E ShellHsr: Embodiment: `libovravatar2` GazeFixerNode::Gaze Fixer Layer: can't find animation clip gazeFixup_L_lookUp.
03-27 07:13:33.668 18091 18205 E ShellHsr: Embodiment: `libovravatar2` GazeFixerNode::Gaze Fixer Layer: can't find animation clip gazeFixup_R_lookDown.
03-27 07:13:33.668 18091 18205 E ShellHsr: Embodiment: `libovravatar2` GazeFixerNode::Gaze Fixer Layer: can't find animation clip gazeFixup_R_lookLeft.
03-27 07:13:33.668 18091 18205 E ShellHsr: Embodiment: `libovravatar2` GazeFixerNode::Gaze Fixer Layer: can't find animation clip gazeFixup_R_lookRight.
03-27 07:13:33.668 18091 18205 E ShellHsr: Embodiment: `libovravatar2` GazeFixerNode::Gaze Fixer Layer: can't find animation clip gazeFixup_R_lookUp.
03-27 07:13:33.670 18091 18205 E ShellHsr: Embodiment: `libovravatar2` GazeFixerNode::Gaze Fixer Layer: can't find animation clip gazeFixup_L_lookDown.
03-27 07:13:33.670 18091 18205 E ShellHsr: Embodiment: `libovravatar2` GazeFixerNode::Gaze Fixer Layer: can't find animation clip gazeFixup_L_lookLeft.
03-27 07:13:33.670 18091 18205 E ShellHsr: Embodiment: `libovravatar2` GazeFixerNode::Gaze Fixer Layer: can't find animation clip gazeFixup_L_lookRight.
03-27 07:13:33.670 18091 18205 E ShellHsr: Embodiment: `libovravatar2` GazeFixerNode::Gaze Fixer Layer: can't find animation clip gazeFixup_L_lookUp.
03-27 07:13:33.670 18091 18205 E ShellHsr: Embodiment: `libovravatar2` GazeFixerNode::Gaze Fixer Layer: can't find animation clip gazeFixup_R_lookDown.
03-27 07:13:33.670 18091 18205 E ShellHsr: Embodiment: `libovravatar2` GazeFixerNode::Gaze Fixer Layer: can't find animation clip gazeFixup_R_lookLeft.
03-27 07:13:33.670 18091 18205 E ShellHsr: Embodiment: `libovravatar2` GazeFixerNode::Gaze Fixer Layer: can't find animation clip gazeFixup_R_lookRight.
03-27 07:13:33.670 18091 18205 E ShellHsr: Embodiment: `libovravatar2` GazeFixerNode::Gaze Fixer Layer: can't find animation clip gazeFixup_R_lookUp.
03-27 07:13:33.674 16746 16746 W s.xyz.omw.debug: Accessing hidden method Landroid/view/View;->computeFitSystemWindows(Landroid/graphics/Rect;Landroid/graphics/Rect;)Z (unsupported, reflection, allowed)
03-27 07:13:33.674 16746 16746 W s.xyz.omw.debug: Accessing hidden method Landroid/view/ViewGroup;->makeOptionalFitsSystemWindows()V (unsupported, reflection, allowed)
03-27 07:13:33.678 18091 18457 I ShellHsr: Renderer: TextureManager async uploads: 0 submitted (0 with mip generation), 1 completed, 0 pending
03-27 07:13:33.678 18091 18205 I [CT]    : HandPoseSampler: Filter reset
03-27 07:13:33.678 18091 18205 I InputDevice_Hand: HANDTRACKING ADMIRE hand 0: hpm=1 -> shared=0
03-27 07:13:33.678 18091 18205 I [CT]    : HandPoseSampler: Filter reset
03-27 07:13:33.678 18091 18205 I InputDevice_Hand: HANDTRACKING ADMIRE hand 1: hpm=1 -> shared=0
03-27 07:13:33.683 18091 18205 E ShellHsr: Embodiment: `libovravatar2` GazeFixerNode::Gaze Fixer Layer: can't find animation clip gazeFixup_L_lookDown.
03-27 07:13:33.683 18091 18205 E ShellHsr: Embodiment: `libovravatar2` GazeFixerNode::Gaze Fixer Layer: can't find animation clip gazeFixup_L_lookLeft.
03-27 07:13:33.683 18091 18205 E ShellHsr: Embodiment: `libovravatar2` GazeFixerNode::Gaze Fixer Layer: can't find animation clip gazeFixup_L_lookRight.
03-27 07:13:33.683 18091 18205 E ShellHsr: Embodiment: `libovravatar2` GazeFixerNode::Gaze Fixer Layer: can't find animation clip gazeFixup_L_lookUp.
03-27 07:13:33.683 18091 18205 E ShellHsr: Embodiment: `libovravatar2` GazeFixerNode::Gaze Fixer Layer: can't find animation clip gazeFixup_R_lookDown.
03-27 07:13:33.683 18091 18205 E ShellHsr: Embodiment: `libovravatar2` GazeFixerNode::Gaze Fixer Layer: can't find animation clip gazeFixup_R_lookLeft.
03-27 07:13:33.683 18091 18205 E ShellHsr: Embodiment: `libovravatar2` GazeFixerNode::Gaze Fixer Layer: can't find animation clip gazeFixup_R_lookRight.
03-27 07:13:33.683 18091 18205 E ShellHsr: Embodiment: `libovravatar2` GazeFixerNode::Gaze Fixer Layer: can't find animation clip gazeFixup_R_lookUp.
03-27 07:13:33.685 18091 18205 E ShellHsr: Embodiment: `libovravatar2` GazeFixerNode::Gaze Fixer Layer: can't find animation clip gazeFixup_L_lookDown.
03-27 07:13:33.685 18091 18205 E ShellHsr: Embodiment: `libovravatar2` GazeFixerNode::Gaze Fixer Layer: can't find animation clip gazeFixup_L_lookLeft.
03-27 07:13:33.685 18091 18205 E ShellHsr: Embodiment: `libovravatar2` GazeFixerNode::Gaze Fixer Layer: can't find animation clip gazeFixup_L_lookRight.
03-27 07:13:33.685 18091 18205 E ShellHsr: Embodiment: `libovravatar2` GazeFixerNode::Gaze Fixer Layer: can't find animation clip gazeFixup_L_lookUp.
03-27 07:13:33.685 18091 18205 E ShellHsr: Embodiment: `libovravatar2` GazeFixerNode::Gaze Fixer Layer: can't find animation clip gazeFixup_R_lookDown.
03-27 07:13:33.685 18091 18205 E ShellHsr: Embodiment: `libovravatar2` GazeFixerNode::Gaze Fixer Layer: can't find animation clip gazeFixup_R_lookLeft.
03-27 07:13:33.685 18091 18205 E ShellHsr: Embodiment: `libovravatar2` GazeFixerNode::Gaze Fixer Layer: can't find animation clip gazeFixup_R_lookRight.
03-27 07:13:33.685 18091 18205 E ShellHsr: Embodiment: `libovravatar2` GazeFixerNode::Gaze Fixer Layer: can't find animation clip gazeFixup_R_lookUp.
03-27 07:13:33.693 18091 18205 I [CT]    : HandPoseSampler: Filter reset
03-27 07:13:33.693 18091 18205 I InputDevice_Hand: HANDTRACKING ADMIRE hand 0: hpm=1 -> shared=0
03-27 07:13:33.693 18091 18205 I [CT]    : HandPoseSampler: Filter reset
03-27 07:13:33.693 18091 18205 I InputDevice_Hand: HANDTRACKING ADMIRE hand 1: hpm=1 -> shared=0
03-27 07:13:33.700 18091 18205 I [CT]    : HandPoseSampler: Filter reset
03-27 07:13:33.700 18091 18205 I InputDevice_Hand: HANDTRACKING ADMIRE hand 0: hpm=1 -> shared=0
03-27 07:13:33.700 18091 18205 I [CT]    : HandPoseSampler: Filter reset
03-27 07:13:33.700 18091 18205 I InputDevice_Hand: HANDTRACKING ADMIRE hand 1: hpm=1 -> shared=0
03-27 07:13:33.718 16746 16746 D CompatibilityChangeReporter: Compat change id reported: 210923482; UID 10065; state: DISABLED
03-27 07:13:33.718 16746 16746 D CompatibilityChangeReporter: Compat change id reported: 37756858; UID 10065; state: ENABLED
03-27 07:13:33.719 18091 18205 I [CT]    : HandPoseSampler: Filter reset
03-27 07:13:33.719 18091 18205 I InputDevice_Hand: HANDTRACKING ADMIRE hand 0: hpm=1 -> shared=0
03-27 07:13:33.719 18091 18205 I [CT]    : HandPoseSampler: Filter reset
03-27 07:13:33.719 18091 18205 I InputDevice_Hand: HANDTRACKING ADMIRE hand 1: hpm=1 -> shared=0
03-27 07:13:33.723 16746 16746 D VrEntryActivity: VrEntryActivity.onCreate: autoStart=true, handled=false
03-27 07:13:33.723 16746 16746 D VrEntryActivity: VrEntryActivity.onCreate: auto-starting via MainActivity pipeline
03-27 07:13:33.726  1419  2999 D CompatibilityChangeReporter: Compat change id reported: 149924527; UID 10065; state: ENABLED
03-27 07:13:33.726  1419  2999 D CompatibilityChangeReporter: Compat change id reported: 132649864; UID 10065; state: DISABLED
03-27 07:13:33.737   927 19557 I libcamerahal: [INSIGHTS][2.00s] recv/ret/req heartbeat: cam4: 120/120/0, cam5: 120/120/0
03-27 07:13:33.737   927 19557 I libcamerahal: [INSIGHTS][2.00s] recv/ret/req heartbeat: cam0: 120/120/0, cam1: 120/120/0, cam2: 120/120/0, cam3: 120/120/0
03-27 07:13:33.742 18091 18205 I [CT]    : HandPoseSampler: Filter reset
03-27 07:13:33.742 18091 18205 I InputDevice_Hand: HANDTRACKING ADMIRE hand 0: hpm=1 -> shared=0
03-27 07:13:33.742 18091 18205 I [CT]    : HandPoseSampler: Filter reset
03-27 07:13:33.742 18091 18205 I InputDevice_Hand: HANDTRACKING ADMIRE hand 1: hpm=1 -> shared=0
03-27 07:13:33.753 18091 18205 I [CT]    : HandPoseSampler: Filter reset
03-27 07:13:33.753 18091 18205 I InputDevice_Hand: HANDTRACKING ADMIRE hand 0: hpm=1 -> shared=0
03-27 07:13:33.753 18091 18205 I [CT]    : HandPoseSampler: Filter reset
03-27 07:13:33.753 18091 18205 I InputDevice_Hand: HANDTRACKING ADMIRE hand 1: hpm=1 -> shared=0
03-27 07:13:33.755 18091 18205 I OpenXR_Anchor: xrQuerySpacesFB: split anchor query enabled
03-27 07:13:33.755  4500 18556 I [CT]    : SP:AP:AnchorPersistenceRuntimeIpcServer: checkRPC start: sessionUuid:de76105c-3765-3cfc-f025-996364c4337d, clientId:3936617581, givenPackageName:com.oculus.vrshell
03-27 07:13:33.755  4500 18556 I [CT]    : SP:AP:AnchorPersistenceRuntimeIpcServer: checkPackageAccess - detectedPackageName:com.oculus.vrshell, detectedProcessName:com.oculus.vrshell, givenPackageName:com.oculus.vrshell
03-27 07:13:33.755  4500 18556 I [CT]    : SP:AP:AnchorPersistenceRuntimeIpcServer: checkRPC package name matches: sessionUuid:de76105c-3765-3cfc-f025-996364c4337d, clientId:3936617581, givenPackageName:com.oculus.vrshell, detectedPackageName:com.oculus.vrshell, detectedProcessName:com.oculus.vrshell
03-27 07:13:33.755  4500 18556 I [CT]    : SP:AP:AnchorPersistenceRuntimeIpcServer: queryAvailableAnchorsSMV2: clientId: 3936617581, maxAnchors: 500, filter: 0, queryMultipleRoomsEnabledByOpenXrVersion: true, source: 1, appId: com.oculus.vrshell
03-27 07:13:33.755  4500 18556 I [CT]    : SP:AP:AnchorPersistenceConfig: getSceneRuntimePermissionEnabled: USE_SCENE permission is enabled on this device
03-27 07:13:33.755  4500 18556 I [CT]    : SP:AP:AnchorPersistenceScenePermissions: hasClientGrantedScenePermission: USE_SCENE permission is enabled on this device, check client 3936617581, grant is true
03-27 07:13:33.755  4500 18556 I [CT]    : SP:AP:AnchorPersistenceConfig: getSceneRuntimePermissionEnabled: USE_SCENE permission is enabled on this device
03-27 07:13:33.757  4500 18556 I [CT]    : SP:SceneAnchorFilterUtil: filterSceneDataByPermission: com.oculus.vrshell permission check passed, keep scene data. anchors size: 0
03-27 07:13:33.764 18091 18205 I [CT]    : HandPoseSampler: Filter reset
03-27 07:13:33.765 18091 18205 I InputDevice_Hand: HANDTRACKING ADMIRE hand 0: hpm=1 -> shared=0
03-27 07:13:33.765 18091 18205 I [CT]    : HandPoseSampler: Filter reset
03-27 07:13:33.765 18091 18205 I InputDevice_Hand: HANDTRACKING ADMIRE hand 1: hpm=1 -> shared=0
03-27 07:13:33.771 16746 16746 D OpenMW-Launcher: startGame: validating runtime payload
03-27 07:13:33.772 16746 16746 D OpenMW-Launcher: validateRuntimePayload: nativeLibDir=/data/app/~~zQb_GASu1AR8SnzUkQl4IA==/is.xyz.omw.debug-gjLgRwa_BUNZC2fH4t36qw==/lib/arm64, hasOpenmwLib=true
03-27 07:13:33.773 16746 16746 D OpenMW-Launcher: validateRuntimePayload: openmwConfig.size=5, openmwResources.size=5
03-27 07:13:33.773 16746 16746 D OpenMW-Launcher: startGame: payload OK, starting prep thread
03-27 07:13:33.776 18091 18205 I [CT]    : HandPoseSampler: Filter reset
03-27 07:13:33.776 18091 18205 I InputDevice_Hand: HANDTRACKING ADMIRE hand 0: hpm=1 -> shared=0
03-27 07:13:33.776 18091 18205 I [CT]    : HandPoseSampler: Filter reset
03-27 07:13:33.776 18091 18205 I InputDevice_Hand: HANDTRACKING ADMIRE hand 1: hpm=1 -> shared=0
03-27 07:13:33.783 18091 18457 I ShellHsr: Renderer: TextureManager async uploads: 2 submitted (0 with mip generation), 0 completed, 2 pending
03-27 07:13:33.787 18091 18205 I [CT]    : HandPoseSampler: Filter reset
03-27 07:13:33.787 18091 18205 I InputDevice_Hand: HANDTRACKING ADMIRE hand 0: hpm=1 -> shared=0
03-27 07:13:33.787 18091 18205 I [CT]    : HandPoseSampler: Filter reset
03-27 07:13:33.787 18091 18205 I InputDevice_Hand: HANDTRACKING ADMIRE hand 1: hpm=1 -> shared=0
03-27 07:13:33.793 18091 18457 I ShellHsr: Renderer: TextureManager async uploads: 1 submitted (0 with mip generation), 0 completed, 3 pending
03-27 07:13:33.797 18091 18205 I [CT]    : HandPoseSampler: Filter reset
03-27 07:13:33.797 18091 18205 I InputDevice_Hand: HANDTRACKING ADMIRE hand 0: hpm=1 -> shared=0
03-27 07:13:33.797 18091 18205 I [CT]    : HandPoseSampler: Filter reset
03-27 07:13:33.797 18091 18205 I InputDevice_Hand: HANDTRACKING ADMIRE hand 1: hpm=1 -> shared=0
03-27 07:13:33.801 18091 18205 E ShellHsr: Embodiment: `libovravatar2` GazeFixerNode::Gaze Fixer Layer: can't find animation clip gazeFixup_L_lookDown.
03-27 07:13:33.801 18091 18205 E ShellHsr: Embodiment: `libovravatar2` GazeFixerNode::Gaze Fixer Layer: can't find animation clip gazeFixup_L_lookLeft.
03-27 07:13:33.801 18091 18205 E ShellHsr: Embodiment: `libovravatar2` GazeFixerNode::Gaze Fixer Layer: can't find animation clip gazeFixup_L_lookRight.
03-27 07:13:33.801 18091 18205 E ShellHsr: Embodiment: `libovravatar2` GazeFixerNode::Gaze Fixer Layer: can't find animation clip gazeFixup_L_lookUp.
03-27 07:13:33.801 18091 18205 E ShellHsr: Embodiment: `libovravatar2` GazeFixerNode::Gaze Fixer Layer: can't find animation clip gazeFixup_R_lookDown.
03-27 07:13:33.801 18091 18205 E ShellHsr: Embodiment: `libovravatar2` GazeFixerNode::Gaze Fixer Layer: can't find animation clip gazeFixup_R_lookLeft.
03-27 07:13:33.801 18091 18205 E ShellHsr: Embodiment: `libovravatar2` GazeFixerNode::Gaze Fixer Layer: can't find animation clip gazeFixup_R_lookRight.
03-27 07:13:33.801 18091 18205 E ShellHsr: Embodiment: `libovravatar2` GazeFixerNode::Gaze Fixer Layer: can't find animation clip gazeFixup_R_lookUp.
03-27 07:13:33.803 18091 18205 E ShellHsr: Embodiment: `libovravatar2` GazeFixerNode::Gaze Fixer Layer: can't find animation clip gazeFixup_L_lookDown.
03-27 07:13:33.803 18091 18205 E ShellHsr: Embodiment: `libovravatar2` GazeFixerNode::Gaze Fixer Layer: can't find animation clip gazeFixup_L_lookLeft.
03-27 07:13:33.803 18091 18205 E ShellHsr: Embodiment: `libovravatar2` GazeFixerNode::Gaze Fixer Layer: can't find animation clip gazeFixup_L_lookRight.
03-27 07:13:33.803 18091 18205 E ShellHsr: Embodiment: `libovravatar2` GazeFixerNode::Gaze Fixer Layer: can't find animation clip gazeFixup_L_lookUp.
03-27 07:13:33.803 18091 18205 E ShellHsr: Embodiment: `libovravatar2` GazeFixerNode::Gaze Fixer Layer: can't find animation clip gazeFixup_R_lookDown.
03-27 07:13:33.803 18091 18205 E ShellHsr: Embodiment: `libovravatar2` GazeFixerNode::Gaze Fixer Layer: can't find animation clip gazeFixup_R_lookLeft.
03-27 07:13:33.803 18091 18205 E ShellHsr: Embodiment: `libovravatar2` GazeFixerNode::Gaze Fixer Layer: can't find animation clip gazeFixup_R_lookRight.
03-27 07:13:33.803 18091 18205 E ShellHsr: Embodiment: `libovravatar2` GazeFixerNode::Gaze Fixer Layer: can't find animation clip gazeFixup_R_lookUp.
03-27 07:13:33.812 18091 18205 I [SEO] PanelToggleController: Visibility toggled from true to false, reason system-initiated, source HideShellUI, force hide false
03-27 07:13:33.812 18091 18205 I [CT]    : HandPoseSampler: Filter reset
03-27 07:13:33.812 18091 18205 I InputDevice_Hand: HANDTRACKING ADMIRE hand 0: hpm=1 -> shared=0
03-27 07:13:33.812 18091 18205 I [CT]    : HandPoseSampler: Filter reset
03-27 07:13:33.812 18091 18205 I InputDevice_Hand: HANDTRACKING ADMIRE hand 1: hpm=1 -> shared=0
03-27 07:13:33.814 18091 18205 I [SEO] SystemTaskBar: UpdateVisibility(Spatial, 0)
03-27 07:13:33.819 18091 18205 I ShellHsr: Embodiment: Setting Avatar 131073 to visible because we are entering AvatarsCoreLoadingState::Ready.
03-27 07:13:33.819 18091 18205 I ShellHsr: AvatarSocketManager: [AvatarSocketManager] Changed request from AvatarLoadingState to set avatar props 131073 to Default
03-27 07:13:33.819 18091 18205 I [SEO] VrShellDesktopBase: BackgroundDesktop: Spatial, reason egoCentricDesktopBackground
03-27 07:13:33.820 18091 18457 I ShellHsr: Renderer: TextureManager async uploads: 0 submitted (0 with mip generation), 2 completed, 1 pending
03-27 07:13:33.820 18091 18205 I [SEO] DesktopPanelController: Backgrounded desktop Spatial with reason egoCentricDesktopBackground
03-27 07:13:33.820 18091 18205 I [SEO] PerformanceController: Sending Desktop Visibility Signal: 0
03-27 07:13:33.821 16746 16746 D CompatibilityChangeReporter: Compat change id reported: 171228096; UID 10065; state: ENABLED
03-27 07:13:33.822 18091 18205 I [CT]    : HandPoseSampler: Filter reset
03-27 07:13:33.822 18091 18205 I InputDevice_Hand: HANDTRACKING ADMIRE hand 0: hpm=1 -> shared=0
03-27 07:13:33.822 18091 18205 I [CT]    : HandPoseSampler: Filter reset
03-27 07:13:33.822 18091 18205 I InputDevice_Hand: HANDTRACKING ADMIRE hand 1: hpm=1 -> shared=0
03-27 07:13:33.828 18091 18457 I ShellHsr: Renderer: TextureManager async uploads: 0 submitted (0 with mip generation), 1 completed, 0 pending
03-27 07:13:33.835 18224 18224 I VrGuardianService.WorldChangeBroadcastReceiver: onReceive com.oculus.intent.action.WORLD_CHANGE
03-27 07:13:33.835 18224 18224 I VrGuardianService: JNICALL: nativeForwardActiveWorld worldId = , worldType = 3
03-27 07:13:33.835 18224 18224 I GuardianLifecycleMgr: [GuardianLifecycleMgr::onActiveWorldChange] worldId: , worldType: 3
03-27 07:13:33.835 18224 18224 I VrGuardianService.WorldChangeBroadcastReceiver: WorldChangeBroadcastReceiver. Received worldId:  type: 3
03-27 07:13:33.839 18091 18205 I [CT]    : HandPoseSampler: Filter reset
03-27 07:13:33.839 18091 18205 I InputDevice_Hand: HANDTRACKING ADMIRE hand 0: hpm=1 -> shared=0
03-27 07:13:33.839 18091 18205 I [CT]    : HandPoseSampler: Filter reset
03-27 07:13:33.839 18091 18205 I InputDevice_Hand: HANDTRACKING ADMIRE hand 1: hpm=1 -> shared=0
03-27 07:13:33.844 16746 16746 I VrosSpatialAudio: init with android.view.ViewRootImpl$W@a1567c8
03-27 07:13:33.846 16746 16746 D CompatibilityChangeReporter: Compat change id reported: 237531167; UID 10065; state: DISABLED
03-27 07:13:33.847 16746 16746 D CompatibilityChangeReporter: Compat change id reported: 175409955; UID 10065; state: DISABLED
03-27 07:13:33.847 16746 16746 D CompatibilityChangeReporter: Compat change id reported: 175409954; UID 10065; state: DISABLED
03-27 07:13:33.857 16746 16746 W OpenGLRenderer: Unknown dataspace 0
03-27 07:13:33.865 18091 18205 I [CT]    : HandPoseSampler: Filter reset
03-27 07:13:33.865 18091 18205 I InputDevice_Hand: HANDTRACKING ADMIRE hand 0: hpm=1 -> shared=0
03-27 07:13:33.865 18091 18205 I [CT]    : HandPoseSampler: Filter reset
03-27 07:13:33.865 18091 18205 I InputDevice_Hand: HANDTRACKING ADMIRE hand 1: hpm=1 -> shared=0
03-27 07:13:33.867 18091 18205 I OpenXR_Anchor: xrQuerySpacesFB: split anchor query enabled
03-27 07:13:33.867  4500 18556 I [CT]    : SP:AP:AnchorPersistenceRuntimeIpcServer: checkRPC start: sessionUuid:de76105c-3765-3cfc-f025-996364c4337d, clientId:3936617581, givenPackageName:com.oculus.vrshell
03-27 07:13:33.867  4500 18556 I [CT]    : SP:AP:AnchorPersistenceRuntimeIpcServer: checkPackageAccess - detectedPackageName:com.oculus.vrshell, detectedProcessName:com.oculus.vrshell, givenPackageName:com.oculus.vrshell
03-27 07:13:33.867  4500 18556 I [CT]    : SP:AP:AnchorPersistenceRuntimeIpcServer: checkRPC package name matches: sessionUuid:de76105c-3765-3cfc-f025-996364c4337d, clientId:3936617581, givenPackageName:com.oculus.vrshell, detectedPackageName:com.oculus.vrshell, detectedProcessName:com.oculus.vrshell
03-27 07:13:33.867  4500 18556 I [CT]    : SP:AP:AnchorPersistenceRuntimeIpcServer: queryAvailableAnchorsSMV2: clientId: 3936617581, maxAnchors: 500, filter: 0, queryMultipleRoomsEnabledByOpenXrVersion: true, source: 1, appId: com.oculus.vrshell
03-27 07:13:33.867  4500 18556 I [CT]    : SP:AP:AnchorPersistenceConfig: getSceneRuntimePermissionEnabled: USE_SCENE permission is enabled on this device
03-27 07:13:33.868  4500 18556 I [CT]    : SP:AP:AnchorPersistenceScenePermissions: hasClientGrantedScenePermission: USE_SCENE permission is enabled on this device, check client 3936617581, grant is true
03-27 07:13:33.868  4500 18556 I [CT]    : SP:AP:AnchorPersistenceConfig: getSceneRuntimePermissionEnabled: USE_SCENE permission is enabled on this device
03-27 07:13:33.868  4500 18556 I [CT]    : SP:SceneAnchorFilterUtil: filterSceneDataByPermission: com.oculus.vrshell permission check passed, keep scene data. anchors size: 0
03-27 07:13:33.868 16746 16746 D FragmentSettings: FragmentSettings.onCreate: starting
03-27 07:13:33.869 16746 16746 D FragmentSettings: FragmentSettings.onCreate: super.onCreate completed
03-27 07:13:33.869 16746 16746 D FragmentSettings: FragmentSettings.onCreate: calling addPreferencesFromResource
03-27 07:13:33.870 18224 18352 I AutoStationaryHelper: [AutoStationaryHelper::getGuardianDataFromNearbyRoomscale] Checking 1 existing guardian data
03-27 07:13:33.870 18224 18352 I GuardianMapDataMgr: [GuardianMapDataMgr::isValidTrackedRoomscale] [2575043440] Valid=yes, Roomscale=yes, Anchor [2cee9d32-7f24-ff1e-5555-ae309d8ea246] Tracked=yes
03-27 07:13:33.870 18224 18352 I AutoStationaryHelper: [AutoStationaryHelper::getGuardianDataFromNearbyRoomscale] [2575043440] Distance to HMD: 3.854880
03-27 07:13:33.876  2697  3529 I PreferenceListener: Preference 'is_displaying_passthrough_content' set to 0
03-27 07:13:33.876  2697  3530 I VrRuntimeService: Input preference 'is_displaying_passthrough_content' changed from true to false
03-27 07:13:33.876 18224 29592 I GuardianPreferenceStoreListener: [GuardianPreferenceStoreListener] synced preference change: is_displaying_passthrough_content: 1 -> 0
03-27 07:13:33.877 18091 18205 I [CT]    : HandPoseSampler: Filter reset
03-27 07:13:33.877 18091 18205 I InputDevice_Hand: HANDTRACKING ADMIRE hand 0: hpm=1 -> shared=0
03-27 07:13:33.877 18091 18205 I [CT]    : HandPoseSampler: Filter reset
03-27 07:13:33.877 18091 18205 I InputDevice_Hand: HANDTRACKING ADMIRE hand 1: hpm=1 -> shared=0
03-27 07:13:33.877 18091 18129 I [SEO] SystemPreferences: SystemPreferences - isDisplayingPassthroughContent_ changed to 0
03-27 07:13:33.885  2697  3402 I ServiceInputManager: HANDTRACKING Root pose filter enum to HandsVR30hzUpsamplingV85 from HandsMR30hzUpsamplingV85 (high:0) (MR enabled: 0)
03-27 07:13:33.890 18091 18205 I [CT]    : HandPoseSampler: Filter reset
03-27 07:13:33.890 18091 18205 I InputDevice_Hand: HANDTRACKING ADMIRE hand 0: hpm=1 -> shared=0
03-27 07:13:33.890 18091 18205 I [CT]    : HandPoseSampler: Filter reset
03-27 07:13:33.890 18091 18205 I InputDevice_Hand: HANDTRACKING ADMIRE hand 1: hpm=1 -> shared=0
03-27 07:13:33.890 18091 18205 I InputDeviceManager: HANDTRACKING Root pose filter profile changed for freq to 18 from 19  inf: 1
03-27 07:13:33.891  1419  2999 I DesktopSignalController: Desktop visibility changed: false
03-27 07:13:33.891  1419  2999 I ResourceProtectionService: Processing desktop visibility change: false
03-27 07:13:33.891  1419  2999 I ResourceProtectionService: Clearing app flavor for VRShell
03-27 07:13:33.901 18091 18205 I [CT]    : HandPoseSampler: Filter reset
03-27 07:13:33.901 18091 18205 I InputDevice_Hand: HANDTRACKING ADMIRE hand 0: hpm=1 -> shared=0
03-27 07:13:33.901 18091 18205 I [CT]    : HandPoseSampler: Filter reset
03-27 07:13:33.901 18091 18205 I InputDevice_Hand: HANDTRACKING ADMIRE hand 1: hpm=1 -> shared=0
03-27 07:13:33.910   897 14310 I Tracking: CONSTELLATION:IMU_STATUS: 0x2e7e5d32cf134aad (R): [#Samples=2515] 1359.096s | [FusionTracked=1.000, OutputTracked=1.000, OutputValid=1.000] [AccelSat=0.000, GyroSat=0.000] [AccelMinMeanMax: X=1.794|5.428|7.951, Y=2.968|5.200|6.417, Z=-8.004|-6.035|-4.499] [GyroMinMeanMax: X=-0.254|0.007|0.251, Y=-0.699|-0.003|0.724, Z=-0.411|0.002|0.454] [AccelStuck: X=0|0.000, Y=0|0.000, Z=0|0.000] [GyroStuck: X=1|-0.175, Y=1|-0.660, Z=2|0.117]  [Current time=1359.096s, last log time=1354.094s]
03-27 07:13:33.912 18091 18205 I [CT]    : HandPoseSampler: Filter reset
03-27 07:13:33.912 18091 18205 I InputDevice_Hand: HANDTRACKING ADMIRE hand 0: hpm=1 -> shared=0
03-27 07:13:33.912 18091 18205 I [CT]    : HandPoseSampler: Filter reset
03-27 07:13:33.912 18091 18205 I InputDevice_Hand: HANDTRACKING ADMIRE hand 1: hpm=1 -> shared=0
03-27 07:13:33.916 16746 16746 D FragmentSettings: FragmentSettings.onCreate: addPreferencesFromResource completed
03-27 07:13:33.916 16746 16746 D FragmentSettings: FragmentSettings.onCreate: registered preference listener
03-27 07:13:33.916 16746 16746 D FragmentSettings: FragmentSettings.onCreate: updated gamma state
03-27 07:13:33.923 18091 18205 I [CT]    : HandPoseSampler: Filter reset
03-27 07:13:33.923 18091 18205 I InputDevice_Hand: HANDTRACKING ADMIRE hand 0: hpm=1 -> shared=0
03-27 07:13:33.923 18091 18205 I [CT]    : HandPoseSampler: Filter reset
03-27 07:13:33.923 18091 18205 I InputDevice_Hand: HANDTRACKING ADMIRE hand 1: hpm=1 -> shared=0
03-27 07:13:33.935 18091 18205 I [CT]    : HandPoseSampler: Filter reset
03-27 07:13:33.935 18091 18205 I InputDevice_Hand: HANDTRACKING ADMIRE hand 0: hpm=1 -> shared=0
03-27 07:13:33.935 18091 18205 I [CT]    : HandPoseSampler: Filter reset
03-27 07:13:33.935 18091 18205 I InputDevice_Hand: HANDTRACKING ADMIRE hand 1: hpm=1 -> shared=0
03-27 07:13:33.942  3257 14046 E GraphQLMethodNoDI: Unable to getResult(), encountered unexpected exception! Returning null
03-27 07:13:33.942  3257 14046 E GraphQLMethodNoDI: java.util.concurrent.ExecutionException: X.1Bd: HorizonWorld Response Errors: [{"message":"A server error field_exception occured. Check server logs for details.","severity":"CRITICAL","mids":["81c35de3157a2636e840b1d9ce4a2f1b"],"debug_link":"https:\/\/www.meta.com\/debug\/?mid=81c35de3157a2636e840b1d9ce4a2f1b","code":1675030,"api_error_code":null,"summary":"Query Error","description":"Error performing query.","description_html":null,"description_raw":"Error performing query.","is_silent":false,"is_transient":false,"is_not_critical":false,"requires_reauth":false,"allow_user_retry":false,"debug_info":null,"query_path":null,"fbtrace_id":"FqbaeHuofdR","www_request_id":"ATgeO4aYDv0zMK4kt96yjGa","path":["fetch__XFBHorizonWorld"]}]
03-27 07:13:33.942  3257 14046 E GraphQLMethodNoDI: 	at java.util.concurrent.CompletableFuture.reportGet(CompletableFuture.java:372)
03-27 07:13:33.942  3257 14046 E GraphQLMethodNoDI: 	at java.util.concurrent.CompletableFuture.get(CompletableFuture.java:2049)
03-27 07:13:33.942  3257 14046 E GraphQLMethodNoDI: 	at com.oculus.ocms.net.GraphQLMethodNoDI.A00(Unknown Source:148)
03-27 07:13:33.942  3257 14046 E GraphQLMethodNoDI: 	at com.oculus.ocms.net.GraphQLMethodNoDI.A02(Unknown Source:25)
03-27 07:13:33.942  3257 14046 E GraphQLMethodNoDI: 	at com.oculus.ocms.worlds.WorldContentManager$fetchWorldById$2.invokeSuspend(Unknown Source:138)
03-27 07:13:33.942  3257 14046 E GraphQLMethodNoDI: 	at com.oculus.ocms.worlds.WorldContentManager$fetchWorldById$2.invoke(Unknown Source:8)
03-27 07:13:33.942  3257 14046 E GraphQLMethodNoDI: 	at X.1cQ.A00(Unknown Source:13)
03-27 07:13:33.942  3257 14046 E GraphQLMethodNoDI: 	at X.1cY.A00(Unknown Source:123)
03-27 07:13:33.942  3257 14046 E GraphQLMethodNoDI: 	at com.oculus.ocms.worlds.WorldContentManager.A07(Unknown Source:88)
03-27 07:13:33.942  3257 14046 E GraphQLMethodNoDI: 	at com.oculus.ocms.am.init.AppManagerInternal$getOrFetchWorldById$1.invokeSuspend(Unknown Source:45)
03-27 07:13:33.942  3257 14046 E GraphQLMethodNoDI: 	at X.2gO.resumeWith(Unknown Source:7)
03-27 07:13:33.942  3257 14046 E GraphQLMethodNoDI: 	at X.1eZ.run(Unknown Source:109)
03-27 07:13:33.942  3257 14046 E GraphQLMethodNoDI: 	at X.1f2.run(Unknown Source:3)
03-27 07:13:33.942  3257 14046 E GraphQLMethodNoDI: 	at X.1gU.run(Unknown Source:2)
03-27 07:13:33.942  3257 14046 E GraphQLMethodNoDI: 	at X.1gR.A01(Unknown Source:0)
03-27 07:13:33.942  3257 14046 E GraphQLMethodNoDI: 	at X.1gS.run(Unknown Source:79)
03-27 07:13:33.942  3257 14046 E GraphQLMethodNoDI: Caused by: X.1Bd: HorizonWorld Response Errors: [{"message":"A server error field_exception occured. Check server logs for details.","severity":"CRITICAL","mids":["81c35de3157a2636e840b1d9ce4a2f1b"],"debug_link":"https:\/\/www.meta.com\/debug\/?mid=81c35de3157a2636e840b1d9ce4a2f1b","code":1675030,"api_error_code":null,"summary":"Query Error","description":"Error performing query.","description_html":null,"description_raw":"Error performing query.","is_silent":false,"is_transient":false,"is_not_critical":false,"requires_reauth":false,"allow_user_retry":false,"debug_info":null,"query_path":null,"fbtrace_id":"FqbaeHuofdR","www_request_id":"ATgeO4aYDv0zMK4kt96yjGa","path":["fetch__XFBHorizonWorld"]}]
03-27 07:13:33.942  3257 14046 E GraphQLMethodNoDI: 	at X.2eG.A79(Unknown Source:222)
03-27 07:13:33.942  3257 14046 E GraphQLMethodNoDI: 	at X.2i0.A7A(Unknown Source:16)
03-27 07:13:33.942  3257 14046 E GraphQLMethodNoDI: 	at X.3UJ.run(Unknown Source:721)
03-27 07:13:33.942  3257 14046 E GraphQLMethodNoDI: 	at java.util.concurrent.ThreadPoolExecutor.runWorker(ThreadPoolExecutor.java:1145)
03-27 07:13:33.942  3257 14046 E GraphQLMethodNoDI: 	at java.util.concurrent.ThreadPoolExecutor$Worker.run(ThreadPoolExecutor.java:644)
03-27 07:13:33.942  3257 14046 E GraphQLMethodNoDI: 	at java.lang.Thread.run(Thread.java:1012)
03-27 07:13:33.942  3257 14046 E WorldContentManager: Failed to fetch World: X.1Bd: HorizonWorld Response Errors: [{"message":"A server error field_exception occured. Check server logs for details.","severity":"CRITICAL","mids":["81c35de3157a2636e840b1d9ce4a2f1b"],"debug_link":"https:\/\/www.meta.com\/debug\/?mid=81c35de3157a2636e840b1d9ce4a2f1b","code":1675030,"api_error_code":null,"summary":"Query Error","description":"Error performing query.","description_html":null,"description_raw":"Error performing query.","is_silent":false,"is_transient":false,"is_not_critical":false,"requires_reauth":false,"allow_user_retry":false,"debug_info":null,"query_path":null,"fbtrace_id":"FqbaeHuofdR","www_request_id":"ATgeO4aYDv0zMK4kt96yjGa","path":["fetch__XFBHorizonWorld"]}]
03-27 07:13:33.942  5091 12429 W [NAV][BAR] ActiveWorldInfoFetcherImpl: No WorldInfo found for ActiveWorld(worldId=, worldType=NONE)
03-27 07:13:33.946 18091 18205 I [CT]    : HandPoseSampler: Filter reset
03-27 07:13:33.946 18091 18205 I InputDevice_Hand: HANDTRACKING ADMIRE hand 0: hpm=1 -> shared=0
03-27 07:13:33.946 18091 18205 I [CT]    : HandPoseSampler: Filter reset
03-27 07:13:33.946 18091 18205 I InputDevice_Hand: HANDTRACKING ADMIRE hand 1: hpm=1 -> shared=0
03-27 07:13:33.957  1419  3523 W WindowManager: Failed looking up window session=Session{cbefd1f 16746:u0a10065} callers=com.android.server.wm.WindowManagerService.windowForClientLocked:6162 com.android.server.wm.Session.updateRequestedVisibleTypes:690 android.view.IWindowSession$Stub.onTransact:1040 
03-27 07:13:33.957 18091 18205 I [CT]    : HandPoseSampler: Filter reset
03-27 07:13:33.957 18091 18205 I InputDevice_Hand: HANDTRACKING ADMIRE hand 0: hpm=1 -> shared=0
03-27 07:13:33.957 18091 18205 I [CT]    : HandPoseSampler: Filter reset
03-27 07:13:33.957 18091 18205 I InputDevice_Hand: HANDTRACKING ADMIRE hand 1: hpm=1 -> shared=0
03-27 07:13:33.968 18091 18205 I [CT]    : HandPoseSampler: Filter reset
03-27 07:13:33.968 18091 18205 I InputDevice_Hand: HANDTRACKING ADMIRE hand 0: hpm=1 -> shared=0
03-27 07:13:33.968 18091 18205 I [CT]    : HandPoseSampler: Filter reset
03-27 07:13:33.968 18091 18205 I InputDevice_Hand: HANDTRACKING ADMIRE hand 1: hpm=1 -> shared=0
03-27 07:13:33.970 18091 18205 I OpenXR_Anchor: xrQuerySpacesFB: split anchor query enabled
03-27 07:13:33.971  4500 18556 I [CT]    : SP:AP:AnchorPersistenceRuntimeIpcServer: checkRPC start: sessionUuid:de76105c-3765-3cfc-f025-996364c4337d, clientId:3936617581, givenPackageName:com.oculus.vrshell
03-27 07:13:33.971  4500 18556 I [CT]    : SP:AP:AnchorPersistenceRuntimeIpcServer: checkPackageAccess - detectedPackageName:com.oculus.vrshell, detectedProcessName:com.oculus.vrshell, givenPackageName:com.oculus.vrshell
03-27 07:13:33.971  4500 18556 I [CT]    : SP:AP:AnchorPersistenceRuntimeIpcServer: checkRPC package name matches: sessionUuid:de76105c-3765-3cfc-f025-996364c4337d, clientId:3936617581, givenPackageName:com.oculus.vrshell, detectedPackageName:com.oculus.vrshell, detectedProcessName:com.oculus.vrshell
03-27 07:13:33.971  4500 18556 I [CT]    : SP:AP:AnchorPersistenceRuntimeIpcServer: queryAvailableAnchorsSMV2: clientId: 3936617581, maxAnchors: 500, filter: 0, queryMultipleRoomsEnabledByOpenXrVersion: true, source: 1, appId: com.oculus.vrshell
03-27 07:13:33.971  4500 18556 I [CT]    : SP:AP:AnchorPersistenceConfig: getSceneRuntimePermissionEnabled: USE_SCENE permission is enabled on this device
03-27 07:13:33.971  4500 18556 I [CT]    : SP:AP:AnchorPersistenceScenePermissions: hasClientGrantedScenePermission: USE_SCENE permission is enabled on this device, check client 3936617581, grant is true
03-27 07:13:33.971  4500 18556 I [CT]    : SP:AP:AnchorPersistenceConfig: getSceneRuntimePermissionEnabled: USE_SCENE permission is enabled on this device
03-27 07:13:33.972  4500 18556 I [CT]    : SP:SceneAnchorFilterUtil: filterSceneDataByPermission: com.oculus.vrshell permission check passed, keep scene data. anchors size: 0
03-27 07:13:33.980 18091 18205 I [CT]    : HandPoseSampler: Filter reset
03-27 07:13:33.980 18091 18205 I InputDevice_Hand: HANDTRACKING ADMIRE hand 0: hpm=1 -> shared=0
03-27 07:13:33.980 18091 18205 I [CT]    : HandPoseSampler: Filter reset
03-27 07:13:33.980 18091 18205 I InputDevice_Hand: HANDTRACKING ADMIRE hand 1: hpm=1 -> shared=0
03-27 07:13:33.990 18091 18205 I [CT]    : HandPoseSampler: Filter reset
03-27 07:13:33.990 18091 18205 I InputDevice_Hand: HANDTRACKING ADMIRE hand 0: hpm=1 -> shared=0
03-27 07:13:33.990 18091 18205 I [CT]    : HandPoseSampler: Filter reset
03-27 07:13:33.990 18091 18205 I InputDevice_Hand: HANDTRACKING ADMIRE hand 1: hpm=1 -> shared=0
03-27 07:13:33.993 18224 18352 I [CT]    : SP:AF:AnchorFramework: calculateRigidScenePose: Located 14 / 14 anchors in fd4ff835-375f-eff7-378d-3df1f3bd4165 for calculating rigid scene pose for com.oculus.guardian
03-27 07:13:33.994 18224 18352 I [CT]    : SP:AF:AnchorAccuracy: New Rigid Scene calculated using 14 anchors attached to 1 IAs. 0.12288975200499408 seconds since last update
03-27 07:13:33.994 18224 18352 I [CT]    : SP:AF:AnchorAccuracy: Translation difference (mean/min/max): 0.01706822040224714 0.0024851555936038494 0.04277076572179794
03-27 07:13:33.994 18224 18352 I [CT]    : SP:AF:AnchorAccuracy: Rotation difference (mean/min/max): 0.010193154548427888 0.009306193329393864 0.021653221920132637
03-27 07:13:33.994 18224 18352 I [CT]    : SP:AF:AnchorAccuracy: New scene origin pose: -0.2311510145664215 -0.0041374810971319675 -4.677220931625925e-05 : 0.5094249248504639 -0.5094249248504639 -0.4903939664363861 -0.4903939366340637
03-27 07:13:33.994 18224 18352 I [CT]    : SP:AF:AnchorAccuracy: New scene origin pose moved: 3.490412154860678e-06 translation 6.329048005682125e-07 rotation
03-27 07:13:33.995  1419  3523 D CoreBackPreview: Window{6e46196 u0 is.xyz.omw.debug/ui.activity.VrEntryActivity}: Setting back callback OnBackInvokedCallbackInfo{mCallback=android.window.IOnBackInvokedCallback$Stub$Proxy@e91927a, mPriority=0, mIsAnimationCallback=false}
03-27 07:13:33.999 18091 18205 I [CT]    : HandPoseSampler: Filter reset
03-27 07:13:33.999 18091 18205 I InputDevice_Hand: HANDTRACKING ADMIRE hand 0: hpm=1 -> shared=0
03-27 07:13:33.999 18091 18205 I [CT]    : HandPoseSampler: Filter reset
03-27 07:13:33.999 18091 18205 I InputDevice_Hand: HANDTRACKING ADMIRE hand 1: hpm=1 -> shared=0
03-27 07:13:34.011 16746 16780 I AdrenoGLES-0: QUALCOMM build                   : 3dbacedba8, I13e643cb5c
03-27 07:13:34.011 16746 16780 I AdrenoGLES-0: Build Date                       : 01/12/26
03-27 07:13:34.011 16746 16780 I AdrenoGLES-0: OpenGL ES Shader Compiler Version: E031.50.14.00
03-27 07:13:34.011 16746 16780 I AdrenoGLES-0: Local Branch                     : 
03-27 07:13:34.011 16746 16780 I AdrenoGLES-0: Remote Branch                    : refs/tags/AU_LINUX_ANDROID_LA.VENDOR.12.3.11.00.00.934.442
03-27 07:13:34.011 16746 16780 I AdrenoGLES-0: Remote Branch                    : NONE
03-27 07:13:34.011 16746 16780 I AdrenoGLES-0: Reconstruct Branch               : NOTHING
03-27 07:13:34.011 16746 16780 I AdrenoGLES-0: Build Config                     : S P 12.1.6 AArch64
03-27 07:13:34.011 16746 16780 I AdrenoGLES-0: Driver Path                      : /vendor/lib64/egl/libGLESv2_adreno.so
03-27 07:13:34.011 16746 16780 I AdrenoGLES-0: Driver Version                   : 0837.0.7
03-27 07:13:34.011 16746 16780 I AdrenoGLES-0: Process Name                     : is.xyz.omw.debug
03-27 07:13:34.013 18091 18205 I [CT]    : HandPoseSampler: Filter reset
03-27 07:13:34.013 18091 18205 I InputDevice_Hand: HANDTRACKING ADMIRE hand 0: hpm=1 -> shared=0
03-27 07:13:34.013 18091 18205 I [CT]    : HandPoseSampler: Filter reset
03-27 07:13:34.013 18091 18205 I InputDevice_Hand: HANDTRACKING ADMIRE hand 1: hpm=1 -> shared=0
03-27 07:13:34.015 16746 16746 I OpenGLRenderer: setStopped(0)
03-27 07:13:34.017 16746 16780 I AdrenoGLES-0: PFP: 0x01511181, ME: 0x00000000
03-27 07:13:34.020 16746 16780 W Adreno-AppProfiles: Could not find QSPM HAL service. Skipping adreno profile processing.
03-27 07:13:34.020  1419  1445 I OculusWindowMgr: OWMS::focusChanged: windowRootTaskId: 3
03-27 07:13:34.020  1419  1445 I OculusWindowMgr: OWMS::focusChanged: getImmersiveTask returned
03-27 07:13:34.020  1419  1445 I OculusWindowMgr: OWMS::focusChanged: matchedTaskId: 3
03-27 07:13:34.021  1419  2999 D ActivityTaskManager: getDisplaysWithTopActivities: immersive ActivityRecord{25cc003 u0 is.xyz.omw.debug/ui.activity.VrEntryActivity t9682}
03-27 07:13:34.021  2697  2697 I ClientMgrFocus: FocusedWindowChanged: focusedWindowUid_ = 10029 is changed so not looking for client with uid = 10065
03-27 07:13:34.021  1419  2160 D VolumetricContentMonitor: Focused window changed to RunningWindowInfo{  pid: 16746, uid: 10065, userId: 0, windowContainerToken: 49855019, windowToken: android.view.IWindow$Stub$Proxy@4e28e88, windowId: com.android.server.wm.WindowState$WindowId@1145021, displayId: 0, windowType: 2, activity: RunningActivityInfo { rootTask: 3, uid: 10065, pid: 16746, userId: 0, activity: ui.activity.VrEntryActivity, windowId: com.android.server.wm.WindowState$WindowId@965c46, state: ACTIVITY_STATE_VISIBLE}}, from android.view.IWindow$Stub$Proxy@eec0bb2
03-27 07:13:34.021  2697  2697 W ClientMgrFocus: FocusedWindowChanged: Can't find client for uid = 10065 pid = 16746 when focusedWindowUid_ = 10029
03-27 07:13:34.021  2697  2697 W ClientMgrFocus:  Dump of client list: 
03-27 07:13:34.021  2697  2697 W ClientMgrFocus: id 0xab362515, pid 1671, uid 1000, packageName native_process.system, clientName VrRuntimeClient-1, processName /system/bin/surfaceflinger, processNameWithPID /system/bin/surfaceflinger:1671, launchId , permissionFlags 4, clientType 5, clientFlags 0, isApplication=true, isOsApp=false, clientSessionPlacement 4294967295, clientDisplayId 0, clientVWToken 00000000000000000000000000000000
03-27 07:13:34.021  2697  2697 W ClientMgrFocus: id 0xd9af031b, pid 18224, uid 10016, packageName com.oculus.guardian, clientName VrRuntimeClient-1, processName com.oculus.vrguardianservice, processNameWithPID com.oculus.vrguardianservice:18224, launchId , permissionFlags 5d, clientType 2, clientFlags 1, isApplication=false, isOsApp=false, clientSessionPlacement 4294967293, clientDisplayId -1, clientVWToken 00000000000000000000000000000000
03-27 07:13:34.021  2697  2697 W ClientMgrFocus: id 0x788ea906, pid 18091, uid 10029, packageName com.oculus.vrshell, clientName VrRuntimeClient-1, processName com.oculus.vrshell, processNameWithPID com.oculus.vrshell:18091, launchId , permissionFlags 6d, clientType 1, clientFlags 1, isApplication=false, isOsApp=false, clientSessionPlacement 2147483647, clientDisplayId -1, clientVWToken 00000000000000000000000000000000
03-27 07:13:34.021  2697  2697 W ClientMgrFocus: id 0xcf254f9f, pid 1168, uid 1000, packageName native_process.system, clientName VrRuntimeClient-1, processName /system_ext/bin/mrsystemservice, processNameWithPID /system_ext/bin/mrsystemservice:1168, launchId , permissionFlags 40, clientType 3, clientFlags 0, isApplication=true, isOsApp=false, clientSessionPlacement 2147483774, clientDisplayId 0, clientVWToken 00000000000000000000000000000000
03-27 07:13:34.022  2697  2697 I ClientMgrFocus: FocusedClient changed from com.oculus.vrshell:18091 to 
03-27 07:13:34.022  2697  2697 W ClientMgrFocus: ClientMgr::SetFocusedClient: No focused client
03-27 07:13:34.022  2697  2697 I ClientMgrFocus: Releasing clocks.
03-27 07:13:34.022  2697  2697 I ClientMgrFocus: ClientMgr::SetFocusedClient: Updating Focus State: 0 for Client: /system/bin/surfaceflinger:1671, Client DisplayId: 0
03-27 07:13:34.022  2697  2697 I ClientMgrFocus: ClientMgr::SetFocusedClient: Updating Focus State: 0 for Client: com.oculus.vrguardianservice:18224, Client DisplayId: -1
03-27 07:13:34.022  2697  2697 I ClientMgrFocus: ClientMgr::SetFocusedClient: Updating Focus State: 0 for Client: com.oculus.vrshell:18091, Client DisplayId: -1
03-27 07:13:34.022  2697  2697 I ClientMgrFocus: ClientMgr::SetFocusedClient: Updating Focus State: 0 for Client: /system_ext/bin/mrsystemservice:1168, Client DisplayId: 0
03-27 07:13:34.022  2697  2697 I ClientMgrFocus: Clearing focused package name. Previous focused client was: 
03-27 07:13:34.022  2697  2697 I ClientMgrFocus: SetFocusedPackageName - packageName  processName  clientId 0 clientPid 0
03-27 07:13:34.022 16746 16780 I AdrenoUtils: <ReadGpuID:1293>: Reading chip ID through GSL
03-27 07:13:34.022  1419  1419 D SpatialAudioService: Skipping processing for app: is.xyz.omw.debug (isNewApp: false, epsService: true)
03-27 07:13:34.023  1419  1419 V WorldManagerService: VW Content Listener: is.xyz.omw.debug -1
03-27 07:13:34.023   421   421 I hwservicemanager: getTransport: Cannot find entry android.hardware.configstore@1.0::ISurfaceFlingerConfigs/default in either framework or device VINTF manifest.
03-27 07:13:34.025 18091 18205 I [CT]    : HandPoseSampler: Filter reset
03-27 07:13:34.025 18091 18205 I InputDevice_Hand: HANDTRACKING ADMIRE hand 0: hpm=1 -> shared=0
03-27 07:13:34.025 18091 18205 I [CT]    : HandPoseSampler: Filter reset
03-27 07:13:34.025 18091 18205 I InputDevice_Hand: HANDTRACKING ADMIRE hand 1: hpm=1 -> shared=0
03-27 07:13:34.025 18091 18703 D [SEO] ActivityManagerUtilsHelperImpl: onFocusedWindowChanged: Instance: com.oculus.common.activitymanager.ActivityManagerUtilsHelperImpl@be4b16a, topWindowUid: 10065, focusedApp: is.xyz.omw.debug, previousApp: com.oculus.vrshell
03-27 07:13:34.025 18091 18091 D ToastsActivity: Received ActivityStateChanges - is.xyz.omw.debug
03-27 07:13:34.030  2697  3402 I SystemButtonHandler: setInhibitHandleHomeKey : false
03-27 07:13:34.031  2697  3402 I XrPerformanceManager: Switching MainState: from_state: InHomeVr -> to_state: ImmersiveAppVr
03-27 07:13:34.031 16746 16780 E OpenGLRenderer: Unable to match the desired swap behavior.
03-27 07:13:34.031 16746 16746 I OpenGLRenderer: setStopped(0): complete
03-27 07:13:34.032 18091 18205 I [CT]    : HandPoseSampler: Filter reset
03-27 07:13:34.032 18091 18205 I InputDevice_Hand: HANDTRACKING ADMIRE hand 0: hpm=1 -> shared=0
03-27 07:13:34.032 18091 18205 I [CT]    : HandPoseSampler: Filter reset
03-27 07:13:34.032 18091 18205 I InputDevice_Hand: HANDTRACKING ADMIRE hand 1: hpm=1 -> shared=0
--------- beginning of kernel
03-27 07:13:33.991     0     0 I servicemanager: Could not find android.hardware.graphics.allocator.IAllocator/default in the VINTF manifest.
03-27 07:13:34.037 16746 16746 I OpenGLRenderer: setStopped(0)
03-27 07:13:33.994     0     0 I servicemanager: Could not find android.hardware.graphics.allocator.IAllocator/default in the VINTF manifest.
03-27 07:13:34.042 18091 18205 I [CT]    : HandPoseSampler: Filter reset
03-27 07:13:34.042 18091 18205 I InputDevice_Hand: HANDTRACKING ADMIRE hand 0: hpm=1 -> shared=0
03-27 07:13:34.042 18091 18205 I [CT]    : HandPoseSampler: Filter reset
03-27 07:13:34.042 18091 18205 I InputDevice_Hand: HANDTRACKING ADMIRE hand 1: hpm=1 -> shared=0
03-27 07:13:34.047 16746 16746 I OpenGLRenderer: setStopped(0): complete
03-27 07:13:34.055   920 14201 I VD628x  : Flicker results: freq 120.000000, max 119.921654, dcr 32.972752, pct 0.041889, idx 0.013244, conf 0.879257, snr 8.783729, svm 0.069480, sus 0
03-27 07:13:34.058 18091 18205 I [CT]    : HandPoseSampler: Filter reset
03-27 07:13:34.058 18091 18205 I InputDevice_Hand: HANDTRACKING ADMIRE hand 0: hpm=1 -> shared=0
03-27 07:13:34.058 18091 18205 I [CT]    : HandPoseSampler: Filter reset
03-27 07:13:34.058 18091 18205 I InputDevice_Hand: HANDTRACKING ADMIRE hand 1: hpm=1 -> shared=0
03-27 07:13:34.070 18091 18205 I [CT]    : HandPoseSampler: Filter reset
03-27 07:13:34.070 18091 18205 I InputDevice_Hand: HANDTRACKING ADMIRE hand 0: hpm=1 -> shared=0
03-27 07:13:34.070 18091 18205 I [CT]    : HandPoseSampler: Filter reset
03-27 07:13:34.070 18091 18205 I InputDevice_Hand: HANDTRACKING ADMIRE hand 1: hpm=1 -> shared=0
03-27 07:13:34.072 18091 18205 I OpenXR_Anchor: xrQuerySpacesFB: split anchor query enabled
03-27 07:13:34.073  4500 18556 I [CT]    : SP:AP:AnchorPersistenceRuntimeIpcServer: checkRPC start: sessionUuid:de76105c-3765-3cfc-f025-996364c4337d, clientId:3936617581, givenPackageName:com.oculus.vrshell
03-27 07:13:34.073  4500 18556 I [CT]    : SP:AP:AnchorPersistenceRuntimeIpcServer: checkPackageAccess - detectedPackageName:com.oculus.vrshell, detectedProcessName:com.oculus.vrshell, givenPackageName:com.oculus.vrshell
03-27 07:13:34.073  4500 18556 I [CT]    : SP:AP:AnchorPersistenceRuntimeIpcServer: checkRPC package name matches: sessionUuid:de76105c-3765-3cfc-f025-996364c4337d, clientId:3936617581, givenPackageName:com.oculus.vrshell, detectedPackageName:com.oculus.vrshell, detectedProcessName:com.oculus.vrshell
03-27 07:13:34.073  4500 18556 I [CT]    : SP:AP:AnchorPersistenceRuntimeIpcServer: queryAvailableAnchorsSMV2: clientId: 3936617581, maxAnchors: 500, filter: 0, queryMultipleRoomsEnabledByOpenXrVersion: true, source: 1, appId: com.oculus.vrshell
03-27 07:13:34.073  4500 18556 I [CT]    : SP:AP:AnchorPersistenceConfig: getSceneRuntimePermissionEnabled: USE_SCENE permission is enabled on this device
03-27 07:13:34.073  4500 18556 I [CT]    : SP:AP:AnchorPersistenceScenePermissions: hasClientGrantedScenePermission: USE_SCENE permission is enabled on this device, check client 3936617581, grant is true
03-27 07:13:34.074  4500 18556 I [CT]    : SP:AP:AnchorPersistenceConfig: getSceneRuntimePermissionEnabled: USE_SCENE permission is enabled on this device
03-27 07:13:34.075  4500 18556 I [CT]    : SP:SceneAnchorFilterUtil: filterSceneDataByPermission: com.oculus.vrshell permission check passed, keep scene data. anchors size: 0
03-27 07:13:34.079  1419  3523 D CoreBackPreview: Window{1276c0f u0 is.xyz.omw.debug/ui.activity.VrEntryActivity}: Setting back callback OnBackInvokedCallbackInfo{mCallback=android.window.IOnBackInvokedCallback$Stub$Proxy@446ce07, mPriority=0, mIsAnimationCallback=false}
03-27 07:13:34.081 18091 18205 I [CT]    : HandPoseSampler: Filter reset
03-27 07:13:34.081 18091 18205 I InputDevice_Hand: HANDTRACKING ADMIRE hand 0: hpm=1 -> shared=0
03-27 07:13:34.081 18091 18205 I [CT]    : HandPoseSampler: Filter reset
03-27 07:13:34.081 18091 18205 I InputDevice_Hand: HANDTRACKING ADMIRE hand 1: hpm=1 -> shared=0
03-27 07:13:34.083 18091 18205 I Shell   : ImmersiveTransitionSystem : immersive transition event: init=2e+12  sh=CTTI,CTIS,FETR,BETR,CTIA,CTIN,CTTI,CTIS,CTTO,CTIA,BETR,CTIN,CTTI,CTTI,CTTI,CTIS  sct=01949b2c,01949d9f,019f180c,019f180d,019f1820,019f1837,019f185b,019f1ab6,019f1ac2,019f2138,019f7199,019f71dd,019f7206,019f721a,019f7227,019f748b,
03-27 07:13:34.083 18091 18205 I [SEO] TransitionsController: Updating System RunMode from Vr to ImmersiveTransition
03-27 07:13:34.083 18091 18205 I Shell   : [OnDemand] Set pending SystemRunMode: ImmersiveTransition
03-27 07:13:34.083 18091 18205 I [SEO] TravelController: OnImmersiveTransitionStart: for package is.xyz.omw.debug
03-27 07:13:34.083 18091 18205 I [SEO] WorldManager: SetMRHomeWorldPassthrough, enable: 0, reason Removing MR Home World PT on ClearVisualHomeState
03-27 07:13:34.083 18091 18205 I Shell   : ImmersiveTransitionSystem: Changed state from TransitionIn to Interstitial
03-27 07:13:34.090   898 18980 E perfservice: DspDCVSPower: Invalid DSP DCVS QE config: 
03-27 07:13:34.090   898 21676 E perfservice: DspDCVSPower: Invalid DSP DCVS QE config: 
03-27 07:13:34.091 16746 16780 E OpenGLRenderer: Unable to match the desired swap behavior.
03-27 07:13:34.091   898 21676 E perfservice: DspDCVSPower: Invalid DSP DCVS QE config: 
03-27 07:13:34.091   898 21676 E perfservice: DspDCVSPower: Invalid DSP DCVS QE config: 
03-27 07:13:34.092   898  1065 E perfservice: End applying 'END_HINT' from hint 'VR_MODE_OVERRIDE_FOREGROUND_TO_CONTENT_CORES' - Failed after 5 retries - Latency: 1.943ms
03-27 07:13:34.092   898  1065 E perfservice:   >> Failed final validation: /sys/block/dm-0/queue/read_ahead_kb=512
03-27 07:13:34.092   898  1065 E perfservice:   >> Failed final validation: /sys/block/dm-1/queue/read_ahead_kb=512
03-27 07:13:34.093   898  1065 E perfservice: End applying 'START_HINT' from hint 'FLOAT_PANEL_APPS' - Failed after 5 retries - Latency: 1.253ms
03-27 07:13:34.093   898  1065 E perfservice:   >> Failed final validation: /sys/block/dm-0/queue/read_ahead_kb=512
03-27 07:13:34.093   898  1065 E perfservice:   >> Failed final validation: /sys/block/dm-1/queue/read_ahead_kb=512
03-27 07:13:34.093 18091 18205 I [CT]    : HandPoseSampler: Filter reset
03-27 07:13:34.093 18091 18205 I InputDevice_Hand: HANDTRACKING ADMIRE hand 0: hpm=1 -> shared=0
03-27 07:13:34.093 18091 18205 I [CT]    : HandPoseSampler: Filter reset
03-27 07:13:34.093 18091 18205 I InputDevice_Hand: HANDTRACKING ADMIRE hand 1: hpm=1 -> shared=0
03-27 07:13:34.095 18091 18205 I Shell   : [OnDemand] Set SystemRunMode to ImmersiveTransition
03-27 07:13:34.095 18091 18205 I Shell   : [OnDemand] Unloading System: EnvironmentSystem
03-27 07:13:34.095 18091 18205 I Shell   : EnvironmentSystem : env state changed: init=0.000000  sh=ULOD,VIST,INVL,ULOD,VIST,ULOD,VIST,ULOD,VIST,ULOD,VIST,INVL,ULOD,VIST,INVL,ULOD  sct=ffffffff,ffffffff,ffffffff,ffffffff,ffffffff,ffffffff,ffffffff,ffffffff,ffffffff,ffffffff,ffffffff,ffffffff,ffffffff,ffffffff,ffffffff,ffffffff,  envEnabled=0
03-27 07:13:34.095 18091 18205 I Shell   : EnvironmentSystem: Unloading Environment
03-27 07:13:34.095 18091 18205 I Shell   : ImmersiveTransitionSystem: Received HsrEnvironmentEvent isEnabled: 0
03-27 07:13:34.095 18091 18205 I Shell   : EnvironmentSystem: Scene loaded: <none>
03-27 07:13:34.095 18091 18205 I ShellHsr: Asset: Unregistering asset loader 'LooseFileAssetLoader' from asset context 0
03-27 07:13:34.098 18091 18205 I Shell   : closing archive: com.meta.shell.env.footprint.haven2025/assets/scene.zip (262.zip)
03-27 07:13:34.101 18091 18205 I Shell   : EnvironmentSystem: Unregistering HSR template for asset 30490662667199654:6381287006332705820:2719744159
03-27 07:13:34.103 18091 18205 I ShellHsr: Asset: Unregistering asset loader 'LooseFileAssetLoader' from asset context 0
03-27 07:13:34.103 18091 18205 I Shell   : closing archive: com.meta.shell.env.vista.central/assets/scene.zip (263.zip)
03-27 07:13:34.104 18091 14209 I VrApi   : FPS=80/90,Prd=23ms,Tear=0,Early=0,Stale=0,Stale2/5/10/max=0/0/0/0,VSnc=1,Lat=-4,Fov=3,CPU4/GPU=-1/-1,1920/545MHz,OC=3F,TA=0/0/0,SP=N/N/N,Mem=3196MHz,Free=3749MB,PLS=0,Temp=36.0C/0.0C,TW=1.77ms,App=2.22ms,GD=0.00ms,CPU&GPU=16.52ms,LCnt=4(DR0,LM0),GPU%=0.23,CPU%=0.38(W0.42),CFL=12.05/15.59,ICFLp95=14.26,LD=0,CABC=1,SF=1.00,LP=1,DVFS=0,ShrpLCnt=1,ShrpR=0.000,SSLCnt=1/2,Preempt=194,PoseAgeP95=0.00
03-27 07:13:34.104 18091 14209 I VrApi   : ASW=0,Type=PTWFromStereo,E=0.000/0.000,D=0.000/0.000
03-27 07:13:34.122 18091 18205 I Shell   : EnvironmentSystem: Unregistering HSR template for asset 30114897121488761:16432111804748061285:2719744159
03-27 07:13:34.123 18091 18205 W Shell   : EnvironmentSystem: Deleting prefab 1009103
03-27 07:13:34.144 18091 18205 I Shell   : [OnDemand] Unloading System: PortalSystem
03-27 07:13:34.145 18091 18205 I Shell   : PortalSystem - Freeing assets
03-27 07:13:34.145 18091 18205 I ShellHsr: Asset: Unregistering asset loader 'LooseFileAssetLoader' from asset context 0
03-27 07:13:34.145 18091 18205 I ShellHsr: Asset: Unregistering asset loader 'LooseFileAssetLoader' from asset context 0
03-27 07:13:34.146 18091 18205 I Shell   : PortalSystem: Deleting template prefab: 1009101
03-27 07:13:34.146 18091 18205 I ShellHsr: Asset: Unregistering asset loader 'LooseFileAssetLoader' from asset context 0
03-27 07:13:34.146 18091 18205 I Shell   : PortalSystem: Deleting template prefab: 1009102
03-27 07:13:34.146 18091 18205 I ShellHsr: Asset: Unregistering asset loader 'LooseFileAssetLoader' from asset context 0
03-27 07:13:34.146 18091 18205 I Shell   : [OnDemand] Unloading System: CameraToolSystem
03-27 07:13:34.146 18091 18205 I Shell   : [OnDemand] Unloading System: InitialSceneSystem
03-27 07:13:34.146 18091 18205 I Shell   : [AvaCamSystem] Overlay mode, no avacam allowed
03-27 07:13:34.146 18091 18205 I Shell   : [HsrVirtualCameraSystem] Run mode changed from 1 to 4
03-27 07:13:34.146 18091 18205 I Shell   : PassthroughFeatureRendererSystem::systemRunModeChanged 4
03-27 07:13:34.146 18091 18205 I Shell   : Clearing shader cache
03-27 07:13:34.146 18091 18205 I Shell   : UnifiedShellSystem systemRunModeChanged mode=4
03-27 07:13:34.146 18091 18205 I Shell   : OpenXRSystem - Eye tracking is allowed
03-27 07:13:34.146 18091 18205 I Shell   : OpenXRSystem - Face tracking is allowed
03-27 07:13:34.146 18091 18205 I Shell   : Dynamic fov disabled.
03-27 07:13:34.146 18091 18205 I Shell   : Lightprobe debug disabled.
03-27 07:13:34.147 18091 18205 I Shell   : Lightprobe sampling offset enabled.
03-27 07:13:34.147 18091 18205 I Shell   : Panel shading normal offset changed to 0.000000
03-27 07:13:34.147 18091 18205 I Shell   : Light probe wipe in delay changed to 0.800000
03-27 07:13:34.147 18091 18205 I Shell   : Light probe wipe out delay changed to 0.700000
03-27 07:13:34.147 18091 18205 W Shell   : OpenXRSystem: Environment depth provider already exists, ignoring
03-27 07:13:34.147 18091 18205 I Shell   : [AvaCamSystem] Background image setting to: Light
03-27 07:13:34.147 18091 18205 I Shell   : [AvaCamSystem] Relighting setting to: Neutral
03-27 07:13:34.147 18091 18205 I Shell   : [AvaCamSystem] update active render system
03-27 07:13:34.147 18091 18205 I Shell   : [HSRVirtualCameraSystem] Setting zoom level to 0.000000
03-27 07:13:34.147 18091 18205 I Shell   : Set Lens Visibility Mask: None
03-27 07:13:34.147 18091 18205 I Shell   : SpatialUnitSystem::SetDebugDrawEanbled: 0
03-27 07:13:34.147 18091 18205 W Shell   : HsrLocomotionSystem::teleportPlayerToLoadPosition Invalid environment root cannot teleport player
03-27 07:13:34.148 18091 18205 I Shell   : HologramCallingSystem: setVisualizationMode(3)
03-27 07:13:34.148 18091 18205 I ShellHsr: Telemetry: Setting SystemRunMode: ImmersiveTransition
03-27 07:13:34.148 18091 18205 I Shell   : ImmersiveTransitionSystem: Move pathway renderables to eyebuffer
03-27 07:13:34.148 18091 18205 I Shell   : ImmersiveTransitionSystem: Unregistering attachment swap before destroying layer
03-27 07:13:34.148 18091 18205 I ShellHsr: Renderer: MHE internal image wrapping external resource destroyed.  Vulkan image: 0x75169a4700  Format: R8G8B8A8Srgb  Dimensions: 1680x1760x1  Mip count: 1  Sample count: 1
03-27 07:13:34.148 18091 18205 I ShellHsr: Renderer: MHE internal image wrapping external resource destroyed.  Vulkan image: 0x75169a3d00  Format: R8G8B8A8Srgb  Dimensions: 1680x1760x1  Mip count: 1  Sample count: 1
03-27 07:13:34.148 18091 18205 I ShellHsr: Renderer: MHE internal image wrapping external resource destroyed.  Vulkan image: 0x7516940c00  Format: R8G8B8A8Srgb  Dimensions: 1680x1760x1  Mip count: 1  Sample count: 1
03-27 07:13:34.148 18091 18205 I Shell   : TrackedObjectsSystem::_setKeyboardRenderingEnabled: (type 0) false
03-27 07:13:34.148 18091 18205 I Shell   : TrackedObjectsSystem::_setKeyboardRenderingEnabled: (type 1) false
03-27 07:13:34.148 18091 18205 I Shell   : TrackedObjectsSystem::_setInputSuppressionEnabled: (type 0) false
03-27 07:13:34.148 18091 18205 I [SEO] ShellApplication: sendRemoteDesktopKeyboardDetection: (detected:false, trackingEnabled:false)
03-27 07:13:34.150 18091 18205 I Shell   : TrackedObjectsSystem::_setRemoteDesktopKeyboardDetectionEnabled_: false
03-27 07:13:34.150 18091 18205 I Shell   : TrackedObjectsSystem::SetGtkTrackerEnabled: false, anchor engine: Anchora
03-27 07:13:34.150 18091 18205 I OpenXR_DynamicObject: ------------ xrDestroyDynamicObjectTrackerMETA -----------
03-27 07:13:34.150 18091 18205 I Shell   : OpenXRSystem - Destroyed DynamicObjectTrackers
03-27 07:13:34.150 18091 18205 I [SEO] AnchorManagementSystem: Setting anchor provider mr_dynamic_object active state to false
03-27 07:13:34.150 19731 19731 I BackgroundService: onStartCommand, action [com.oculus.intent.action.REPORT_KEYBOARD_PRESENCE]
03-27 07:13:34.151 18091 18321 I [CT]    : SP:AF:SceneManagerTrackerRegistry: removeEnabledTrackerTypeForApiExtSuite: DYNAMIC_OBJECT tracker is disabled for META API.
03-27 07:13:34.151 18091 18321 I [CT]    : SP:AF:AnchorFramework: coroDestroyDynamicObjectTracker: Scene Manager enabled
03-27 07:13:34.151 18091 18321 I [CT]    : SP:SM:SceneManagerRuntimeIpcClient: setTrackerStatus: trackerType: SceneManagerTrackerType::DYNAMIC_OBJECT(5), trackerMode: TrackerMode::DISABLED(2), appId: com.oculus.vrshell
03-27 07:13:34.151  4500 18522 I [CT]    : SP:AP:AnchorPersistenceRuntimeIpcServer: checkRPC start: sessionUuid:de76105c-3765-3cfc-f025-996364c4337d, clientId:2824863717, givenPackageName:com.oculus.vrshell
03-27 07:13:34.151  4500 18522 I [CT]    : SP:AP:AnchorPersistenceRuntimeIpcServer: checkPackageAccess - detectedPackageName:com.oculus.vrshell, detectedProcessName:com.oculus.vrshell, givenPackageName:com.oculus.vrshell
03-27 07:13:34.151  4500 18522 I [CT]    : SP:AP:AnchorPersistenceRuntimeIpcServer: checkRPC package name matches: sessionUuid:de76105c-3765-3cfc-f025-996364c4337d, clientId:2824863717, givenPackageName:com.oculus.vrshell, detectedPackageName:com.oculus.vrshell, detectedProcessName:com.oculus.vrshell
03-27 07:13:34.151  4500 18522 I [CT]    : SP:AP:AnchorPersistenceRuntimeIpcServer: setTrackerStatusSM: clientId: 2824863717, trackerType: SceneManagerTrackerType::DYNAMIC_OBJECT(5), trackerEnabled: false, appId: com.oculus.vrshell, planeApplicationType: PlaneDetectionApplication::Invalid(-1)
03-27 07:13:34.151  4500 18522 I [CT]    : SP:SM:SceneManager: setTrackerStatus: trackerType: SceneManagerTrackerType::DYNAMIC_OBJECT(5), trackerMode: TrackerMode::DISABLED(2), appId: com.oculus.vrshell
03-27 07:13:34.151  4500 18522 I [CT]    : SP:SM:SceneAnchorAggregator: setTrackerStatus: appId: com.oculus.vrshell, trackerType: SceneManagerTrackerType::DYNAMIC_OBJECT(5), trackerMode: TrackerMode::DISABLED(2)
03-27 07:13:34.152  4500  4806 I [CT]    : SP:SM:SceneAnchorAggregator: disableTrackerUpdates: trackerType: SceneManagerTrackerType::DYNAMIC_OBJECT(5)
03-27 07:13:34.152  4500  4806 I [CT]    : SP:SM:SceneAnchorAggregator: destroyTracker: trackerType: SceneManagerTrackerType::DYNAMIC_OBJECT(5)
03-27 07:13:34.152 18091 18205 I ShellHsr: Config: ConfigChanged: horizon::avatars_core::AvatarsCoreConfig v166 (LocalConfigChange)
03-27 07:13:34.152  4500  4806 I DynamicObjectClient: Destroy Dynamic Object Tracker
03-27 07:13:34.153  2697  4827 I DynamicObjectTrackingServer: destrying tracker at server side
03-27 07:13:34.153 19731 19731 I BackgroundService: HorizonOsApiAvailability.isExperimentalSettingsBugFixed(): true
03-27 07:13:34.154 19731 19731 I DiscoveryService: notifyKeyboardDetected(): detected=false
03-27 07:13:34.155 19731 19731 I WinAppStatusRepository: Listener already unregistered
03-27 07:13:34.155   897 19507 I Tracking: KEYBOARD: ObjectTrackingEngine::stopTrackingKeyboard(): Requesting to stop tracking keyboard id = 1000043.
03-27 07:13:34.155   897 19507 I Tracking: KEYBOARD: Stopped tracking keyboardId = 1000043.
03-27 07:13:34.156  1175  1803 I TrackingFidelityService: Request(s)={keyboard:0,}
03-27 07:13:34.156  1175  1803 D TrackingFidelityService: TrackingFidelitySharedMemory - setFeatureFidelity: 16 0
03-27 07:13:34.156 18091 18205 I [SEO] ShellFrameAnalytics: ShellFrame frameFunction: 17293us/250578us, trace: 0us/191us, process commands: 8us/617us, system update: 154us/1057us, render 39us/745us, post render 0us/0us, input processing 1677us/5444us, input dispatch 147us/1039us, stale frames: 5353, refresh rate: 90
03-27 07:13:34.157  1175  1803 I TrackingFidelityService: Request(s)={keyboard:0,hands:0,scene_reconstruction:0,constellation:5,}, Mux mode idx=1, name=lowLightControllerFlood, score=-1025
03-27 07:13:34.157  1175  1803 I TrackingFidelityService: beginTransition[worldTracking]: lowLightControllerObjectFlood(3)->lowLightControllerFlood(1)
03-27 07:13:34.157  1175  1803 I TrackingFidelityService: _applyMuxModeLockedInternal: Applying camera mux mode lowLightControllerFlood via requestFeaturesWithFidelitiesLocked
03-27 07:13:34.157   927 19390 I SensorService: [worldTracking] Setting camera mux mode to 1
03-27 07:13:34.157   927 19390 I SensorService: updating CameraStream mux states
03-27 07:13:34.157   927  1743 E SensorService: Error Notification does not match current mux state: ,  
03-27 07:13:34.158   897  1854 I VrSensors-HidlWrapper: Sending mux states (multiple) update to client
03-27 07:13:34.158   897  1854 I SensorDataTransforms: [constellation:ambient_controller] Staging mux mode updates for {worldTracking: ind-1, seqId-730},
03-27 07:13:34.158   897  1854 I SensorDataTransforms: [constellation:ambient_controller] Signaling start of the mode transition
03-27 07:13:34.158   897  1854 I TrackingService: [constellation:ambient_controller] Start configuration update starting
03-27 07:13:34.158   897  1854 I TrackingService: [constellation:ambient_controller] Start configuration update done
03-27 07:13:34.158   897  1854 I SensorDataTransforms: [constellation:ambient_controller] Mux mode updates successfully staged
03-27 07:13:34.158   897  1854 D TrackingService: [constellation:ambient_controller]Queue mux mode update notification: lowLightControllerFlood
03-27 07:13:34.158   927 20506 E SensorService: Error Notification does not match current mux state: ,  
03-27 07:13:34.158   897  1853 D TrackingService: [ambient_controller]start onMuxStateUpdate. ModeId: lowLightControllerObjectFlood -> lowLightControllerFlood
03-27 07:13:34.158   897  1853 D TrackingService: [constellation][ambient_controller]handleMuxModeNotification started for muxMode[worldTracking: lowLightControllerFlood]
03-27 07:13:34.158   897  1858 I VrSensors-HidlWrapper: Sending mux states (multiple) update to client
03-27 07:13:34.158   897  1853 D TrackingService: [constellation][ambient_controller]handleMuxModeNotification finished for muxMode[worldTracking: lowLightControllerFlood]
03-27 07:13:34.158   897  1853 D TrackingService: [ambient_controller]end onMuxStateUpdate. ModeId: lowLightControllerObjectFlood -> lowLightControllerFlood
03-27 07:13:34.158   897  1853 I TrackingService: [constellation:ambient_controller] Mux Mode Transition from sensor service: lowLightControllerObjectFlood -> lowLightControllerFlood transition time: 0 ms
03-27 07:13:34.158   897  1858 I SensorDataTransforms: [iobt:iobt] Staging mux mode updates for {worldTracking: ind-1, seqId-730},
03-27 07:13:34.158   927  1743 E SensorService: Error Notification does not match current mux state: ,  
03-27 07:13:34.158   897  1858 I SensorDataTransforms: [iobt:iobt] Mux mode updates successfully staged
03-27 07:13:34.158   897  1858 D TrackingService: [iobt:iobt]Queue mux mode update notification: lowLightControllerFlood
03-27 07:13:34.158   927  1743 E SensorService: Error Notification does not match current mux state: ,  
03-27 07:13:34.158   897  1848 I VrSensors-HidlWrapper: Sending mux states (multiple) update to client
03-27 07:13:34.158   897  1848 I SensorDataTransforms: [iot:iot] Staging mux mode updates for {worldTracking: ind-1, seqId-730},
03-27 07:13:34.158   927   927 E SensorService: Error Notification does not match current mux state: ,  
03-27 07:13:34.158   897  1848 I SensorDataTransforms: [iot:iot] Signaling start of the mode transition
03-27 07:13:34.158   897  1848 I TrackingService: [iot:iot] Start configuration update starting
03-27 07:13:34.158   897  1848 I TrackingService: [iot:iot] Start configuration update done
03-27 07:13:34.158   897  1848 I SensorDataTransforms: [iot:iot] Mux mode updates successfully staged
03-27 07:13:34.158   897  1848 D TrackingService: [iot:iot]Queue mux mode update notification: lowLightControllerFlood
03-27 07:13:34.158   927  1788 E SensorService: Error Notification does not match current mux state: ,  
03-27 07:13:34.158   897  1854 I VrSensors-HidlWrapper: Sending mux states (multiple) update to client
03-27 07:13:34.158   897  1854 I SensorDataTransforms: [constellation:constellation] Staging mux mode updates for {worldTracking: ind-1, seqId-730},
03-27 07:13:34.158   897  1854 I SensorDataTransforms: [constellation:constellation] Signaling start of the mode transition
03-27 07:13:34.158   897  1854 I TrackingService: [constellation:constellation] Start configuration update starting
03-27 07:13:34.158   897  1854 I TrackingService: [constellation:constellation] Start configuration update done
03-27 07:13:34.158   897  1854 I SensorDataTransforms: [constellation:constellation] Mux mode updates successfully staged
03-27 07:13:34.158   897  1854 D TrackingService: [constellation:constellation]Queue mux mode update notification: lowLightControllerFlood
03-27 07:13:34.158   897  1861 I VrSensors-HidlWrapper: Sending mux states (multiple) update to client
03-27 07:13:34.158   897  1853 D TrackingService: [constellation]start onMuxStateUpdate. ModeId: lowLightControllerFlood -> lowLightControllerFlood
03-27 07:13:34.158   897  1853 D TrackingService: [constellation][constellation]handleMuxModeNotification started for muxMode[worldTracking: lowLightControllerFlood]
03-27 07:13:34.158   897  1853 E TrackingService: Resetting MuxMode lowLightControllerFlood which is already set
03-27 07:13:34.158   897  1853 D TrackingService: [constellation]end onMuxStateUpdate. ModeId: lowLightControllerFlood -> lowLightControllerFlood
03-27 07:13:34.158   897  1861 D SensorControl: onMuxStateUpdate started for modeIdentifier[cameraSystemName[worldTracking]-modeId[1] ]
03-27 07:13:34.158   897  1853 I TrackingService: [     constellation:constellation] Mux Mode Transition from sensor service: lowLightControllerFlood -> lowLightControllerFlood transition time: 0 ms
03-27 07:13:34.158   897  1861 I SensorDataTransforms: [ExpCtl:exposure_control_worldTracking] Staging mux mode updates for {worldTracking: ind-1, seqId-730},
03-27 07:13:34.158   897  1861 I SensorDataTransforms: [ExpCtl:exposure_control_worldTracking] Signaling start of the mode transition
03-27 07:13:34.158   897  1861 I SensorDataTransforms: [ExpCtl:exposure_control_worldTracking] Mux mode updates successfully staged
03-27 07:13:34.158   897  1861 D SensorControl: onMuxStateUpdate ended for modeIdentifier[cameraSystemName[worldTracking]-modeId[1] ]
03-27 07:13:34.158   927 19390 I SensorService: ending update to CameraStream mux states
03-27 07:13:34.158   927 19390 I FrameSetCollator: [{WT(0,1):RAW10}] Updated frame set period to 16666000, with all camera system activeSlots [[T,T,T,F,]]
03-27 07:13:34.158   927 19390 I FrameSetCollator: [{WT:RAW10}] Updated frame set period to 16666000, with all camera system activeSlots [[T,T,T,F,]]
03-27 07:13:34.159   927 19390 I FrameSetDispatcher: [{WT(0,1):RAW10}] Client pid=1168 (MrSSCamS): [worldTracking] Updated CameraMuxMode: 1, Slots: SLOT_0 SLOT_2 
03-27 07:13:34.159   927 19390 I FrameSetDispatcher: [{WT(0,1):RAW10}] Latest MuxModeSettings: 1
03-27 07:13:34.159   927 19390 I FrameSetDispatcher: [{WT(0,1):RAW10}] purpose: ambient_controller, slots: SLOT_0 SLOT_2 
03-27 07:13:34.159   927 19390 I FrameSetDispatcher: [{WT(0,1):RAW10}] purpose: constellation, slots: SLOT_1 
03-27 07:13:34.159   927 19390 I FrameSetDispatcher: [{WT(0,1):RAW10}] purpose: exposure_control_worldTracking, slots: SLOT_0 SLOT_1 SLOT_2 
03-27 07:13:34.159   927 19390 I FrameSetDispatcher: [{WT(0,1):RAW10}] purpose: iobt, slots: SLOT_0 SLOT_2 
03-27 07:13:34.159   927 19390 I FrameSetDispatcher: [{WT(0,1):RAW10}] purpose: active_slots, slots: SLOT_0 SLOT_1 SLOT_2 
03-27 07:13:34.159   927 19390 I FrameSetDispatcher: [{WT(0,1):RAW10}] purpose: hand, slots: 
03-27 07:13:34.159   927 19390 I FrameSetDispatcher: [{WT(0,1):RAW10}] purpose: iot, slots: SLOT_0 SLOT_2 
03-27 07:13:34.159   927 19390 I FrameSetDispatcher: [{WT(0,1):RAW10}] purpose: mr_monochrome, slots: SLOT_0 SLOT_2 
03-27 07:13:34.159   927 19390 I FrameSetDispatcher: [{WT(0,1):RAW10}] purpose: object, slots: 
03-27 07:13:34.159   927 19390 I FrameSetDispatcher: [{WT:RAW10}] Client pid=897 (IOT): [worldTracking] Updated CameraMuxMode: 1, Slots: SLOT_0 SLOT_2 
03-27 07:13:34.159   927 19390 I FrameSetDispatcher: [{WT:RAW10}] Client pid=897 (ExpCtl): [worldTracking] Updated CameraMuxMode: 1, Slots: SLOT_0 SLOT_1 SLOT_2 
03-27 07:13:34.159   927 19390 I FrameSetDispatcher: [{WT:RAW10}] Client pid=897 (Cnst): [worldTracking] Updated CameraMuxMode: 1, Slots: SLOT_1 
03-27 07:13:34.159   927 19390 I FrameSetDispatcher: [{WT:RAW10}] Client pid=897 (Cnst): [worldTracking] Updated CameraMuxMode: 1, Slots: SLOT_0 SLOT_2 
03-27 07:13:34.159   927  1788 E SensorService: Error Notification does not match current mux state: ,  
03-27 07:13:34.159   927 19390 I FrameSetDispatcher: [{WT:RAW10}] Client pid=897 (Obj): [worldTracking] Updated CameraMuxMode: 1, Slots: 
03-27 07:13:34.159   927 19390 I FrameSetDispatcher: [{WT:RAW10}] Latest MuxModeSettings: 1
03-27 07:13:34.159   927 19390 I FrameSetDispatcher: [{WT:RAW10}] purpose: ambient_controller, slots: SLOT_0 SLOT_2 
03-27 07:13:34.159   927 19390 I FrameSetDispatcher: [{WT:RAW10}] purpose: constellation, slots: SLOT_1 
03-27 07:13:34.159   927 19390 I FrameSetDispatcher: [{WT:RAW10}] purpose: exposure_control_worldTracking, slots: SLOT_0 SLOT_1 SLOT_2 
03-27 07:13:34.159   927 19390 I FrameSetDispatcher: [{WT:RAW10}] purpose: iobt, slots: SLOT_0 SLOT_2 
03-27 07:13:34.159   927 19390 I FrameSetDispatcher: [{WT:RAW10}] purpose: active_slots, slots: SLOT_0 SLOT_1 SLOT_2 
03-27 07:13:34.159   927 19390 I FrameSetDispatcher: [{WT:RAW10}] purpose: hand, slots: 
03-27 07:13:34.159   927 19390 I FrameSetDispatcher: [{WT:RAW10}] purpose: iot, slots: SLOT_0 SLOT_2 
03-27 07:13:34.159   927 19390 I FrameSetDispatcher: [{WT:RAW10}] purpose: mr_monochrome, slots: SLOT_0 SLOT_2 
03-27 07:13:34.159   927 19390 I FrameSetDispatcher: [{WT:RAW10}] purpose: object, slots: 
03-27 07:13:34.159  1168  1808 I VrSensors-HidlWrapper: Sending mux states (multiple) update to client
03-27 07:13:34.159   927 19390 I SyncBossHAL: [info   ] syncboss_hal_nice.c(206): Enabling constellation tracking with NICE
03-27 07:13:34.159   927  1789 E SensorService: Error Notification does not match current mux state: ,  
03-27 07:13:34.159  1168  1808 I SensorDataTransforms: [MrStreamControl:mr_monochrome] Staging mux mode updates for {worldTracking: ind-1, seqId-730},
03-27 07:13:34.159  1168  1808 I SensorDataTransforms: [MrStreamControl:mr_monochrome] Signaling start of the mode transition
03-27 07:13:34.159  1168  1808 I SensorDataTransforms: [MrStreamControl:mr_monochrome] Mux mode updates successfully staged
03-27 07:13:34.159   897  1860 I VrSensors-HidlWrapper: Sending mux states (multiple) update to client
03-27 07:13:34.159   897  1860 I SensorDataTransforms: [object:object] Staging mux mode updates for {worldTracking: ind-1, seqId-730},
03-27 07:13:34.159   897  1860 I SensorDataTransforms: [object:object] Signaling start of the mode transition
03-27 07:13:34.159   897  1847 D TrackingService: [iot]start onMuxStateUpdate. ModeId: lowLightControllerObjectFlood -> lowLightControllerFlood
03-27 07:13:34.159   897  1860 I TrackingService: [object:object] Start configuration update starting
03-27 07:13:34.159   897  1860 I TrackingService: [object:object] Start configuration update done
03-27 07:13:34.159   897  1847 D TrackingService: [iot][iot]handleMuxModeNotification started for muxMode[worldTracking: lowLightControllerFlood]
03-27 07:13:34.159   897  1860 I SensorDataTransforms: [object:object] Mux mode updates successfully staged
03-27 07:13:34.159   897  1860 D TrackingService: [object:object]Queue mux mode update notification: lowLightControllerFlood
03-27 07:13:34.159   897  1847 D TrackingService: [iot][iot]handleMuxModeNotification finished for muxMode[worldTracking: lowLightControllerFlood]
03-27 07:13:34.159   897  1847 D TrackingService: [iot]end onMuxStateUpdate. ModeId: lowLightControllerObjectFlood -> lowLightControllerFlood
03-27 07:13:34.159   897  1847 I TrackingService: [                         iot:iot] Mux Mode Transition from sensor service: lowLightControllerObjectFlood -> lowLightControllerFlood transition time: 0 ms
03-27 07:13:34.159   897  1856 I VrSensors-HidlWrapper: Sending mux states (multiple) update to client
03-27 07:13:34.159   897  1856 I SensorDataTransforms: [hand:hand] Staging mux mode updates for {worldTracking: ind-1, seqId-730},
03-27 07:13:34.159   897  1856 I SensorDataTransforms: [hand:hand] Mux mode updates successfully staged
03-27 07:13:34.159   897  1856 D TrackingService: [hand:hand]Queue mux mode update notification: lowLightControllerFlood
03-27 07:13:34.159   897  1859 D TrackingService: [object]start onMuxStateUpdate. ModeId: lowLightControllerObjectFlood -> lowLightControllerFlood
03-27 07:13:34.159   897  1859 D TrackingService: [object][object]handleMuxModeNotification started for muxMode[worldTracking: lowLightControllerFlood]
03-27 07:13:34.159   897  1855 D TrackingService: [hand]start onMuxStateUpdate. ModeId: lowLightControllerObjectFlood -> lowLightControllerFlood
03-27 07:13:34.159   897  1855 D TrackingService: [HANDTRACKINGGLUE] handleMuxModeNotification
03-27 07:13:34.159   897  1855 D TrackingService: [HANDTRACKINGGLUE] handleStateChange muxMode=lowLightControllerFlood
03-27 07:13:34.159   897  1855 D TrackingService: [HANDTRACKINGGLUE] suspendCapability
03-27 07:13:34.159   897  1855 D TrackingService: [hand]end onMuxStateUpdate. ModeId: lowLightControllerObjectFlood -> lowLightControllerFlood
03-27 07:13:34.159   897  1855 I TrackingService: [                       hand:hand] Mux Mode Transition from sensor service: lowLightControllerObjectFlood -> lowLightControllerFlood transition time: 0 ms
03-27 07:13:34.159   927  1683 I SyncBossHAL: [info   ] pulsar_manager.c(179): Setting controller ID 2e7e5d32cf134aad LED config to period: 66664us, on-time: 20us, delay: 26471us
03-27 07:13:34.159   897  1857 D TrackingService: [iobt]start onMuxStateUpdate. ModeId: lowLightControllerObjectFlood -> lowLightControllerFlood
03-27 07:13:34.159   897  1857 D TrackingService: [iobt][iobt]handleMuxModeNotification started for muxMode[worldTracking: lowLightControllerFlood]
03-27 07:13:34.159 18091 18205 I [CT]    : HandPoseSampler: Filter reset
03-27 07:13:34.159 18091 18205 I InputDevice_Hand: HANDTRACKING ADMIRE hand 0: hpm=1 -> shared=0
03-27 07:13:34.159   897  1857 D TrackingService: [iobt][iobt]handleMuxModeNotification finished for muxMode[worldTracking: lowLightControllerFlood]
03-27 07:13:34.159   897  1857 D TrackingService: [iobt]end onMuxStateUpdate. ModeId: lowLightControllerObjectFlood -> lowLightControllerFlood
03-27 07:13:34.159   897  1857 I TrackingService: [                       iobt:iobt] Mux Mode Transition from sensor service: lowLightControllerObjectFlood -> lowLightControllerFlood transition time: 0 ms
03-27 07:13:34.159 18091 18205 I [CT]    : HandPoseSampler: Filter reset
03-27 07:13:34.159 18091 18205 I InputDevice_Hand: HANDTRACKING ADMIRE hand 1: hpm=1 -> shared=0
03-27 07:13:34.160   927  1788 D CameraStream: [object] Client [Obj(897)] attempting stop
03-27 07:13:34.160   927  1788 I FrameSetDispatcher: [{WT:RAW10}] Client pid=897 (Obj): Client thread stopping
03-27 07:13:34.160   927  1672 I libsensortelemetry: Captured histograms for camera system color: dispatcher=has data, cameraSet=has data
03-27 07:13:34.160   927  1788 I CameraClientManager: [Obj(897)][object] client stopped (estimated 0 started clients remaining)
03-27 07:13:34.160   927  1788 I CameraClientManager: [[Obj(897)][object]] definitely stopping stream
03-27 07:13:34.160   927  1672 I libsensortelemetry: Captured histograms for camera system worldTracking: dispatcher=has data, cameraSet=has data
03-27 07:13:34.160   927  1672 I libsensortelemetry: FrameSet 'wt_raw10' valid dispatches: count=1422, allInvalidDrops=1, maxConsecutive=1
03-27 07:13:34.160   927  1672 I libsensortelemetry: FrameSet 'col_fulps' valid dispatches: count=1370, allInvalidDrops=616, maxConsecutive=616
03-27 07:13:34.160   927  1672 I libsensortelemetry: FrameSet 'wt_0_1_raw10' valid dispatches: count=1384, allInvalidDrops=0, maxConsecutive=0
03-27 07:13:34.160   927  1672 I libsensortelemetry: FrameSet 'wt_raw10' full framesets: fullCount=1422, partialDrops=1, maxConsecutive=1
03-27 07:13:34.160   927  1672 I libsensortelemetry: FrameSet 'col_fulps' full framesets: fullCount=1370, partialDrops=616, maxConsecutive=616
03-27 07:13:34.160   927  1672 I libsensortelemetry: FrameSet 'wt_0_1_raw10' full framesets: fullCount=1384, partialDrops=0, maxConsecutive=0
03-27 07:13:34.161 18091 18205 I Shell   : [OnDemand] Deleting system: EnvironmentSystem
03-27 07:13:34.161 18091 18205 I Shell   : [OnDemand] Deleting system: PortalSystem
03-27 07:13:34.161 18091 18205 I Shell   : [OnDemand] Deleting system: CameraToolSystem
03-27 07:13:34.161 18091 18205 I Shell   : [OnDemand] Deleting system: InitialSceneSystem
03-27 07:13:34.162 18091 18205 I ShellHsr: World: Memory compaction triggered for world: HomeWorld (level: Full, reason: system_run_mode_change)
03-27 07:13:34.162   900   921 I SyncBossFW: 1359352 [info   ] {NCM }: Found slot with constellation capability
03-27 07:13:34.164   927  1683 I SyncBossHAL: [info   ] pulsar_manager.c(179): Setting controller ID 9a0f3b964e7e111f LED config to period: 66664us, on-time: 20us, delay: 26471us
03-27 07:13:34.164   900   921 I SyncBossFW: 1359352 [info   ] {NCM }: Found slot with hand_led capability
03-27 07:13:34.166   927 19390 D SensorService: Configured syncboss nice config: [{camera_set: 1, num_slots: 4, [ { tag: 32, default_exposure_us: 65535, default_gain: 65535, capabilities: 4, slot_length: 0, }, { tag: 33, default_exposure_us: 65535, default_gain: 65535, capabilities: 6, slot_length: 0, }, { tag: 34, default_exposure_us: 65535, default_gain: 65535, capabilities: 20, slot_length: 0, }, { tag: 35, default_exposure_us: 5000, default_gain: 48, capabilities: 12, slot_length: 0, }, ] shutter_period_us: 16666, }, {camera_set: 2, num_slots: 4, [ { tag: 32, default_exposure_us: 65535, default_gain: 65535, capabilities: 4, slot_length: 0, }, { tag: 33, default_exposure_us: 65535, default_gain: 65535, capabilities: 6, slot_length: 0, }, { tag: 34, default_exposure_us: 65535, default_gain: 65535, capabilities: 20, slot_length: 0, }, { tag: 35, default_exposure_us: 5000, default_gain: 48, capabilities: 12, slot_length: 0, }, ] shutter_period_us: 16666, }, ]
03-27 07:13:34.166   927  1788 I SensorService: [worldTracking] Stopping cameras for purpose object
03-27 07:13:34.166   927  1788 D NiceCameraSystem: CameraSystem stopping cameras for purpose object
03-27 07:13:34.166   927  1788 I SensorService: [worldTracking] Stopping camera streams for purpose: object
03-27 07:13:34.166   927  1788 I CameraClientManager: [[Obj(897)][object]] stream stop completed
03-27 07:13:34.166   927  1788 D CameraStream: [object] Client [Obj(897)]: stop complete
03-27 07:13:34.166   900   921 I SyncBossFW: 1359354 [info   ] {NCM }: Found slot with constellation capability
03-27 07:13:34.167  1175  1803 D TrackingFidelityService: TrackingFidelitySharedMemory - setFeatureFidelity: 7 0
03-27 07:13:34.167  1175  1803 D TrackingFidelityService: TrackingFidelitySharedMemory - setFeatureFidelity: 1 0
03-27 07:13:34.167  1175  1803 D TrackingFidelityService: TrackingFidelitySharedMemory - setFeatureFidelity: 9 0
03-27 07:13:34.167  1175  1803 I TrackingFidelityService: Setting feature fidelity for feature CONTROLLER_CONSTELLATION to fidelity 2 for muxMode lowLightControllerFlood
03-27 07:13:34.167  1175  1803 D TrackingFidelityService: TrackingFidelitySharedMemory - setFeatureFidelity: 10 2
03-27 07:13:34.167  1175  1803 D TrackingFidelityService: TrackingFidelitySharedMemory - setFeatureFidelity: 18 0
03-27 07:13:34.167  1175  1803 D TrackingFidelityService: TrackingFidelitySharedMemory - setFeatureFidelity: 17 0
03-27 07:13:34.167  1175  1803 I TrackingFidelityService: endTransition[worldTracking]: lowLightControllerObjectFlood(3)->lowLightControllerFlood(1), seqId=730, succeeded=true
03-27 07:13:34.167   897  1859 D TrackingService: object: stopCameras finished
03-27 07:13:34.167   897  1859 D TrackingService: [object][object]handleMuxModeNotification finished for muxMode[worldTracking: lowLightControllerFlood]
03-27 07:13:34.167   897  1859 D TrackingService: [object]end onMuxStateUpdate. ModeId: lowLightControllerObjectFlood -> lowLightControllerFlood
03-27 07:13:34.167   897  1859 I TrackingService: [                   object:object] Mux Mode Transition from sensor service: lowLightControllerObjectFlood -> lowLightControllerFlood transition time: 7 ms
03-27 07:13:34.168   900   921 I SyncBossFW: 1359354 [info   ] {NCM }: Found slot with hand_led capability
03-27 07:13:34.170  4500  4806 I DynamicObjectClient: Dynamic Object Tracker destroyed
03-27 07:13:34.170  4500  4806 W DynamicObjectClient: FIXME: failed to disable keyboard tracking
03-27 07:13:34.170  4500  4806 W DynamicObjectClient: Failed to disable KeyboardTrackingFidelity.
03-27 07:13:34.170 18091 18205 I [CT]    : HandPoseSampler: Filter reset
03-27 07:13:34.170 18091 18205 I InputDevice_Hand: HANDTRACKING ADMIRE hand 0: hpm=1 -> shared=0
03-27 07:13:34.170 18091 18205 I [CT]    : HandPoseSampler: Filter reset
03-27 07:13:34.170 18091 18205 I InputDevice_Hand: HANDTRACKING ADMIRE hand 1: hpm=1 -> shared=0
03-27 07:13:34.171 18091 18294 I [CT]    : SP:AF:InsightAnchorApi: DestroyDynamicObjectTracker (task finished)
03-27 07:13:34.173   927  1747 E FrameSetCollator: [{WT(0,1):RAW10}] 1 FrameSets had unexpected timestamps (in the last 23073.62ms). Ex: slot 0 1359338.758ms -> 1359355.424ms (observed period: 16.666ms, expected period: 16.666ms (-16.666ms))
03-27 07:13:34.173   927  1747 E FrameSetCollator: [{WT:RAW10}] 1 FrameSets had unexpected timestamps (in the last 23666.81ms). Ex: slot 0 1359338.758ms -> 1359355.424ms (observed period: 16.666ms, expected period: 16.666ms (-16.666ms))
03-27 07:13:34.176 18091 18205 I TREX    : Spatial Persistence event: DestroyDynamicObjectTracketResult - operation result: success!
03-27 07:13:34.176 18091 18205 I [CT]    : HandPoseSampler: Filter reset
03-27 07:13:34.176 18091 18205 I InputDevice_Hand: HANDTRACKING ADMIRE hand 0: hpm=1 -> shared=0
03-27 07:13:34.176 18091 18205 I [CT]    : HandPoseSampler: Filter reset
03-27 07:13:34.176 18091 18205 I InputDevice_Hand: HANDTRACKING ADMIRE hand 1: hpm=1 -> shared=0
03-27 07:13:34.186 18091 18205 I [CT]    : HandPoseSampler: Filter reset
03-27 07:13:34.186 18091 18205 I InputDevice_Hand: HANDTRACKING ADMIRE hand 0: hpm=1 -> shared=0
03-27 07:13:34.186 18091 18205 I [CT]    : HandPoseSampler: Filter reset
03-27 07:13:34.186 18091 18205 I InputDevice_Hand: HANDTRACKING ADMIRE hand 1: hpm=1 -> shared=0
03-27 07:13:34.200 18091 18205 I [CT]    : HandPoseSampler: Filter reset
03-27 07:13:34.200 18091 18205 I InputDevice_Hand: HANDTRACKING ADMIRE hand 0: hpm=1 -> shared=0
03-27 07:13:34.200 18091 18205 I [CT]    : HandPoseSampler: Filter reset
03-27 07:13:34.200 18091 18205 I InputDevice_Hand: HANDTRACKING ADMIRE hand 1: hpm=1 -> shared=0
03-27 07:13:34.212 18091 18205 I [CT]    : HandPoseSampler: Filter reset
03-27 07:13:34.212 18091 18205 I InputDevice_Hand: HANDTRACKING ADMIRE hand 0: hpm=1 -> shared=0
03-27 07:13:34.212 18091 18205 I [CT]    : HandPoseSampler: Filter reset
03-27 07:13:34.212 18091 18205 I InputDevice_Hand: HANDTRACKING ADMIRE hand 1: hpm=1 -> shared=0
03-27 07:13:34.213   927 14165 I SyncBossInput: [info   ] [rubyprq (right) 2e7e5d32cf134aad]: 18617717 [info   ] {IRLD}: IR LED configured: p=66664, ot=20, d=26471
03-27 07:13:34.219   927 14165 I SyncBossInput: [info   ] [rubyprq ( left) 9a0f3b964e7e111f]: 7539313 [info   ] {IRLD}: IR LED configured: p=66664, ot=20, d=26471
03-27 07:13:34.223 18091 18205 I [CT]    : HandPoseSampler: Filter reset
03-27 07:13:34.223 18091 18205 I InputDevice_Hand: HANDTRACKING ADMIRE hand 0: hpm=1 -> shared=0
03-27 07:13:34.223 18091 18205 I [CT]    : HandPoseSampler: Filter reset
03-27 07:13:34.223 18091 18205 I InputDevice_Hand: HANDTRACKING ADMIRE hand 1: hpm=1 -> shared=0
03-27 07:13:34.225   900   921 I SyncBossFW: 1359413 [info   ] {LED }: bsp_led_stop_trigger
03-27 07:13:34.225   900   921 I SyncBossFW: 1359413 [info   ] {LED }: bsp_led_start_trigger
03-27 07:13:34.225   900   921 I SyncBossFW: 1359413 [info   ] {LEDM}: LED already started
03-27 07:13:34.234 18091 18205 I [CT]    : HandPoseSampler: Filter reset
03-27 07:13:34.234 18091 18205 I InputDevice_Hand: HANDTRACKING ADMIRE hand 0: hpm=1 -> shared=0
03-27 07:13:34.234 18091 18205 I [CT]    : HandPoseSampler: Filter reset
03-27 07:13:34.234 18091 18205 I InputDevice_Hand: HANDTRACKING ADMIRE hand 1: hpm=1 -> shared=0
03-27 07:13:34.240   927  1747 E FrameSetCollator: [{WT:RAW10}] releasing incomplete frame set(1): (0:1, 1:1, 2:1, 3:1), (deadlineMissed, muxModeMisMatch) = (1, 0), (captureDevTs, currentTs, tolerance, current+tolerance) = (1359422088000, 1359405422000, 30000, 1359405452000), (frame.slotIndex) = (0), (frame.modeIndex, frameSet.modeIndex) = (3, 3)
03-27 07:13:34.240   927  1747 E FrameSetCollator: [{WT(0,1):RAW10}] releasing incomplete frame set(1): (0:1, 1:1), (deadlineMissed, muxModeMisMatch) = (1, 0), (captureDevTs, currentTs, tolerance, current+tolerance) = (1359422088000, 1359405422000, 30000, 1359405452000), (frame.slotIndex) = (0), (frame.modeIndex, frameSet.modeIndex) = (3, 3)
03-27 07:13:34.241   927  1788 W SensorService: Slot 3 for mode 1 is not controlled by control purpose flexibleExposureControl. Skipping.
03-27 07:13:34.241   927  1788 E SensorService: failed setExposureGain: purpose=flexibleExposureControl, slotIdx=3
03-27 07:13:34.245 18091 18205 I [CT]    : HandPoseSampler: Filter reset
03-27 07:13:34.245 18091 18205 I InputDevice_Hand: HANDTRACKING ADMIRE hand 0: hpm=1 -> shared=0
03-27 07:13:34.245 18091 18205 I [CT]    : HandPoseSampler: Filter reset
03-27 07:13:34.245 18091 18205 I InputDevice_Hand: HANDTRACKING ADMIRE hand 1: hpm=1 -> shared=0
03-27 07:13:34.254   927  1747 I FrameSetDispatcher: [{WT(0,1):RAW10}] 1 older Mux Mode settings are removed.
03-27 07:13:34.255   927  1747 I FrameSetDispatcher: [{WT:RAW10}] 1 older Mux Mode settings are removed.
03-27 07:13:34.255   927 14537 I FrameSetDispatcher: [{WT:RAW10}] Client pid=897 (Cnst): Remove old Mux Mode 3: slot indices: SLOT_1 
03-27 07:13:34.255   927 14337 I FrameSetDispatcher: [{WT:RAW10}] Client pid=897 (ExpCtl): Remove old Mux Mode 3: slot indices: SLOT_0 SLOT_1 SLOT_2 SLOT_3 
03-27 07:13:34.255   897  1854 I TrackingService: [constellation:constellation] Configuration update starting
03-27 07:13:34.255   897  1861 I SensorControl: purpose=constellationExposureControl cameraSystem=worldTracking modeIndex=lowLightControllerFlood
03-27 07:13:34.255   897  1861 I SensorControl: Mapping slotIdx[1] cameraSystem [worldTracking] to controlPurposeName[constellationExposureControl]
03-27 07:13:34.255   897  1854 I TrackingService: [constellation:constellation] Configuration update done
03-27 07:13:34.255   897  1854 I TrackingService: [constellation:constellation] Finish configuration update starting
03-27 07:13:34.256   897  1854 I TrackingService: [constellation:constellation] Finish configuration update done
03-27 07:13:34.256   897  1861 I SensorControl: configureExposureAlgorithm: purpose=constellationExposureControl
03-27 07:13:34.256   897  1861 I SensorControl: purpose=constellationExposureControl  camera=0, exposure=[0.000015, 0.013000]  gain=[0.062500, 15.937500], nominalRateHz=15.000000
03-27 07:13:34.256   897  1861 I SensorControl: purpose=constellationExposureControl  camera=1, exposure=[0.000015, 0.013000]  gain=[0.062500, 15.937500], nominalRateHz=15.000000
03-27 07:13:34.256   897  1861 I SensorControl: purpose=constellationExposureControl  camera=2, exposure=[0.000015, 0.013000]  gain=[0.062500, 15.937500], nominalRateHz=15.000000
03-27 07:13:34.256   897  1861 I SensorControl: purpose=constellationExposureControl  camera=3, exposure=[0.000015, 0.013000]  gain=[0.062500, 15.937500], nominalRateHz=15.000000
03-27 07:13:34.256   897  1861 I SensorControl: purpose=iotExposureControl cameraSystem=worldTracking modeIndex=lowLightControllerFlood
03-27 07:13:34.256   897  1861 I SensorControl: Mapping slotIdx[0] cameraSystem [worldTracking] to controlPurposeName[iotExposureControl]
03-27 07:13:34.256   897  1861 I SensorControl: Mapping slotIdx[2] cameraSystem [worldTracking] to controlPurposeName[iotExposureControl]
03-27 07:13:34.256 18091 18205 I [CT]    : HandPoseSampler: Filter reset
03-27 07:13:34.256 18091 18205 I InputDevice_Hand: HANDTRACKING ADMIRE hand 0: hpm=1 -> shared=0
03-27 07:13:34.256 18091 18205 I [CT]    : HandPoseSampler: Filter reset
03-27 07:13:34.256 18091 18205 I InputDevice_Hand: HANDTRACKING ADMIRE hand 1: hpm=1 -> shared=0
03-27 07:13:34.256   897  1861 I SensorControl: configureExposureAlgorithm: purpose=iotExposureControl
03-27 07:13:34.256   897  1861 I SensorControl: purpose=iotExposureControl  camera=0, exposure=[0.000015, 0.013000]  gain=[0.062500, 15.937500], nominalRateHz=30.000000
03-27 07:13:34.256   897  1861 I SensorControl: purpose=iotExposureControl  camera=1, exposure=[0.000015, 0.013000]  gain=[0.062500, 15.937500], nominalRateHz=30.000000
03-27 07:13:34.256   897  1861 I SensorControl: purpose=iotExposureControl  camera=2, exposure=[0.000015, 0.013000]  gain=[0.062500, 15.937500], nominalRateHz=30.000000
03-27 07:13:34.256   897  1861 I SensorControl: purpose=iotExposureControl  camera=3, exposure=[0.000015, 0.013000]  gain=[0.062500, 15.937500], nominalRateHz=30.000000
03-27 07:13:34.261   897  1861 W libc    : Access denied finding property "persist.vendor.camera.cvAEC.debug"
03-27 07:13:34.261   897  1861 I CorePi: CV-AEC: cam0: AECCore.cpp: 34: createAECCoreInterface: : Create cvAEC success, cameraID: 0, version: 2.0.4
03-27 07:13:34.257   897   897 W worldTracking_E: type=1400 audit(0.0:20735): avc:  denied  { read } for  name="u:object_r:vendor_camera_prop:s0" dev="tmpfs" ino=451 scontext=u:r:hal_tracking_default:s0 tcontext=u:object_r:vendor_camera_prop:s0 tclass=file permissive=0
03-27 07:13:34.257   897   897 W worldTracking_E: type=1400 audit(0.0:20736): avc:  denied  { read } for  name="u:object_r:vendor_camera_prop:s0" dev="tmpfs" ino=451 scontext=u:r:hal_tracking_default:s0 tcontext=u:object_r:vendor_camera_prop:s0 tclass=file permissive=0
03-27 07:13:34.257   897   897 W worldTracking_E: type=1400 audit(0.0:20737): avc:  denied  { read } for  name="u:object_r:vendor_camera_prop:s0" dev="tmpfs" ino=451 scontext=u:r:hal_tracking_default:s0 tcontext=u:object_r:vendor_camera_prop:s0 tclass=file permissive=0
03-27 07:13:34.262   897  1861 W libc    : Access denied finding property "persist.vendor.camera.cvAEC.debug"
03-27 07:13:34.262   897  1861 I CorePi: CV-AEC: cam0: AECCore.cpp: 34: createAECCoreInterface: : Create cvAEC success, cameraID: 2, version: 2.0.4
03-27 07:13:34.262   897  1861 W libc    : Access denied finding property "persist.vendor.camera.cvAEC.debug"
03-27 07:13:34.262   897  1861 I CorePi: CV-AEC: cam0: AECCore.cpp: 34: createAECCoreInterface: : Create cvAEC success, cameraID: 3, version: 2.0.4
03-27 07:13:34.268 18091 18205 I [CT]    : HandPoseSampler: Filter reset
03-27 07:13:34.268 18091 18205 I InputDevice_Hand: HANDTRACKING ADMIRE hand 0: hpm=1 -> shared=0
03-27 07:13:34.268 18091 18205 I [CT]    : HandPoseSampler: Filter reset
03-27 07:13:34.268 18091 18205 I InputDevice_Hand: HANDTRACKING ADMIRE hand 1: hpm=1 -> shared=0
03-27 07:13:34.273 16746 16746 I OpenGLRenderer: setStopped(0)
03-27 07:13:34.274 16746 16746 I OpenGLRenderer: setStopped(0): complete
03-27 07:13:34.274   927 16621 I FrameSetDispatcher: [{WT(0,1):RAW10}] Client pid=1168 (MrSSCamS): Remove old Mux Mode 3: slot indices: SLOT_0 SLOT_2 
03-27 07:13:34.274  1168  1808 I MRSS    : MIXEDREALITY: MrFrameSetConsumerBase: finishConfigurationUpdate: frameType=1 sensor_config_gamma=0.5 hardcoded_gamma(used_in_prod)=0.5.
03-27 07:13:34.274  1168  1808 I MRSS    : MIXEDREALITY: ServiceLogic: onCameraFpsConfigured: frameType=Grayscale nominalRateHz=30.
03-27 07:13:34.274   927 14538 I FrameSetDispatcher: [{WT:RAW10}] Client pid=897 (Cnst): Remove old Mux Mode 3: slot indices: SLOT_0 SLOT_2 
03-27 07:13:34.274   927 14311 I FrameSetDispatcher: [{WT:RAW10}] Client pid=897 (IOT): Remove old Mux Mode 3: slot indices: SLOT_0 SLOT_2 
03-27 07:13:34.274   897  1854 I TrackingService: [constellation:ambient_controller] Configuration update starting
03-27 07:13:34.274   897  1848 I TrackingService: [iot:iot] Configuration update starting
03-27 07:13:34.275   897  1854 I TrackingService: [constellation:ambient_controller] Configuration update done
03-27 07:13:34.275   897  1854 I TrackingService: [constellation:ambient_controller] Finish configuration update starting
03-27 07:13:34.275   897  1848 I TrackingService: [iot:iot] Configuration update done
03-27 07:13:34.275   897  1848 I TrackingService: [iot:iot] Finish configuration update starting
03-27 07:13:34.275   897  1854 I TrackingService: [constellation:ambient_controller] Finish configuration update done
03-27 07:13:34.275   897  1848 I TrackingService: [iot:iot] Finish configuration update done
03-27 07:13:34.279 18091 18205 I [CT]    : HandPoseSampler: Filter reset
03-27 07:13:34.279 18091 18205 I InputDevice_Hand: HANDTRACKING ADMIRE hand 0: hpm=1 -> shared=0
03-27 07:13:34.279 18091 18205 I [CT]    : HandPoseSampler: Filter reset
03-27 07:13:34.279 18091 18205 I InputDevice_Hand: HANDTRACKING ADMIRE hand 1: hpm=1 -> shared=0
03-27 07:13:34.286 16746 16746 I OpenGLRenderer: setStopped(0)
03-27 07:13:34.286 16746 16746 I OpenGLRenderer: setStopped(0): complete
03-27 07:13:34.289 18091 18205 I [CT]    : HandPoseSampler: Filter reset
03-27 07:13:34.289 18091 18205 I InputDevice_Hand: HANDTRACKING ADMIRE hand 0: hpm=1 -> shared=0
03-27 07:13:34.289 18091 18205 I [CT]    : HandPoseSampler: Filter reset
03-27 07:13:34.289 18091 18205 I InputDevice_Hand: HANDTRACKING ADMIRE hand 1: hpm=1 -> shared=0
03-27 07:13:34.292  1419  1442 W ziparchive: Unable to open '/data/app/~~zQb_GASu1AR8SnzUkQl4IA==/is.xyz.omw.debug-gjLgRwa_BUNZC2fH4t36qw==/base.dm': No such file or directory
03-27 07:13:34.293  1419  1442 I ActivityTaskManager: Displayed is.xyz.omw.debug/ui.activity.VrEntryActivity for user 0: +762ms
03-27 07:13:34.294  1419  1442 V WindowManager: Sent Transition #3444 createdAt=03-27 07:13:33.288 via request=TransitionRequestInfo { type = OPEN, triggerTask = TaskInfo{userId=0 taskId=9682 displayId=0 isRunning=true baseIntent=Intent { flg=0x10010100 cmp=is.xyz.omw.debug/ui.activity.VrEntryActivity } baseActivity=ComponentInfo{is.xyz.omw.debug/ui.activity.VrEntryActivity} topActivity=ComponentInfo{is.xyz.omw.debug/ui.activity.VrEntryActivity} origActivity=null realActivity=ComponentInfo{is.xyz.omw.debug/ui.activity.VrEntryActivity} numActivities=1 numActivitiesPerUser={0=1} lastActiveTime=232396094 supportsMultiWindow=true resizeMode=1 isResizeable=true minWidth=-1 minHeight=-1 defaultMinSize=1 token=WCT{RemoteToken{9b38e2a Task{950db80 #9682 type=standard A=10065:is.xyz.omw.debug}}} topActivityType=1 pictureInPictureParams=null shouldDockBigOverlays=false launchIntoPipHostTaskId=-1 lastParentTaskIdBeforePip=-1 displayCutoutSafeInsets=null topActivityInfo=ActivityInfo{6a82fac ui.activity.VrEntryActivity} launchCookies=[] telemetryLaunchIds=[] positionInParent=Point(0, 0) parentTaskId=3 isFocused=false isVisible=false isVisibleRequested=false isSleeping=false topActivityInSizeCompat=false topActivityEligibleForLetterboxEducation= false topActivityLetterboxed= false isFromDoubleTap= false topActivityLetterboxVerticalPosition= -1 topActivityLetterboxHorizontalPosition= -1 topActivityLetterboxWidth=-1 topActivityLetterboxHeight=-1 locusId=null displayAreaFeatureId=1 cameraCompatControlState=hidden finishingActivityExitReason=0}, remoteTransition = null, displayChange = null }
03-27 07:13:34.294  1419  1442 V WindowManager:     startWCT=WindowContainerTransaction { changes = {} hops = [] errorCallbackToken=null taskFragmentOrganizer=null }
03-27 07:13:34.294  1419  1442 V WindowManager:     info={id=3444 t=OPEN f=0x0 trk=0 r=[0@Point(0, 0)] c=[{WCT{RemoteToken{9b38e2a Task{950db80 #9682 type=standard A=10065:is.xyz.omw.debug}}} m=OPEN f=NO_ANIMATION|MOVE_TO_TOP p=WCT{RemoteToken{bc549ca Task{e6a4c8b #3 type=standard}}} leash=Surface(name=Task=9682)/@0xe05e259 sb=Rect(0, 0 - 3664, 1920) eb=Rect(0, 0 - 3664, 1920) d=0},{WCT{RemoteToken{6334268 Task{342c67f #9362 type=standard A=10029:com.oculus.vrshell:1047810524}}} m=TO_BACK f=NONE p=WCT{RemoteToken{bc549ca Task{e6a4c8b #3 type=standard}}} leash=Surface(name=Task=9362)/@0x4604d6f sb=Rect(0, 0 - 3664, 1920) eb=Rect(0, 0 - 3664, 1920) d=0},{WCT{RemoteToken{bc549ca Task{e6a4c8b #3 type=standard}}} m=CHANGE f=TRANSLUCENT|MOVE_TO_TOP leash=Surface(name=Task=3)/@0x5f9e55d sb=Rect(0, 0 - 3664, 1920) eb=Rect(0, 0 - 3664, 1920) d=0},{WCT{RemoteToken{e6c5a64 Task{4ef934 #9681 type=standard A=10029:com.oculus.vrshell:-339196040}}} m=CLOSE f=NONE p=WCT{RemoteToken{c2d7cd9 Task{76337b4 #9680 type=standard}}} leash=Surface(name=Task=9681)/@0xa914ab8 sb=Rect(0, 0 - 1, 1) eb=Rect(0, 0 - 1, 1) d=0},{WCT{RemoteToken{c2d7cd9 Task{76337b4 #9680 type=standard}}} m=TO_BACK f=TRANSLUCENT leash=Surface(name=Task=9680)/@0x659091b sb=Rect(0, 0 - 1, 1) eb=Rect(0, 0 - 1, 1) d=0}]}
03-27 07:13:34.298  1419  1442 V WindowManager: Finish Transition #3444: created at 03-27 07:13:33.288 collect-started=0.017ms request-sent=4.961ms started=6.726ms ready=102.367ms sent=1002.624ms finished=1010.035ms
03-27 07:13:34.300 18091 18205 I [CT]    : HandPoseSampler: Filter reset
03-27 07:13:34.300 18091 18205 I InputDevice_Hand: HANDTRACKING ADMIRE hand 0: hpm=1 -> shared=0
03-27 07:13:34.300 18091 18205 I [CT]    : HandPoseSampler: Filter reset
03-27 07:13:34.300 18091 18205 I InputDevice_Hand: HANDTRACKING ADMIRE hand 1: hpm=1 -> shared=0
03-27 07:13:34.304  1419  2160 I VolumetricTaskOrganizer: onTaskActivitiesDisappeared: taskId = 9680, userId = 0, taskInfo = TaskInfo{userId=0 taskId=9680 displayId=0 isRunning=false baseIntent=Intent {  } baseActivity=null topActivity=null origActivity=null realActivity=null numActivities=0 numActivitiesPerUser={} lastActiveTime=232373212 supportsMultiWindow=true resizeMode=2 isResizeable=true minWidth=-1 minHeight=-1 defaultMinSize=1 token=WCT{RemoteToken{c2d7cd9 Task{76337b4 #9680 type=standard}}} topActivityType=1 pictureInPictureParams=null shouldDockBigOverlays=false launchIntoPipHostTaskId=-1 lastParentTaskIdBeforePip=-1 displayCutoutSafeInsets=null topActivityInfo=null launchCookies=[] telemetryLaunchIds=[] positionInParent=Point(0, 0) parentTaskId=-1 isFocused=false isVisible=false isVisibleRequested=false isSleeping=false topActivityInSizeCompat=false topActivityEligibleForLetterboxEducation= false topActivityLetterboxed= false isFromDoubleTap= false topActivityLetterboxVerticalPosition= -1 topActivityLetterboxHorizontalPosition= -1 topActivityLetterboxWidth=-1 topActivityLetterboxHeight=-1 locusId=null displayAreaFeatureId=1 cameraCompatControlState=hidden finishingActivityExitReason=0}
03-27 07:13:34.306  1419  2160 I VolumetricWindowManagerServiceImpl: removeVolumetricWindow done: userId = 0, rootTaskId = 9680, VW = VolumetricWindowInfo { volumetricWindowToken = VolumetricWindowToken { scope = 1, token = horizonos.view.VolumetricWindowToken$InternalVolumetricToken@3d2dc87, persistableToken = 7c2ea8da-eb5e-4889-9912-733f3cf2fd65 }, type = 1, bounds = Extent3f { width = 0.0, height = 0.0, depth = 0.0 }, pose = Pose { orientation = Vector4f { x = 0.0, y = 0.0, z = 0.0, w = 1.0 }, position = Vector3f { x = 0.0, y = 0.0, z = 0.0 } }, windowSize2d = Extent2i { width = 1, height = 1 }, densityDpi = 200, visible = true, active = true, drawn = true, persistable = false, singlePassCompositionEnabled = false, depthTestEnabled = false, inView = false, windowFlags = 0, priorityHintInfo = PriorityHintInfo { windowPpd = 0.0, viewAngleSine = -1.0, visiblePercent = 1.0, distanceFromUser = 0.0, attentionZone = 0, eyeGazeDirectionDotProduct = -2.0 }, taskInfo = null, presentation = VolumetricWindowPresentationInfo { controlBar = null }, layoutParams = null, children = [], shape = 1, cylinderInfo = null, alwaysOnTop = false, compositionType = 0, hzSpaceUuid = 7c2ea8da-eb5e-4889-9912-733f3cf2fd65 }
03-27 07:13:34.306  1419  2160 I VolumetricWindow: Releasing volumetric window, WindowContainerToken: c2d7cd9, persistable token: 7c2ea8da-eb5e-4889-9912-733f3cf2fd65
03-27 07:13:34.311  1419  2160 I DisplayDeviceRepository: Display device removed: DisplayDeviceInfo{"MirrorRoot for 7c2ea8da-eb5e-4889-9912-733f3cf2fd65": uniqueId="virtual:android,1000,MirrorRoot for 7c2ea8da-eb5e-4889-9912-733f3cf2fd65,0", 1 x 1, modeId 749, renderFrameRate 60.0, defaultModeId 749, supportedModes [{id=749, width=1, height=1, fps=60.0, alternativeRefreshRates=[], supportedHdrTypes=[]}], colorMode 0, supportedColorModes [0], hdrCapabilities null, allmSupported false, gameContentTypeSupported false, density 200, 200.0 x 200.0 dpi, appVsyncOff 0, presDeadline 16666666, touch NONE, rotation 0, type VIRTUAL, deviceProductInfo null, state OFF, committedState UNKNOWN, owner android (uid 1000), frameRateOverride , brightnessMinimum 0.0, brightnessMaximum 0.0, brightnessDefault 0.0, hdrSdrRatio NaN, FLAG_SECURE, FLAG_SUPPORTS_PROTECTED_BUFFERS, FLAG_OWN_CONTENT_ONLY, FLAG_DESTROY_CONTENT_ON_REMOVAL, installOrientation 0, displayShape DisplayShape{ spec=-1569981477 displayWidth=1 displayHeight=1 physicalPixelDisplaySizeRatio=1.0 rotation=0 offsetX=0 offsetY=0 scale=1.0}}
03-27 07:13:34.312 18091 18205 I [CT]    : HandPoseSampler: Filter reset
03-27 07:13:34.312 18091 18205 I InputDevice_Hand: HANDTRACKING ADMIRE hand 0: hpm=1 -> shared=0
03-27 07:13:34.312 18091 18205 I [CT]    : HandPoseSampler: Filter reset
03-27 07:13:34.312 18091 18205 I InputDevice_Hand: HANDTRACKING ADMIRE hand 1: hpm=1 -> shared=0
03-27 07:13:34.313  1419  2160 I LogicalDisplayMapper: Removing display: 728
03-27 07:13:34.314  1419  2160 I VolumetricContainerPlacement: released: ContainerPlacement{mId=4, mBounds=Rect(0, 0 - 3664, 1920)}
03-27 07:13:34.316 18091 18091 I OpenGLRenderer: setStopped(1)
03-27 07:13:34.316 18091 18091 I OpenGLRenderer: setStopped(1): complete
03-27 07:13:34.317 18091 18091 D [SEO] HomeActivity: onStop
03-27 07:13:34.317 18091 18091 I OpenGLRenderer: setStopped(1)
03-27 07:13:34.317 18091 18091 I OpenGLRenderer: setStopped(1): complete
03-27 07:13:34.317 18091 18091 W WindowOnBackDispatcher: sendCancelIfRunning: isInProgress=falsecallback=android.view.ViewRootImpl$$ExternalSyntheticLambda18@a47320f
03-27 07:13:34.318  1419  2999 D CoreBackPreview: Window{7c36901 u0 com.oculus.vrshell/com.oculus.vrshell.FocusPlaceholderActivity}: Setting back callback null
03-27 07:13:34.319  1419  2999 W InputManager-JNI: Input channel object '7c36901 com.oculus.vrshell/com.oculus.vrshell.FocusPlaceholderActivity (client)' was disposed without first being removed with the input manager!
03-27 07:13:34.322  1419  2160 V VolumetricContentMonitor: Removed VW VolumetricWindowToken { scope = 1, token = horizonos.view.VolumetricWindowToken$InternalVolumetricToken@3d2dc87, persistableToken = 7c2ea8da-eb5e-4889-9912-733f3cf2fd65 }
03-27 07:13:34.323 18091 18091 W TransactionExecutor: tId:108299514 Skip pre-destroyed transaction:
03-27 07:13:34.323 18091 18091 W TransactionExecutor: tId:108299514 ClientTransaction{
03-27 07:13:34.323 18091 18091 W TransactionExecutor: tId:108299514   callbacks=[]
03-27 07:13:34.323 18091 18091 W TransactionExecutor: tId:108299514   stateRequest=DestroyActivityItem{finished=true,mConfigChanges=0}
03-27 07:13:34.323 18091 18091 W TransactionExecutor: tId:108299514 }
03-27 07:13:34.323 18091 18091 W TransactionExecutor: tId:108299514 Target activity: Not found for token: android.os.BinderProxy@4947d1a
03-27 07:13:34.323 18091 18205 I [CT]    : HandPoseSampler: Filter reset
03-27 07:13:34.323 18091 18205 I InputDevice_Hand: HANDTRACKING ADMIRE hand 0: hpm=1 -> shared=0
03-27 07:13:34.323 18091 18205 I [CT]    : HandPoseSampler: Filter reset
03-27 07:13:34.323 18091 18205 I InputDevice_Hand: HANDTRACKING ADMIRE hand 1: hpm=1 -> shared=0
03-27 07:13:34.326 18091 18201 V [SEO] VolumetricWindowManagerClient: Closing panel app VolumetricWindowToken { scope = 1, token = android.os.BinderProxy@daddfc5, persistableToken = 7c2ea8da-eb5e-4889-9912-733f3cf2fd65 }
03-27 07:13:34.328 18091 18205 W [SEO] FrameCommandHelpers: Could not close panel app 7c2ea8da-eb5e-4889-9912-733f3cf2fd65
03-27 07:13:34.334 18091 18205 I [CT]    : HandPoseSampler: Filter reset
03-27 07:13:34.334 18091 18205 I InputDevice_Hand: HANDTRACKING ADMIRE hand 0: hpm=1 -> shared=0
03-27 07:13:34.334 18091 18205 I [CT]    : HandPoseSampler: Filter reset
03-27 07:13:34.334 18091 18205 I InputDevice_Hand: HANDTRACKING ADMIRE hand 1: hpm=1 -> shared=0
03-27 07:13:34.345 18091 18205 I [CT]    : HandPoseSampler: Filter reset
03-27 07:13:34.345 18091 18205 I InputDevice_Hand: HANDTRACKING ADMIRE hand 0: hpm=1 -> shared=0
03-27 07:13:34.345 18091 18205 I [CT]    : HandPoseSampler: Filter reset
03-27 07:13:34.346 18091 18205 I InputDevice_Hand: HANDTRACKING ADMIRE hand 1: hpm=1 -> shared=0
03-27 07:13:34.346  1419  1457 I InputManager: Not applying additional properties for display 728 because the pointer is currently targeting display 0.
03-27 07:13:34.356 18091 18205 I [CT]    : HandPoseSampler: Filter reset
03-27 07:13:34.356 18091 18205 I InputDevice_Hand: HANDTRACKING ADMIRE hand 0: hpm=1 -> shared=0
03-27 07:13:34.356 18091 18205 I [CT]    : HandPoseSampler: Filter reset
03-27 07:13:34.356 18091 18205 I InputDevice_Hand: HANDTRACKING ADMIRE hand 1: hpm=1 -> shared=0
03-27 07:13:34.367 18091 18205 I [CT]    : HandPoseSampler: Filter reset
03-27 07:13:34.367 18091 18205 I InputDevice_Hand: HANDTRACKING ADMIRE hand 0: hpm=1 -> shared=0
03-27 07:13:34.367 18091 18205 I [CT]    : HandPoseSampler: Filter reset
03-27 07:13:34.367 18091 18205 I InputDevice_Hand: HANDTRACKING ADMIRE hand 1: hpm=1 -> shared=0
03-27 07:13:34.378 18091 18205 I [CT]    : HandPoseSampler: Filter reset
03-27 07:13:34.378 18091 18205 I InputDevice_Hand: HANDTRACKING ADMIRE hand 0: hpm=1 -> shared=0
03-27 07:13:34.378 18091 18205 I [CT]    : HandPoseSampler: Filter reset
03-27 07:13:34.378 18091 18205 I InputDevice_Hand: HANDTRACKING ADMIRE hand 1: hpm=1 -> shared=0
03-27 07:13:34.394 18091 18205 I [CT]    : HandPoseSampler: Filter reset
03-27 07:13:34.394 18091 18205 I InputDevice_Hand: HANDTRACKING ADMIRE hand 0: hpm=1 -> shared=0
03-27 07:13:34.394 18091 18205 I [CT]    : HandPoseSampler: Filter reset
03-27 07:13:34.394 18091 18205 I InputDevice_Hand: HANDTRACKING ADMIRE hand 1: hpm=1 -> shared=0
03-27 07:13:34.401 18091 18205 I [CT]    : HandPoseSampler: Filter reset
03-27 07:13:34.402 18091 18205 I InputDevice_Hand: HANDTRACKING ADMIRE hand 0: hpm=1 -> shared=0
03-27 07:13:34.402 18091 18205 I [CT]    : HandPoseSampler: Filter reset
03-27 07:13:34.402 18091 18205 I InputDevice_Hand: HANDTRACKING ADMIRE hand 1: hpm=1 -> shared=0
03-27 07:13:34.407  1419  1433 W System  : A resource failed to call release. 
03-27 07:13:34.407  1419  1433 W System  : A resource failed to call release. 
03-27 07:13:34.407  1419  1433 W System  : A resource failed to call release. 
03-27 07:13:34.407  1419  1433 W System  : A resource failed to call release. 
03-27 07:13:34.407  1419  1433 W System  : A resource failed to call release. 
03-27 07:13:34.408  1419  1433 W System  : A resource failed to call release. 
03-27 07:13:34.410  1419  1433 D HzOS.BinderClient: BinderClient shutdown completed
03-27 07:13:34.410  1419  1433 D HzOS.BinderClient: BinderClient shutdown completed
03-27 07:13:34.413 18091 18205 I [CT]    : HandPoseSampler: Filter reset
03-27 07:13:34.413 18091 18205 I InputDevice_Hand: HANDTRACKING ADMIRE hand 0: hpm=1 -> shared=0
03-27 07:13:34.413 18091 18205 I [CT]    : HandPoseSampler: Filter reset
03-27 07:13:34.413 18091 18205 I InputDevice_Hand: HANDTRACKING ADMIRE hand 1: hpm=1 -> shared=0
03-27 07:13:34.422 18091 18205 I [CT]    : HandPoseSampler: Filter reset
03-27 07:13:34.422 18091 18205 I InputDevice_Hand: HANDTRACKING ADMIRE hand 0: hpm=1 -> shared=0
03-27 07:13:34.422 18091 18205 I [CT]    : HandPoseSampler: Filter reset
03-27 07:13:34.422 18091 18205 I InputDevice_Hand: HANDTRACKING ADMIRE hand 1: hpm=1 -> shared=0
03-27 07:13:34.434 18091 18205 I [CT]    : HandPoseSampler: Filter reset
03-27 07:13:34.434 18091 18205 I InputDevice_Hand: HANDTRACKING ADMIRE hand 0: hpm=1 -> shared=0
03-27 07:13:34.434 18091 18205 I [CT]    : HandPoseSampler: Filter reset
03-27 07:13:34.434 18091 18205 I InputDevice_Hand: HANDTRACKING ADMIRE hand 1: hpm=1 -> shared=0
03-27 07:13:34.445 18091 18205 I [CT]    : HandPoseSampler: Filter reset
03-27 07:13:34.445 18091 18205 I InputDevice_Hand: HANDTRACKING ADMIRE hand 0: hpm=1 -> shared=0
03-27 07:13:34.445 18091 18205 I [CT]    : HandPoseSampler: Filter reset
03-27 07:13:34.446 18091 18205 I InputDevice_Hand: HANDTRACKING ADMIRE hand 1: hpm=1 -> shared=0
03-27 07:13:34.457 18091 18205 I [CT]    : HandPoseSampler: Filter reset
03-27 07:13:34.457 18091 18205 I InputDevice_Hand: HANDTRACKING ADMIRE hand 0: hpm=1 -> shared=0
03-27 07:13:34.457 18091 18205 I [CT]    : HandPoseSampler: Filter reset
03-27 07:13:34.457 18091 18205 I InputDevice_Hand: HANDTRACKING ADMIRE hand 1: hpm=1 -> shared=0
03-27 07:13:34.461 18091 18457 W ShellHsr: Renderer: RenderableFilter has 116 tags, which is more than 10. This is expected to be rare. If this becomes common, consider changing RenderableFilter logic to use something other than linear searches for filtering renderable tags (like registered bitsets).
03-27 07:13:34.469 18091 18205 I [CT]    : HandPoseSampler: Filter reset
03-27 07:13:34.469 18091 18205 I InputDevice_Hand: HANDTRACKING ADMIRE hand 0: hpm=1 -> shared=0
03-27 07:13:34.469 18091 18205 I [CT]    : HandPoseSampler: Filter reset
03-27 07:13:34.469 18091 18205 I InputDevice_Hand: HANDTRACKING ADMIRE hand 1: hpm=1 -> shared=0
03-27 07:13:34.480 18091 18205 I [CT]    : HandPoseSampler: Filter reset
03-27 07:13:34.480 18091 18205 I InputDevice_Hand: HANDTRACKING ADMIRE hand 0: hpm=1 -> shared=0
03-27 07:13:34.480 18091 18205 I [CT]    : HandPoseSampler: Filter reset
03-27 07:13:34.480 18091 18205 I InputDevice_Hand: HANDTRACKING ADMIRE hand 1: hpm=1 -> shared=0
03-27 07:13:34.490 18091 18205 I [CT]    : HandPoseSampler: Filter reset
03-27 07:13:34.490 18091 18205 I InputDevice_Hand: HANDTRACKING ADMIRE hand 0: hpm=1 -> shared=0
03-27 07:13:34.490 18091 18205 I [CT]    : HandPoseSampler: Filter reset
03-27 07:13:34.490 18091 18205 I InputDevice_Hand: HANDTRACKING ADMIRE hand 1: hpm=1 -> shared=0
03-27 07:13:34.498 18224 18352 I IStateMachineRecordKeeper: IStateMachineRecordKeeper::AddHistoryEntry GlanceableBounds: Transition  GlanceableBoundsOn -> GlanceableBoundsOff
03-27 07:13:34.501 18091 18205 I [CT]    : HandPoseSampler: Filter reset
03-27 07:13:34.501 18091 18205 I InputDevice_Hand: HANDTRACKING ADMIRE hand 0: hpm=1 -> shared=0
03-27 07:13:34.501 18091 18205 I [CT]    : HandPoseSampler: Filter reset
03-27 07:13:34.501 18091 18205 I InputDevice_Hand: HANDTRACKING ADMIRE hand 1: hpm=1 -> shared=0
03-27 07:13:34.513 18091 18205 I [CT]    : HandPoseSampler: Filter reset
03-27 07:13:34.513 18091 18205 I InputDevice_Hand: HANDTRACKING ADMIRE hand 0: hpm=1 -> shared=0
03-27 07:13:34.513 18091 18205 I [CT]    : HandPoseSampler: Filter reset
03-27 07:13:34.513 18091 18205 I InputDevice_Hand: HANDTRACKING ADMIRE hand 1: hpm=1 -> shared=0
03-27 07:13:34.531 18091 18205 I [CT]    : HandPoseSampler: Filter reset
03-27 07:13:34.531 18091 18205 I InputDevice_Hand: HANDTRACKING ADMIRE hand 0: hpm=1 -> shared=0
03-27 07:13:34.531 18091 18205 I [CT]    : HandPoseSampler: Filter reset
03-27 07:13:34.531 18091 18205 I InputDevice_Hand: HANDTRACKING ADMIRE hand 1: hpm=1 -> shared=0
03-27 07:13:34.543 18091 18205 I [CT]    : HandPoseSampler: Filter reset
03-27 07:13:34.543 18091 18205 I InputDevice_Hand: HANDTRACKING ADMIRE hand 0: hpm=1 -> shared=0
03-27 07:13:34.543 18091 18205 I [CT]    : HandPoseSampler: Filter reset
03-27 07:13:34.543 18091 18205 I InputDevice_Hand: HANDTRACKING ADMIRE hand 1: hpm=1 -> shared=0
03-27 07:13:34.553 18091 18205 I [CT]    : HandPoseSampler: Filter reset
03-27 07:13:34.554 18091 18205 I InputDevice_Hand: HANDTRACKING ADMIRE hand 0: hpm=1 -> shared=0
03-27 07:13:34.554 18091 18205 I [CT]    : HandPoseSampler: Filter reset
03-27 07:13:34.554 18091 18205 I InputDevice_Hand: HANDTRACKING ADMIRE hand 1: hpm=1 -> shared=0
03-27 07:13:34.562  1168 16779 D MrSystemService: MrVisionManager pause.
03-27 07:13:34.563   927  1788 D CameraStream: [mr_monochrome] Client [MrSSCamS(1168)] attempting stop
03-27 07:13:34.563   927  1788 I FrameSetDispatcher: [{WT(0,1):RAW10}] Client pid=1168 (MrSSCamS): Client thread stopping
03-27 07:13:34.563   927  1788 I CameraClientManager: [MrSSCamS(1168)][mr_monochrome] client stopped (estimated 0 started clients remaining)
03-27 07:13:34.563   927  1788 I CameraClientManager: [[MrSSCamS(1168)][mr_monochrome]] definitely stopping stream
03-27 07:13:34.563   927  1788 I SensorService: [worldTracking] Stopping cameras for purpose mr_monochrome
03-27 07:13:34.563   927  1788 D NiceCameraSystem: CameraSystem stopping cameras for purpose mr_monochrome
03-27 07:13:34.563   927  1788 I FrameSetCollator: [{WT(0,1):RAW10}] stopped. Ran for 23.46s
03-27 07:13:34.563   927  1788 I SensorService: [worldTracking] Stopping camera streams for purpose: mr_monochrome
03-27 07:13:34.563   927  1788 I CameraClientManager: [[MrSSCamS(1168)][mr_monochrome]] stream stop completed
03-27 07:13:34.563   927  1788 D CameraStream: [mr_monochrome] Client [MrSSCamS(1168)]: stop complete
03-27 07:13:34.563   927  1788 D CameraStream: [passthrough] Client [MrSSCamS(1168)] attempting stop
03-27 07:13:34.563   927  1788 I FrameSetDispatcher: [{COL:FULPS}] Client pid=1168 (MrSSCamS): Client thread stopping
03-27 07:13:34.563   927  1788 I CameraClientManager: [MrSSCamS(1168)][passthrough] client stopped (estimated 0 started clients remaining)
03-27 07:13:34.563   927  1788 I CameraClientManager: [[MrSSCamS(1168)][passthrough]] definitely stopping stream
03-27 07:13:34.563   927  1788 I SensorService: [color] Stopping cameras for purpose passthrough
03-27 07:13:34.563   927  1788 I FrameSetCollator: [{COL:FULPS}] stopped. Ran for 23.29s
03-27 07:13:34.563   927  1788 I FrameSetCollator: [{COL:FULPS}] Stopping collator: Returning incomplete frame set with 1 frames
03-27 07:13:34.563   927  1788 I SensorService: [color] Stopping camera streams for purpose: passthrough
03-27 07:13:34.563   927  1788 I libcamerahal: CameraBase::StopCamera: Camera 4 stopping (forceStop=0)
03-27 07:13:34.563   927  1788 I libcamerahal: [INSIGHTS][0.83s] recv/ret/req heartbeat (final): cam4: 50/52/0, cam5: 49/51/0
03-27 07:13:34.563   927  1788 I libcamerahal: CameraHalTelemetry: unregistered camera 4
03-27 07:13:34.563   927  1788 I XrCameraHal: XrCameraPhysical.cpp:Stop: Camera 4 StopCamera (forceStop=0)
03-27 07:13:34.563   927  1788 I XrCameraHal: XrCameraPhysical.cpp:Stop: Camera 4 Stop successful, state changed to Stopped
03-27 07:13:34.563   927  1788 I libcamerahal: CameraBase::StopCamera: Camera 4 Stop() returned 1 (forceStop=0)
03-27 07:13:34.563   927  1788 I libcamerahal: CameraBase::StopCamera: Camera 5 stopping (forceStop=0)
03-27 07:13:34.563   927  1788 I libcamerahal: [INSIGHTS][0.00s] recv/ret/req heartbeat (final): cam5: 0/0/0
03-27 07:13:34.563   927  1788 I libcamerahal: CameraHalTelemetry: unregistered camera 5
03-27 07:13:34.563   927  1788 I XrCameraHal: XrCameraPhysical.cpp:Stop: Camera 5 StopCamera (forceStop=0)
03-27 07:13:34.563   927  1788 I XrCameraHal: XrStreamManager.cpp:stopStreaming: Camera (logical) 6 Camera stop streaming (running_ is currently 1)
03-27 07:13:34.563   927  1788 I XrCameraHal: XrStreamManager.cpp:stopStreaming: Camera (logical) 6 About to call destroyRequestThread
03-27 07:13:34.563   927  1788 I XrCameraHal: XrStreamManager.cpp:destroyRequestThread: Camera (logical) 6 destroyRequestThread: running_ flag changed from 1 to false
03-27 07:13:34.563   927  1788 I XrCameraHal: XrStreamManager.cpp:destroyRequestThread: Camera (logical) 6 destroying request thread
03-27 07:13:34.565 18091 18205 I [CT]    : HandPoseSampler: Filter reset
03-27 07:13:34.565 18091 18205 I InputDevice_Hand: HANDTRACKING ADMIRE hand 0: hpm=1 -> shared=0
03-27 07:13:34.565 18091 18205 I [CT]    : HandPoseSampler: Filter reset
03-27 07:13:34.565 18091 18205 I InputDevice_Hand: HANDTRACKING ADMIRE hand 1: hpm=1 -> shared=0
03-27 07:13:34.568   927 16628 I XrCameraHal: XrStreamManager.cpp:streamLoop: Camera (logical) 6 stream loop complete
03-27 07:13:34.568   927  1788 I XrCameraHal: XrStreamManager.cpp:destroyRequestThread: Camera (logical) 6 destroyRequestThread: thread joined successfully, running_ is now 0
03-27 07:13:34.568   927  1788 I XrCameraHal: XrStreamManager.cpp:stopStreaming: Camera (logical) 6 Camera calling flush
03-27 07:13:34.568   927  1788 I CamX    : [ DUMP][HAL    ] camxhaldevice.cpp:3297 LogRequest() Frame Number ## REQUEST_ERROR ## RESULT_ERROR ## BUFFER_ERROR ## Shutter ##  Metadata[Rcvd/Tot] ## Output[Rcvd/Tot(inErr)] ## Input ## S0[Rcvd/StatusOK/BufErrNotify](0xb400006f5dc5c960)[0] ## S1[Rcvd/StatusOK/BufErrNotify](0xb400006f5dc5cbe0)[0] ## 
03-27 07:13:34.570   927  1719 E CamX    : [ERROR][CORE   ] camxhppipeline.cpp:6513 NotifyNodeRequestIdDone() Contention in NotifyNodeRequestIdDone
03-27 07:13:34.570   927  1788 I XrCameraHal: XrStreamManager.cpp:stopStreaming: Camera (logical) 6 Camera flush completed
03-27 07:13:34.570   927  1788 I XrCameraHal: XrStreamManager.cpp:stopStreaming: Camera (logical) 6 Camera flushed buffers
03-27 07:13:34.570   927  1788 I XrCameraHal: XrStreamManager.cpp:stopStreaming: Camera (logical) 6 stopStreaming completed successfully, running_ is now 0
03-27 07:13:34.570   927  1788 I XrCameraHal: XrCameraPhysical.cpp:Stop: Camera 5 Stop successful, state changed to Stopped
03-27 07:13:34.570   927  1788 I libcamerahal: CameraBase::StopCamera: Camera 5 Stop() returned 1 (forceStop=0)
03-27 07:13:34.526     0     0 I CAM_INFO: CAM-ISP: __cam_isp_ctx_flush_req_in_top_state: 6201 Last request id to flush is 1399, ctx_id:12
03-27 07:13:34.527     0     0 I CAM_INFO: CAM-ISP: __cam_isp_ctx_flush_req_in_top_state: 6223 Stop HW complete. Reset HW next.
03-27 07:13:34.527     0     0 I CAM_INFO: CAM-ISP: __cam_isp_ctx_flush_req_in_top_state: 6201 Last request id to flush is 1399, ctx_id:13
03-27 07:13:34.527     0     0 I CAM_INFO: CAM-ISP: __cam_isp_ctx_flush_req_in_top_state: 6223 Stop HW complete. Reset HW next.
03-27 07:13:34.527     0     0 I CAM_WARN: CAM-CORE: cam_context_handle_flush_dev: 547 No flush device in dev 7471383, state 4
03-27 07:13:34.573   900   921 I SyncBossFW: 1359764 [info   ] {GCM }: general_cam_mgr_stop_streaming for cameras 0x30
03-27 07:13:34.577 18091 18205 I [CT]    : HandPoseSampler: Filter reset
03-27 07:13:34.577 18091 18205 I InputDevice_Hand: HANDTRACKING ADMIRE hand 0: hpm=1 -> shared=0
03-27 07:13:34.577 18091 18205 I [CT]    : HandPoseSampler: Filter reset
03-27 07:13:34.577 18091 18205 I InputDevice_Hand: HANDTRACKING ADMIRE hand 1: hpm=1 -> shared=0
03-27 07:13:34.577   900   921 I SyncBossFW: 1359767 [info   ] {GCM }: general_cam_mgr_deinit for cameras 0x30
03-27 07:13:34.587 18091 18205 I [CT]    : HandPoseSampler: Filter reset
03-27 07:13:34.587 18091 18205 I InputDevice_Hand: HANDTRACKING ADMIRE hand 0: hpm=1 -> shared=0
03-27 07:13:34.587 18091 18205 I [CT]    : HandPoseSampler: Filter reset
03-27 07:13:34.587 18091 18205 I InputDevice_Hand: HANDTRACKING ADMIRE hand 1: hpm=1 -> shared=0
03-27 07:13:34.599 18091 18205 I [CT]    : HandPoseSampler: Filter reset
03-27 07:13:34.599 18091 18205 I InputDevice_Hand: HANDTRACKING ADMIRE hand 0: hpm=1 -> shared=0
03-27 07:13:34.599 18091 18205 I [CT]    : HandPoseSampler: Filter reset
03-27 07:13:34.599 18091 18205 I InputDevice_Hand: HANDTRACKING ADMIRE hand 1: hpm=1 -> shared=0
03-27 07:13:34.602   927  1788 I XrCameraHal: XrCameraPhysical.cpp:DisableCamera: Camera 4 DisableCamera
03-27 07:13:34.602   927  1788 I XrCameraHal: Xr3AManager.cpp:onCameraDisabled: Camera 4 disabled for 3A processing
03-27 07:13:34.602   927  1788 I XrCameraHal: XrCameraPhysical.cpp:DisableCamera: Camera 5 DisableCamera
03-27 07:13:34.602   927  1788 I XrCameraHal: Xr3AManager.cpp:onCameraDisabled: Camera 5 disabled for 3A processing
03-27 07:13:34.602   927  1788 I XrCameraHal: XrStreamManager.cpp:teardownStreams: Camera (logical) 6 Camera teardownStreams()
03-27 07:13:34.602   927  1788 I XrCameraHal: XrStreamManager.cpp:teardownStreams: Camera (logical) 6 Camera close()
03-27 07:13:34.602  1669  1669 I SDM     : ResourceImpl::SetMaxBandwidthMode: new bandwidth mode=0
03-27 07:13:34.602  1669  1669 I SDM     : ResourceAlloc::SetMaxBandwidthMode: new bandwidth mode=0
03-27 07:13:34.528     0     0 I CAM_WARN: CAM-CORE: cam_context_handle_flush_dev: 547 No flush device in dev 13435163, state 4
03-27 07:13:34.560     0     0 I CAM_WARN: CAM-CORE: cam_context_handle_flush_dev: 547 No flush device in dev 7471383, state 4
03-27 07:13:34.560     0     0 I CAM_WARN: CAM-CORE: cam_context_handle_flush_dev: 547 No flush device in dev 13435163, state 4
03-27 07:13:34.560     0     0 I CAM_WARN: CAM-CORE: cam_context_handle_flush_dev: 547 No flush device in dev 7471383, state 4
03-27 07:13:34.560     0     0 I CAM_WARN: CAM-CORE: cam_context_handle_flush_dev: 547 No flush device in dev 13435163, state 4
03-27 07:13:34.562     0     0 I CAM_INFO: CAM-SENSOR: cam_sensor_driver_cmd: 1391 11:13:34.605 CAM_STOP_DEV Success for imx471 sensor_id:0x471,sensor_slave_addr:0x34
03-27 07:13:34.563     0     0 I CAM_INFO: CAM-ISP: cam_ife_mgr_release_hw: 11425 11:13:34.605 Release HW success ctx id: 12
03-27 07:13:34.565     0     0 I CAM_INFO: CAM-SENSOR: cam_sensor_driver_cmd: 1391 11:13:34.608 CAM_STOP_DEV Success for imx471 sensor_id:0x471,sensor_slave_addr:0x34
03-27 07:13:34.609 18091 18205 I [CT]    : HandPoseSampler: Filter reset
03-27 07:13:34.609 18091 18205 I InputDevice_Hand: HANDTRACKING ADMIRE hand 0: hpm=1 -> shared=0
03-27 07:13:34.609 18091 18205 I [CT]    : HandPoseSampler: Filter reset
03-27 07:13:34.609 18091 18205 I InputDevice_Hand: HANDTRACKING ADMIRE hand 1: hpm=1 -> shared=0
03-27 07:13:34.566     0     0 I CAM_INFO: CAM-ISP: cam_ife_mgr_release_hw: 11425 11:13:34.608 Release HW success ctx id: 13
03-27 07:13:34.613  2697 14219 I Vsync   : Vsync 122356:  2 x 11.11 ms (90.00 Hz, at 130986.998)
03-27 07:13:34.613  2697 14219 I CompositorUtil: Adjusting 122356.05 > 122355 to 122356
03-27 07:13:34.614  1212  1212 E VrDeviceManagerService: Permission denied: process 18091 (uid 10029) doesn't have the required permission: com.oculus.permission.SET_THREAD_POLICY
03-27 07:13:34.621 18091 18205 I [CT]    : HandPoseSampler: Filter reset
03-27 07:13:34.621 18091 18205 I InputDevice_Hand: HANDTRACKING ADMIRE hand 0: hpm=1 -> shared=0
03-27 07:13:34.621 18091 18205 I [CT]    : HandPoseSampler: Filter reset
03-27 07:13:34.621 18091 18205 I InputDevice_Hand: HANDTRACKING ADMIRE hand 1: hpm=1 -> shared=0
03-27 07:13:34.570     0     0 I CAM_INFO: CAM-SENSOR: cam_sensor_driver_cmd: 1270 CAM_RELEASE_DEV Success for imx471 sensor_id:0x471, slave_addr:0x34
03-27 07:13:34.632 18091 18205 I [CT]    : HandPoseSampler: Filter reset
03-27 07:13:34.633 18091 18205 I InputDevice_Hand: HANDTRACKING ADMIRE hand 0: hpm=1 -> shared=0
03-27 07:13:34.633 18091 18205 I [CT]    : HandPoseSampler: Filter reset
03-27 07:13:34.633 18091 18205 I InputDevice_Hand: HANDTRACKING ADMIRE hand 1: hpm=1 -> shared=0
03-27 07:13:34.643 18091 18205 I [CT]    : HandPoseSampler: Filter reset
03-27 07:13:34.643 18091 18205 I InputDevice_Hand: HANDTRACKING ADMIRE hand 0: hpm=1 -> shared=0
03-27 07:13:34.643 18091 18205 I [CT]    : HandPoseSampler: Filter reset
03-27 07:13:34.643 18091 18205 I InputDevice_Hand: HANDTRACKING ADMIRE hand 1: hpm=1 -> shared=0
03-27 07:13:34.647   927  1788 I CamX    : [ DUMP][HAL    ] camxhaldevice.cpp:3997 PrintErrorSummary() ==================================================================================
03-27 07:13:34.647   927  1788 I CamX    : [ DUMP][HAL    ] camxhaldevice.cpp:3999 PrintErrorSummary() + Num Unknown Frame Error                   : 0
03-27 07:13:34.647   927  1788 I CamX    : [ DUMP][HAL    ] camxhaldevice.cpp:4001 PrintErrorSummary() + Num Unexpected Shutter                    : 1395
03-27 07:13:34.647   927  1788 I CamX    : [ DUMP][HAL    ] camxhaldevice.cpp:4003 PrintErrorSummary() + Num Unexpected Request Error Notification : 0
03-27 07:13:34.647   927  1788 I CamX    : [ DUMP][HAL    ] camxhaldevice.cpp:4005 PrintErrorSummary() + Num Unexpected Buffer Error Notification  : 0
03-27 07:13:34.647   927  1788 I CamX    : [ DUMP][HAL    ] camxhaldevice.cpp:4007 PrintErrorSummary() + Num Unexpected Metadata Error Notification: 0
03-27 07:13:34.647   927  1788 I CamX    : [ DUMP][HAL    ] camxhaldevice.cpp:4009 PrintErrorSummary() + Num Unexpected Output buffer result       : 0
03-27 07:13:34.647   927  1788 I CamX    : [ DUMP][HAL    ] camxhaldevice.cpp:4011 PrintErrorSummary() + Num Unexpected metadata result            : 0
03-27 07:13:34.647   927  1788 I CamX    : [ DUMP][HAL    ] camxhaldevice.cpp:4012 PrintErrorSummary() ==================================================================================
03-27 07:13:34.647   927  1788 I XrCameraHal: XrStreamManager.cpp:teardownStreams: Camera (logical) 6 Camera close() complete
03-27 07:13:34.647   927  1788 I CameraClientManager: [[MrSSCamS(1168)][passthrough]] stream stop completed
03-27 07:13:34.647   927  1788 D CameraStream: [passthrough] Client [MrSSCamS(1168)]: stop complete
03-27 07:13:34.647  1168 16779 D MrSystemService: MrVisionManager pause, completed.
03-27 07:13:34.663 18091 18205 I [CT]    : HandPoseSampler: Filter reset
03-27 07:13:34.663 18091 18205 I InputDevice_Hand: HANDTRACKING ADMIRE hand 0: hpm=1 -> shared=0
03-27 07:13:34.663 18091 18205 I [CT]    : HandPoseSampler: Filter reset
03-27 07:13:34.663 18091 18205 I InputDevice_Hand: HANDTRACKING ADMIRE hand 1: hpm=1 -> shared=0
03-27 07:13:34.674 18091 18205 I [CT]    : HandPoseSampler: Filter reset
03-27 07:13:34.674 18091 18205 I InputDevice_Hand: HANDTRACKING ADMIRE hand 0: hpm=1 -> shared=0
03-27 07:13:34.674 18091 18205 I [CT]    : HandPoseSampler: Filter reset
03-27 07:13:34.674 18091 18205 I InputDevice_Hand: HANDTRACKING ADMIRE hand 1: hpm=1 -> shared=0
03-27 07:13:34.686 18091 18205 I [CT]    : HandPoseSampler: Filter reset
03-27 07:13:34.686 18091 18205 I InputDevice_Hand: HANDTRACKING ADMIRE hand 0: hpm=1 -> shared=0
03-27 07:13:34.686 18091 18205 I [CT]    : HandPoseSampler: Filter reset
03-27 07:13:34.686 18091 18205 I InputDevice_Hand: HANDTRACKING ADMIRE hand 1: hpm=1 -> shared=0
03-27 07:13:34.697 18091 18205 I [CT]    : HandPoseSampler: Filter reset
03-27 07:13:34.697 18091 18205 I InputDevice_Hand: HANDTRACKING ADMIRE hand 0: hpm=1 -> shared=0
03-27 07:13:34.697 18091 18205 I [CT]    : HandPoseSampler: Filter reset
03-27 07:13:34.697 18091 18205 I InputDevice_Hand: HANDTRACKING ADMIRE hand 1: hpm=1 -> shared=0
03-27 07:13:34.708 18091 18205 I [CT]    : HandPoseSampler: Filter reset
03-27 07:13:34.708 18091 18205 I InputDevice_Hand: HANDTRACKING ADMIRE hand 0: hpm=1 -> shared=0
03-27 07:13:34.708 18091 18205 I [CT]    : HandPoseSampler: Filter reset
03-27 07:13:34.708 18091 18205 I InputDevice_Hand: HANDTRACKING ADMIRE hand 1: hpm=1 -> shared=0
03-27 07:13:34.721 18091 18205 I [CT]    : HandPoseSampler: Filter reset
03-27 07:13:34.721 18091 18205 I InputDevice_Hand: HANDTRACKING ADMIRE hand 0: hpm=1 -> shared=0
03-27 07:13:34.721 18091 18205 I [CT]    : HandPoseSampler: Filter reset
03-27 07:13:34.721 18091 18205 I InputDevice_Hand: HANDTRACKING ADMIRE hand 1: hpm=1 -> shared=0
03-27 07:13:34.742 18091 18205 I [CT]    : HandPoseSampler: Filter reset
03-27 07:13:34.742 18091 18205 I InputDevice_Hand: HANDTRACKING ADMIRE hand 0: hpm=1 -> shared=0
03-27 07:13:34.742 18091 18205 I [CT]    : HandPoseSampler: Filter reset
03-27 07:13:34.742 18091 18205 I InputDevice_Hand: HANDTRACKING ADMIRE hand 1: hpm=1 -> shared=0
03-27 07:13:34.753 18091 18205 I [CT]    : HandPoseSampler: Filter reset
03-27 07:13:34.753 18091 18205 I InputDevice_Hand: HANDTRACKING ADMIRE hand 0: hpm=1 -> shared=0
03-27 07:13:34.753 18091 18205 I [CT]    : HandPoseSampler: Filter reset
03-27 07:13:34.753 18091 18205 I InputDevice_Hand: HANDTRACKING ADMIRE hand 1: hpm=1 -> shared=0
03-27 07:13:34.764 18091 18205 I [CT]    : HandPoseSampler: Filter reset
03-27 07:13:34.764 18091 18205 I InputDevice_Hand: HANDTRACKING ADMIRE hand 0: hpm=1 -> shared=0
03-27 07:13:34.764 18091 18205 I [CT]    : HandPoseSampler: Filter reset
03-27 07:13:34.764 18091 18205 I InputDevice_Hand: HANDTRACKING ADMIRE hand 1: hpm=1 -> shared=0
03-27 07:13:34.776 18091 18205 I [CT]    : HandPoseSampler: Filter reset
03-27 07:13:34.776 18091 18205 I InputDevice_Hand: HANDTRACKING ADMIRE hand 0: hpm=1 -> shared=0
03-27 07:13:34.776 18091 18205 I [CT]    : HandPoseSampler: Filter reset
03-27 07:13:34.776 18091 18205 I InputDevice_Hand: HANDTRACKING ADMIRE hand 1: hpm=1 -> shared=0
03-27 07:13:34.788 18091 18205 I [CT]    : HandPoseSampler: Filter reset
03-27 07:13:34.788 18091 18205 I InputDevice_Hand: HANDTRACKING ADMIRE hand 0: hpm=1 -> shared=0
03-27 07:13:34.788 18091 18205 I [CT]    : HandPoseSampler: Filter reset
03-27 07:13:34.788 18091 18205 I InputDevice_Hand: HANDTRACKING ADMIRE hand 1: hpm=1 -> shared=0
03-27 07:13:34.799 18091 18205 I [CT]    : HandPoseSampler: Filter reset
03-27 07:13:34.799 18091 18205 I InputDevice_Hand: HANDTRACKING ADMIRE hand 0: hpm=1 -> shared=0
03-27 07:13:34.799 18091 18205 I [CT]    : HandPoseSampler: Filter reset
03-27 07:13:34.799 18091 18205 I InputDevice_Hand: HANDTRACKING ADMIRE hand 1: hpm=1 -> shared=0
03-27 07:13:34.810 18091 18205 I [CT]    : HandPoseSampler: Filter reset
03-27 07:13:34.811 18091 18205 I InputDevice_Hand: HANDTRACKING ADMIRE hand 0: hpm=1 -> shared=0
03-27 07:13:34.811 18091 18205 I [CT]    : HandPoseSampler: Filter reset
03-27 07:13:34.811 18091 18205 I InputDevice_Hand: HANDTRACKING ADMIRE hand 1: hpm=1 -> shared=0
03-27 07:13:34.821 18091 18205 I [CT]    : HandPoseSampler: Filter reset
03-27 07:13:34.821 18091 18205 I InputDevice_Hand: HANDTRACKING ADMIRE hand 0: hpm=1 -> shared=0
03-27 07:13:34.821 18091 18205 I [CT]    : HandPoseSampler: Filter reset
03-27 07:13:34.821 18091 18205 I InputDevice_Hand: HANDTRACKING ADMIRE hand 1: hpm=1 -> shared=0
03-27 07:13:34.822   920 14201 I VD628x  : Flicker results: freq 120.000000, max 119.916298, dcr 32.972752, pct 0.041889, idx 0.013244, conf 0.872250, snr 8.462018, svm 0.068711, sus 0
03-27 07:13:34.830 16746 16746 W WindowOnBackDispatcher: sendCancelIfRunning: isInProgress=falsecallback=android.view.ViewRootImpl$$ExternalSyntheticLambda18@cf7b3a6
03-27 07:13:34.830  1419  3523 D CoreBackPreview: Window{6e46196 u0 is.xyz.omw.debug/ui.activity.VrEntryActivity}: Setting back callback null
03-27 07:13:34.833 18091 18205 I [CT]    : HandPoseSampler: Filter reset
03-27 07:13:34.834 18091 18205 I InputDevice_Hand: HANDTRACKING ADMIRE hand 0: hpm=1 -> shared=0
03-27 07:13:34.834 18091 18205 I [CT]    : HandPoseSampler: Filter reset
03-27 07:13:34.834 18091 18205 I InputDevice_Hand: HANDTRACKING ADMIRE hand 1: hpm=1 -> shared=0
03-27 07:13:34.834  1419  3523 W InputManager-JNI: Input channel object '6e46196 is.xyz.omw.debug/ui.activity.VrEntryActivity (client)' was disposed without first being removed with the input manager!
03-27 07:13:34.838 16746 16746 D OpenMW-Launcher: startGame: prep complete, launching GameActivity
03-27 07:13:34.841  1419  3523 I ActivityTaskManager: START u0 {cmp=is.xyz.omw.debug/ui.activity.GameActivity} with LAUNCH_SINGLE_TASK from uid 10065 (BAL_ALLOW_VISIBLE_WINDOW) result code=0
03-27 07:13:34.842  2388  2388 I VrKeyguardViewMediator: handleSetOccluded, occluded: false, prevValue: false, mHiding: false
03-27 07:13:34.842  2388  2388 D VrLockscreenHost: setOccluded: false, was: false, force: false, window: null
03-27 07:13:34.842  1419  1445 V WindowManager: Unknown focus tokens, dropping reportFocusChanged
03-27 07:13:34.843 18091 18205 I [CT]    : HandPoseSampler: Filter reset
03-27 07:13:34.843 18091 18205 I InputDevice_Hand: HANDTRACKING ADMIRE hand 0: hpm=1 -> shared=0
03-27 07:13:34.843 18091 18205 I [CT]    : HandPoseSampler: Filter reset
03-27 07:13:34.843 18091 18205 I InputDevice_Hand: HANDTRACKING ADMIRE hand 1: hpm=1 -> shared=0
03-27 07:13:34.845  1419  1457 W ActivityTaskManager: Finishing task with all activities already finished
03-27 07:13:34.845  1419  1457 W ActivityTaskManager: Duplicate finish request for r=ActivityRecord{25cc003 u0 is.xyz.omw.debug/ui.activity.VrEntryActivity t9682 f}}
03-27 07:13:34.845 18091 18091 I [SEO] ShellSpatialWindowManagerService: onLaunchInVolumetricWindow has invoked on VolumetricWindowToken { scope = 1, token = android.os.BinderProxy@44a715e, persistableToken = 7b46de7e-8189-4570-84ea-c457740a5cbe }!ActivityOptions(30883277), mPackageName=null, mAnimationType=-1, mStartX=0, mStartY=0, mWidth=0, mHeight=0, mLaunchDisplayId=0
03-27 07:13:34.845 18091 18091 D [SEO] ShellSpatialWindowManagerService: onLaunchInVolumetricWindow: shouldQuitCurrentApp=false
03-27 07:13:34.846  1419  2160 E CellBroadcastUtils: getDefaultCellBroadcastReceiverPackageName: no package found
03-27 07:13:34.848 18091 18205 W [SEO] SystemTaskBar: Cancelling HideTaskBarLayers: taskBarLayers not initialized
03-27 07:13:34.848 18091 18205 I [SEO] SystemKeyboardController: DeferCloseKeyboard: isKeyboardActive false, VWHost false.
03-27 07:13:34.848 18091 18205 I [SEO] FlowController: Reset resetReason : Dismissed
03-27 07:13:34.848 18091 18205 I [SEO] FlowController: Resetting current flow : TransitionsFlow
03-27 07:13:34.848 18091 18205 I [SEO] TransitionsFlow: Deactivated - Ending Immersive Transition
03-27 07:13:34.848 18091 18205 I [SEO] OverlayDesktopFlow: OverlayDesktopFlow Reset
03-27 07:13:34.848 18091 18205 I [SEO] DialogController: Reset resetReason:1
03-27 07:13:34.848 18091 18205 I [SEO] FlowController: UpdateActiveFlow from (none) to TransitionsFlow
03-27 07:13:34.848 18091 18205 I [SEO] SystemKeyboardController: DeferCloseKeyboard: isKeyboardActive false, VWHost false.
03-27 07:13:34.848 18091 18205 I [SEO] TransitionsFlow: Activated - Starting Immersive Transition
03-27 07:13:34.848   898 18980 D perfservice: [POWERHINT] Received LAUNCH hint
03-27 07:13:34.849   898  1065 E perfservice: End applying 'START_HINT' from hint 'LAUNCH' - Failed after 5 retries - Latency: 0.170ms
03-27 07:13:34.849   898  1065 E perfservice:   >> Failed final validation: /sys/block/dm-0/queue/read_ahead_kb=512
03-27 07:13:34.849   898  1065 E perfservice:   >> Failed final validation: /sys/block/dm-1/queue/read_ahead_kb=512
03-27 07:13:34.849  1419  2160 I ActivityTaskManager: START u0 {cmp=is.xyz.omw.debug/ui.activity.GameActivity} with LAUNCH_SINGLE_TASK from uid 10065 (realCallingUid=1000) (BAL_ALLOW_VISIBLE_WINDOW) result code=0
03-27 07:13:34.850  1419  2160 W TrackingAccessCache: PID is not attached yet to ActivityInfo{275612c ui.activity.GameActivity}
03-27 07:13:34.850  1419  2160 D TrackingAccessCache: Tracking access changed: [ProcessTrackingAccess { uid = 10065, pid = 16746, trackingAccessPose = 0, trackingAccessInput = 0 }]
03-27 07:13:34.850  1419  2160 I InterstitialController: onImmersiveActivityAppearing: uid: 10065, pid: 0, state: 1, is.xyz.omw.debug, on task: WCT{RemoteToken{bc549ca Task{e6a4c8b #3 type=standard}}}, launchId: null
03-27 07:13:34.850  1419  1419 D SpatialAudioService: Skipping processing for app: is.xyz.omw.debug (isNewApp: false, epsService: true)
03-27 07:13:34.850  1419  1419 V WorldManagerService: VW Content Listener: is.xyz.omw.debug -1
03-27 07:13:34.854  1419  1445 I OculusWindowMgr: OWMS::focusChanged: windowRootTaskId: 3
03-27 07:13:34.854  1419  1445 I OculusWindowMgr: OWMS::focusChanged: getImmersiveTask returned
03-27 07:13:34.854  1419  1445 I OculusWindowMgr: OWMS::focusChanged: matchedTaskId: 3
03-27 07:13:34.854 18091 18205 I [CT]    : HandPoseSampler: Filter reset
03-27 07:13:34.855 18091 18205 I InputDevice_Hand: HANDTRACKING ADMIRE hand 0: hpm=1 -> shared=0
03-27 07:13:34.855 18091 18205 I [CT]    : HandPoseSampler: Filter reset
03-27 07:13:34.855 18091 18205 I InputDevice_Hand: HANDTRACKING ADMIRE hand 1: hpm=1 -> shared=0
03-27 07:13:34.855  1419  2160 D TrackingAccessCache: Tracking access changed: [ProcessTrackingAccess { uid = 10065, pid = 16746, trackingAccessPose = 2046, trackingAccessInput = 2046 }]
03-27 07:13:34.855  1419  2160 D VolumetricContentMonitor: Focused window changed to RunningWindowInfo{  pid: 16746, uid: 10065, userId: 0, windowContainerToken: 165293051, windowToken: android.view.IWindow$Stub$Proxy@a6d6418, windowId: com.android.server.wm.WindowState$WindowId@965c46, displayId: 0, windowType: 1, activity: RunningActivityInfo { rootTask: 3, uid: 10065, pid: 16746, userId: 0, activity: ui.activity.VrEntryActivity, windowId: com.android.server.wm.WindowState$WindowId@965c46, state: ACTIVITY_STATE_VISIBLE}}, from android.view.IWindow$Stub$Proxy@4e28e88
03-27 07:13:34.856  1419  3523 D ActivityTaskManager: getDisplaysWithTopActivities: immersive ActivityRecord{9cf8139 u0 is.xyz.omw.debug/ui.activity.GameActivity t9682}
03-27 07:13:34.856  1419  2160 I InterstitialController: onImmersiveActivityAppeared: uid: 10065, pid: 16746, state: 4, is.xyz.omw.debug, on task: WCT{RemoteToken{bc549ca Task{e6a4c8b #3 type=standard}}}, launchId: null
03-27 07:13:34.856  2697  2697 W ClientMgrFocus: FocusedWindowChanged: Can't find client for uid = 10065 pid = 16746 when focusedWindowUid_ = 10065
03-27 07:13:34.856  2697  2697 W ClientMgrFocus:  Dump of client list: 
03-27 07:13:34.856  2697  2697 W ClientMgrFocus: id 0xab362515, pid 1671, uid 1000, packageName native_process.system, clientName VrRuntimeClient-1, processName /system/bin/surfaceflinger, processNameWithPID /system/bin/surfaceflinger:1671, launchId , permissionFlags 4, clientType 5, clientFlags 0, isApplication=true, isOsApp=false, clientSessionPlacement 4294967295, clientDisplayId 0, clientVWToken 00000000000000000000000000000000
03-27 07:13:34.856  2697  2697 W ClientMgrFocus: id 0xd9af031b, pid 18224, uid 10016, packageName com.oculus.guardian, clientName VrRuntimeClient-1, processName com.oculus.vrguardianservice, processNameWithPID com.oculus.vrguardianservice:18224, launchId , permissionFlags 5d, clientType 2, clientFlags 1, isApplication=false, isOsApp=false, clientSessionPlacement 4294967293, clientDisplayId -1, clientVWToken 00000000000000000000000000000000
03-27 07:13:34.856  2697  2697 W ClientMgrFocus: id 0x788ea906, pid 18091, uid 10029, packageName com.oculus.vrshell, clientName VrRuntimeClient-1, processName com.oculus.vrshell, processNameWithPID com.oculus.vrshell:18091, launchId , permissionFlags 6d, clientType 1, clientFlags 1, isApplication=false, isOsApp=false, clientSessionPlacement 2147483647, clientDisplayId -1, clientVWToken 00000000000000000000000000000000
03-27 07:13:34.856  2697  2697 W ClientMgrFocus: id 0xcf254f9f, pid 1168, uid 1000, packageName native_process.system, clientName VrRuntimeClient-1, processName /system_ext/bin/mrsystemservice, processNameWithPID /system_ext/bin/mrsystemservice:1168, launchId , permissionFlags 40, clientType 3, clientFlags 0, isApplication=true, isOsApp=false, clientSessionPlacement 2147483774, clientDisplayId 0, clientVWToken 00000000000000000000000000000000
03-27 07:13:34.856  2697  2697 I ClientMgrFocus: ClientMgr::SetFocusedClient: FocusedClient did not change: []
03-27 07:13:34.856  2697  2697 W ClientMgrFocus: ClientMgr::SetFocusedClient: No focused client
03-27 07:13:34.856  2697  2697 I ClientMgrFocus: Releasing clocks.
03-27 07:13:34.856  1419  2160 I UiModeController: Switching from is.xyz.omw.debug to is.xyz.omw.debug
03-27 07:13:34.856  2697  2697 I ClientMgrFocus: ClientMgr::SetFocusedClient: Updating Focus State: 0 for Client: /system/bin/surfaceflinger:1671, Client DisplayId: 0
03-27 07:13:34.856  2697  2697 I ClientMgrFocus: ClientMgr::SetFocusedClient: Updating Focus State: 0 for Client: com.oculus.vrguardianservice:18224, Client DisplayId: -1
03-27 07:13:34.856  2697  2697 I ClientMgrFocus: ClientMgr::SetFocusedClient: Updating Focus State: 0 for Client: com.oculus.vrshell:18091, Client DisplayId: -1
03-27 07:13:34.856  2697  2697 I ClientMgrFocus: ClientMgr::SetFocusedClient: Updating Focus State: 0 for Client: /system_ext/bin/mrsystemservice:1168, Client DisplayId: 0
03-27 07:13:34.856  2697  2697 I ClientMgrFocus: Clearing focused package name. Previous focused client was: 
03-27 07:13:34.856  2697  2697 I ClientMgrFocus: SetFocusedPackageName - packageName  processName  clientId 0 clientPid 0
03-27 07:13:34.856  1419  1419 D SpatialAudioService: Skipping processing for app: is.xyz.omw.debug (isNewApp: false, epsService: true)
03-27 07:13:34.856  1419  1419 V WorldManagerService: VW Content Listener: is.xyz.omw.debug -1
03-27 07:13:34.856  1419  1419 D SpatialAudioService: Skipping processing for app: is.xyz.omw.debug (isNewApp: false, epsService: true)
03-27 07:13:34.856  1419  1419 V WorldManagerService: VW Content Listener: is.xyz.omw.debug -1
03-27 07:13:34.865 16746 16746 D VrosSpatialAudio: Immersive activity detected, skip VrosSpatialAudio init
03-27 07:13:34.866 18091 18205 I [CT]    : HandPoseSampler: Filter reset
03-27 07:13:34.866 18091 18205 I InputDevice_Hand: HANDTRACKING ADMIRE hand 0: hpm=1 -> shared=0
03-27 07:13:34.866 18091 18205 I [CT]    : HandPoseSampler: Filter reset
03-27 07:13:34.866 18091 18205 I InputDevice_Hand: HANDTRACKING ADMIRE hand 1: hpm=1 -> shared=0
03-27 07:13:34.866 16746 16746 V SDL     : Device: panther
03-27 07:13:34.866 16746 16746 V SDL     : Model: Quest 3S
03-27 07:13:34.866 16746 16746 V SDL     : onCreate()
03-27 07:13:34.877 18091 18205 I [CT]    : HandPoseSampler: Filter reset
03-27 07:13:34.877 18091 18205 I InputDevice_Hand: HANDTRACKING ADMIRE hand 0: hpm=1 -> shared=0
03-27 07:13:34.877 18091 18205 I [CT]    : HandPoseSampler: Filter reset
03-27 07:13:34.877 18091 18205 I InputDevice_Hand: HANDTRACKING ADMIRE hand 1: hpm=1 -> shared=0
03-27 07:13:34.881 16746 16746 W OpenMW  : Unknown graphics backend 'gles2'; defaulting to GLES2.
03-27 07:13:34.881 16746 16746 I OpenMW  : Graphics bootstrap: pref=gles2, OPENMW_GLES_VERSION=2, LIBGL_ES=2
03-27 07:13:34.881 16746 16746 I LIBGL   : Initialising gl4es
03-27 07:13:34.881 16746 16746 I LIBGL   : v1.1.4 built on Mar 27 2026 02:49:02
03-27 07:13:34.881 16746 16746 I LIBGL   : Using GLES 2.0 backend
03-27 07:13:34.883 16746 16746 I LIBGL   : loaded: libGLESv2.so
03-27 07:13:34.883 16746 16746 I LIBGL   : loaded: libEGL.so
03-27 07:13:34.883 16746 16746 I LIBGL   : Using GLES 2.0 backend
03-27 07:13:34.885 16746 16746 I LIBGL   : Hardware Full NPOT detected and used
03-27 07:13:34.885 16746 16746 I LIBGL   : FBO are in core, and so used
03-27 07:13:34.885 16746 16746 I LIBGL   : PointSprite are in core, and so used
03-27 07:13:34.885 16746 16746 I LIBGL   : CubeMap are in core, and so used
03-27 07:13:34.885 16746 16746 I LIBGL   : BlendColor is in core, and so used
03-27 07:13:34.885 16746 16746 I LIBGL   : Blend Substract is in core, and so used
03-27 07:13:34.885 16746 16746 I LIBGL   : Blend Function and Equation Separation is in core, and so used
03-27 07:13:34.885 16746 16746 I LIBGL   : Texture Mirrored Repeat is in core, and so used
03-27 07:13:34.885 16746 16746 I LIBGL   : Extension GL_OES_element_index_uint  detected and used
03-27 07:13:34.885 16746 16746 I LIBGL   : Extension GL_OES_packed_depth_stencil  detected and used
03-27 07:13:34.885 16746 16746 I LIBGL   : Extension GL_OES_depth24  detected and used
03-27 07:13:34.885 16746 16746 I LIBGL   : Extension GL_OES_rgb8_rgba8  detected and used
03-27 07:13:34.885 16746 16746 I LIBGL   : Extension GL_EXT_texture_format_BGRA8888  detected and used
03-27 07:13:34.885 16746 16746 I LIBGL   : Extension GL_OES_depth_texture  detected and used
03-27 07:13:34.885 16746 16746 I LIBGL   : Extension GL_OES_texture_stencil8  detected and used
03-27 07:13:34.885 16746 16746 I LIBGL   : Extension GL_OES_texture_float  detected and used
03-27 07:13:34.885 16746 16746 I LIBGL   : Extension GL_OES_texture_half_float  detected and used
03-27 07:13:34.885 16746 16746 I LIBGL   : Extension GL_EXT_color_buffer_float  detected and used
03-27 07:13:34.885 16746 16746 I LIBGL   : Extension GL_EXT_color_buffer_half_float  detected and used
03-27 07:13:34.885 16746 16746 I LIBGL   : high precision float in fragment shader available and used
03-27 07:13:34.885 16746 16746 I LIBGL   : Max vertex attrib: 32
03-27 07:13:34.885 16746 16746 I LIBGL   : Extension GL_OES_standard_derivatives  detected and used
03-27 07:13:34.885 16746 16746 I LIBGL   : Max texture size: 16384
03-27 07:13:34.885 16746 16746 I LIBGL   : Max Varying Vector: 31
03-27 07:13:34.885 16746 16746 I LIBGL   : Texture Units: 16/16 (hardware: 16), Max lights: 8, Max planes: 6
03-27 07:13:34.885 16746 16746 I LIBGL   : Extension GL_EXT_texture_filter_anisotropic  detected and used
03-27 07:13:34.885 16746 16746 I LIBGL   : Max Anisotropic filtering: 16
03-27 07:13:34.885 16746 16746 I LIBGL   : Max Color Attachments: 1 / Draw buffers: 1
03-27 07:13:34.885 16746 16746 I LIBGL   : Hardware vendor is Qualcomm
03-27 07:13:34.889 18091 18205 I [CT]    : HandPoseSampler: Filter reset
03-27 07:13:34.889 18091 18205 I InputDevice_Hand: HANDTRACKING ADMIRE hand 0: hpm=1 -> shared=0
03-27 07:13:34.889 18091 18205 I [CT]    : HandPoseSampler: Filter reset
03-27 07:13:34.889 18091 18205 I InputDevice_Hand: HANDTRACKING ADMIRE hand 1: hpm=1 -> shared=0
03-27 07:13:34.899 18091 18205 I [CT]    : HandPoseSampler: Filter reset
03-27 07:13:34.899 18091 18205 I InputDevice_Hand: HANDTRACKING ADMIRE hand 0: hpm=1 -> shared=0
03-27 07:13:34.899 18091 18205 I [CT]    : HandPoseSampler: Filter reset
03-27 07:13:34.899 18091 18205 I InputDevice_Hand: HANDTRACKING ADMIRE hand 1: hpm=1 -> shared=0
03-27 07:13:34.900 16746 16746 I AdrenoGLES-0: ERROR: Unsupported or invalid OpenGL ES version
03-27 07:13:34.900 16746 16746 I LIBGL   : GLSL 300 es supported
03-27 07:13:34.900 16746 16746 I LIBGL   : GLSL 310 es supported and used
03-27 07:13:34.900 16746 16746 I LIBGL   : sRGB surface supported
03-27 07:13:34.900 16746 16746 I LIBGL   : EGLImage to Texture2D supported
03-27 07:13:34.900 16746 16746 I LIBGL   : EGLImage to RenderBuffer supported
03-27 07:13:34.901 16746 16746 E libEGL  : call to OpenGL ES API with no current context (logged once per thread)
03-27 07:13:34.901 16746 16746 I LIBGL   : Targeting OpenGL 2.1
03-27 07:13:34.901 16746 16746 I LIBGL   : NPOT texture handled in hardware
03-27 07:13:34.901 16746 16746 I LIBGL   : Not trying to batch small subsequent glDrawXXXX
03-27 07:13:34.901 16746 16746 I LIBGL   : try to use VBO
03-27 07:13:34.901 16746 16746 I LIBGL   : glX Will try to recycle EGL Surface
03-27 07:13:34.901 16746 16746 I LIBGL   : Current folder is:/
03-27 07:13:34.910 18091 18205 I [CT]    : HandPoseSampler: Filter reset
03-27 07:13:34.910 18091 18205 I InputDevice_Hand: HANDTRACKING ADMIRE hand 0: hpm=1 -> shared=0
03-27 07:13:34.910 18091 18205 I [CT]    : HandPoseSampler: Filter reset
03-27 07:13:34.910 18091 18205 I InputDevice_Hand: HANDTRACKING ADMIRE hand 1: hpm=1 -> shared=0
03-27 07:13:34.922 18091 18205 I [CT]    : HandPoseSampler: Filter reset
03-27 07:13:34.922 18091 18205 I InputDevice_Hand: HANDTRACKING ADMIRE hand 0: hpm=1 -> shared=0
03-27 07:13:34.922 18091 18205 I [CT]    : HandPoseSampler: Filter reset
03-27 07:13:34.922 18091 18205 I InputDevice_Hand: HANDTRACKING ADMIRE hand 1: hpm=1 -> shared=0
03-27 07:13:34.933 18091 18205 I [CT]    : HandPoseSampler: Filter reset
03-27 07:13:34.933 18091 18205 I InputDevice_Hand: HANDTRACKING ADMIRE hand 0: hpm=1 -> shared=0
03-27 07:13:34.933 18091 18205 I [CT]    : HandPoseSampler: Filter reset
03-27 07:13:34.933 18091 18205 I InputDevice_Hand: HANDTRACKING ADMIRE hand 1: hpm=1 -> shared=0
03-27 07:13:34.943 18091 18205 I [CT]    : HandPoseSampler: Filter reset
03-27 07:13:34.943 18091 18205 I InputDevice_Hand: HANDTRACKING ADMIRE hand 0: hpm=1 -> shared=0
03-27 07:13:34.943 18091 18205 I [CT]    : HandPoseSampler: Filter reset
03-27 07:13:34.943 18091 18205 I InputDevice_Hand: HANDTRACKING ADMIRE hand 1: hpm=1 -> shared=0
03-27 07:13:34.955 18091 18205 I [CT]    : HandPoseSampler: Filter reset
03-27 07:13:34.955 18091 18205 I InputDevice_Hand: HANDTRACKING ADMIRE hand 0: hpm=1 -> shared=0
03-27 07:13:34.955 18091 18205 I [CT]    : HandPoseSampler: Filter reset
03-27 07:13:34.955 18091 18205 I InputDevice_Hand: HANDTRACKING ADMIRE hand 1: hpm=1 -> shared=0
03-27 07:13:34.966 18091 18205 I [CT]    : HandPoseSampler: Filter reset
03-27 07:13:34.966 18091 18205 I InputDevice_Hand: HANDTRACKING ADMIRE hand 0: hpm=1 -> shared=0
03-27 07:13:34.966 18091 18205 I [CT]    : HandPoseSampler: Filter reset
03-27 07:13:34.966 18091 18205 I InputDevice_Hand: HANDTRACKING ADMIRE hand 1: hpm=1 -> shared=0
03-27 07:13:34.978 18091 18205 I [CT]    : HandPoseSampler: Filter reset
03-27 07:13:34.978 18091 18205 I InputDevice_Hand: HANDTRACKING ADMIRE hand 0: hpm=1 -> shared=0
03-27 07:13:34.978 18091 18205 I [CT]    : HandPoseSampler: Filter reset
03-27 07:13:34.978 18091 18205 I InputDevice_Hand: HANDTRACKING ADMIRE hand 1: hpm=1 -> shared=0
03-27 07:13:34.983 16746 16746 V SDL     : nativeSetupJNI()
03-27 07:13:34.983 16746 16746 V SDL     : AUDIO nativeSetupJNI()
03-27 07:13:34.983 16746 16746 V SDL     : CONTROLLER nativeSetupJNI()
03-27 07:13:34.989 18091 18205 I [CT]    : HandPoseSampler: Filter reset
03-27 07:13:34.989 18091 18205 I InputDevice_Hand: HANDTRACKING ADMIRE hand 0: hpm=1 -> shared=0
03-27 07:13:34.989 18091 18205 I [CT]    : HandPoseSampler: Filter reset
03-27 07:13:34.989 18091 18205 I InputDevice_Hand: HANDTRACKING ADMIRE hand 1: hpm=1 -> shared=0
03-27 07:13:34.990 18224 18352 I AutoStationaryHelper: [AutoStationaryHelper::getGuardianDataFromNearbyRoomscale] Checking 1 existing guardian data
03-27 07:13:34.990 18224 18352 I GuardianMapDataMgr: [GuardianMapDataMgr::isValidTrackedRoomscale] [2575043440] Valid=yes, Roomscale=yes, Anchor [2cee9d32-7f24-ff1e-5555-ae309d8ea246] Tracked=yes
03-27 07:13:34.990 18224 18352 I AutoStationaryHelper: [AutoStationaryHelper::getGuardianDataFromNearbyRoomscale] [2575043440] Distance to HMD: 3.861152
03-27 07:13:34.993 16746 16746 D hidapi  : Initializing Bluetooth
03-27 07:13:34.993 16746 16746 D hidapi  : Couldn't initialize Bluetooth, missing android.permission.BLUETOOTH
03-27 07:13:35.000 18091 18205 I [CT]    : HandPoseSampler: Filter reset
03-27 07:13:35.000 18091 18205 I InputDevice_Hand: HANDTRACKING ADMIRE hand 0: hpm=1 -> shared=0
03-27 07:13:35.000 18091 18205 I [CT]    : HandPoseSampler: Filter reset
03-27 07:13:35.000 18091 18205 I InputDevice_Hand: HANDTRACKING ADMIRE hand 1: hpm=1 -> shared=0
03-27 07:13:35.003 16746 16746 W OpenMW  : Unknown graphics backend 'gles2'; defaulting to GLES2.
03-27 07:13:35.003 16746 16746 I OpenMW  : Graphics bootstrap: pref=gles2, OPENMW_GLES_VERSION=2, LIBGL_ES=2
03-27 07:13:35.003 16746 16746 I OpenMW  : OpenXR runtime bootstrap: Meta Quest System Runtime selected
03-27 07:13:35.003 16746 16746 V OpenXR-Loader: Verbose [GENERAL | xrInitializeLoaderKHR | OpenXR-Loader] : Entering loader trampoline
03-27 07:13:35.004 16746 16746 I OpenMW  : xrInitializeLoaderKHR executed successfully!
03-27 07:13:35.011 18091 18205 I [CT]    : HandPoseSampler: Filter reset
03-27 07:13:35.011 18091 18205 I InputDevice_Hand: HANDTRACKING ADMIRE hand 0: hpm=1 -> shared=0
03-27 07:13:35.011 18091 18205 I [CT]    : HandPoseSampler: Filter reset
03-27 07:13:35.011 18091 18205 I InputDevice_Hand: HANDTRACKING ADMIRE hand 1: hpm=1 -> shared=0
03-27 07:13:35.022 18091 18205 I [CT]    : HandPoseSampler: Filter reset
03-27 07:13:35.022 18091 18205 I InputDevice_Hand: HANDTRACKING ADMIRE hand 0: hpm=1 -> shared=0
03-27 07:13:35.022 18091 18205 I [CT]    : HandPoseSampler: Filter reset
03-27 07:13:35.022 18091 18205 I InputDevice_Hand: HANDTRACKING ADMIRE hand 1: hpm=1 -> shared=0
03-27 07:13:35.029  1671  1671 I BpBinder: onLastStrongRef automatically unlinking death recipients: 
03-27 07:13:35.034 18091 18205 I [CT]    : HandPoseSampler: Filter reset
03-27 07:13:35.034 18091 18205 I InputDevice_Hand: HANDTRACKING ADMIRE hand 0: hpm=1 -> shared=0
03-27 07:13:35.034 18091 18205 I [CT]    : HandPoseSampler: Filter reset
03-27 07:13:35.034 18091 18205 I InputDevice_Hand: HANDTRACKING ADMIRE hand 1: hpm=1 -> shared=0
03-27 07:13:35.040  1168  1840 I MRSS    : BOLT:HexagonTelemetry: Global DSP utilization: 21.61% (1081 / 5003 ms), Scalar Util: 68.89%, HVX Util: 53.43%, HMX Util: 25.78%, DMA Active: 0.00%, Freq: 864.0127705856984 MHz
03-27 07:13:35.040  1168  1840 I MRSS    : boltlib: DSP Rpc stats over 5003 ms: {"HexagonCvpPreprocessorCompute":105,"zelda_qvga_boltnn_delegate":105}
03-27 07:13:35.045 18091 18205 I [CT]    : HandPoseSampler: Filter reset
03-27 07:13:35.045 18091 18205 I InputDevice_Hand: HANDTRACKING ADMIRE hand 0: hpm=1 -> shared=0
03-27 07:13:35.045 18091 18205 I [CT]    : HandPoseSampler: Filter reset
03-27 07:13:35.045 18091 18205 I InputDevice_Hand: HANDTRACKING ADMIRE hand 1: hpm=1 -> shared=0
03-27 07:13:35.055 18091 18205 I [CT]    : HandPoseSampler: Filter reset
03-27 07:13:35.055 18091 18205 I InputDevice_Hand: HANDTRACKING ADMIRE hand 0: hpm=1 -> shared=0
03-27 07:13:35.055 18091 18205 I [CT]    : HandPoseSampler: Filter reset
03-27 07:13:35.055 18091 18205 I InputDevice_Hand: HANDTRACKING ADMIRE hand 1: hpm=1 -> shared=0
03-27 07:13:35.067 18091 18205 I [CT]    : HandPoseSampler: Filter reset
03-27 07:13:35.067 18091 18205 I InputDevice_Hand: HANDTRACKING ADMIRE hand 0: hpm=1 -> shared=0
03-27 07:13:35.067 18091 18205 I [CT]    : HandPoseSampler: Filter reset
03-27 07:13:35.067 18091 18205 I InputDevice_Hand: HANDTRACKING ADMIRE hand 1: hpm=1 -> shared=0
03-27 07:13:35.077 18091 18205 I [CT]    : HandPoseSampler: Filter reset
03-27 07:13:35.077 18091 18205 I InputDevice_Hand: HANDTRACKING ADMIRE hand 0: hpm=1 -> shared=0
03-27 07:13:35.077 18091 18205 I [CT]    : HandPoseSampler: Filter reset
03-27 07:13:35.077 18091 18205 I InputDevice_Hand: HANDTRACKING ADMIRE hand 1: hpm=1 -> shared=0
03-27 07:13:35.088 18091 18205 I [CT]    : HandPoseSampler: Filter reset
03-27 07:13:35.088 18091 18205 I InputDevice_Hand: HANDTRACKING ADMIRE hand 0: hpm=1 -> shared=0
03-27 07:13:35.088 18091 18205 I [CT]    : HandPoseSampler: Filter reset
03-27 07:13:35.088 18091 18205 I InputDevice_Hand: HANDTRACKING ADMIRE hand 1: hpm=1 -> shared=0
03-27 07:13:35.090 16746 16746 E ThemeUtils: View class cursor.FixedSizeImageView is an AppCompat widget that can only be used with a Theme.AppCompat theme (or descendant).
03-27 07:13:35.094 16746 16746 V SDL     : onStart()
03-27 07:13:35.095 16746 16746 V SDL     : onResume()
03-27 07:13:35.099  1419  3729 W WindowManager: Failed looking up window session=Session{cbefd1f 16746:u0a10065} callers=com.android.server.wm.WindowManagerService.windowForClientLocked:6162 com.android.server.wm.Session.updateRequestedVisibleTypes:690 android.view.IWindowSession$Stub.onTransact:1040 
03-27 07:13:35.100 18091 18205 I [CT]    : HandPoseSampler: Filter reset
03-27 07:13:35.100 18091 18205 I InputDevice_Hand: HANDTRACKING ADMIRE hand 0: hpm=1 -> shared=0
03-27 07:13:35.100 18091 18205 I [CT]    : HandPoseSampler: Filter reset
03-27 07:13:35.100 18091 18205 I InputDevice_Hand: HANDTRACKING ADMIRE hand 1: hpm=1 -> shared=0
03-27 07:13:35.105 18091 14209 I VrApi   : FPS=85/90,Prd=38ms,Tear=0,Early=24,Stale=16,Stale2/5/10/max=1/0/1/14,VSnc=1,Lat=-4,Fov=3,CPU4/GPU=-1/-1,1920/545MHz,OC=3F,TA=0/0/0,SP=N/N/N,Mem=3196MHz,Free=3749MB,PLS=0,Temp=36.0C/0.0C,TW=0.56ms,App=1.47ms,GD=0.00ms,CPU&GPU=8.86ms,LCnt=4(DR0,LM2),GPU%=0.26,CPU%=0.96(W0.98),CFL=12.05/16.06,ICFLp95=14.62,LD=0,CABC=1,SF=0.78,LP=1,DVFS=0,ShrpLCnt=1,ShrpR=0.000,SSLCnt=1/2,Preempt=212,PoseAgeP95=0.00
03-27 07:13:35.105 18091 14209 I VrApi   : ASW=34,Type=PTWFromStereo,E=0.000/0.000,D=0.000/0.000
03-27 07:13:35.108 16746 16746 V SDL     : onWindowFocusChanged(): true
03-27 07:13:35.109 16746 16746 V SDL     : onWindowFocusChanged(): false
03-27 07:13:35.111 18091 18205 I [CT]    : HandPoseSampler: Filter reset
03-27 07:13:35.111 18091 18205 I InputDevice_Hand: HANDTRACKING ADMIRE hand 0: hpm=1 -> shared=0
03-27 07:13:35.111 18091 18205 I [CT]    : HandPoseSampler: Filter reset
03-27 07:13:35.111 18091 18205 I InputDevice_Hand: HANDTRACKING ADMIRE hand 1: hpm=1 -> shared=0
03-27 07:13:35.122 18091 18205 I [CT]    : HandPoseSampler: Filter reset
03-27 07:13:35.122 18091 18205 I InputDevice_Hand: HANDTRACKING ADMIRE hand 0: hpm=1 -> shared=0
03-27 07:13:35.122 18091 18205 I [CT]    : HandPoseSampler: Filter reset
03-27 07:13:35.122 18091 18205 I InputDevice_Hand: HANDTRACKING ADMIRE hand 1: hpm=1 -> shared=0
03-27 07:13:35.125  1419  1457 D CoreBackPreview: Window{faf3fcf u0 is.xyz.omw.debug/ui.activity.GameActivity}: Setting back callback OnBackInvokedCallbackInfo{mCallback=android.window.IOnBackInvokedCallback$Stub$Proxy@e1dc865, mPriority=0, mIsAnimationCallback=false}
03-27 07:13:35.133 16746 16780 E OpenGLRenderer: Unable to match the desired swap behavior.
03-27 07:13:35.133 18091 18205 I [CT]    : HandPoseSampler: Filter reset
03-27 07:13:35.134 18091 18205 I InputDevice_Hand: HANDTRACKING ADMIRE hand 0: hpm=1 -> shared=0
03-27 07:13:35.134 18091 18205 I [CT]    : HandPoseSampler: Filter reset
03-27 07:13:35.134 18091 18205 I InputDevice_Hand: HANDTRACKING ADMIRE hand 1: hpm=1 -> shared=0
03-27 07:13:35.135 16746 16746 W View    : requestLayout() improperly called by ui.controls.JoystickLeft{5025f30 V.ED..... ......I. 0,0-0,0} during layout: running second layout pass
03-27 07:13:35.135 16746 16746 W View    : requestLayout() improperly called by ui.controls.JoystickRight{a2357a9 V.ED..... ......I. 0,0-0,0} during layout: running second layout pass
03-27 07:13:35.135 16746 16746 W View    : requestLayout() improperly called by android.widget.ImageView{b78012e V.ED..... ......ID 0,0-0,0} during layout: running second layout pass
03-27 07:13:35.135 16746 16746 W View    : requestLayout() improperly called by android.widget.ImageView{a08b4cf V.ED..... ......ID 0,0-0,0} during layout: running second layout pass
03-27 07:13:35.135 16746 16746 W View    : requestLayout() improperly called by android.widget.ImageView{3e63e5c V.ED..... ......ID 0,0-0,0} during layout: running second layout pass
03-27 07:13:35.135 16746 16746 W View    : requestLayout() improperly called by android.widget.ImageView{730c565 V.ED..... ......ID 0,0-0,0} during layout: running second layout pass
03-27 07:13:35.135 16746 16746 W View    : requestLayout() improperly called by android.widget.ImageView{d07023a V.ED..... ......ID 0,0-0,0} during layout: running second layout pass
03-27 07:13:35.135 16746 16746 W View    : requestLayout() improperly called by android.widget.ImageView{185ceeb V.ED..... ......ID 0,0-0,0} during layout: running second layout pass
03-27 07:13:35.135 16746 16746 W View    : requestLayout() improperly called by android.widget.ImageView{fc6e448 V.ED..... ......ID 0,0-0,0} during layout: running second layout pass
03-27 07:13:35.136 16746 16746 W View    : requestLayout() improperly called by android.widget.ImageView{8ed52e1 V.ED..... ......ID 0,0-0,0} during layout: running second layout pass
03-27 07:13:35.136 16746 16746 W View    : requestLayout() improperly called by android.widget.ImageView{7530806 V.ED..... ......ID 0,0-0,0} during layout: running second layout pass
03-27 07:13:35.142 16746 16746 V SDL     : surfaceCreated()
03-27 07:13:35.143 16746 16746 V SDL     : surfaceChanged()
03-27 07:13:35.143 16746 16746 V SDL     : pixel format RGB_565
03-27 07:13:35.143 16746 16746 V SDL     : Window size: 3664x1920
03-27 07:13:35.143 16746 16746 V SDL     : Device size: 3664x1920
03-27 07:13:35.143 16746 16746 E SensorManager: sensor or listener is null
03-27 07:13:35.143 16746 16746 E SensorManager: sensor or listener is null
03-27 07:13:35.144 16746 16746 E SensorManager: sensor or listener is null
03-27 07:13:35.144 16746 16746 E SensorManager: sensor or listener is null
03-27 07:13:35.145 16746 16746 I OpenGLRenderer: setStopped(0)
03-27 07:13:35.145 16746 16746 I OpenGLRenderer: setStopped(0): complete
03-27 07:13:35.145 16746 16797 V SDL     : Running main function SDL_main from library libopenmw.so
03-27 07:13:35.145 16746 16797 V SDL     : nativeRunMain()
03-27 07:13:35.145 18091 18205 I [CT]    : HandPoseSampler: Filter reset
03-27 07:13:35.145 18091 18205 I InputDevice_Hand: HANDTRACKING ADMIRE hand 0: hpm=1 -> shared=0
03-27 07:13:35.145 18091 18205 I [CT]    : HandPoseSampler: Filter reset
03-27 07:13:35.145 18091 18205 I InputDevice_Hand: HANDTRACKING ADMIRE hand 1: hpm=1 -> shared=0
03-27 07:13:35.146 16746 16746 I OpenGLRenderer: setStopped(0)
03-27 07:13:35.146 16746 16746 I OpenGLRenderer: setStopped(0): complete
03-27 07:13:35.150  1419  1442 I ActivityTaskManager: Displayed is.xyz.omw.debug/ui.activity.GameActivity for user 0: +302ms
03-27 07:13:35.150  1419  1442 V WindowManager: Sent Transition #3446 createdAt=03-27 07:13:34.843 via request=TransitionRequestInfo { type = CLOSE, triggerTask = TaskInfo{userId=0 taskId=9682 displayId=0 isRunning=false baseIntent=Intent { flg=0x10010100 cmp=is.xyz.omw.debug/ui.activity.VrEntryActivity } baseActivity=null topActivity=null origActivity=null realActivity=ComponentInfo{is.xyz.omw.debug/ui.activity.VrEntryActivity} numActivities=0 numActivitiesPerUser={} lastActiveTime=232396187 supportsMultiWindow=true resizeMode=1 isResizeable=true minWidth=-1 minHeight=-1 defaultMinSize=1 token=WCT{RemoteToken{9b38e2a Task{950db80 #9682 type=standard A=10065:is.xyz.omw.debug}}} topActivityType=1 pictureInPictureParams=null shouldDockBigOverlays=false launchIntoPipHostTaskId=-1 lastParentTaskIdBeforePip=-1 displayCutoutSafeInsets=null topActivityInfo=null launchCookies=[] telemetryLaunchIds=[] positionInParent=Point(0, 0) parentTaskId=3 isFocused=true isVisible=true isVisibleRequested=true isSleeping=false topActivityInSizeCompat=false topActivityEligibleForLetterboxEducation= false topActivityLetterboxed= false isFromDoubleTap= false topActivityLetterboxVerticalPosition= -1 topActivityLetterboxHorizontalPosition= -1 topActivityLetterboxWidth=-1 topActivityLetterboxHeight=-1 locusId=null displayAreaFeatureId=1 cameraCompatControlState=hidden finishingActivityExitReason=0}, remoteTransition = null, displayChange = null }
03-27 07:13:35.150  1419  1442 V WindowManager:     startWCT=WindowContainerTransaction { changes = {} hops = [] errorCallbackToken=null taskFragmentOrganizer=null }
03-27 07:13:35.150  1419  1442 V WindowManager:     info={id=3446 t=CLOSE f=0x0 trk=0 r=[0@Point(0, 0)] c=[{null m=OPEN f=FILLS_TASK p=WCT{RemoteToken{9b38e2a Task{950db80 #9682 type=standard A=10065:is.xyz.omw.debug}}} leash=Surface(name=ActivityRecord{9cf8139 u0 is.xyz.omw.debug/ui.activity.GameActivity)/@0x28a09eb sb=Rect(0, 0 - 0, 0) eb=Rect(0, 0 - 3664, 1920) d=-1->0 r=-1->0:-1},{null m=TO_BACK f=FILLS_TASK p=WCT{RemoteToken{9b38e2a Task{950db80 #9682 type=standard A=10065:is.xyz.omw.debug}}} leash=Surface(name=ActivityRecord{25cc003 u0 is.xyz.omw.debug/ui.activity.VrEntryActivity)/@0x8db493a sb=Rect(0, 0 - 3664, 1920) eb=Rect(0, 0 - 3664, 1920) d=0},{WCT{RemoteToken{9b38e2a Task{950db80 #9682 type=standard A=10065:is.xyz.omw.debug}}} m=CHANGE f=MOVE_TO_TOP leash=Surface(name=Task=9682)/@0xe05e259 sb=Rect(0, 0 - 3664, 1920) eb=Rect(0, 0 - 3664, 1920) d=0}]}
03-27 07:13:35.154  1419  1445 I OculusWindowMgr: OWMS::focusChanged: windowRootTaskId: 3
03-27 07:13:35.154  1419  1445 I OculusWindowMgr: OWMS::focusChanged: getImmersiveTask returned
03-27 07:13:35.154  1419  1445 I OculusWindowMgr: OWMS::focusChanged: matchedTaskId: 3
03-27 07:13:35.154  2697  2697 W ClientMgrFocus: FocusedWindowChanged: Can't find client for uid = 10065 pid = 16746 when focusedWindowUid_ = 10065
03-27 07:13:35.154  2697  2697 W ClientMgrFocus:  Dump of client list: 
03-27 07:13:35.154  2697  2697 W ClientMgrFocus: id 0xab362515, pid 1671, uid 1000, packageName native_process.system, clientName VrRuntimeClient-1, processName /system/bin/surfaceflinger, processNameWithPID /system/bin/surfaceflinger:1671, launchId , permissionFlags 4, clientType 5, clientFlags 0, isApplication=true, isOsApp=false, clientSessionPlacement 4294967295, clientDisplayId 0, clientVWToken 00000000000000000000000000000000
03-27 07:13:35.154  2697  2697 W ClientMgrFocus: id 0xd9af031b, pid 18224, uid 10016, packageName com.oculus.guardian, clientName VrRuntimeClient-1, processName com.oculus.vrguardianservice, processNameWithPID com.oculus.vrguardianservice:18224, launchId , permissionFlags 5d, clientType 2, clientFlags 1, isApplication=false, isOsApp=false, clientSessionPlacement 4294967293, clientDisplayId -1, clientVWToken 00000000000000000000000000000000
03-27 07:13:35.154  2697  2697 W ClientMgrFocus: id 0x788ea906, pid 18091, uid 10029, packageName com.oculus.vrshell, clientName VrRuntimeClient-1, processName com.oculus.vrshell, processNameWithPID com.oculus.vrshell:18091, launchId , permissionFlags 6d, clientType 1, clientFlags 1, isApplication=false, isOsApp=false, clientSessionPlacement 2147483647, clientDisplayId -1, clientVWToken 00000000000000000000000000000000
03-27 07:13:35.154  2697  2697 W ClientMgrFocus: id 0xcf254f9f, pid 1168, uid 1000, packageName native_process.system, clientName VrRuntimeClient-1, processName /system_ext/bin/mrsystemservice, processNameWithPID /system_ext/bin/mrsystemservice:1168, launchId , permissionFlags 40, clientType 3, clientFlags 0, isApplication=true, isOsApp=false, clientSessionPlacement 2147483774, clientDisplayId 0, clientVWToken 00000000000000000000000000000000
03-27 07:13:35.155 18091 18205 I [CT]    : HandPoseSampler: Filter reset
03-27 07:13:35.155 18091 18205 I InputDevice_Hand: HANDTRACKING ADMIRE hand 0: hpm=1 -> shared=0
03-27 07:13:35.155 18091 18205 I [CT]    : HandPoseSampler: Filter reset
03-27 07:13:35.155 18091 18205 I InputDevice_Hand: HANDTRACKING ADMIRE hand 1: hpm=1 -> shared=0
03-27 07:13:35.155  2697  2697 I ClientMgrFocus: ClientMgr::SetFocusedClient: FocusedClient did not change: []
03-27 07:13:35.155  2697  2697 W ClientMgrFocus: ClientMgr::SetFocusedClient: No focused client
03-27 07:13:35.155  2697  2697 I ClientMgrFocus: Releasing clocks.
03-27 07:13:35.155  2697  2697 I ClientMgrFocus: ClientMgr::SetFocusedClient: Updating Focus State: 0 for Client: /system/bin/surfaceflinger:1671, Client DisplayId: 0
03-27 07:13:35.155  2697  2697 I ClientMgrFocus: ClientMgr::SetFocusedClient: Updating Focus State: 0 for Client: com.oculus.vrguardianservice:18224, Client DisplayId: -1
03-27 07:13:35.155  2697  2697 I ClientMgrFocus: ClientMgr::SetFocusedClient: Updating Focus State: 0 for Client: com.oculus.vrshell:18091, Client DisplayId: -1
03-27 07:13:35.155  2697  2697 I ClientMgrFocus: ClientMgr::SetFocusedClient: Updating Focus State: 0 for Client: /system_ext/bin/mrsystemservice:1168, Client DisplayId: 0
03-27 07:13:35.155  2697  2697 I ClientMgrFocus: Clearing focused package name. Previous focused client was: 
03-27 07:13:35.155  2697  2697 I ClientMgrFocus: SetFocusedPackageName - packageName  processName  clientId 0 clientPid 0
03-27 07:13:35.156  1419  3729 D ActivityTaskManager: getDisplaysWithTopActivities: immersive ActivityRecord{9cf8139 u0 is.xyz.omw.debug/ui.activity.GameActivity t9682}
03-27 07:13:35.156  1419  1442 V WindowManager: Finish Transition #3446: created at 03-27 07:13:34.843 collect-started=0.009ms request-sent=0.051ms started=6.598ms ready=10.009ms sent=307.065ms finished=312.988ms
03-27 07:13:35.157   898 18980 D perfservice: [POWERHINT] Received LAUNCH hint
03-27 07:13:35.157  1419  2160 D VolumetricContentMonitor: Focused window changed to RunningWindowInfo{  pid: 16746, uid: 10065, userId: 0, windowContainerToken: 33380807, windowToken: android.view.IWindow$Stub$Proxy@1240bf4, windowId: com.android.server.wm.WindowState$WindowId@ab59f1d, displayId: 0, windowType: 1, activity: RunningActivityInfo { rootTask: 3, uid: 10065, pid: 16746, userId: 0, activity: ui.activity.GameActivity, windowId: com.android.server.wm.WindowState$WindowId@ab59f1d, state: ACTIVITY_STATE_VISIBLE}}, from android.view.IWindow$Stub$Proxy@a6d6418
03-27 07:13:35.157   898  1065 E perfservice: End applying 'END_HINT' from hint 'LAUNCH' - Failed after 5 retries - Latency: 0.292ms
03-27 07:13:35.157   898  1065 E perfservice:   >> Failed final validation: /sys/block/dm-0/queue/read_ahead_kb=512
03-27 07:13:35.157   898  1065 E perfservice:   >> Failed final validation: /sys/block/dm-1/queue/read_ahead_kb=512
03-27 07:13:35.157  1419  1419 D SpatialAudioService: Skipping processing for app: is.xyz.omw.debug (isNewApp: false, epsService: true)
03-27 07:13:35.157  1419  1419 V WorldManagerService: VW Content Listener: is.xyz.omw.debug -1
03-27 07:13:35.162 16746 16746 V SDL     : onWindowFocusChanged(): true
03-27 07:13:35.166 18091 18205 I [CT]    : HandPoseSampler: Filter reset
03-27 07:13:35.166 18091 18205 I InputDevice_Hand: HANDTRACKING ADMIRE hand 0: hpm=1 -> shared=0
03-27 07:13:35.166 18091 18205 I [CT]    : HandPoseSampler: Filter reset
03-27 07:13:35.166 18091 18205 I InputDevice_Hand: HANDTRACKING ADMIRE hand 1: hpm=1 -> shared=0
03-27 07:13:35.169  1419  3729 D CompatibilityChangeReporter: Compat change id reported: 214016041; UID 10065; state: DISABLED
03-27 07:13:35.169  1419  3729 I ImeTracker: is.xyz.omw.debug:baaf43de: onRequestHide at ORIGIN_SERVER_HIDE_INPUT reason HIDE_UNSPECIFIED_WINDOW
03-27 07:13:35.169  1419  3729 I ImeTracker: is.xyz.omw.debug:baaf43de: onCancelled at PHASE_SERVER_SHOULD_HIDE
03-27 07:13:35.171 18091 18091 D KeyboardInputMethodService: onBindInput
03-27 07:13:35.172 18091 18091 D KeyboardInputMethodService: onFinishInput
03-27 07:13:35.172 18091 18091 D KeyboardInputMethodService: onStartInput: restarting=false, package=is.xyz.omw.debug
03-27 07:13:35.178 18091 18205 I [CT]    : HandPoseSampler: Filter reset
03-27 07:13:35.178 18091 18205 I InputDevice_Hand: HANDTRACKING ADMIRE hand 0: hpm=1 -> shared=0
03-27 07:13:35.178 18091 18205 I [CT]    : HandPoseSampler: Filter reset
03-27 07:13:35.178 18091 18205 I InputDevice_Hand: HANDTRACKING ADMIRE hand 1: hpm=1 -> shared=0
03-27 07:13:35.184 16746 16746 I OpenGLRenderer: setStopped(1)
03-27 07:13:35.184 16746 16746 I OpenGLRenderer: setStopped(1): complete
03-27 07:13:35.189 18091 18205 I [CT]    : HandPoseSampler: Filter reset
03-27 07:13:35.189 18091 18205 I InputDevice_Hand: HANDTRACKING ADMIRE hand 0: hpm=1 -> shared=0
03-27 07:13:35.189 18091 18205 I [CT]    : HandPoseSampler: Filter reset
03-27 07:13:35.189 18091 18205 I InputDevice_Hand: HANDTRACKING ADMIRE hand 1: hpm=1 -> shared=0
03-27 07:13:35.191 16746 16746 W WindowOnBackDispatcher: sendCancelIfRunning: isInProgress=falsecallback=android.view.ViewRootImpl$$ExternalSyntheticLambda18@38fe5cf
03-27 07:13:35.191  1419  3523 D CoreBackPreview: Window{1276c0f u0 is.xyz.omw.debug/ui.activity.VrEntryActivity}: Setting back callback null
03-27 07:13:35.193  1419  3523 W InputManager-JNI: Input channel object '1276c0f is.xyz.omw.debug/ui.activity.VrEntryActivity (client)' was disposed without first being removed with the input manager!
03-27 07:13:35.201 18091 18205 I [CT]    : HandPoseSampler: Filter reset
03-27 07:13:35.201 18091 18205 I InputDevice_Hand: HANDTRACKING ADMIRE hand 0: hpm=1 -> shared=0
03-27 07:13:35.201 18091 18205 I [CT]    : HandPoseSampler: Filter reset
03-27 07:13:35.201 18091 18205 I InputDevice_Hand: HANDTRACKING ADMIRE hand 1: hpm=1 -> shared=0
03-27 07:13:35.210 18091 18205 I [CT]    : HandPoseSampler: Filter reset
03-27 07:13:35.210 18091 18205 I InputDevice_Hand: HANDTRACKING ADMIRE hand 0: hpm=1 -> shared=0
03-27 07:13:35.210 18091 18205 I [CT]    : HandPoseSampler: Filter reset
03-27 07:13:35.210 18091 18205 I InputDevice_Hand: HANDTRACKING ADMIRE hand 1: hpm=1 -> shared=0
03-27 07:13:35.220 18091 18205 I [CT]    : HandPoseSampler: Filter reset
03-27 07:13:35.220 18091 18205 I InputDevice_Hand: HANDTRACKING ADMIRE hand 0: hpm=1 -> shared=0
03-27 07:13:35.220 18091 18205 I [CT]    : HandPoseSampler: Filter reset
03-27 07:13:35.220 18091 18205 I InputDevice_Hand: HANDTRACKING ADMIRE hand 1: hpm=1 -> shared=0
03-27 07:13:35.231 18091 18205 I [CT]    : HandPoseSampler: Filter reset
03-27 07:13:35.231 18091 18205 I InputDevice_Hand: HANDTRACKING ADMIRE hand 0: hpm=1 -> shared=0
03-27 07:13:35.231 18091 18205 I [CT]    : HandPoseSampler: Filter reset
03-27 07:13:35.231 18091 18205 I InputDevice_Hand: HANDTRACKING ADMIRE hand 1: hpm=1 -> shared=0
03-27 07:13:35.234 16746 16797 V SDL     : setOrientation() requestedOrientation=10 width=800 height=600 resizable=true hint=
03-27 07:13:35.237 16746 16746 V SDL     : surfaceDestroyed()
03-27 07:13:35.238 16746 16746 V SDL     : nativePause()
03-27 07:13:35.243 18091 18205 I [CT]    : HandPoseSampler: Filter reset
03-27 07:13:35.243 18091 18205 I InputDevice_Hand: HANDTRACKING ADMIRE hand 0: hpm=1 -> shared=0
03-27 07:13:35.243 18091 18205 I [CT]    : HandPoseSampler: Filter reset
03-27 07:13:35.243 18091 18205 I InputDevice_Hand: HANDTRACKING ADMIRE hand 1: hpm=1 -> shared=0
03-27 07:13:35.254 18091 18205 I [CT]    : HandPoseSampler: Filter reset
03-27 07:13:35.254 18091 18205 I InputDevice_Hand: HANDTRACKING ADMIRE hand 0: hpm=1 -> shared=0
03-27 07:13:35.254 18091 18205 I [CT]    : HandPoseSampler: Filter reset
03-27 07:13:35.254 18091 18205 I InputDevice_Hand: HANDTRACKING ADMIRE hand 1: hpm=1 -> shared=0
03-27 07:13:35.255  2697 14219 I [CT]    : MIXEDREALITY: PassthroughApiManager: GetUpdatedLayerState: (every 2 seconds) PT is: ON numLayers: 0
03-27 07:13:35.266 18091 18205 I [CT]    : HandPoseSampler: Filter reset
03-27 07:13:35.266 18091 18205 I InputDevice_Hand: HANDTRACKING ADMIRE hand 0: hpm=1 -> shared=0
03-27 07:13:35.266 18091 18205 I [CT]    : HandPoseSampler: Filter reset
03-27 07:13:35.266 18091 18205 I InputDevice_Hand: HANDTRACKING ADMIRE hand 1: hpm=1 -> shared=0
03-27 07:13:35.278 18091 18205 I [CT]    : HandPoseSampler: Filter reset
03-27 07:13:35.278 18091 18205 I InputDevice_Hand: HANDTRACKING ADMIRE hand 0: hpm=1 -> shared=0
03-27 07:13:35.278 18091 18205 I [CT]    : HandPoseSampler: Filter reset
03-27 07:13:35.278 18091 18205 I InputDevice_Hand: HANDTRACKING ADMIRE hand 1: hpm=1 -> shared=0
03-27 07:13:35.288 18091 18205 I [CT]    : HandPoseSampler: Filter reset
03-27 07:13:35.288 18091 18205 I InputDevice_Hand: HANDTRACKING ADMIRE hand 0: hpm=1 -> shared=0
03-27 07:13:35.288 18091 18205 I [CT]    : HandPoseSampler: Filter reset
03-27 07:13:35.288 18091 18205 I InputDevice_Hand: HANDTRACKING ADMIRE hand 1: hpm=1 -> shared=0
03-27 07:13:35.299 18091 18205 I [CT]    : HandPoseSampler: Filter reset
03-27 07:13:35.299 18091 18205 I InputDevice_Hand: HANDTRACKING ADMIRE hand 0: hpm=1 -> shared=0
03-27 07:13:35.299 18091 18205 I [CT]    : HandPoseSampler: Filter reset
03-27 07:13:35.299 18091 18205 I InputDevice_Hand: HANDTRACKING ADMIRE hand 1: hpm=1 -> shared=0
03-27 07:13:35.311 18091 18205 I [CT]    : HandPoseSampler: Filter reset
03-27 07:13:35.311 18091 18205 I InputDevice_Hand: HANDTRACKING ADMIRE hand 0: hpm=1 -> shared=0
03-27 07:13:35.311 18091 18205 I [CT]    : HandPoseSampler: Filter reset
03-27 07:13:35.311 18091 18205 I InputDevice_Hand: HANDTRACKING ADMIRE hand 1: hpm=1 -> shared=0
03-27 07:13:35.313   897  1848 I Tracking: Vega: [INSIGHTS] Mode=DescriptorVega,6DoF,Agg=39s,Inl=17,24,31,Mem=95.9,FrameDur=6.1,27.8,PoseLat=1.5,9.1,CamImuLat=9.9,29.7,Jit=0.0,0.1,Drops(Cam=0,IMU=0),MeanIr=2340.4,Exp(5.4ms,g=5,I=60)(5.4ms,g=5,I=60)(5.8ms,g=6,I=60)(4.8ms,g=4,I=61)(0.0ms,g=0)(0.0ms,g=0),NonInertEnv=n
03-27 07:13:35.322 18091 18205 I [CT]    : HandPoseSampler: Filter reset
03-27 07:13:35.322 18091 18205 I InputDevice_Hand: HANDTRACKING ADMIRE hand 0: hpm=1 -> shared=0
03-27 07:13:35.322 18091 18205 I [CT]    : HandPoseSampler: Filter reset
03-27 07:13:35.322 18091 18205 I InputDevice_Hand: HANDTRACKING ADMIRE hand 1: hpm=1 -> shared=0
03-27 07:13:35.333 18091 18205 I [CT]    : HandPoseSampler: Filter reset
03-27 07:13:35.333 18091 18205 I InputDevice_Hand: HANDTRACKING ADMIRE hand 0: hpm=1 -> shared=0
03-27 07:13:35.333 18091 18205 I [CT]    : HandPoseSampler: Filter reset
03-27 07:13:35.333 18091 18205 I InputDevice_Hand: HANDTRACKING ADMIRE hand 1: hpm=1 -> shared=0
03-27 07:13:35.345 18091 18205 I [CT]    : HandPoseSampler: Filter reset
03-27 07:13:35.345 18091 18205 I InputDevice_Hand: HANDTRACKING ADMIRE hand 0: hpm=1 -> shared=0
03-27 07:13:35.345 18091 18205 I [CT]    : HandPoseSampler: Filter reset
03-27 07:13:35.345 18091 18205 I InputDevice_Hand: HANDTRACKING ADMIRE hand 1: hpm=1 -> shared=0
03-27 07:13:35.355 18091 18205 I [CT]    : HandPoseSampler: Filter reset
03-27 07:13:35.355 18091 18205 I InputDevice_Hand: HANDTRACKING ADMIRE hand 0: hpm=1 -> shared=0
03-27 07:13:35.355 18091 18205 I [CT]    : HandPoseSampler: Filter reset
03-27 07:13:35.355 18091 18205 I InputDevice_Hand: HANDTRACKING ADMIRE hand 1: hpm=1 -> shared=0
03-27 07:13:35.367 18091 18205 I [CT]    : HandPoseSampler: Filter reset
03-27 07:13:35.367 18091 18205 I InputDevice_Hand: HANDTRACKING ADMIRE hand 0: hpm=1 -> shared=0
03-27 07:13:35.367 18091 18205 I [CT]    : HandPoseSampler: Filter reset
03-27 07:13:35.367 18091 18205 I InputDevice_Hand: HANDTRACKING ADMIRE hand 1: hpm=1 -> shared=0
03-27 07:13:35.378 18091 18205 I [CT]    : HandPoseSampler: Filter reset
03-27 07:13:35.378 18091 18205 I InputDevice_Hand: HANDTRACKING ADMIRE hand 0: hpm=1 -> shared=0
03-27 07:13:35.378 18091 18205 I [CT]    : HandPoseSampler: Filter reset
03-27 07:13:35.378 18091 18205 I InputDevice_Hand: HANDTRACKING ADMIRE hand 1: hpm=1 -> shared=0
03-27 07:13:35.388 18091 18205 I [CT]    : HandPoseSampler: Filter reset
03-27 07:13:35.388 18091 18205 I InputDevice_Hand: HANDTRACKING ADMIRE hand 0: hpm=1 -> shared=0
03-27 07:13:35.388 18091 18205 I [CT]    : HandPoseSampler: Filter reset
03-27 07:13:35.388 18091 18205 I InputDevice_Hand: HANDTRACKING ADMIRE hand 1: hpm=1 -> shared=0
03-27 07:13:35.389   897  1854 I Tracking: CONSTELLATION_Right: [Throttled count=90] P+C Right: Applying Consistent Zero Velocity Update during slow motion.
03-27 07:13:35.400 18091 18205 I [CT]    : HandPoseSampler: Filter reset
03-27 07:13:35.400 18091 18205 I InputDevice_Hand: HANDTRACKING ADMIRE hand 0: hpm=1 -> shared=0
03-27 07:13:35.400 18091 18205 I [CT]    : HandPoseSampler: Filter reset
03-27 07:13:35.400 18091 18205 I InputDevice_Hand: HANDTRACKING ADMIRE hand 1: hpm=1 -> shared=0
03-27 07:13:35.411 18091 18205 I [CT]    : HandPoseSampler: Filter reset
03-27 07:13:35.411 18091 18205 I InputDevice_Hand: HANDTRACKING ADMIRE hand 0: hpm=1 -> shared=0
03-27 07:13:35.411 18091 18205 I [CT]    : HandPoseSampler: Filter reset
03-27 07:13:35.411 18091 18205 I InputDevice_Hand: HANDTRACKING ADMIRE hand 1: hpm=1 -> shared=0
03-27 07:13:35.422 18091 18205 I [CT]    : HandPoseSampler: Filter reset
03-27 07:13:35.422 18091 18205 I InputDevice_Hand: HANDTRACKING ADMIRE hand 0: hpm=1 -> shared=0
03-27 07:13:35.422 18091 18205 I [CT]    : HandPoseSampler: Filter reset
03-27 07:13:35.422 18091 18205 I InputDevice_Hand: HANDTRACKING ADMIRE hand 1: hpm=1 -> shared=0
03-27 07:13:35.433 18091 18205 I [CT]    : HandPoseSampler: Filter reset
03-27 07:13:35.433 18091 18205 I InputDevice_Hand: HANDTRACKING ADMIRE hand 0: hpm=1 -> shared=0
03-27 07:13:35.433 18091 18205 I [CT]    : HandPoseSampler: Filter reset
03-27 07:13:35.433 18091 18205 I InputDevice_Hand: HANDTRACKING ADMIRE hand 1: hpm=1 -> shared=0
03-27 07:13:35.445 18091 18205 I [CT]    : HandPoseSampler: Filter reset
03-27 07:13:35.445 18091 18205 I InputDevice_Hand: HANDTRACKING ADMIRE hand 0: hpm=1 -> shared=0
03-27 07:13:35.445 18091 18205 I [CT]    : HandPoseSampler: Filter reset
03-27 07:13:35.445 18091 18205 I InputDevice_Hand: HANDTRACKING ADMIRE hand 1: hpm=1 -> shared=0
03-27 07:13:35.456 18091 18205 I [CT]    : HandPoseSampler: Filter reset
03-27 07:13:35.456 18091 18205 I InputDevice_Hand: HANDTRACKING ADMIRE hand 0: hpm=1 -> shared=0
03-27 07:13:35.456 18091 18205 I [CT]    : HandPoseSampler: Filter reset
03-27 07:13:35.456 18091 18205 I InputDevice_Hand: HANDTRACKING ADMIRE hand 1: hpm=1 -> shared=0
03-27 07:13:35.462 18091 18457 W ShellHsr: Renderer: RenderableFilter has 116 tags, which is more than 10. This is expected to be rare. If this becomes common, consider changing RenderableFilter logic to use something other than linear searches for filtering renderable tags (like registered bitsets).
03-27 07:13:35.467 18091 18205 I [CT]    : HandPoseSampler: Filter reset
03-27 07:13:35.467 18091 18205 I InputDevice_Hand: HANDTRACKING ADMIRE hand 0: hpm=1 -> shared=0
03-27 07:13:35.467 18091 18205 I [CT]    : HandPoseSampler: Filter reset
03-27 07:13:35.467 18091 18205 I InputDevice_Hand: HANDTRACKING ADMIRE hand 1: hpm=1 -> shared=0
03-27 07:13:35.478 18091 18205 I [CT]    : HandPoseSampler: Filter reset
03-27 07:13:35.478 18091 18205 I InputDevice_Hand: HANDTRACKING ADMIRE hand 0: hpm=1 -> shared=0
03-27 07:13:35.478 18091 18205 I [CT]    : HandPoseSampler: Filter reset
03-27 07:13:35.478 18091 18205 I InputDevice_Hand: HANDTRACKING ADMIRE hand 1: hpm=1 -> shared=0
03-27 07:13:35.488 18091 18205 I [CT]    : HandPoseSampler: Filter reset
03-27 07:13:35.489 18091 18205 I InputDevice_Hand: HANDTRACKING ADMIRE hand 0: hpm=1 -> shared=0
03-27 07:13:35.489 18091 18205 I [CT]    : HandPoseSampler: Filter reset
03-27 07:13:35.489 18091 18205 I InputDevice_Hand: HANDTRACKING ADMIRE hand 1: hpm=1 -> shared=0
03-27 07:13:35.499 18091 18205 I [CT]    : HandPoseSampler: Filter reset
03-27 07:13:35.499 18091 18205 I InputDevice_Hand: HANDTRACKING ADMIRE hand 0: hpm=1 -> shared=0
03-27 07:13:35.499 18091 18205 I [CT]    : HandPoseSampler: Filter reset
03-27 07:13:35.499 18091 18205 I InputDevice_Hand: HANDTRACKING ADMIRE hand 1: hpm=1 -> shared=0
03-27 07:13:35.511 18091 18205 I [CT]    : HandPoseSampler: Filter reset
03-27 07:13:35.511 18091 18205 I InputDevice_Hand: HANDTRACKING ADMIRE hand 0: hpm=1 -> shared=0
03-27 07:13:35.511 18091 18205 I [CT]    : HandPoseSampler: Filter reset
03-27 07:13:35.511 18091 18205 I InputDevice_Hand: HANDTRACKING ADMIRE hand 1: hpm=1 -> shared=0
03-27 07:13:35.513   897 14271 W Tracking: IoteLogging: IMU Update exceeded imu sampling period: update=0.001458113 [sec], period=0.001250000 [sec].
03-27 07:13:35.522 18091 18205 I [CT]    : HandPoseSampler: Filter reset
03-27 07:13:35.523 18091 18205 I InputDevice_Hand: HANDTRACKING ADMIRE hand 0: hpm=1 -> shared=0
03-27 07:13:35.523 18091 18205 I [CT]    : HandPoseSampler: Filter reset
03-27 07:13:35.523 18091 18205 I InputDevice_Hand: HANDTRACKING ADMIRE hand 1: hpm=1 -> shared=0
03-27 07:13:35.534 18091 18205 I [CT]    : HandPoseSampler: Filter reset
03-27 07:13:35.534 18091 18205 I InputDevice_Hand: HANDTRACKING ADMIRE hand 0: hpm=1 -> shared=0
03-27 07:13:35.534 18091 18205 I [CT]    : HandPoseSampler: Filter reset
03-27 07:13:35.534 18091 18205 I InputDevice_Hand: HANDTRACKING ADMIRE hand 1: hpm=1 -> shared=0
03-27 07:13:35.536   897 14190 I Tracking: BOLT:HexagonTelemetry: Global DSP utilization: 19.00% (950 / 5002 ms), Scalar Util: 68.19%, HVX Util: 53.05%, HMX Util: 25.23%, DMA Active: 14.59%, Freq: 940.7878261523123 MHz
03-27 07:13:35.536   897 14190 I Tracking: boltlib: DSP Rpc stats over 5002 ms: {"HexagonCornerHarrisEdgeIndexedSlicesAsync":1,"HexagonPyramid3x3Async":50,"a2e_boltnn_delegate":49,"controller_inference":25,"dd_boltnn_delegate_batch_128":1,"dpr_lite_boltnn_delegate":27,"ofi_detector":2,"unnamed_et79":2}
03-27 07:13:35.545 18091 18205 I [CT]    : HandPoseSampler: Filter reset
03-27 07:13:35.545 18091 18205 I InputDevice_Hand: HANDTRACKING ADMIRE hand 0: hpm=1 -> shared=0
03-27 07:13:35.545 18091 18205 I [CT]    : HandPoseSampler: Filter reset
03-27 07:13:35.545 18091 18205 I InputDevice_Hand: HANDTRACKING ADMIRE hand 1: hpm=1 -> shared=0
03-27 07:13:35.556 18091 18205 I [CT]    : HandPoseSampler: Filter reset
03-27 07:13:35.556 18091 18205 I InputDevice_Hand: HANDTRACKING ADMIRE hand 0: hpm=1 -> shared=0
03-27 07:13:35.556 18091 18205 I [CT]    : HandPoseSampler: Filter reset
03-27 07:13:35.556 18091 18205 I InputDevice_Hand: HANDTRACKING ADMIRE hand 1: hpm=1 -> shared=0
03-27 07:13:35.563   920 14201 I VD628x  : Flicker results: freq 120.000000, max 119.925644, dcr 33.030769, pct 0.041667, idx 0.012869, conf 0.872250, snr 8.462018, svm 0.068468, sus 0
03-27 07:13:35.567 18091 18205 I [CT]    : HandPoseSampler: Filter reset
03-27 07:13:35.567 18091 18205 I InputDevice_Hand: HANDTRACKING ADMIRE hand 0: hpm=1 -> shared=0
03-27 07:13:35.567 18091 18205 I [CT]    : HandPoseSampler: Filter reset
03-27 07:13:35.567 18091 18205 I InputDevice_Hand: HANDTRACKING ADMIRE hand 1: hpm=1 -> shared=0
03-27 07:13:35.578 18091 18205 I [CT]    : HandPoseSampler: Filter reset
03-27 07:13:35.578 18091 18205 I InputDevice_Hand: HANDTRACKING ADMIRE hand 0: hpm=1 -> shared=0
03-27 07:13:35.578 18091 18205 I [CT]    : HandPoseSampler: Filter reset
03-27 07:13:35.578 18091 18205 I InputDevice_Hand: HANDTRACKING ADMIRE hand 1: hpm=1 -> shared=0
03-27 07:13:35.589 18091 18205 I [CT]    : HandPoseSampler: Filter reset
03-27 07:13:35.589 18091 18205 I InputDevice_Hand: HANDTRACKING ADMIRE hand 0: hpm=1 -> shared=0
03-27 07:13:35.589 18091 18205 I [CT]    : HandPoseSampler: Filter reset
03-27 07:13:35.589 18091 18205 I InputDevice_Hand: HANDTRACKING ADMIRE hand 1: hpm=1 -> shared=0
03-27 07:13:35.595  1156  1981 V telemetry-statsd: Fetched statsd reports. Config: 2 UID 1000 Initiator: periodic Report size: 58555
03-27 07:13:35.595  1156  1981 V telemetry-statsd: Fetched statsd reports. Config: 12 UID 1000 Initiator: periodic Report size: 92613
03-27 07:13:35.595  1156  1981 V telemetry-statsd: Fetched statsd reports. Config: 3 UID 1000 Initiator: periodic Report size: 14587
03-27 07:13:35.595  1156  1981 V telemetry-statsd: Fetched statsd reports. Config: 5 UID 1000 Initiator: periodic Report size: 14607
03-27 07:13:35.595  1156  1981 V telemetry-statsd: Fetched statsd reports. Config: 6 UID 1000 Initiator: periodic Report size: 13323
03-27 07:13:35.595  1156  1981 V telemetry-statsd: Fetched statsd reports. Config: 7 UID 1000 Initiator: periodic Report size: 13323
03-27 07:13:35.595  1156  1981 V telemetry-statsd: Fetched statsd reports. Config: 8 UID 1000 Initiator: periodic Report size: 13323
03-27 07:13:35.595  1156  1981 V telemetry-statsd: Fetched statsd reports. Config: 9 UID 1000 Initiator: periodic Report size: 13323
03-27 07:13:35.595  1156  1981 V telemetry-statsd: Fetched statsd reports. Config: 10 UID 1000 Initiator: periodic Report size: 13323
03-27 07:13:35.601 18091 18205 I [CT]    : HandPoseSampler: Filter reset
03-27 07:13:35.601 18091 18205 I InputDevice_Hand: HANDTRACKING ADMIRE hand 0: hpm=1 -> shared=0
03-27 07:13:35.601 18091 18205 I [CT]    : HandPoseSampler: Filter reset
03-27 07:13:35.601 18091 18205 I InputDevice_Hand: HANDTRACKING ADMIRE hand 1: hpm=1 -> shared=0
03-27 07:13:35.612 18091 18205 I [CT]    : HandPoseSampler: Filter reset
03-27 07:13:35.612 18091 18205 I InputDevice_Hand: HANDTRACKING ADMIRE hand 0: hpm=1 -> shared=0
03-27 07:13:35.612 18091 18205 I [CT]    : HandPoseSampler: Filter reset
03-27 07:13:35.612 18091 18205 I InputDevice_Hand: HANDTRACKING ADMIRE hand 1: hpm=1 -> shared=0
03-27 07:13:35.623 18091 18205 I [CT]    : HandPoseSampler: Filter reset
03-27 07:13:35.623 18091 18205 I InputDevice_Hand: HANDTRACKING ADMIRE hand 0: hpm=1 -> shared=0
03-27 07:13:35.623 18091 18205 I [CT]    : HandPoseSampler: Filter reset
03-27 07:13:35.623 18091 18205 I InputDevice_Hand: HANDTRACKING ADMIRE hand 1: hpm=1 -> shared=0
03-27 07:13:35.634 18091 18205 I [CT]    : HandPoseSampler: Filter reset
03-27 07:13:35.634 18091 18205 I InputDevice_Hand: HANDTRACKING ADMIRE hand 0: hpm=1 -> shared=0
03-27 07:13:35.634 18091 18205 I [CT]    : HandPoseSampler: Filter reset
03-27 07:13:35.634 18091 18205 I InputDevice_Hand: HANDTRACKING ADMIRE hand 1: hpm=1 -> shared=0
03-27 07:13:35.645 18091 18205 I [CT]    : HandPoseSampler: Filter reset
03-27 07:13:35.645 18091 18205 I InputDevice_Hand: HANDTRACKING ADMIRE hand 0: hpm=1 -> shared=0
03-27 07:13:35.645 18091 18205 I [CT]    : HandPoseSampler: Filter reset
03-27 07:13:35.645 18091 18205 I InputDevice_Hand: HANDTRACKING ADMIRE hand 1: hpm=1 -> shared=0
03-27 07:13:35.646  1156  1943 W AtomToFalcoEventTranslator: Failed to translate atom id: 117268, failureType: FIELD_TYPE_MISMATCH, failureContext: Falco field layers_avg missing in protobuf data; Falco field layers_max missing in protobuf data; Falco field layers_min missing in protobuf data; 
03-27 07:13:35.646  1156  1943 W TelemetryService: Dropping Atom #117268 due to translation failure
03-27 07:13:35.656 18091 18205 I [CT]    : HandPoseSampler: Filter reset
03-27 07:13:35.656 18091 18205 I InputDevice_Hand: HANDTRACKING ADMIRE hand 0: hpm=1 -> shared=0
03-27 07:13:35.656 18091 18205 I [CT]    : HandPoseSampler: Filter reset
03-27 07:13:35.656 18091 18205 I InputDevice_Hand: HANDTRACKING ADMIRE hand 1: hpm=1 -> shared=0
03-27 07:13:35.668 18091 18205 I [CT]    : HandPoseSampler: Filter reset
03-27 07:13:35.668 18091 18205 I InputDevice_Hand: HANDTRACKING ADMIRE hand 0: hpm=1 -> shared=0
03-27 07:13:35.668 18091 18205 I [CT]    : HandPoseSampler: Filter reset
03-27 07:13:35.668 18091 18205 I InputDevice_Hand: HANDTRACKING ADMIRE hand 1: hpm=1 -> shared=0
03-27 07:13:35.679 18091 18205 I [CT]    : HandPoseSampler: Filter reset
03-27 07:13:35.679 18091 18205 I InputDevice_Hand: HANDTRACKING ADMIRE hand 0: hpm=1 -> shared=0
03-27 07:13:35.679 18091 18205 I [CT]    : HandPoseSampler: Filter reset
03-27 07:13:35.679 18091 18205 I InputDevice_Hand: HANDTRACKING ADMIRE hand 1: hpm=1 -> shared=0
03-27 07:13:35.690 18091 18205 I [CT]    : HandPoseSampler: Filter reset
03-27 07:13:35.690 18091 18205 I InputDevice_Hand: HANDTRACKING ADMIRE hand 0: hpm=1 -> shared=0
03-27 07:13:35.690 18091 18205 I [CT]    : HandPoseSampler: Filter reset
03-27 07:13:35.690 18091 18205 I InputDevice_Hand: HANDTRACKING ADMIRE hand 1: hpm=1 -> shared=0
03-27 07:13:35.699 18091 18205 I [CT]    : HandPoseSampler: Filter reset
03-27 07:13:35.699 18091 18205 I InputDevice_Hand: HANDTRACKING ADMIRE hand 0: hpm=1 -> shared=0
03-27 07:13:35.699 18091 18205 I [CT]    : HandPoseSampler: Filter reset
03-27 07:13:35.699 18091 18205 I InputDevice_Hand: HANDTRACKING ADMIRE hand 1: hpm=1 -> shared=0
03-27 07:13:35.710 18091 18205 I [CT]    : HandPoseSampler: Filter reset
03-27 07:13:35.710 18091 18205 I InputDevice_Hand: HANDTRACKING ADMIRE hand 0: hpm=1 -> shared=0
03-27 07:13:35.710 18091 18205 I [CT]    : HandPoseSampler: Filter reset
03-27 07:13:35.710 18091 18205 I InputDevice_Hand: HANDTRACKING ADMIRE hand 1: hpm=1 -> shared=0
03-27 07:13:35.714   897 14310 D TrackingService: 2e7e5d32cf134aad: isControllerInHand(130988.10s): 1 ctEnabled: 1 btnPress(130089.17s): 0 *btnOrTpdTouch(129661.93s): 0 *btnOrTpdProx(129662.01s): 0 static(130988.10s): 1 thbstkOffCenter(129643.30s): 0 
03-27 07:13:35.714   897 14310 D TrackingService: [HANDTRACKING] Controller 2e7e5d32cf134aad in hand: Y, valid: Y
03-27 07:13:35.715  2391 14195 D ControllerManagement: RemoteService::recordControllerStatusUpdate: device 2e7e5d32cf134aad: status: CONNECTED_ACTIVE tracking: POSITION, errors: --
03-27 07:13:35.721 18091 18205 I [CT]    : HandPoseSampler: Filter reset
03-27 07:13:35.721 18091 18205 I InputDevice_Hand: HANDTRACKING ADMIRE hand 0: hpm=1 -> shared=0
03-27 07:13:35.721 18091 18205 I [CT]    : HandPoseSampler: Filter reset
03-27 07:13:35.721 18091 18205 I InputDevice_Hand: HANDTRACKING ADMIRE hand 1: hpm=1 -> shared=0
03-27 07:13:35.721 18091 18205 I OpenXR_ClientState: [OATS]: IP changed: /user/hand/right/interaction_profiles/meta/touch_controller_plus, 7
03-27 07:13:35.721 18091 18205 I OpenXR_ClientState: [OATS]: IP changed: unknown/interaction_profiles/meta/touch_controller_plus, -1
03-27 07:13:35.725 18091 18205 W [SEO] InputOpenXr: Interaction Profile retrieval failed: /user/eyes_ext
03-27 07:13:35.732 16746 16746 V SDL     : surfaceCreated()
03-27 07:13:35.732 16746 16746 V SDL     : surfaceChanged()
03-27 07:13:35.732 16746 16746 V SDL     : pixel format RGBX_8888
03-27 07:13:35.733 16746 16746 V SDL     : Window size: 3664x1920
03-27 07:13:35.733 16746 16746 V SDL     : Device size: 3664x1920
03-27 07:13:35.733 18091 18205 I [CT]    : HandPoseSampler: Filter reset
03-27 07:13:35.733 18091 18205 I InputDevice_Hand: HANDTRACKING ADMIRE hand 0: hpm=1 -> shared=0
03-27 07:13:35.733 18091 18205 I [CT]    : HandPoseSampler: Filter reset
03-27 07:13:35.733 18091 18205 I InputDevice_Hand: HANDTRACKING ADMIRE hand 1: hpm=1 -> shared=0
03-27 07:13:35.734 16746 16746 V SDL     : nativeResume()
03-27 07:13:35.734 18091 18205 I [SEO] ShellInputConfigurationDataProvider: InteractionMode changed, mode: HybridChiral activation method: Controller Presence displayTimeActivated 130988.130460
03-27 07:13:35.734 16746 16746 E SensorManager: sensor or listener is null
03-27 07:13:35.734 16746 16746 E SensorManager: sensor or listener is null
03-27 07:13:35.734 16746 16746 E SensorManager: sensor or listener is null
03-27 07:13:35.735 18091 18205 I ShellHsr: Input: Creating hand instance: hand=Right
03-27 07:13:35.736 16746 16746 I Choreographer: Skipped 44 frames!  The application may be doing too much work on its main thread.
03-27 07:13:35.738   927 19557 I libcamerahal: [INSIGHTS][2.00s] recv/ret/req heartbeat: cam0: 98/98/0, cam1: 98/98/0, cam2: 98/98/0, cam3: 98/98/0
03-27 07:13:35.745 18091 18205 I [CT]    : HandPoseSampler: Filter reset
03-27 07:13:35.745 18091 18205 I InputDevice_Hand: HANDTRACKING ADMIRE hand 0: hpm=1 -> shared=0
03-27 07:13:35.745 18091 18205 I [CT]    : HandPoseSampler: Filter reset
03-27 07:13:35.745 18091 18205 I InputDevice_Hand: HANDTRACKING ADMIRE hand 1: hpm=1 -> shared=0
03-27 07:13:35.755 18091 18205 I [CT]    : HandPoseSampler: Filter reset
03-27 07:13:35.755 18091 18205 I InputDevice_Hand: HANDTRACKING ADMIRE hand 0: hpm=1 -> shared=0
03-27 07:13:35.755 18091 18205 I [CT]    : HandPoseSampler: Filter reset
03-27 07:13:35.755 18091 18205 I InputDevice_Hand: HANDTRACKING ADMIRE hand 1: hpm=1 -> shared=0
03-27 07:13:35.767 18091 18205 I [CT]    : HandPoseSampler: Filter reset
03-27 07:13:35.767 18091 18205 I InputDevice_Hand: HANDTRACKING ADMIRE hand 0: hpm=1 -> shared=0
03-27 07:13:35.767 18091 18205 I [CT]    : HandPoseSampler: Filter reset
03-27 07:13:35.767 18091 18205 I InputDevice_Hand: HANDTRACKING ADMIRE hand 1: hpm=1 -> shared=0
03-27 07:13:35.772 16746 16797 V OpenXR-Loader: Verbose [GENERAL | xrEnumerateApiLayerProperties | OpenXR-Loader] : Entering loader trampoline
03-27 07:13:35.772 16746 16797 V OpenXR-Loader: Verbose [GENERAL | xrEnumerateApiLayerProperties | OpenXR-Loader] : Entering loader trampoline
03-27 07:13:35.773 16746 16797 V OpenXR-Loader: Verbose [GENERAL | xrEnumerateInstanceExtensionProperties | OpenXR-Loader] : Entering loader trampoline
03-27 07:13:35.773 16746 16797 I OpenXR-Loader: getActiveRuntimeCursor: Querying URI: content://org.khronos.openxr.runtime_broker/openxr/1/abi/arm64-v8a/runtimes/active/0
03-27 07:13:35.778 18091 18205 I [CT]    : HandPoseSampler: Filter reset
03-27 07:13:35.778 18091 18205 I InputDevice_Hand: HANDTRACKING ADMIRE hand 0: hpm=1 -> shared=0
03-27 07:13:35.778 18091 18205 I [CT]    : HandPoseSampler: Filter reset
03-27 07:13:35.778 18091 18205 I InputDevice_Hand: HANDTRACKING ADMIRE hand 1: hpm=1 -> shared=0
03-27 07:13:35.780 16746 16797 W OpenXR-Loader: Null cursor when querying installable content resolver.
03-27 07:13:35.780 16746 16797 I OpenXR-Loader: getActiveRuntimeCursor: Querying URI: content://org.khronos.openxr.system_runtime_broker/openxr/1/abi/arm64-v8a/runtimes/active/0
03-27 07:13:35.787 16746 16797 W OpenXR-Loader: Null cursor when querying system content resolver.
03-27 07:13:35.787 16746 16797 E OpenXR-Loader: Could access neither the installable nor system runtime broker.
03-27 07:13:35.787 16746 16797 I OpenXR-Loader: Info [GENERAL |  | OpenXR-Loader] : RuntimeManifestFile::FindManifestFiles - using global runtime file /odm/etc/openxr/1/active_runtime.aarch64.json
03-27 07:13:35.787 16746 16797 I OpenXR-Loader: Info [GENERAL |  | OpenXR-Loader] : RuntimeManifestFile::CreateIfValid - attempting to load /odm/etc/openxr/1/active_runtime.aarch64.json
03-27 07:13:35.787 18091 18205 I [CT]    : HandPoseSampler: Filter reset
03-27 07:13:35.787 18091 18205 I InputDevice_Hand: HANDTRACKING ADMIRE hand 0: hpm=1 -> shared=0
03-27 07:13:35.787 18091 18205 I [CT]    : HandPoseSampler: Filter reset
03-27 07:13:35.787 18091 18205 I InputDevice_Hand: HANDTRACKING ADMIRE hand 1: hpm=1 -> shared=0
03-27 07:13:35.788 16746 16797 E OpenXR-Loader: Error [GENERAL |  | OpenXR-Loader] : /odm/etc/openxr/1/active_runtime.aarch64.json library /apex/com.meta.xr/priv-app/VrDriver/VrDriver.apk!/lib/arm64-v8a/libopenxr_forwardloader.so does not appear to exist
03-27 07:13:35.788 16746 16797 E OpenXR-Loader: Error [GENERAL | xrEnumerateInstanceExtensionProperties | OpenXR-Loader] : RuntimeInterface::LoadRuntimes - failed to load a runtime
03-27 07:13:35.788 16746 16797 E OpenXR-Loader: Error [GENERAL | xrEnumerateInstanceExtensionProperties | OpenXR-Loader] : Failed to find default runtime with RuntimeInterface::LoadRuntime()
03-27 07:13:35.788 16746 16797 E OpenXR-Loader: Error [GENERAL | xrEnumerateInstanceExtensionProperties | OpenXR-Loader] : Failed querying extension properties
03-27 07:13:35.788 16746 16797 V OpenXR-Loader: Verbose [GENERAL | xrEnumerateInstanceExtensionProperties | OpenXR-Loader] : Entering loader trampoline
03-27 07:13:35.789 16746 16797 I OpenXR-Loader: getActiveRuntimeCursor: Querying URI: content://org.khronos.openxr.runtime_broker/openxr/1/abi/arm64-v8a/runtimes/active/0
03-27 07:13:35.790 16746 16797 W OpenXR-Loader: Null cursor when querying installable content resolver.
03-27 07:13:35.790 16746 16797 I OpenXR-Loader: getActiveRuntimeCursor: Querying URI: content://org.khronos.openxr.system_runtime_broker/openxr/1/abi/arm64-v8a/runtimes/active/0
03-27 07:13:35.790 16746 16797 W OpenXR-Loader: Null cursor when querying system content resolver.
03-27 07:13:35.790 16746 16797 E OpenXR-Loader: Could access neither the installable nor system runtime broker.
03-27 07:13:35.790 16746 16797 I OpenXR-Loader: Info [GENERAL |  | OpenXR-Loader] : RuntimeManifestFile::FindManifestFiles - using global runtime file /odm/etc/openxr/1/active_runtime.aarch64.json
03-27 07:13:35.790 16746 16797 I OpenXR-Loader: Info [GENERAL |  | OpenXR-Loader] : RuntimeManifestFile::CreateIfValid - attempting to load /odm/etc/openxr/1/active_runtime.aarch64.json
03-27 07:13:35.791 16746 16797 E OpenXR-Loader: Error [GENERAL |  | OpenXR-Loader] : /odm/etc/openxr/1/active_runtime.aarch64.json library /apex/com.meta.xr/priv-app/VrDriver/VrDriver.apk!/lib/arm64-v8a/libopenxr_forwardloader.so does not appear to exist
03-27 07:13:35.791 16746 16797 E OpenXR-Loader: Error [GENERAL | xrEnumerateInstanceExtensionProperties | OpenXR-Loader] : RuntimeInterface::LoadRuntimes - failed to load a runtime
03-27 07:13:35.791 16746 16797 E OpenXR-Loader: Error [GENERAL | xrEnumerateInstanceExtensionProperties | OpenXR-Loader] : Failed to find default runtime with RuntimeInterface::LoadRuntime()
03-27 07:13:35.791 16746 16797 E OpenXR-Loader: Error [GENERAL | xrEnumerateInstanceExtensionProperties | OpenXR-Loader] : Failed querying extension properties
03-27 07:13:35.800 18091 18205 I [CT]    : HandPoseSampler: Filter reset
03-27 07:13:35.800 18091 18205 I InputDevice_Hand: HANDTRACKING ADMIRE hand 0: hpm=1 -> shared=0
03-27 07:13:35.800 18091 18205 I [CT]    : HandPoseSampler: Filter reset
03-27 07:13:35.800 18091 18205 I InputDevice_Hand: HANDTRACKING ADMIRE hand 1: hpm=1 -> shared=0
03-27 07:13:35.811 18091 18205 I [CT]    : HandPoseSampler: Filter reset
03-27 07:13:35.811 18091 18205 I InputDevice_Hand: HANDTRACKING ADMIRE hand 0: hpm=1 -> shared=0
03-27 07:13:35.811 18091 18205 I [CT]    : HandPoseSampler: Filter reset
03-27 07:13:35.811 18091 18205 I InputDevice_Hand: HANDTRACKING ADMIRE hand 1: hpm=1 -> shared=0
03-27 07:13:35.822 18091 18205 I [CT]    : HandPoseSampler: Filter reset
03-27 07:13:35.822 18091 18205 I InputDevice_Hand: HANDTRACKING ADMIRE hand 0: hpm=1 -> shared=0
03-27 07:13:35.822 18091 18205 I [CT]    : HandPoseSampler: Filter reset
03-27 07:13:35.822 18091 18205 I InputDevice_Hand: HANDTRACKING ADMIRE hand 1: hpm=1 -> shared=0
03-27 07:13:35.833 18091 18205 I [CT]    : HandPoseSampler: Filter reset
03-27 07:13:35.833 18091 18205 I InputDevice_Hand: HANDTRACKING ADMIRE hand 0: hpm=1 -> shared=0
03-27 07:13:35.833 18091 18205 I [CT]    : HandPoseSampler: Filter reset
03-27 07:13:35.833 18091 18205 I InputDevice_Hand: HANDTRACKING ADMIRE hand 1: hpm=1 -> shared=0
03-27 07:13:35.837  1419  3729 D CoreBackPreview: Window{6d0e58c u0 OpenMW: Fatal error}: Setting back callback OnBackInvokedCallbackInfo{mCallback=android.window.IOnBackInvokedCallback$Stub$Proxy@43874ea, mPriority=0, mIsAnimationCallback=false}
03-27 07:13:35.844 18091 18205 I [CT]    : HandPoseSampler: Filter reset
03-27 07:13:35.845 18091 18205 I InputDevice_Hand: HANDTRACKING ADMIRE hand 0: hpm=1 -> shared=0
03-27 07:13:35.845 18091 18205 I [CT]    : HandPoseSampler: Filter reset
03-27 07:13:35.845 18091 18205 I InputDevice_Hand: HANDTRACKING ADMIRE hand 1: hpm=1 -> shared=0
03-27 07:13:35.848 16746 16780 E OpenGLRenderer: Unable to match the desired swap behavior.
03-27 07:13:35.853 16746 16746 I OpenGLRenderer: setStopped(0)
03-27 07:13:35.853 16746 16746 I OpenGLRenderer: setStopped(0): complete
03-27 07:13:35.855 18091 18205 I [CT]    : HandPoseSampler: Filter reset
03-27 07:13:35.855 18091 18205 I InputDevice_Hand: HANDTRACKING ADMIRE hand 0: hpm=1 -> shared=0
03-27 07:13:35.855 18091 18205 I [CT]    : HandPoseSampler: Filter reset
03-27 07:13:35.855 18091 18205 I InputDevice_Hand: HANDTRACKING ADMIRE hand 1: hpm=1 -> shared=0
03-27 07:13:35.855 16746 16746 I OpenGLRenderer: setStopped(0)
03-27 07:13:35.860 16746 16746 I OpenGLRenderer: setStopped(0): complete
03-27 07:13:35.866 18091 18205 I [CT]    : HandPoseSampler: Filter reset
03-27 07:13:35.866 18091 18205 I InputDevice_Hand: HANDTRACKING ADMIRE hand 0: hpm=1 -> shared=0
03-27 07:13:35.866 18091 18205 I [CT]    : HandPoseSampler: Filter reset
03-27 07:13:35.866 18091 18205 I InputDevice_Hand: HANDTRACKING ADMIRE hand 1: hpm=1 -> shared=0
03-27 07:13:35.869  1419  1445 I OculusWindowMgr: OWMS::focusChanged: windowRootTaskId: 3
03-27 07:13:35.869  1419  1445 I OculusWindowMgr: OWMS::focusChanged: getImmersiveTask returned
03-27 07:13:35.869  1419  1445 I OculusWindowMgr: OWMS::focusChanged: matchedTaskId: 3
03-27 07:13:35.869 16746 16746 V SDL     : onWindowFocusChanged(): false
03-27 07:13:35.870  2697  2697 W ClientMgrFocus: FocusedWindowChanged: Can't find client for uid = 10065 pid = 16746 when focusedWindowUid_ = 10065
03-27 07:13:35.870  2697  2697 W ClientMgrFocus:  Dump of client list: 
03-27 07:13:35.870  2697  2697 W ClientMgrFocus: id 0xab362515, pid 1671, uid 1000, packageName native_process.system, clientName VrRuntimeClient-1, processName /system/bin/surfaceflinger, processNameWithPID /system/bin/surfaceflinger:1671, launchId , permissionFlags 4, clientType 5, clientFlags 0, isApplication=true, isOsApp=false, clientSessionPlacement 4294967295, clientDisplayId 0, clientVWToken 00000000000000000000000000000000
03-27 07:13:35.870  2697  2697 W ClientMgrFocus: id 0xd9af031b, pid 18224, uid 10016, packageName com.oculus.guardian, clientName VrRuntimeClient-1, processName com.oculus.vrguardianservice, processNameWithPID com.oculus.vrguardianservice:18224, launchId , permissionFlags 5d, clientType 2, clientFlags 1, isApplication=false, isOsApp=false, clientSessionPlacement 4294967293, clientDisplayId -1, clientVWToken 00000000000000000000000000000000
03-27 07:13:35.870  2697  2697 W ClientMgrFocus: id 0x788ea906, pid 18091, uid 10029, packageName com.oculus.vrshell, clientName VrRuntimeClient-1, processName com.oculus.vrshell, processNameWithPID com.oculus.vrshell:18091, launchId , permissionFlags 6d, clientType 1, clientFlags 1, isApplication=false, isOsApp=false, clientSessionPlacement 2147483647, clientDisplayId -1, clientVWToken 00000000000000000000000000000000
03-27 07:13:35.870  2697  2697 W ClientMgrFocus: id 0xcf254f9f, pid 1168, uid 1000, packageName native_process.system, clientName VrRuntimeClient-1, processName /system_ext/bin/mrsystemservice, processNameWithPID /system_ext/bin/mrsystemservice:1168, launchId , permissionFlags 40, clientType 3, clientFlags 0, isApplication=true, isOsApp=false, clientSessionPlacement 2147483774, clientDisplayId 0, clientVWToken 00000000000000000000000000000000
03-27 07:13:35.870  1419  3523 D ActivityTaskManager: getDisplaysWithTopActivities: immersive ActivityRecord{9cf8139 u0 is.xyz.omw.debug/ui.activity.GameActivity t9682}
03-27 07:13:35.870  2697  2697 I ClientMgrFocus: ClientMgr::SetFocusedClient: FocusedClient did not change: []
03-27 07:13:35.870  2697  2697 W ClientMgrFocus: ClientMgr::SetFocusedClient: No focused client
03-27 07:13:35.870  2697  2697 I ClientMgrFocus: Releasing clocks.
03-27 07:13:35.870  2697  2697 I ClientMgrFocus: ClientMgr::SetFocusedClient: Updating Focus State: 0 for Client: /system/bin/surfaceflinger:1671, Client DisplayId: 0
03-27 07:13:35.870  2697  2697 I ClientMgrFocus: ClientMgr::SetFocusedClient: Updating Focus State: 0 for Client: com.oculus.vrguardianservice:18224, Client DisplayId: -1
03-27 07:13:35.870  2697  2697 I ClientMgrFocus: ClientMgr::SetFocusedClient: Updating Focus State: 0 for Client: com.oculus.vrshell:18091, Client DisplayId: -1
03-27 07:13:35.870  2697  2697 I ClientMgrFocus: ClientMgr::SetFocusedClient: Updating Focus State: 0 for Client: /system_ext/bin/mrsystemservice:1168, Client DisplayId: 0
03-27 07:13:35.870  2697  2697 I ClientMgrFocus: Clearing focused package name. Previous focused client was: 
03-27 07:13:35.870  2697  2697 I ClientMgrFocus: SetFocusedPackageName - packageName  processName  clientId 0 clientPid 0
03-27 07:13:35.872  1419  2160 D VolumetricContentMonitor: Focused window changed to RunningWindowInfo{  pid: 16746, uid: 10065, userId: 0, windowContainerToken: 127292243, windowToken: android.view.IWindow$Stub$Proxy@d96f490, windowId: com.android.server.wm.WindowState$WindowId@f2a3189, displayId: 0, windowType: 2, activity: RunningActivityInfo { rootTask: 3, uid: 10065, pid: 16746, userId: 0, activity: ui.activity.GameActivity, windowId: com.android.server.wm.WindowState$WindowId@ab59f1d, state: ACTIVITY_STATE_VISIBLE}}, from android.view.IWindow$Stub$Proxy@1240bf4
03-27 07:13:35.873  1419  1419 D SpatialAudioService: Skipping processing for app: is.xyz.omw.debug (isNewApp: false, epsService: true)
03-27 07:13:35.873  1419  1419 V WorldManagerService: VW Content Listener: is.xyz.omw.debug -1
03-27 07:13:35.877 18091 18205 I [CT]    : HandPoseSampler: Filter reset
03-27 07:13:35.877 18091 18205 I InputDevice_Hand: HANDTRACKING ADMIRE hand 0: hpm=1 -> shared=0
03-27 07:13:35.877 18091 18205 I [CT]    : HandPoseSampler: Filter reset
03-27 07:13:35.877 18091 18205 I InputDevice_Hand: HANDTRACKING ADMIRE hand 1: hpm=1 -> shared=0
03-27 07:13:35.887 18091 18205 I [CT]    : HandPoseSampler: Filter reset
03-27 07:13:35.887 18091 18205 I InputDevice_Hand: HANDTRACKING ADMIRE hand 0: hpm=1 -> shared=0
03-27 07:13:35.887 18091 18205 I [CT]    : HandPoseSampler: Filter reset
03-27 07:13:35.887 18091 18205 I InputDevice_Hand: HANDTRACKING ADMIRE hand 1: hpm=1 -> shared=0
03-27 07:13:35.899 18091 18205 I [CT]    : HandPoseSampler: Filter reset
03-27 07:13:35.899 18091 18205 I InputDevice_Hand: HANDTRACKING ADMIRE hand 0: hpm=1 -> shared=0
03-27 07:13:35.899 18091 18205 I [CT]    : HandPoseSampler: Filter reset
03-27 07:13:35.899 18091 18205 I InputDevice_Hand: HANDTRACKING ADMIRE hand 1: hpm=1 -> shared=0
03-27 07:13:35.911 18091 18205 I [CT]    : HandPoseSampler: Filter reset
03-27 07:13:35.911 18091 18205 I InputDevice_Hand: HANDTRACKING ADMIRE hand 0: hpm=1 -> shared=0
03-27 07:13:35.911 18091 18205 I [CT]    : HandPoseSampler: Filter reset
03-27 07:13:35.911 18091 18205 I InputDevice_Hand: HANDTRACKING ADMIRE hand 1: hpm=1 -> shared=0
03-27 07:13:35.913   897  1848 I Tracking: VEGA:HM:PERCEPTUAL: [1361.088 [sec]] Bad tracking while exposing 6DoF
03-27 07:13:35.923 18091 18205 I [CT]    : HandPoseSampler: Filter reset
03-27 07:13:35.923 18091 18205 I InputDevice_Hand: HANDTRACKING ADMIRE hand 0: hpm=1 -> shared=0
03-27 07:13:35.923 18091 18205 I [CT]    : HandPoseSampler: Filter reset
03-27 07:13:35.923 18091 18205 I InputDevice_Hand: HANDTRACKING ADMIRE hand 1: hpm=1 -> shared=0
03-27 07:13:35.933 18091 18205 I [CT]    : HandPoseSampler: Filter reset
03-27 07:13:35.933 18091 18205 I InputDevice_Hand: HANDTRACKING ADMIRE hand 0: hpm=1 -> shared=0
03-27 07:13:35.933 18091 18205 I [CT]    : HandPoseSampler: Filter reset
03-27 07:13:35.933 18091 18205 I InputDevice_Hand: HANDTRACKING ADMIRE hand 1: hpm=1 -> shared=0
03-27 07:13:35.944 18091 18205 I [CT]    : HandPoseSampler: Filter reset
03-27 07:13:35.944 18091 18205 I InputDevice_Hand: HANDTRACKING ADMIRE hand 0: hpm=1 -> shared=0
03-27 07:13:35.944 18091 18205 I [CT]    : HandPoseSampler: Filter reset
03-27 07:13:35.944 18091 18205 I InputDevice_Hand: HANDTRACKING ADMIRE hand 1: hpm=1 -> shared=0
03-27 07:13:35.956 18091 18205 I [CT]    : HandPoseSampler: Filter reset
03-27 07:13:35.956 18091 18205 I InputDevice_Hand: HANDTRACKING ADMIRE hand 0: hpm=1 -> shared=0
03-27 07:13:35.956 18091 18205 I [CT]    : HandPoseSampler: Filter reset
03-27 07:13:35.956 18091 18205 I InputDevice_Hand: HANDTRACKING ADMIRE hand 1: hpm=1 -> shared=0
03-27 07:13:35.967 18091 18205 I [CT]    : HandPoseSampler: Filter reset
03-27 07:13:35.967 18091 18205 I InputDevice_Hand: HANDTRACKING ADMIRE hand 0: hpm=1 -> shared=0
03-27 07:13:35.967 18091 18205 I [CT]    : HandPoseSampler: Filter reset
03-27 07:13:35.967 18091 18205 I InputDevice_Hand: HANDTRACKING ADMIRE hand 1: hpm=1 -> shared=0
03-27 07:13:35.978 18091 18205 I [CT]    : HandPoseSampler: Filter reset
03-27 07:13:35.978 18091 18205 I InputDevice_Hand: HANDTRACKING ADMIRE hand 0: hpm=1 -> shared=0
03-27 07:13:35.978 18091 18205 I [CT]    : HandPoseSampler: Filter reset
03-27 07:13:35.978 18091 18205 I InputDevice_Hand: HANDTRACKING ADMIRE hand 1: hpm=1 -> shared=0
03-27 07:13:35.988 18091 18205 I [CT]    : HandPoseSampler: Filter reset
03-27 07:13:35.988 18091 18205 I InputDevice_Hand: HANDTRACKING ADMIRE hand 0: hpm=1 -> shared=0
03-27 07:13:35.988 18091 18205 I [CT]    : HandPoseSampler: Filter reset
03-27 07:13:35.988 18091 18205 I InputDevice_Hand: HANDTRACKING ADMIRE hand 1: hpm=1 -> shared=0
03-27 07:13:35.998 18091 18205 I [CT]    : HandPoseSampler: Filter reset
03-27 07:13:35.998 18091 18205 I InputDevice_Hand: HANDTRACKING ADMIRE hand 0: hpm=1 -> shared=0
03-27 07:13:35.998 18091 18205 I [CT]    : HandPoseSampler: Filter reset
03-27 07:13:35.998 18091 18205 I InputDevice_Hand: HANDTRACKING ADMIRE hand 1: hpm=1 -> shared=0
03-27 07:13:36.010 18091 18205 I [CT]    : HandPoseSampler: Filter reset
03-27 07:13:36.010 18091 18205 I InputDevice_Hand: HANDTRACKING ADMIRE hand 0: hpm=1 -> shared=0
03-27 07:13:36.010 18091 18205 I [CT]    : HandPoseSampler: Filter reset
03-27 07:13:36.010 18091 18205 I InputDevice_Hand: HANDTRACKING ADMIRE hand 1: hpm=1 -> shared=0
03-27 07:13:36.022 18091 18205 I [CT]    : HandPoseSampler: Filter reset
03-27 07:13:36.022 18091 18205 I InputDevice_Hand: HANDTRACKING ADMIRE hand 0: hpm=1 -> shared=0
03-27 07:13:36.022 18091 18205 I [CT]    : HandPoseSampler: Filter reset
03-27 07:13:36.022 18091 18205 I InputDevice_Hand: HANDTRACKING ADMIRE hand 1: hpm=1 -> shared=0
03-27 07:13:36.033 18091 18205 I [CT]    : HandPoseSampler: Filter reset
03-27 07:13:36.033 18091 18205 I InputDevice_Hand: HANDTRACKING ADMIRE hand 0: hpm=1 -> shared=0
03-27 07:13:36.033 18091 18205 I [CT]    : HandPoseSampler: Filter reset
03-27 07:13:36.033 18091 18205 I InputDevice_Hand: HANDTRACKING ADMIRE hand 1: hpm=1 -> shared=0
03-27 07:13:36.044 18091 18205 I [CT]    : HandPoseSampler: Filter reset
03-27 07:13:36.045 18091 18205 I InputDevice_Hand: HANDTRACKING ADMIRE hand 0: hpm=1 -> shared=0
03-27 07:13:36.045 18091 18205 I [CT]    : HandPoseSampler: Filter reset
03-27 07:13:36.045 18091 18205 I InputDevice_Hand: HANDTRACKING ADMIRE hand 1: hpm=1 -> shared=0
03-27 07:13:36.055   897  1854 I Tracking: CONSTELLATION:VISION_STATUS: 0x2e7e5d32cf134aad (R): [#Samples=76] 1361.239s | BlobDetection:[#BlobsDetected=(5.38, 4.39)]Matching:[MatchSuccess=0.513, MatchCost=(0.00332, 0.00002), #MatchedBlobs=(3.30, 11.61), #MatchedLeds=(1.87, 3.75), RematchM=0.224, SkipRefine=0.000] MatchMethod:[Prox=0.289, ConstBrute=0.224, AttiBrute=0.000, UnconstBrute=0.000] MatchResets[AnomBlobSize=0.000, SharedMatch=0.000, DenseReacq=0.000] | Fusion:[FusionError=0.000, ImuFromCamMs=(-1359738.782, 2138717.781), RematchF=0.000] FusionUpdates:[Successful=0.000, Reliable=0.000, TightFusion=0.000, FullPose=0.000, StaticPrior=0.000, StaticForHandTrans=0.000, PoseUpdateMD=(0.0000, 0.0000)] FusionResets[6DoFReset=0.000, ResetSuccess=0.000] FusionStatus[HasPosition=0.000, HasVelocity=0.000]  [Current time=1361.239s, last log time=1356.172s]
03-27 07:13:36.056 18091 18205 I [CT]    : HandPoseSampler: Filter reset
03-27 07:13:36.056 18091 18205 I InputDevice_Hand: HANDTRACKING ADMIRE hand 0: hpm=1 -> shared=0
03-27 07:13:36.056 18091 18205 I [CT]    : HandPoseSampler: Filter reset
03-27 07:13:36.056 18091 18205 I InputDevice_Hand: HANDTRACKING ADMIRE hand 1: hpm=1 -> shared=0
03-27 07:13:36.067 18091 18205 I [CT]    : HandPoseSampler: Filter reset
03-27 07:13:36.067 18091 18205 I InputDevice_Hand: HANDTRACKING ADMIRE hand 0: hpm=1 -> shared=0
03-27 07:13:36.067 18091 18205 I [CT]    : HandPoseSampler: Filter reset
03-27 07:13:36.067 18091 18205 I InputDevice_Hand: HANDTRACKING ADMIRE hand 1: hpm=1 -> shared=0
03-27 07:13:36.077 18091 18205 I [CT]    : HandPoseSampler: Filter reset
03-27 07:13:36.077 18091 18205 I InputDevice_Hand: HANDTRACKING ADMIRE hand 0: hpm=1 -> shared=0
03-27 07:13:36.077 18091 18205 I [CT]    : HandPoseSampler: Filter reset
03-27 07:13:36.077 18091 18205 I InputDevice_Hand: HANDTRACKING ADMIRE hand 1: hpm=1 -> shared=0
03-27 07:13:36.089 18091 18205 I [CT]    : HandPoseSampler: Filter reset
03-27 07:13:36.089 18091 18205 I InputDevice_Hand: HANDTRACKING ADMIRE hand 0: hpm=1 -> shared=0
03-27 07:13:36.089 18091 18205 I [CT]    : HandPoseSampler: Filter reset
03-27 07:13:36.089 18091 18205 I InputDevice_Hand: HANDTRACKING ADMIRE hand 1: hpm=1 -> shared=0
03-27 07:13:36.090 18224 18352 I AutoStationaryHelper: [AutoStationaryHelper::getGuardianDataFromNearbyRoomscale] Checking 1 existing guardian data
03-27 07:13:36.090 18224 18352 I GuardianMapDataMgr: [GuardianMapDataMgr::isValidTrackedRoomscale] [2575043440] Valid=yes, Roomscale=yes, Anchor [2cee9d32-7f24-ff1e-5555-ae309d8ea246] Tracked=yes
03-27 07:13:36.090 18224 18352 I AutoStationaryHelper: [AutoStationaryHelper::getGuardianDataFromNearbyRoomscale] [2575043440] Distance to HMD: 3.819564
03-27 07:13:36.100 18091 18205 I [CT]    : HandPoseSampler: Filter reset
03-27 07:13:36.101 18091 18205 I InputDevice_Hand: HANDTRACKING ADMIRE hand 0: hpm=1 -> shared=0
03-27 07:13:36.101 18091 18205 I [CT]    : HandPoseSampler: Filter reset
03-27 07:13:36.101 18091 18205 I InputDevice_Hand: HANDTRACKING ADMIRE hand 1: hpm=1 -> shared=0
03-27 07:13:36.111 18091 18205 I [CT]    : HandPoseSampler: Filter reset
03-27 07:13:36.111 18091 18205 I InputDevice_Hand: HANDTRACKING ADMIRE hand 0: hpm=1 -> shared=0
03-27 07:13:36.111 18091 18205 I [CT]    : HandPoseSampler: Filter reset
03-27 07:13:36.111 18091 18205 I InputDevice_Hand: HANDTRACKING ADMIRE hand 1: hpm=1 -> shared=0
03-27 07:13:36.122 18091 18205 I [CT]    : HandPoseSampler: Filter reset
03-27 07:13:36.122 18091 18205 I InputDevice_Hand: HANDTRACKING ADMIRE hand 0: hpm=1 -> shared=0
03-27 07:13:36.122 18091 18205 I [CT]    : HandPoseSampler: Filter reset
03-27 07:13:36.122 18091 18205 I InputDevice_Hand: HANDTRACKING ADMIRE hand 1: hpm=1 -> shared=0
03-27 07:13:36.122   897  1854 I Tracking: CONSTELLATION_Right: P+C Right: : Pushing zero velocity update
03-27 07:13:36.132 18091 14209 V ClientSharedTelemetryStats: App memory usage: PSS=230 MiB, PrivateDirty=123 MiB, PrivateClean=0 MiB, GPU=123.5/123.5 MiB (100% allocated)
03-27 07:13:36.132 18091 14209 I VrApi   : FPS=89/90,Prd=25ms,Tear=0,Early=55,Stale=7,Stale2/5/10/max=0/1/0/6,VSnc=1,Lat=-4,Fov=3,CPU4/GPU=-1/-1,1920/545MHz,OC=3F,TA=0/0/0,SP=N/N/N,Mem=3196MHz,Free=4063MB,PLS=0,Temp=36.0C/0.0C,TW=0.55ms,App=1.52ms,GD=0.00ms,CPU&GPU=7.83ms,LCnt=1(DR70,LM0),GPU%=0.22,CPU%=0.73(W0.82),CFL=11.24/15.47,ICFLp95=14.20,LD=0,CABC=1,SF=0.78,LP=1,DVFS=0,Preempt=238,PoseAgeP95=0.00
03-27 07:13:36.132 18091 14209 I VrApi   : ASW=7,Type=PTWFromStereo,E=0.000/0.000,D=0.000/0.000
03-27 07:13:36.133 18091 18205 I [CT]    : HandPoseSampler: Filter reset
03-27 07:13:36.133 18091 18205 I InputDevice_Hand: HANDTRACKING ADMIRE hand 0: hpm=1 -> shared=0
03-27 07:13:36.133 18091 18205 I [CT]    : HandPoseSampler: Filter reset
03-27 07:13:36.133 18091 18205 I InputDevice_Hand: HANDTRACKING ADMIRE hand 1: hpm=1 -> shared=0
03-27 07:13:36.145 18091 18205 I [CT]    : HandPoseSampler: Filter reset
03-27 07:13:36.145 18091 18205 I InputDevice_Hand: HANDTRACKING ADMIRE hand 0: hpm=1 -> shared=0
03-27 07:13:36.145 18091 18205 I [CT]    : HandPoseSampler: Filter reset
03-27 07:13:36.145 18091 18205 I InputDevice_Hand: HANDTRACKING ADMIRE hand 1: hpm=1 -> shared=0
03-27 07:13:36.154 18091 18205 I [CT]    : HandPoseSampler: Filter reset
03-27 07:13:36.154 18091 18205 I InputDevice_Hand: HANDTRACKING ADMIRE hand 0: hpm=1 -> shared=0
03-27 07:13:36.154 18091 18205 I [CT]    : HandPoseSampler: Filter reset
03-27 07:13:36.154 18091 18205 I InputDevice_Hand: HANDTRACKING ADMIRE hand 1: hpm=1 -> shared=0
03-27 07:13:36.165 18091 18205 I [CT]    : HandPoseSampler: Filter reset
03-27 07:13:36.165 18091 18205 I InputDevice_Hand: HANDTRACKING ADMIRE hand 0: hpm=1 -> shared=0
03-27 07:13:36.165 18091 18205 I [CT]    : HandPoseSampler: Filter reset
03-27 07:13:36.165 18091 18205 I InputDevice_Hand: HANDTRACKING ADMIRE hand 1: hpm=1 -> shared=0
03-27 07:13:36.178 18091 18205 I [CT]    : HandPoseSampler: Filter reset
03-27 07:13:36.178 18091 18205 I InputDevice_Hand: HANDTRACKING ADMIRE hand 0: hpm=1 -> shared=0
03-27 07:13:36.178 18091 18205 I [CT]    : HandPoseSampler: Filter reset
03-27 07:13:36.178 18091 18205 I InputDevice_Hand: HANDTRACKING ADMIRE hand 1: hpm=1 -> shared=0
03-27 07:13:36.189 18091 18205 I [CT]    : HandPoseSampler: Filter reset
03-27 07:13:36.189 18091 18205 I InputDevice_Hand: HANDTRACKING ADMIRE hand 0: hpm=1 -> shared=0
03-27 07:13:36.189 18091 18205 I [CT]    : HandPoseSampler: Filter reset
03-27 07:13:36.189 18091 18205 I InputDevice_Hand: HANDTRACKING ADMIRE hand 1: hpm=1 -> shared=0
03-27 07:13:36.199 18091 18205 I [CT]    : HandPoseSampler: Filter reset
03-27 07:13:36.199 18091 18205 I InputDevice_Hand: HANDTRACKING ADMIRE hand 0: hpm=1 -> shared=0
03-27 07:13:36.199 18091 18205 I [CT]    : HandPoseSampler: Filter reset
03-27 07:13:36.199 18091 18205 I InputDevice_Hand: HANDTRACKING ADMIRE hand 1: hpm=1 -> shared=0
03-27 07:13:36.210 18091 18205 I [CT]    : HandPoseSampler: Filter reset
03-27 07:13:36.210 18091 18205 I InputDevice_Hand: HANDTRACKING ADMIRE hand 0: hpm=1 -> shared=0
03-27 07:13:36.211 18091 18205 I [CT]    : HandPoseSampler: Filter reset
03-27 07:13:36.211 18091 18205 I InputDevice_Hand: HANDTRACKING ADMIRE hand 1: hpm=1 -> shared=0
03-27 07:13:36.222 18091 18205 I [CT]    : HandPoseSampler: Filter reset
03-27 07:13:36.222 18091 18205 I InputDevice_Hand: HANDTRACKING ADMIRE hand 0: hpm=1 -> shared=0
03-27 07:13:36.222 18091 18205 I [CT]    : HandPoseSampler: Filter reset
03-27 07:13:36.222 18091 18205 I InputDevice_Hand: HANDTRACKING ADMIRE hand 1: hpm=1 -> shared=0
03-27 07:13:36.233 18091 18205 I [CT]    : HandPoseSampler: Filter reset
03-27 07:13:36.233 18091 18205 I InputDevice_Hand: HANDTRACKING ADMIRE hand 0: hpm=1 -> shared=0
03-27 07:13:36.233 18091 18205 I [CT]    : HandPoseSampler: Filter reset
03-27 07:13:36.233 18091 18205 I InputDevice_Hand: HANDTRACKING ADMIRE hand 1: hpm=1 -> shared=0
03-27 07:13:36.244 18091 18205 I [CT]    : HandPoseSampler: Filter reset
03-27 07:13:36.245 18091 18205 I InputDevice_Hand: HANDTRACKING ADMIRE hand 0: hpm=1 -> shared=0
03-27 07:13:36.245 18091 18205 I [CT]    : HandPoseSampler: Filter reset
03-27 07:13:36.245 18091 18205 I InputDevice_Hand: HANDTRACKING ADMIRE hand 1: hpm=1 -> shared=0
03-27 07:13:36.255 18091 18205 I [CT]    : HandPoseSampler: Filter reset
03-27 07:13:36.255 18091 18205 I InputDevice_Hand: HANDTRACKING ADMIRE hand 0: hpm=1 -> shared=0
03-27 07:13:36.255 18091 18205 I [CT]    : HandPoseSampler: Filter reset
03-27 07:13:36.255 18091 18205 I InputDevice_Hand: HANDTRACKING ADMIRE hand 1: hpm=1 -> shared=0
03-27 07:13:36.266 18091 18205 I [CT]    : HandPoseSampler: Filter reset
03-27 07:13:36.266 18091 18205 I InputDevice_Hand: HANDTRACKING ADMIRE hand 0: hpm=1 -> shared=0
03-27 07:13:36.266 18091 18205 I [CT]    : HandPoseSampler: Filter reset
03-27 07:13:36.266 18091 18205 I InputDevice_Hand: HANDTRACKING ADMIRE hand 1: hpm=1 -> shared=0
03-27 07:13:36.278 18091 18205 I [CT]    : HandPoseSampler: Filter reset
03-27 07:13:36.278 18091 18205 I InputDevice_Hand: HANDTRACKING ADMIRE hand 0: hpm=1 -> shared=0
03-27 07:13:36.278 18091 18205 I [CT]    : HandPoseSampler: Filter reset
03-27 07:13:36.278 18091 18205 I InputDevice_Hand: HANDTRACKING ADMIRE hand 1: hpm=1 -> shared=0
03-27 07:13:36.289 18091 18205 I [CT]    : HandPoseSampler: Filter reset
03-27 07:13:36.289 18091 18205 I InputDevice_Hand: HANDTRACKING ADMIRE hand 0: hpm=1 -> shared=0
03-27 07:13:36.289 18091 18205 I [CT]    : HandPoseSampler: Filter reset
03-27 07:13:36.289 18091 18205 I InputDevice_Hand: HANDTRACKING ADMIRE hand 1: hpm=1 -> shared=0
03-27 07:13:34.585     0     0 I CAM_INFO: CAM-SENSOR: cam_sensor_driver_cmd: 1270 CAM_RELEASE_DEV Success for imx471 sensor_id:0x471, slave_addr:0x34
03-27 07:13:36.249     0     0 I logd    : logdr: UID=2000 GID=2000 PID=16799 n tail=0 logMask=10099 pid=0 start=0ns deadline=0ns
