--------- beginning of main
03-27 06:52:27.882 18224 18352 I [CT]    : SP:AF:AnchorFramework: calculateRigidScenePose: Located 14 / 14 anchors in fd4ff835-375f-eff7-378d-3df1f3bd4165 for calculating rigid scene pose for com.oculus.guardian
03-27 06:52:27.882 18224 18352 I [CT]    : SP:AF:AnchorAccuracy: New Rigid Scene calculated using 14 anchors attached to 1 IAs. 0.12237860599998385 seconds since last update
03-27 06:52:27.882 18224 18352 I [CT]    : SP:AF:AnchorAccuracy: Translation difference (mean/min/max): 0.01845666009467095 0.002670936519280076 0.046201303601264954
03-27 06:52:27.882 18224 18352 I [CT]    : SP:AF:AnchorAccuracy: Rotation difference (mean/min/max): 0.01088615387145962 0.01010980922728777 0.020910974591970444
03-27 06:52:27.882 18224 18352 I [CT]    : SP:AF:AnchorAccuracy: New scene origin pose: -0.23087245225906372 -0.0036488818004727364 0.0005251678521744907 : 0.5094925165176392 -0.5094924569129944 -0.49032384157180786 -0.49032384157180786
03-27 06:52:27.882 18224 18352 I [CT]    : SP:AF:AnchorAccuracy: New scene origin pose moved: 3.089970448399981e-07 translation 1.7881392011531716e-07 rotation
03-27 06:52:27.889 18091 18205 I [CT]    : HandPoseSampler: Filter reset
03-27 06:52:27.889 18091 18205 I InputDevice_Hand: HANDTRACKING ADMIRE hand 0: hpm=1 -> shared=0
03-27 06:52:27.889 18091 18205 I [CT]    : HandPoseSampler: Filter reset
03-27 06:52:27.889 18091 18205 I InputDevice_Hand: HANDTRACKING ADMIRE hand 1: hpm=1 -> shared=0
03-27 06:52:27.900 18091 18205 I [CT]    : HandPoseSampler: Filter reset
03-27 06:52:27.900 18091 18205 I InputDevice_Hand: HANDTRACKING ADMIRE hand 0: hpm=1 -> shared=0
03-27 06:52:27.900 18091 18205 I [CT]    : HandPoseSampler: Filter reset
03-27 06:52:27.900 18091 18205 I InputDevice_Hand: HANDTRACKING ADMIRE hand 1: hpm=1 -> shared=0
03-27 06:52:27.912 18091 18205 I [CT]    : HandPoseSampler: Filter reset
03-27 06:52:27.912 18091 18205 I InputDevice_Hand: HANDTRACKING ADMIRE hand 0: hpm=1 -> shared=0
03-27 06:52:27.912 18091 18205 I [CT]    : HandPoseSampler: Filter reset
03-27 06:52:27.912 18091 18205 I InputDevice_Hand: HANDTRACKING ADMIRE hand 1: hpm=1 -> shared=0
03-27 06:52:27.923 18091 18205 I [CT]    : HandPoseSampler: Filter reset
03-27 06:52:27.923 18091 18205 I InputDevice_Hand: HANDTRACKING ADMIRE hand 0: hpm=1 -> shared=0
03-27 06:52:27.923 18091 18205 I [CT]    : HandPoseSampler: Filter reset
03-27 06:52:27.923 18091 18205 I InputDevice_Hand: HANDTRACKING ADMIRE hand 1: hpm=1 -> shared=0
03-27 06:52:27.934 18091 18205 I [CT]    : HandPoseSampler: Filter reset
03-27 06:52:27.934 18091 18205 I InputDevice_Hand: HANDTRACKING ADMIRE hand 0: hpm=1 -> shared=0
03-27 06:52:27.934 18091 18205 I [CT]    : HandPoseSampler: Filter reset
03-27 06:52:27.934 18091 18205 I InputDevice_Hand: HANDTRACKING ADMIRE hand 1: hpm=1 -> shared=0
03-27 06:52:27.944 18091 18205 I [CT]    : HandPoseSampler: Filter reset
03-27 06:52:27.944 18091 18205 I InputDevice_Hand: HANDTRACKING ADMIRE hand 0: hpm=1 -> shared=0
03-27 06:52:27.944 18091 18205 I [CT]    : HandPoseSampler: Filter reset
03-27 06:52:27.944 18091 18205 I InputDevice_Hand: HANDTRACKING ADMIRE hand 1: hpm=1 -> shared=0
03-27 06:52:27.956 18091 18205 I [CT]    : HandPoseSampler: Filter reset
03-27 06:52:27.956 18091 18205 I InputDevice_Hand: HANDTRACKING ADMIRE hand 0: hpm=1 -> shared=0
03-27 06:52:27.956 18091 18205 I [CT]    : HandPoseSampler: Filter reset
03-27 06:52:27.956 18091 18205 I InputDevice_Hand: HANDTRACKING ADMIRE hand 1: hpm=1 -> shared=0
03-27 06:52:27.967 18091 18205 I [CT]    : HandPoseSampler: Filter reset
03-27 06:52:27.967 18091 18205 I InputDevice_Hand: HANDTRACKING ADMIRE hand 0: hpm=1 -> shared=0
03-27 06:52:27.967 18091 18205 I [CT]    : HandPoseSampler: Filter reset
03-27 06:52:27.967 18091 18205 I InputDevice_Hand: HANDTRACKING ADMIRE hand 1: hpm=1 -> shared=0
03-27 06:52:27.978 18091 18205 I [CT]    : HandPoseSampler: Filter reset
03-27 06:52:27.978 18091 18205 I InputDevice_Hand: HANDTRACKING ADMIRE hand 0: hpm=1 -> shared=0
03-27 06:52:27.978 18091 18205 I [CT]    : HandPoseSampler: Filter reset
03-27 06:52:27.978 18091 18205 I InputDevice_Hand: HANDTRACKING ADMIRE hand 1: hpm=1 -> shared=0
03-27 06:52:27.989 18091 18205 I [CT]    : HandPoseSampler: Filter reset
03-27 06:52:27.989 18091 18205 I InputDevice_Hand: HANDTRACKING ADMIRE hand 0: hpm=1 -> shared=0
03-27 06:52:27.989 18091 18205 I [CT]    : HandPoseSampler: Filter reset
03-27 06:52:27.989 18091 18205 I InputDevice_Hand: HANDTRACKING ADMIRE hand 1: hpm=1 -> shared=0
03-27 06:52:28.000 18091 18205 I [CT]    : HandPoseSampler: Filter reset
03-27 06:52:28.001 18091 18205 I InputDevice_Hand: HANDTRACKING ADMIRE hand 0: hpm=1 -> shared=0
03-27 06:52:28.001 18091 18205 I [CT]    : HandPoseSampler: Filter reset
03-27 06:52:28.001 18091 18205 I InputDevice_Hand: HANDTRACKING ADMIRE hand 1: hpm=1 -> shared=0
03-27 06:52:28.009 18091 14209 I VrApi   : FPS=90/90,Prd=24ms,Tear=0,Early=0,Stale=0,Stale2/5/10/max=0/0/0/0,VSnc=1,Lat=-4,Fov=3,CPU4/GPU=-1/-1,1920/545MHz,OC=3F,TA=0/0/0,SP=N/N/N,Mem=1708MHz,Free=4019MB,PLS=0,Temp=34.0C/0.0C,TW=0.54ms,App=1.55ms,GD=0.00ms,CPU&GPU=8.13ms,LCnt=1(DR91,LM0),GPU%=0.21,CPU%=0.26(W0.33),CFL=11.93/15.87,ICFLp95=14.25,LD=0,CABC=1,SF=0.78,LP=1,DVFS=0,Preempt=206,PoseAgeP95=0.00
03-27 06:52:28.009 18091 14209 I VrApi   : ASW=0,Type=PTWFromStereo,E=0.000/0.000,D=0.000/0.000
03-27 06:52:28.012 18091 18205 I [CT]    : HandPoseSampler: Filter reset
03-27 06:52:28.012 18091 18205 I InputDevice_Hand: HANDTRACKING ADMIRE hand 0: hpm=1 -> shared=0
03-27 06:52:28.012 18091 18205 I [CT]    : HandPoseSampler: Filter reset
03-27 06:52:28.012 18091 18205 I InputDevice_Hand: HANDTRACKING ADMIRE hand 1: hpm=1 -> shared=0
03-27 06:52:28.023 18091 18205 I [CT]    : HandPoseSampler: Filter reset
03-27 06:52:28.023 18091 18205 I InputDevice_Hand: HANDTRACKING ADMIRE hand 0: hpm=1 -> shared=0
03-27 06:52:28.023 18091 18205 I [CT]    : HandPoseSampler: Filter reset
03-27 06:52:28.023 18091 18205 I InputDevice_Hand: HANDTRACKING ADMIRE hand 1: hpm=1 -> shared=0
03-27 06:52:28.034 18091 18205 I [CT]    : HandPoseSampler: Filter reset
03-27 06:52:28.034 18091 18205 I InputDevice_Hand: HANDTRACKING ADMIRE hand 0: hpm=1 -> shared=0
03-27 06:52:28.034 18091 18205 I [CT]    : HandPoseSampler: Filter reset
03-27 06:52:28.034 18091 18205 I InputDevice_Hand: HANDTRACKING ADMIRE hand 1: hpm=1 -> shared=0
03-27 06:52:28.045 18091 18205 I [CT]    : HandPoseSampler: Filter reset
03-27 06:52:28.045 18091 18205 I InputDevice_Hand: HANDTRACKING ADMIRE hand 0: hpm=1 -> shared=0
03-27 06:52:28.045 18091 18205 I [CT]    : HandPoseSampler: Filter reset
03-27 06:52:28.045 18091 18205 I InputDevice_Hand: HANDTRACKING ADMIRE hand 1: hpm=1 -> shared=0
03-27 06:52:28.056 18091 18205 I [CT]    : HandPoseSampler: Filter reset
03-27 06:52:28.056 18091 18205 I InputDevice_Hand: HANDTRACKING ADMIRE hand 0: hpm=1 -> shared=0
03-27 06:52:28.056 18091 18205 I [CT]    : HandPoseSampler: Filter reset
03-27 06:52:28.056 18091 18205 I InputDevice_Hand: HANDTRACKING ADMIRE hand 1: hpm=1 -> shared=0
03-27 06:52:28.067 18091 18205 I [CT]    : HandPoseSampler: Filter reset
03-27 06:52:28.067 18091 18205 I InputDevice_Hand: HANDTRACKING ADMIRE hand 0: hpm=1 -> shared=0
03-27 06:52:28.068 18091 18205 I [CT]    : HandPoseSampler: Filter reset
03-27 06:52:28.068 18091 18205 I InputDevice_Hand: HANDTRACKING ADMIRE hand 1: hpm=1 -> shared=0
03-27 06:52:28.078 18091 18205 I [CT]    : HandPoseSampler: Filter reset
03-27 06:52:28.078 18091 18205 I InputDevice_Hand: HANDTRACKING ADMIRE hand 0: hpm=1 -> shared=0
03-27 06:52:28.078 18091 18205 I [CT]    : HandPoseSampler: Filter reset
03-27 06:52:28.078 18091 18205 I InputDevice_Hand: HANDTRACKING ADMIRE hand 1: hpm=1 -> shared=0
03-27 06:52:28.085   897  1854 I Tracking: CONSTELLATION_Right: [Throttled count=90] P+C Right: Applying Consistent Zero Velocity Update during slow motion.
03-27 06:52:28.090 18091 18205 I [CT]    : HandPoseSampler: Filter reset
03-27 06:52:28.090 18091 18205 I InputDevice_Hand: HANDTRACKING ADMIRE hand 0: hpm=1 -> shared=0
03-27 06:52:28.090 18091 18205 I [CT]    : HandPoseSampler: Filter reset
03-27 06:52:28.090 18091 18205 I InputDevice_Hand: HANDTRACKING ADMIRE hand 1: hpm=1 -> shared=0
03-27 06:52:28.101 18091 18205 I [CT]    : HandPoseSampler: Filter reset
03-27 06:52:28.101 18091 18205 I InputDevice_Hand: HANDTRACKING ADMIRE hand 0: hpm=1 -> shared=0
03-27 06:52:28.101 18091 18205 I [CT]    : HandPoseSampler: Filter reset
03-27 06:52:28.101 18091 18205 I InputDevice_Hand: HANDTRACKING ADMIRE hand 1: hpm=1 -> shared=0
03-27 06:52:28.112 18091 18205 I [CT]    : HandPoseSampler: Filter reset
03-27 06:52:28.112 18091 18205 I InputDevice_Hand: HANDTRACKING ADMIRE hand 0: hpm=1 -> shared=0
03-27 06:52:28.112 18091 18205 I [CT]    : HandPoseSampler: Filter reset
03-27 06:52:28.112 18091 18205 I InputDevice_Hand: HANDTRACKING ADMIRE hand 1: hpm=1 -> shared=0
03-27 06:52:28.122   920 14201 I VD628x  : Flicker results: freq 120.000000, max 119.886986, dcr 32.968338, pct 0.041660, idx 0.013024, conf 0.847739, snr 7.543622, svm 0.070075, sus 0
03-27 06:52:28.123 18091 18205 I [CT]    : HandPoseSampler: Filter reset
03-27 06:52:28.123 18091 18205 I InputDevice_Hand: HANDTRACKING ADMIRE hand 0: hpm=1 -> shared=0
03-27 06:52:28.123 18091 18205 I [CT]    : HandPoseSampler: Filter reset
03-27 06:52:28.123 18091 18205 I InputDevice_Hand: HANDTRACKING ADMIRE hand 1: hpm=1 -> shared=0
03-27 06:52:28.134 18091 18205 I [CT]    : HandPoseSampler: Filter reset
03-27 06:52:28.134 18091 18205 I InputDevice_Hand: HANDTRACKING ADMIRE hand 0: hpm=1 -> shared=0
03-27 06:52:28.134 18091 18205 I [CT]    : HandPoseSampler: Filter reset
03-27 06:52:28.134 18091 18205 I InputDevice_Hand: HANDTRACKING ADMIRE hand 1: hpm=1 -> shared=0
03-27 06:52:28.145 18091 18205 I [CT]    : HandPoseSampler: Filter reset
03-27 06:52:28.145 18091 18205 I InputDevice_Hand: HANDTRACKING ADMIRE hand 0: hpm=1 -> shared=0
03-27 06:52:28.145 18091 18205 I [CT]    : HandPoseSampler: Filter reset
03-27 06:52:28.145 18091 18205 I InputDevice_Hand: HANDTRACKING ADMIRE hand 1: hpm=1 -> shared=0
03-27 06:52:28.156 18091 18205 I [CT]    : HandPoseSampler: Filter reset
03-27 06:52:28.156 18091 18205 I InputDevice_Hand: HANDTRACKING ADMIRE hand 0: hpm=1 -> shared=0
03-27 06:52:28.156 18091 18205 I [CT]    : HandPoseSampler: Filter reset
03-27 06:52:28.156 18091 18205 I InputDevice_Hand: HANDTRACKING ADMIRE hand 1: hpm=1 -> shared=0
03-27 06:52:28.168 18091 18205 I [CT]    : HandPoseSampler: Filter reset
03-27 06:52:28.168 18091 18205 I InputDevice_Hand: HANDTRACKING ADMIRE hand 0: hpm=1 -> shared=0
03-27 06:52:28.168 18091 18205 I [CT]    : HandPoseSampler: Filter reset
03-27 06:52:28.168 18091 18205 I InputDevice_Hand: HANDTRACKING ADMIRE hand 1: hpm=1 -> shared=0
03-27 06:52:28.178 18091 18205 I [CT]    : HandPoseSampler: Filter reset
03-27 06:52:28.178 18091 18205 I InputDevice_Hand: HANDTRACKING ADMIRE hand 0: hpm=1 -> shared=0
03-27 06:52:28.178 18091 18205 I [CT]    : HandPoseSampler: Filter reset
03-27 06:52:28.178 18091 18205 I InputDevice_Hand: HANDTRACKING ADMIRE hand 1: hpm=1 -> shared=0
03-27 06:52:28.189 18091 18205 I [CT]    : HandPoseSampler: Filter reset
03-27 06:52:28.189 18091 18205 I InputDevice_Hand: HANDTRACKING ADMIRE hand 0: hpm=1 -> shared=0
03-27 06:52:28.189 18091 18205 I [CT]    : HandPoseSampler: Filter reset
03-27 06:52:28.189 18091 18205 I InputDevice_Hand: HANDTRACKING ADMIRE hand 1: hpm=1 -> shared=0
03-27 06:52:28.201 18091 18205 I [CT]    : HandPoseSampler: Filter reset
03-27 06:52:28.201 18091 18205 I InputDevice_Hand: HANDTRACKING ADMIRE hand 0: hpm=1 -> shared=0
03-27 06:52:28.201 18091 18205 I [CT]    : HandPoseSampler: Filter reset
03-27 06:52:28.201 18091 18205 I InputDevice_Hand: HANDTRACKING ADMIRE hand 1: hpm=1 -> shared=0
03-27 06:52:28.212 18091 18205 I [CT]    : HandPoseSampler: Filter reset
03-27 06:52:28.212 18091 18205 I InputDevice_Hand: HANDTRACKING ADMIRE hand 0: hpm=1 -> shared=0
03-27 06:52:28.212 18091 18205 I [CT]    : HandPoseSampler: Filter reset
03-27 06:52:28.212 18091 18205 I InputDevice_Hand: HANDTRACKING ADMIRE hand 1: hpm=1 -> shared=0
03-27 06:52:28.222 18091 18205 I [CT]    : HandPoseSampler: Filter reset
03-27 06:52:28.222 18091 18205 I InputDevice_Hand: HANDTRACKING ADMIRE hand 0: hpm=1 -> shared=0
03-27 06:52:28.222 18091 18205 I [CT]    : HandPoseSampler: Filter reset
03-27 06:52:28.222 18091 18205 I InputDevice_Hand: HANDTRACKING ADMIRE hand 1: hpm=1 -> shared=0
03-27 06:52:28.233 18091 18205 I [CT]    : HandPoseSampler: Filter reset
03-27 06:52:28.233 18091 18205 I InputDevice_Hand: HANDTRACKING ADMIRE hand 0: hpm=1 -> shared=0
03-27 06:52:28.233 18091 18205 I [CT]    : HandPoseSampler: Filter reset
03-27 06:52:28.234 18091 18205 I InputDevice_Hand: HANDTRACKING ADMIRE hand 1: hpm=1 -> shared=0
03-27 06:52:28.244 18091 18205 I [CT]    : HandPoseSampler: Filter reset
03-27 06:52:28.244 18091 18205 I InputDevice_Hand: HANDTRACKING ADMIRE hand 0: hpm=1 -> shared=0
03-27 06:52:28.244 18091 18205 I [CT]    : HandPoseSampler: Filter reset
03-27 06:52:28.244 18091 18205 I InputDevice_Hand: HANDTRACKING ADMIRE hand 1: hpm=1 -> shared=0
03-27 06:52:28.255 18091 18205 I [CT]    : HandPoseSampler: Filter reset
03-27 06:52:28.255 18091 18205 I InputDevice_Hand: HANDTRACKING ADMIRE hand 0: hpm=1 -> shared=0
03-27 06:52:28.255 18091 18205 I [CT]    : HandPoseSampler: Filter reset
03-27 06:52:28.255 18091 18205 I InputDevice_Hand: HANDTRACKING ADMIRE hand 1: hpm=1 -> shared=0
03-27 06:52:28.266 18091 18205 I [CT]    : HandPoseSampler: Filter reset
03-27 06:52:28.266 18091 18205 I InputDevice_Hand: HANDTRACKING ADMIRE hand 0: hpm=1 -> shared=0
03-27 06:52:28.266 18091 18205 I [CT]    : HandPoseSampler: Filter reset
03-27 06:52:28.266 18091 18205 I InputDevice_Hand: HANDTRACKING ADMIRE hand 1: hpm=1 -> shared=0
03-27 06:52:28.277 18091 18205 I [CT]    : HandPoseSampler: Filter reset
03-27 06:52:28.277 18091 18205 I InputDevice_Hand: HANDTRACKING ADMIRE hand 0: hpm=1 -> shared=0
03-27 06:52:28.277 18091 18205 I [CT]    : HandPoseSampler: Filter reset
03-27 06:52:28.277 18091 18205 I InputDevice_Hand: HANDTRACKING ADMIRE hand 1: hpm=1 -> shared=0
03-27 06:52:28.288 18091 18205 I [CT]    : HandPoseSampler: Filter reset
03-27 06:52:28.288 18091 18205 I InputDevice_Hand: HANDTRACKING ADMIRE hand 0: hpm=1 -> shared=0
03-27 06:52:28.288 18091 18205 I [CT]    : HandPoseSampler: Filter reset
03-27 06:52:28.288 18091 18205 I InputDevice_Hand: HANDTRACKING ADMIRE hand 1: hpm=1 -> shared=0
03-27 06:52:28.300 18091 18205 I [CT]    : HandPoseSampler: Filter reset
03-27 06:52:28.300 18091 18205 I InputDevice_Hand: HANDTRACKING ADMIRE hand 0: hpm=1 -> shared=0
03-27 06:52:28.300 18091 18205 I [CT]    : HandPoseSampler: Filter reset
03-27 06:52:28.300 18091 18205 I InputDevice_Hand: HANDTRACKING ADMIRE hand 1: hpm=1 -> shared=0
03-27 06:52:28.311 18091 18205 I [CT]    : HandPoseSampler: Filter reset
03-27 06:52:28.311 18091 18205 I InputDevice_Hand: HANDTRACKING ADMIRE hand 0: hpm=1 -> shared=0
03-27 06:52:28.311 18091 18205 I [CT]    : HandPoseSampler: Filter reset
03-27 06:52:28.311 18091 18205 I InputDevice_Hand: HANDTRACKING ADMIRE hand 1: hpm=1 -> shared=0
03-27 06:52:28.323 18091 18205 I [CT]    : HandPoseSampler: Filter reset
03-27 06:52:28.323 18091 18205 I InputDevice_Hand: HANDTRACKING ADMIRE hand 0: hpm=1 -> shared=0
03-27 06:52:28.323 18091 18205 I [CT]    : HandPoseSampler: Filter reset
03-27 06:52:28.323 18091 18205 I InputDevice_Hand: HANDTRACKING ADMIRE hand 1: hpm=1 -> shared=0
03-27 06:52:28.330   897 14310 W Tracking: CONSTELLATION_Left: [Throttled count=503] P+C Left: Could not retrieve 3dof fallback pose.
03-27 06:52:28.333 18091 18205 I [CT]    : HandPoseSampler: Filter reset
03-27 06:52:28.333 18091 18205 I InputDevice_Hand: HANDTRACKING ADMIRE hand 0: hpm=1 -> shared=0
03-27 06:52:28.333 18091 18205 I [CT]    : HandPoseSampler: Filter reset
03-27 06:52:28.333 18091 18205 I InputDevice_Hand: HANDTRACKING ADMIRE hand 1: hpm=1 -> shared=0
03-27 06:52:28.345 18091 18205 I [CT]    : HandPoseSampler: Filter reset
03-27 06:52:28.345 18091 18205 I InputDevice_Hand: HANDTRACKING ADMIRE hand 0: hpm=1 -> shared=0
03-27 06:52:28.345 18091 18205 I [CT]    : HandPoseSampler: Filter reset
03-27 06:52:28.345 18091 18205 I InputDevice_Hand: HANDTRACKING ADMIRE hand 1: hpm=1 -> shared=0
03-27 06:52:28.356 18091 18205 I [CT]    : HandPoseSampler: Filter reset
03-27 06:52:28.356 18091 18205 I InputDevice_Hand: HANDTRACKING ADMIRE hand 0: hpm=1 -> shared=0
03-27 06:52:28.356 18091 18205 I [CT]    : HandPoseSampler: Filter reset
03-27 06:52:28.356 18091 18205 I InputDevice_Hand: HANDTRACKING ADMIRE hand 1: hpm=1 -> shared=0
03-27 06:52:28.366   897 14310 I Tracking: CONSTELLATION:IMU_STATUS: 0x9a0f3b964e7e111f (L): [#Samples=2516] 93.593s | [FusionTracked=0.000, OutputTracked=0.000, OutputValid=0.000] [AccelSat=0.000, GyroSat=0.000] [AccelMinMeanMax: X=-7.945|-7.817|-7.691, Y=5.106|5.226|5.414, Z=-2.547|-2.466|-2.330] [GyroMinMeanMax: X=-0.006|0.005|0.013, Y=-0.021|-0.012|0.004, Z=-0.009|0.001|0.013] [AccelStuck: X=0|0.000, Y=0|0.000, Z=0|0.000] [GyroStuck: X=0|0.000, Y=0|0.000, Z=0|0.000]  [Current time=93.593s, last log time=88.591s]
03-27 06:52:28.367 18091 18205 I [CT]    : HandPoseSampler: Filter reset
03-27 06:52:28.367 18091 18205 I InputDevice_Hand: HANDTRACKING ADMIRE hand 0: hpm=1 -> shared=0
03-27 06:52:28.367 18091 18205 I [CT]    : HandPoseSampler: Filter reset
03-27 06:52:28.367 18091 18205 I InputDevice_Hand: HANDTRACKING ADMIRE hand 1: hpm=1 -> shared=0
03-27 06:52:28.371   897 14310 I Tracking: CONSTELLATION:IMU_STATUS: 0x2e7e5d32cf134aad (R): [#Samples=2515] 93.598s | [FusionTracked=1.000, OutputTracked=1.000, OutputValid=1.000] [AccelSat=0.000, GyroSat=0.000] [AccelMinMeanMax: X=4.032|4.156|4.326, Y=5.000|5.084|5.210, Z=-7.134|-7.041|-6.917] [GyroMinMeanMax: X=-0.004|0.007|0.021, Y=-0.034|-0.003|0.030, Z=-0.023|0.002|0.021] [AccelStuck: X=0|0.000, Y=0|0.000, Z=0|0.000] [GyroStuck: X=0|0.000, Y=0|0.000, Z=0|0.000]  [Current time=93.598s, last log time=88.596s]
03-27 06:52:28.378 18091 18205 I [CT]    : HandPoseSampler: Filter reset
03-27 06:52:28.378 18091 18205 I InputDevice_Hand: HANDTRACKING ADMIRE hand 0: hpm=1 -> shared=0
03-27 06:52:28.378 18091 18205 I [CT]    : HandPoseSampler: Filter reset
03-27 06:52:28.378 18091 18205 I InputDevice_Hand: HANDTRACKING ADMIRE hand 1: hpm=1 -> shared=0
03-27 06:52:28.389 18091 18205 I [CT]    : HandPoseSampler: Filter reset
03-27 06:52:28.389 18091 18205 I InputDevice_Hand: HANDTRACKING ADMIRE hand 0: hpm=1 -> shared=0
03-27 06:52:28.389 18091 18205 I [CT]    : HandPoseSampler: Filter reset
03-27 06:52:28.389 18091 18205 I InputDevice_Hand: HANDTRACKING ADMIRE hand 1: hpm=1 -> shared=0
03-27 06:52:28.400 18091 18205 I [CT]    : HandPoseSampler: Filter reset
03-27 06:52:28.400 18091 18205 I InputDevice_Hand: HANDTRACKING ADMIRE hand 0: hpm=1 -> shared=0
03-27 06:52:28.400 18091 18205 I [CT]    : HandPoseSampler: Filter reset
03-27 06:52:28.400 18091 18205 I InputDevice_Hand: HANDTRACKING ADMIRE hand 1: hpm=1 -> shared=0
03-27 06:52:28.411 18091 18205 I [CT]    : HandPoseSampler: Filter reset
03-27 06:52:28.411 18091 18205 I InputDevice_Hand: HANDTRACKING ADMIRE hand 0: hpm=1 -> shared=0
03-27 06:52:28.411 18091 18205 I [CT]    : HandPoseSampler: Filter reset
03-27 06:52:28.411 18091 18205 I InputDevice_Hand: HANDTRACKING ADMIRE hand 1: hpm=1 -> shared=0
03-27 06:52:28.419   897  1854 I Tracking: CONSTELLATION_Right: [Throttled count=1] P+C Right: : Pushing zero velocity update
03-27 06:52:28.422 18091 18205 I [CT]    : HandPoseSampler: Filter reset
03-27 06:52:28.422 18091 18205 I InputDevice_Hand: HANDTRACKING ADMIRE hand 0: hpm=1 -> shared=0
03-27 06:52:28.423 18091 18205 I [CT]    : HandPoseSampler: Filter reset
03-27 06:52:28.423 18091 18205 I InputDevice_Hand: HANDTRACKING ADMIRE hand 1: hpm=1 -> shared=0
03-27 06:52:28.433 18091 18205 I [CT]    : HandPoseSampler: Filter reset
03-27 06:52:28.433 18091 18205 I InputDevice_Hand: HANDTRACKING ADMIRE hand 0: hpm=1 -> shared=0
03-27 06:52:28.433 18091 18205 I [CT]    : HandPoseSampler: Filter reset
03-27 06:52:28.433 18091 18205 I InputDevice_Hand: HANDTRACKING ADMIRE hand 1: hpm=1 -> shared=0
03-27 06:52:28.439 18224 18435 V ClientSharedTelemetryStats: App memory usage: PSS=28 MiB, PrivateDirty=14 MiB, PrivateClean=0 MiB, GPU=6.3/6.3 MiB (100% allocated)
03-27 06:52:28.444 18091 18205 I [CT]    : HandPoseSampler: Filter reset
03-27 06:52:28.444 18091 18205 I InputDevice_Hand: HANDTRACKING ADMIRE hand 0: hpm=1 -> shared=0
03-27 06:52:28.444 18091 18205 I [CT]    : HandPoseSampler: Filter reset
03-27 06:52:28.444 18091 18205 I InputDevice_Hand: HANDTRACKING ADMIRE hand 1: hpm=1 -> shared=0
03-27 06:52:28.456 18091 18205 I [CT]    : HandPoseSampler: Filter reset
03-27 06:52:28.456 18091 18205 I InputDevice_Hand: HANDTRACKING ADMIRE hand 0: hpm=1 -> shared=0
03-27 06:52:28.456 18091 18205 I [CT]    : HandPoseSampler: Filter reset
03-27 06:52:28.456 18091 18205 I InputDevice_Hand: HANDTRACKING ADMIRE hand 1: hpm=1 -> shared=0
03-27 06:52:28.466 18091 18205 I [CT]    : HandPoseSampler: Filter reset
03-27 06:52:28.466 18091 18205 I InputDevice_Hand: HANDTRACKING ADMIRE hand 0: hpm=1 -> shared=0
03-27 06:52:28.466 18091 18205 I [CT]    : HandPoseSampler: Filter reset
03-27 06:52:28.466 18091 18205 I InputDevice_Hand: HANDTRACKING ADMIRE hand 1: hpm=1 -> shared=0
--------- beginning of tracking
03-27 06:52:28.473   897 14310 D TrackingService: 9a0f3b964e7e111f: isControllerInHand(129720.86s): 1 ctEnabled: 1 btnPress: 0 *btnOrTpdTouch: 0 *btnOrTpdProx: 0 static(129720.86s): 1 thbstkOffCenter(129642.84s): 0 
03-27 06:52:28.473   897 14310 D TrackingService: [HANDTRACKING] Controller 9a0f3b964e7e111f in hand: Y, valid: Y
03-27 06:52:28.473  2391 14195 D ControllerManagement: RemoteService::recordControllerStatusUpdate: device 9a0f3b964e7e111f: status: CONNECTED_ACTIVE tracking: NONE, errors: --
03-27 06:52:28.477 18091 18205 I [CT]    : HandPoseSampler: Filter reset
03-27 06:52:28.477 18091 18205 I InputDevice_Hand: HANDTRACKING ADMIRE hand 0: hpm=1 -> shared=0
03-27 06:52:28.477 18091 18205 I [CT]    : HandPoseSampler: Filter reset
03-27 06:52:28.477 18091 18205 I InputDevice_Hand: HANDTRACKING ADMIRE hand 1: hpm=1 -> shared=0
03-27 06:52:28.477 18091 18205 I OpenXR_ClientState: [OATS]: IP changed: /user/hand/left/interaction_profiles/meta/touch_controller_plus, 6
03-27 06:52:28.477 18091 18205 I OpenXR_ClientState: [OATS]: IP changed: unknown/interaction_profiles/meta/touch_controller_plus, -1
03-27 06:52:28.481 18091 18205 W [SEO] InputOpenXr: Interaction Profile retrieval failed: /user/eyes_ext
03-27 06:52:28.489 18091 18205 I [CT]    : HandPoseSampler: Filter reset
03-27 06:52:28.489 18091 18205 I InputDevice_Hand: HANDTRACKING ADMIRE hand 0: hpm=1 -> shared=0
03-27 06:52:28.489 18091 18205 I [CT]    : HandPoseSampler: Filter reset
03-27 06:52:28.489 18091 18205 I InputDevice_Hand: HANDTRACKING ADMIRE hand 1: hpm=1 -> shared=0
03-27 06:52:28.493 18224 18352 I AutoStationaryHelper: [AutoStationaryHelper::getGuardianDataFromNearbyRoomscale] Checking 1 existing guardian data
03-27 06:52:28.493 18224 18352 I GuardianMapDataMgr: [GuardianMapDataMgr::isValidTrackedRoomscale] [2575043440] Valid=yes, Roomscale=yes, Anchor [2cee9d32-7f24-ff1e-5555-ae309d8ea246] Tracked=yes
03-27 06:52:28.493 18224 18352 I AutoStationaryHelper: [AutoStationaryHelper::getGuardianDataFromNearbyRoomscale] [2575043440] Distance to HMD: 3.724784
03-27 06:52:28.500 18091 18205 I [CT]    : HandPoseSampler: Filter reset
03-27 06:52:28.500 18091 18205 I InputDevice_Hand: HANDTRACKING ADMIRE hand 0: hpm=1 -> shared=0
03-27 06:52:28.500 18091 18205 I [CT]    : HandPoseSampler: Filter reset
03-27 06:52:28.500 18091 18205 I InputDevice_Hand: HANDTRACKING ADMIRE hand 1: hpm=1 -> shared=0
03-27 06:52:28.511 18091 18205 I [CT]    : HandPoseSampler: Filter reset
03-27 06:52:28.511 18091 18205 I InputDevice_Hand: HANDTRACKING ADMIRE hand 0: hpm=1 -> shared=0
03-27 06:52:28.511 18091 18205 I [CT]    : HandPoseSampler: Filter reset
03-27 06:52:28.511 18091 18205 I InputDevice_Hand: HANDTRACKING ADMIRE hand 1: hpm=1 -> shared=0
03-27 06:52:28.522 18091 18205 I [CT]    : HandPoseSampler: Filter reset
03-27 06:52:28.522 18091 18205 I InputDevice_Hand: HANDTRACKING ADMIRE hand 0: hpm=1 -> shared=0
03-27 06:52:28.522 18091 18205 I [CT]    : HandPoseSampler: Filter reset
03-27 06:52:28.522 18091 18205 I InputDevice_Hand: HANDTRACKING ADMIRE hand 1: hpm=1 -> shared=0
03-27 06:52:28.533 18091 18205 I [CT]    : HandPoseSampler: Filter reset
03-27 06:52:28.533 18091 18205 I InputDevice_Hand: HANDTRACKING ADMIRE hand 0: hpm=1 -> shared=0
03-27 06:52:28.533 18091 18205 I [CT]    : HandPoseSampler: Filter reset
03-27 06:52:28.533 18091 18205 I InputDevice_Hand: HANDTRACKING ADMIRE hand 1: hpm=1 -> shared=0
03-27 06:52:28.544 18091 18205 I [CT]    : HandPoseSampler: Filter reset
03-27 06:52:28.545 18091 18205 I InputDevice_Hand: HANDTRACKING ADMIRE hand 0: hpm=1 -> shared=0
03-27 06:52:28.545 18091 18205 I [CT]    : HandPoseSampler: Filter reset
03-27 06:52:28.545 18091 18205 I InputDevice_Hand: HANDTRACKING ADMIRE hand 1: hpm=1 -> shared=0
03-27 06:52:28.556 18091 18205 I [CT]    : HandPoseSampler: Filter reset
03-27 06:52:28.556 18091 18205 I InputDevice_Hand: HANDTRACKING ADMIRE hand 0: hpm=1 -> shared=0
03-27 06:52:28.556 18091 18205 I [CT]    : HandPoseSampler: Filter reset
03-27 06:52:28.556 18091 18205 I InputDevice_Hand: HANDTRACKING ADMIRE hand 1: hpm=1 -> shared=0
03-27 06:52:28.567 18091 18205 I [CT]    : HandPoseSampler: Filter reset
03-27 06:52:28.567 18091 18205 I InputDevice_Hand: HANDTRACKING ADMIRE hand 0: hpm=1 -> shared=0
03-27 06:52:28.567 18091 18205 I [CT]    : HandPoseSampler: Filter reset
03-27 06:52:28.567 18091 18205 I InputDevice_Hand: HANDTRACKING ADMIRE hand 1: hpm=1 -> shared=0
03-27 06:52:28.577 18091 18205 I [CT]    : HandPoseSampler: Filter reset
03-27 06:52:28.577 18091 18205 I InputDevice_Hand: HANDTRACKING ADMIRE hand 0: hpm=1 -> shared=0
03-27 06:52:28.577 18091 18205 I [CT]    : HandPoseSampler: Filter reset
03-27 06:52:28.577 18091 18205 I InputDevice_Hand: HANDTRACKING ADMIRE hand 1: hpm=1 -> shared=0
03-27 06:52:28.589 18091 18205 I [CT]    : HandPoseSampler: Filter reset
03-27 06:52:28.589 18091 18205 I InputDevice_Hand: HANDTRACKING ADMIRE hand 0: hpm=1 -> shared=0
03-27 06:52:28.589 18091 18205 I [CT]    : HandPoseSampler: Filter reset
03-27 06:52:28.589 18091 18205 I InputDevice_Hand: HANDTRACKING ADMIRE hand 1: hpm=1 -> shared=0
03-27 06:52:28.600 18091 18205 I [CT]    : HandPoseSampler: Filter reset
03-27 06:52:28.600 18091 18205 I InputDevice_Hand: HANDTRACKING ADMIRE hand 0: hpm=1 -> shared=0
03-27 06:52:28.600 18091 18205 I [CT]    : HandPoseSampler: Filter reset
03-27 06:52:28.600 18091 18205 I InputDevice_Hand: HANDTRACKING ADMIRE hand 1: hpm=1 -> shared=0
03-27 06:52:28.605 18091 18457 W ShellHsr: Renderer: RenderableFilter has 108 tags, which is more than 10. This is expected to be rare. If this becomes common, consider changing RenderableFilter logic to use something other than linear searches for filtering renderable tags (like registered bitsets).
03-27 06:52:28.611 18091 18205 I [CT]    : HandPoseSampler: Filter reset
03-27 06:52:28.612 18091 18205 I InputDevice_Hand: HANDTRACKING ADMIRE hand 0: hpm=1 -> shared=0
03-27 06:52:28.612 18091 18205 I [CT]    : HandPoseSampler: Filter reset
03-27 06:52:28.612 18091 18205 I InputDevice_Hand: HANDTRACKING ADMIRE hand 1: hpm=1 -> shared=0
03-27 06:52:28.622 18091 18205 I [CT]    : HandPoseSampler: Filter reset
03-27 06:52:28.622 18091 18205 I InputDevice_Hand: HANDTRACKING ADMIRE hand 0: hpm=1 -> shared=0
03-27 06:52:28.622 18091 18205 I [CT]    : HandPoseSampler: Filter reset
03-27 06:52:28.622 18091 18205 I InputDevice_Hand: HANDTRACKING ADMIRE hand 1: hpm=1 -> shared=0
03-27 06:52:28.633 18091 18205 I [CT]    : HandPoseSampler: Filter reset
03-27 06:52:28.633 18091 18205 I InputDevice_Hand: HANDTRACKING ADMIRE hand 0: hpm=1 -> shared=0
03-27 06:52:28.633 18091 18205 I [CT]    : HandPoseSampler: Filter reset
03-27 06:52:28.633 18091 18205 I InputDevice_Hand: HANDTRACKING ADMIRE hand 1: hpm=1 -> shared=0
03-27 06:52:28.644 18091 18205 I [CT]    : HandPoseSampler: Filter reset
03-27 06:52:28.644 18091 18205 I InputDevice_Hand: HANDTRACKING ADMIRE hand 0: hpm=1 -> shared=0
03-27 06:52:28.644 18091 18205 I [CT]    : HandPoseSampler: Filter reset
03-27 06:52:28.644 18091 18205 I InputDevice_Hand: HANDTRACKING ADMIRE hand 1: hpm=1 -> shared=0
03-27 06:52:28.656 18091 18205 I [CT]    : HandPoseSampler: Filter reset
03-27 06:52:28.656 18091 18205 I InputDevice_Hand: HANDTRACKING ADMIRE hand 0: hpm=1 -> shared=0
03-27 06:52:28.656 18091 18205 I [CT]    : HandPoseSampler: Filter reset
03-27 06:52:28.656 18091 18205 I InputDevice_Hand: HANDTRACKING ADMIRE hand 1: hpm=1 -> shared=0
03-27 06:52:28.667 18091 18205 I [CT]    : HandPoseSampler: Filter reset
03-27 06:52:28.667 18091 18205 I InputDevice_Hand: HANDTRACKING ADMIRE hand 0: hpm=1 -> shared=0
03-27 06:52:28.667 18091 18205 I [CT]    : HandPoseSampler: Filter reset
03-27 06:52:28.667 18091 18205 I InputDevice_Hand: HANDTRACKING ADMIRE hand 1: hpm=1 -> shared=0
03-27 06:52:28.678 18091 18205 I [CT]    : HandPoseSampler: Filter reset
03-27 06:52:28.678 18091 18205 I InputDevice_Hand: HANDTRACKING ADMIRE hand 0: hpm=1 -> shared=0
03-27 06:52:28.678 18091 18205 I [CT]    : HandPoseSampler: Filter reset
03-27 06:52:28.678 18091 18205 I InputDevice_Hand: HANDTRACKING ADMIRE hand 1: hpm=1 -> shared=0
03-27 06:52:28.689 18091 18205 I [CT]    : HandPoseSampler: Filter reset
03-27 06:52:28.689 18091 18205 I InputDevice_Hand: HANDTRACKING ADMIRE hand 0: hpm=1 -> shared=0
03-27 06:52:28.689 18091 18205 I [CT]    : HandPoseSampler: Filter reset
03-27 06:52:28.689 18091 18205 I InputDevice_Hand: HANDTRACKING ADMIRE hand 1: hpm=1 -> shared=0
03-27 06:52:28.699 18091 18205 I [CT]    : HandPoseSampler: Filter reset
03-27 06:52:28.700 18091 18205 I InputDevice_Hand: HANDTRACKING ADMIRE hand 0: hpm=1 -> shared=0
03-27 06:52:28.700 18091 18205 I [CT]    : HandPoseSampler: Filter reset
03-27 06:52:28.700 18091 18205 I InputDevice_Hand: HANDTRACKING ADMIRE hand 1: hpm=1 -> shared=0
03-27 06:52:28.711 18091 18205 I [CT]    : HandPoseSampler: Filter reset
03-27 06:52:28.711 18091 18205 I InputDevice_Hand: HANDTRACKING ADMIRE hand 0: hpm=1 -> shared=0
03-27 06:52:28.711 18091 18205 I [CT]    : HandPoseSampler: Filter reset
03-27 06:52:28.711 18091 18205 I InputDevice_Hand: HANDTRACKING ADMIRE hand 1: hpm=1 -> shared=0
03-27 06:52:28.722 18091 18205 I [CT]    : HandPoseSampler: Filter reset
03-27 06:52:28.722 18091 18205 I InputDevice_Hand: HANDTRACKING ADMIRE hand 0: hpm=1 -> shared=0
03-27 06:52:28.722 18091 18205 I [CT]    : HandPoseSampler: Filter reset
03-27 06:52:28.722 18091 18205 I InputDevice_Hand: HANDTRACKING ADMIRE hand 1: hpm=1 -> shared=0
03-27 06:52:28.733 18091 18205 I [CT]    : HandPoseSampler: Filter reset
03-27 06:52:28.733 18091 18205 I InputDevice_Hand: HANDTRACKING ADMIRE hand 0: hpm=1 -> shared=0
03-27 06:52:28.733 18091 18205 I [CT]    : HandPoseSampler: Filter reset
03-27 06:52:28.733 18091 18205 I InputDevice_Hand: HANDTRACKING ADMIRE hand 1: hpm=1 -> shared=0
03-27 06:52:28.745 18091 18205 I [CT]    : HandPoseSampler: Filter reset
03-27 06:52:28.745 18091 18205 I InputDevice_Hand: HANDTRACKING ADMIRE hand 0: hpm=1 -> shared=0
03-27 06:52:28.745 18091 18205 I [CT]    : HandPoseSampler: Filter reset
03-27 06:52:28.745 18091 18205 I InputDevice_Hand: HANDTRACKING ADMIRE hand 1: hpm=1 -> shared=0
03-27 06:52:28.755 18091 18205 I [CT]    : HandPoseSampler: Filter reset
03-27 06:52:28.755 18091 18205 I InputDevice_Hand: HANDTRACKING ADMIRE hand 0: hpm=1 -> shared=0
03-27 06:52:28.755 18091 18205 I [CT]    : HandPoseSampler: Filter reset
03-27 06:52:28.755 18091 18205 I InputDevice_Hand: HANDTRACKING ADMIRE hand 1: hpm=1 -> shared=0
03-27 06:52:28.767 18091 18205 I [CT]    : HandPoseSampler: Filter reset
03-27 06:52:28.767 18091 18205 I InputDevice_Hand: HANDTRACKING ADMIRE hand 0: hpm=1 -> shared=0
03-27 06:52:28.767 18091 18205 I [CT]    : HandPoseSampler: Filter reset
03-27 06:52:28.767 18091 18205 I InputDevice_Hand: HANDTRACKING ADMIRE hand 1: hpm=1 -> shared=0
03-27 06:52:28.778 18091 18205 I [CT]    : HandPoseSampler: Filter reset
03-27 06:52:28.778 18091 18205 I InputDevice_Hand: HANDTRACKING ADMIRE hand 0: hpm=1 -> shared=0
03-27 06:52:28.778 18091 18205 I [CT]    : HandPoseSampler: Filter reset
03-27 06:52:28.778 18091 18205 I InputDevice_Hand: HANDTRACKING ADMIRE hand 1: hpm=1 -> shared=0
03-27 06:52:28.789 18091 18205 I [CT]    : HandPoseSampler: Filter reset
03-27 06:52:28.789 18091 18205 I InputDevice_Hand: HANDTRACKING ADMIRE hand 0: hpm=1 -> shared=0
03-27 06:52:28.790 18091 18205 I [CT]    : HandPoseSampler: Filter reset
03-27 06:52:28.790 18091 18205 I InputDevice_Hand: HANDTRACKING ADMIRE hand 1: hpm=1 -> shared=0
03-27 06:52:28.800 18091 18205 I [CT]    : HandPoseSampler: Filter reset
03-27 06:52:28.800 18091 18205 I InputDevice_Hand: HANDTRACKING ADMIRE hand 0: hpm=1 -> shared=0
03-27 06:52:28.800 18091 18205 I [CT]    : HandPoseSampler: Filter reset
03-27 06:52:28.800 18091 18205 I InputDevice_Hand: HANDTRACKING ADMIRE hand 1: hpm=1 -> shared=0
03-27 06:52:28.811 18091 18205 I [CT]    : HandPoseSampler: Filter reset
03-27 06:52:28.811 18091 18205 I InputDevice_Hand: HANDTRACKING ADMIRE hand 0: hpm=1 -> shared=0
03-27 06:52:28.811 18091 18205 I [CT]    : HandPoseSampler: Filter reset
03-27 06:52:28.811 18091 18205 I InputDevice_Hand: HANDTRACKING ADMIRE hand 1: hpm=1 -> shared=0
03-27 06:52:28.822 18091 18205 I [CT]    : HandPoseSampler: Filter reset
03-27 06:52:28.822 18091 18205 I InputDevice_Hand: HANDTRACKING ADMIRE hand 0: hpm=1 -> shared=0
03-27 06:52:28.822 18091 18205 I [CT]    : HandPoseSampler: Filter reset
03-27 06:52:28.822 18091 18205 I InputDevice_Hand: HANDTRACKING ADMIRE hand 1: hpm=1 -> shared=0
03-27 06:52:28.833 18091 18205 I [CT]    : HandPoseSampler: Filter reset
03-27 06:52:28.833 18091 18205 I InputDevice_Hand: HANDTRACKING ADMIRE hand 0: hpm=1 -> shared=0
03-27 06:52:28.834 18091 18205 I [CT]    : HandPoseSampler: Filter reset
03-27 06:52:28.834 18091 18205 I InputDevice_Hand: HANDTRACKING ADMIRE hand 1: hpm=1 -> shared=0
03-27 06:52:28.845 18091 18205 I [CT]    : HandPoseSampler: Filter reset
03-27 06:52:28.845 18091 18205 I InputDevice_Hand: HANDTRACKING ADMIRE hand 0: hpm=1 -> shared=0
03-27 06:52:28.845 18091 18205 I [CT]    : HandPoseSampler: Filter reset
03-27 06:52:28.845 18091 18205 I InputDevice_Hand: HANDTRACKING ADMIRE hand 1: hpm=1 -> shared=0
03-27 06:52:28.856 18091 18205 I [CT]    : HandPoseSampler: Filter reset
03-27 06:52:28.856 18091 18205 I InputDevice_Hand: HANDTRACKING ADMIRE hand 0: hpm=1 -> shared=0
03-27 06:52:28.856 18091 18205 I [CT]    : HandPoseSampler: Filter reset
03-27 06:52:28.856 18091 18205 I InputDevice_Hand: HANDTRACKING ADMIRE hand 1: hpm=1 -> shared=0
03-27 06:52:28.857   920 14201 I VD628x  : Flicker results: freq 120.000000, max 119.886513, dcr 32.952183, pct 0.041660, idx 0.013017, conf 0.847919, snr 7.591462, svm 0.070402, sus 0
03-27 06:52:28.867 18091 18205 I [CT]    : HandPoseSampler: Filter reset
03-27 06:52:28.867 18091 18205 I InputDevice_Hand: HANDTRACKING ADMIRE hand 0: hpm=1 -> shared=0
03-27 06:52:28.867 18091 18205 I [CT]    : HandPoseSampler: Filter reset
03-27 06:52:28.868 18091 18205 I InputDevice_Hand: HANDTRACKING ADMIRE hand 1: hpm=1 -> shared=0
03-27 06:52:28.878 18091 18205 I [CT]    : HandPoseSampler: Filter reset
03-27 06:52:28.878 18091 18205 I InputDevice_Hand: HANDTRACKING ADMIRE hand 0: hpm=1 -> shared=0
03-27 06:52:28.878 18091 18205 I [CT]    : HandPoseSampler: Filter reset
03-27 06:52:28.878 18091 18205 I InputDevice_Hand: HANDTRACKING ADMIRE hand 1: hpm=1 -> shared=0
03-27 06:52:28.885   897  1854 I Tracking: CONSTELLATION_Left: [Throttled count=181] P+C Left: Imu state is invalid when querying vision state!
03-27 06:52:28.885   897  1854 I Tracking: CONSTELLATION_Left: [Throttled count=90] P+C Left: Not reinitializing 6DoF filter yet (no valid pose from vision).
03-27 06:52:28.890 18091 18205 I [CT]    : HandPoseSampler: Filter reset
03-27 06:52:28.890 18091 18205 I InputDevice_Hand: HANDTRACKING ADMIRE hand 0: hpm=1 -> shared=0
03-27 06:52:28.890 18091 18205 I [CT]    : HandPoseSampler: Filter reset
03-27 06:52:28.890 18091 18205 I InputDevice_Hand: HANDTRACKING ADMIRE hand 1: hpm=1 -> shared=0
03-27 06:52:28.901 18091 18205 I [CT]    : HandPoseSampler: Filter reset
03-27 06:52:28.901 18091 18205 I InputDevice_Hand: HANDTRACKING ADMIRE hand 0: hpm=1 -> shared=0
03-27 06:52:28.901 18091 18205 I [CT]    : HandPoseSampler: Filter reset
03-27 06:52:28.901 18091 18205 I InputDevice_Hand: HANDTRACKING ADMIRE hand 1: hpm=1 -> shared=0
03-27 06:52:28.912 18091 18205 I [CT]    : HandPoseSampler: Filter reset
03-27 06:52:28.912 18091 18205 I InputDevice_Hand: HANDTRACKING ADMIRE hand 0: hpm=1 -> shared=0
03-27 06:52:28.912 18091 18205 I [CT]    : HandPoseSampler: Filter reset
03-27 06:52:28.912 18091 18205 I InputDevice_Hand: HANDTRACKING ADMIRE hand 1: hpm=1 -> shared=0
03-27 06:52:28.923 18091 18205 I [CT]    : HandPoseSampler: Filter reset
03-27 06:52:28.923 18091 18205 I InputDevice_Hand: HANDTRACKING ADMIRE hand 0: hpm=1 -> shared=0
03-27 06:52:28.923 18091 18205 I [CT]    : HandPoseSampler: Filter reset
03-27 06:52:28.923 18091 18205 I InputDevice_Hand: HANDTRACKING ADMIRE hand 1: hpm=1 -> shared=0
03-27 06:52:28.934 18091 18205 I [CT]    : HandPoseSampler: Filter reset
03-27 06:52:28.934 18091 18205 I InputDevice_Hand: HANDTRACKING ADMIRE hand 0: hpm=1 -> shared=0
03-27 06:52:28.934 18091 18205 I [CT]    : HandPoseSampler: Filter reset
03-27 06:52:28.934 18091 18205 I InputDevice_Hand: HANDTRACKING ADMIRE hand 1: hpm=1 -> shared=0
03-27 06:52:28.945 18091 18205 I [CT]    : HandPoseSampler: Filter reset
03-27 06:52:28.945 18091 18205 I InputDevice_Hand: HANDTRACKING ADMIRE hand 0: hpm=1 -> shared=0
03-27 06:52:28.945 18091 18205 I [CT]    : HandPoseSampler: Filter reset
03-27 06:52:28.945 18091 18205 I InputDevice_Hand: HANDTRACKING ADMIRE hand 1: hpm=1 -> shared=0
03-27 06:52:28.956 18091 18205 I [CT]    : HandPoseSampler: Filter reset
03-27 06:52:28.956 18091 18205 I InputDevice_Hand: HANDTRACKING ADMIRE hand 0: hpm=1 -> shared=0
03-27 06:52:28.956 18091 18205 I [CT]    : HandPoseSampler: Filter reset
03-27 06:52:28.956 18091 18205 I InputDevice_Hand: HANDTRACKING ADMIRE hand 1: hpm=1 -> shared=0
03-27 06:52:28.968 18091 18205 I [CT]    : HandPoseSampler: Filter reset
03-27 06:52:28.968 18091 18205 I InputDevice_Hand: HANDTRACKING ADMIRE hand 0: hpm=1 -> shared=0
03-27 06:52:28.968 18091 18205 I [CT]    : HandPoseSampler: Filter reset
03-27 06:52:28.968 18091 18205 I InputDevice_Hand: HANDTRACKING ADMIRE hand 1: hpm=1 -> shared=0
03-27 06:52:28.978 18091 18205 I [CT]    : HandPoseSampler: Filter reset
03-27 06:52:28.978 18091 18205 I InputDevice_Hand: HANDTRACKING ADMIRE hand 0: hpm=1 -> shared=0
03-27 06:52:28.978 18091 18205 I [CT]    : HandPoseSampler: Filter reset
03-27 06:52:28.978 18091 18205 I InputDevice_Hand: HANDTRACKING ADMIRE hand 1: hpm=1 -> shared=0
03-27 06:52:28.989 18091 18205 I [CT]    : HandPoseSampler: Filter reset
03-27 06:52:28.989 18091 18205 I InputDevice_Hand: HANDTRACKING ADMIRE hand 0: hpm=1 -> shared=0
03-27 06:52:28.989 18091 18205 I [CT]    : HandPoseSampler: Filter reset
03-27 06:52:28.989 18091 18205 I InputDevice_Hand: HANDTRACKING ADMIRE hand 1: hpm=1 -> shared=0
03-27 06:52:29.000 18091 18205 I [CT]    : HandPoseSampler: Filter reset
03-27 06:52:29.000 18091 18205 I InputDevice_Hand: HANDTRACKING ADMIRE hand 0: hpm=1 -> shared=0
03-27 06:52:29.000 18091 18205 I [CT]    : HandPoseSampler: Filter reset
03-27 06:52:29.000 18091 18205 I InputDevice_Hand: HANDTRACKING ADMIRE hand 1: hpm=1 -> shared=0
03-27 06:52:29.009 18091 14209 I VrApi   : FPS=90/90,Prd=24ms,Tear=0,Early=0,Stale=0,Stale2/5/10/max=0/0/0/0,VSnc=1,Lat=-4,Fov=3,CPU4/GPU=-1/-1,1920/545MHz,OC=3F,TA=0/0/0,SP=N/N/N,Mem=1708MHz,Free=4019MB,PLS=0,Temp=34.0C/0.0C,TW=0.54ms,App=1.59ms,GD=0.00ms,CPU&GPU=8.13ms,LCnt=1(DR90,LM0),GPU%=0.21,CPU%=0.20(W0.25),CFL=11.77/15.54,ICFLp95=13.88,LD=0,CABC=1,SF=0.78,LP=1,DVFS=0,Preempt=180,PoseAgeP95=0.00
03-27 06:52:29.009 18091 14209 I VrApi   : ASW=0,Type=PTWFromStereo,E=0.000/0.000,D=0.000/0.000
03-27 06:52:29.011 18091 18205 I [CT]    : HandPoseSampler: Filter reset
03-27 06:52:29.011 18091 18205 I InputDevice_Hand: HANDTRACKING ADMIRE hand 0: hpm=1 -> shared=0
03-27 06:52:29.011 18091 18205 I [CT]    : HandPoseSampler: Filter reset
03-27 06:52:29.011 18091 18205 I InputDevice_Hand: HANDTRACKING ADMIRE hand 1: hpm=1 -> shared=0
03-27 06:52:29.022 18091 18205 I [CT]    : HandPoseSampler: Filter reset
03-27 06:52:29.022 18091 18205 I InputDevice_Hand: HANDTRACKING ADMIRE hand 0: hpm=1 -> shared=0
03-27 06:52:29.022 18091 18205 I [CT]    : HandPoseSampler: Filter reset
03-27 06:52:29.022 18091 18205 I InputDevice_Hand: HANDTRACKING ADMIRE hand 1: hpm=1 -> shared=0
03-27 06:52:29.033 18091 18205 I [CT]    : HandPoseSampler: Filter reset
03-27 06:52:29.033 18091 18205 I InputDevice_Hand: HANDTRACKING ADMIRE hand 0: hpm=1 -> shared=0
03-27 06:52:29.033 18091 18205 I [CT]    : HandPoseSampler: Filter reset
03-27 06:52:29.033 18091 18205 I InputDevice_Hand: HANDTRACKING ADMIRE hand 1: hpm=1 -> shared=0
03-27 06:52:29.045 18091 18205 I [CT]    : HandPoseSampler: Filter reset
03-27 06:52:29.045 18091 18205 I InputDevice_Hand: HANDTRACKING ADMIRE hand 0: hpm=1 -> shared=0
03-27 06:52:29.045 18091 18205 I [CT]    : HandPoseSampler: Filter reset
03-27 06:52:29.045 18091 18205 I InputDevice_Hand: HANDTRACKING ADMIRE hand 1: hpm=1 -> shared=0
03-27 06:52:29.056 18091 18205 I [CT]    : HandPoseSampler: Filter reset
03-27 06:52:29.056 18091 18205 I InputDevice_Hand: HANDTRACKING ADMIRE hand 0: hpm=1 -> shared=0
03-27 06:52:29.056 18091 18205 I [CT]    : HandPoseSampler: Filter reset
03-27 06:52:29.056 18091 18205 I InputDevice_Hand: HANDTRACKING ADMIRE hand 1: hpm=1 -> shared=0
03-27 06:52:29.068 18091 18205 I [CT]    : HandPoseSampler: Filter reset
03-27 06:52:29.068 18091 18205 I InputDevice_Hand: HANDTRACKING ADMIRE hand 0: hpm=1 -> shared=0
03-27 06:52:29.068 18091 18205 I [CT]    : HandPoseSampler: Filter reset
03-27 06:52:29.068 18091 18205 I InputDevice_Hand: HANDTRACKING ADMIRE hand 1: hpm=1 -> shared=0
03-27 06:52:29.079 18091 18205 I [CT]    : HandPoseSampler: Filter reset
03-27 06:52:29.079 18091 18205 I InputDevice_Hand: HANDTRACKING ADMIRE hand 0: hpm=1 -> shared=0
03-27 06:52:29.079 18091 18205 I [CT]    : HandPoseSampler: Filter reset
03-27 06:52:29.079 18091 18205 I InputDevice_Hand: HANDTRACKING ADMIRE hand 1: hpm=1 -> shared=0
03-27 06:52:29.089 18091 18205 I [CT]    : HandPoseSampler: Filter reset
03-27 06:52:29.089 18091 18205 I InputDevice_Hand: HANDTRACKING ADMIRE hand 0: hpm=1 -> shared=0
03-27 06:52:29.089 18091 18205 I [CT]    : HandPoseSampler: Filter reset
03-27 06:52:29.089 18091 18205 I InputDevice_Hand: HANDTRACKING ADMIRE hand 1: hpm=1 -> shared=0
03-27 06:52:29.101 18091 18205 I [CT]    : HandPoseSampler: Filter reset
03-27 06:52:29.101 18091 18205 I InputDevice_Hand: HANDTRACKING ADMIRE hand 0: hpm=1 -> shared=0
03-27 06:52:29.101 18091 18205 I [CT]    : HandPoseSampler: Filter reset
03-27 06:52:29.101 18091 18205 I InputDevice_Hand: HANDTRACKING ADMIRE hand 1: hpm=1 -> shared=0
03-27 06:52:29.111 18091 18205 I [CT]    : HandPoseSampler: Filter reset
03-27 06:52:29.111 18091 18205 I InputDevice_Hand: HANDTRACKING ADMIRE hand 0: hpm=1 -> shared=0
03-27 06:52:29.111 18091 18205 I [CT]    : HandPoseSampler: Filter reset
03-27 06:52:29.111 18091 18205 I InputDevice_Hand: HANDTRACKING ADMIRE hand 1: hpm=1 -> shared=0
03-27 06:52:29.123 18091 18205 I [CT]    : HandPoseSampler: Filter reset
03-27 06:52:29.123 18091 18205 I InputDevice_Hand: HANDTRACKING ADMIRE hand 0: hpm=1 -> shared=0
03-27 06:52:29.123 18091 18205 I [CT]    : HandPoseSampler: Filter reset
03-27 06:52:29.123 18091 18205 I InputDevice_Hand: HANDTRACKING ADMIRE hand 1: hpm=1 -> shared=0
03-27 06:52:29.134 18091 18205 I [CT]    : HandPoseSampler: Filter reset
03-27 06:52:29.134 18091 18205 I InputDevice_Hand: HANDTRACKING ADMIRE hand 0: hpm=1 -> shared=0
03-27 06:52:29.134 18091 18205 I [CT]    : HandPoseSampler: Filter reset
03-27 06:52:29.134 18091 18205 I InputDevice_Hand: HANDTRACKING ADMIRE hand 1: hpm=1 -> shared=0
03-27 06:52:29.145 18091 18205 I [CT]    : HandPoseSampler: Filter reset
03-27 06:52:29.145 18091 18205 I InputDevice_Hand: HANDTRACKING ADMIRE hand 0: hpm=1 -> shared=0
03-27 06:52:29.145 18091 18205 I [CT]    : HandPoseSampler: Filter reset
03-27 06:52:29.145 18091 18205 I InputDevice_Hand: HANDTRACKING ADMIRE hand 1: hpm=1 -> shared=0
03-27 06:52:29.156 18091 18205 I [CT]    : HandPoseSampler: Filter reset
03-27 06:52:29.156 18091 18205 I InputDevice_Hand: HANDTRACKING ADMIRE hand 0: hpm=1 -> shared=0
03-27 06:52:29.156 18091 18205 I [CT]    : HandPoseSampler: Filter reset
03-27 06:52:29.156 18091 18205 I InputDevice_Hand: HANDTRACKING ADMIRE hand 1: hpm=1 -> shared=0
03-27 06:52:29.167 18091 18205 I [CT]    : HandPoseSampler: Filter reset
03-27 06:52:29.167 18091 18205 I InputDevice_Hand: HANDTRACKING ADMIRE hand 0: hpm=1 -> shared=0
03-27 06:52:29.167 18091 18205 I [CT]    : HandPoseSampler: Filter reset
03-27 06:52:29.167 18091 18205 I InputDevice_Hand: HANDTRACKING ADMIRE hand 1: hpm=1 -> shared=0
03-27 06:52:29.178 18091 18205 I [CT]    : HandPoseSampler: Filter reset
03-27 06:52:29.178 18091 18205 I InputDevice_Hand: HANDTRACKING ADMIRE hand 0: hpm=1 -> shared=0
03-27 06:52:29.178 18091 18205 I [CT]    : HandPoseSampler: Filter reset
03-27 06:52:29.178 18091 18205 I InputDevice_Hand: HANDTRACKING ADMIRE hand 1: hpm=1 -> shared=0
03-27 06:52:29.189 18091 18205 I [CT]    : HandPoseSampler: Filter reset
03-27 06:52:29.189 18091 18205 I InputDevice_Hand: HANDTRACKING ADMIRE hand 0: hpm=1 -> shared=0
03-27 06:52:29.189 18091 18205 I [CT]    : HandPoseSampler: Filter reset
03-27 06:52:29.189 18091 18205 I InputDevice_Hand: HANDTRACKING ADMIRE hand 1: hpm=1 -> shared=0
03-27 06:52:29.201 18091 18205 I [CT]    : HandPoseSampler: Filter reset
03-27 06:52:29.201 18091 18205 I InputDevice_Hand: HANDTRACKING ADMIRE hand 0: hpm=1 -> shared=0
03-27 06:52:29.201 18091 18205 I [CT]    : HandPoseSampler: Filter reset
03-27 06:52:29.201 18091 18205 I InputDevice_Hand: HANDTRACKING ADMIRE hand 1: hpm=1 -> shared=0
03-27 06:52:29.211 18091 18205 I [CT]    : HandPoseSampler: Filter reset
03-27 06:52:29.211 18091 18205 I InputDevice_Hand: HANDTRACKING ADMIRE hand 0: hpm=1 -> shared=0
03-27 06:52:29.211 18091 18205 I [CT]    : HandPoseSampler: Filter reset
03-27 06:52:29.211 18091 18205 I InputDevice_Hand: HANDTRACKING ADMIRE hand 1: hpm=1 -> shared=0
03-27 06:52:29.222 18091 18205 I [CT]    : HandPoseSampler: Filter reset
03-27 06:52:29.222 18091 18205 I InputDevice_Hand: HANDTRACKING ADMIRE hand 0: hpm=1 -> shared=0
03-27 06:52:29.222 18091 18205 I [CT]    : HandPoseSampler: Filter reset
03-27 06:52:29.222 18091 18205 I InputDevice_Hand: HANDTRACKING ADMIRE hand 1: hpm=1 -> shared=0
03-27 06:52:29.233 18091 18205 I [CT]    : HandPoseSampler: Filter reset
03-27 06:52:29.233 18091 18205 I InputDevice_Hand: HANDTRACKING ADMIRE hand 0: hpm=1 -> shared=0
03-27 06:52:29.233 18091 18205 I [CT]    : HandPoseSampler: Filter reset
03-27 06:52:29.233 18091 18205 I InputDevice_Hand: HANDTRACKING ADMIRE hand 1: hpm=1 -> shared=0
03-27 06:52:29.244 18091 18205 I [CT]    : HandPoseSampler: Filter reset
03-27 06:52:29.244 18091 18205 I InputDevice_Hand: HANDTRACKING ADMIRE hand 0: hpm=1 -> shared=0
03-27 06:52:29.244 18091 18205 I [CT]    : HandPoseSampler: Filter reset
03-27 06:52:29.244 18091 18205 I InputDevice_Hand: HANDTRACKING ADMIRE hand 1: hpm=1 -> shared=0
03-27 06:52:29.256 18091 18205 I [CT]    : HandPoseSampler: Filter reset
03-27 06:52:29.256 18091 18205 I InputDevice_Hand: HANDTRACKING ADMIRE hand 0: hpm=1 -> shared=0
03-27 06:52:29.256 18091 18205 I [CT]    : HandPoseSampler: Filter reset
03-27 06:52:29.256 18091 18205 I InputDevice_Hand: HANDTRACKING ADMIRE hand 1: hpm=1 -> shared=0
03-27 06:52:29.268 18091 18205 I [CT]    : HandPoseSampler: Filter reset
03-27 06:52:29.268 18091 18205 I InputDevice_Hand: HANDTRACKING ADMIRE hand 0: hpm=1 -> shared=0
03-27 06:52:29.268 18091 18205 I [CT]    : HandPoseSampler: Filter reset
03-27 06:52:29.268 18091 18205 I InputDevice_Hand: HANDTRACKING ADMIRE hand 1: hpm=1 -> shared=0
03-27 06:52:29.278 18091 18205 I [CT]    : HandPoseSampler: Filter reset
03-27 06:52:29.278 18091 18205 I InputDevice_Hand: HANDTRACKING ADMIRE hand 0: hpm=1 -> shared=0
03-27 06:52:29.278 18091 18205 I [CT]    : HandPoseSampler: Filter reset
03-27 06:52:29.278 18091 18205 I InputDevice_Hand: HANDTRACKING ADMIRE hand 1: hpm=1 -> shared=0
03-27 06:52:29.289 18091 18205 I [CT]    : HandPoseSampler: Filter reset
03-27 06:52:29.289 18091 18205 I InputDevice_Hand: HANDTRACKING ADMIRE hand 0: hpm=1 -> shared=0
03-27 06:52:29.289 18091 18205 I [CT]    : HandPoseSampler: Filter reset
03-27 06:52:29.289 18091 18205 I InputDevice_Hand: HANDTRACKING ADMIRE hand 1: hpm=1 -> shared=0
03-27 06:52:29.301 18091 18205 I [CT]    : HandPoseSampler: Filter reset
03-27 06:52:29.301 18091 18205 I InputDevice_Hand: HANDTRACKING ADMIRE hand 0: hpm=1 -> shared=0
03-27 06:52:29.301 18091 18205 I [CT]    : HandPoseSampler: Filter reset
03-27 06:52:29.301 18091 18205 I InputDevice_Hand: HANDTRACKING ADMIRE hand 1: hpm=1 -> shared=0
03-27 06:52:29.311 18091 18205 I [CT]    : HandPoseSampler: Filter reset
03-27 06:52:29.311 18091 18205 I InputDevice_Hand: HANDTRACKING ADMIRE hand 0: hpm=1 -> shared=0
03-27 06:52:29.311 18091 18205 I [CT]    : HandPoseSampler: Filter reset
03-27 06:52:29.311 18091 18205 I InputDevice_Hand: HANDTRACKING ADMIRE hand 1: hpm=1 -> shared=0
03-27 06:52:29.322 18091 18205 I [CT]    : HandPoseSampler: Filter reset
03-27 06:52:29.322 18091 18205 I InputDevice_Hand: HANDTRACKING ADMIRE hand 0: hpm=1 -> shared=0
03-27 06:52:29.322 18091 18205 I [CT]    : HandPoseSampler: Filter reset
03-27 06:52:29.322 18091 18205 I InputDevice_Hand: HANDTRACKING ADMIRE hand 1: hpm=1 -> shared=0
03-27 06:52:29.330   897 14310 W Tracking: CONSTELLATION_Left: [Throttled count=502] P+C Left: Could not retrieve 3dof fallback pose.
03-27 06:52:29.333 18091 18205 I [CT]    : HandPoseSampler: Filter reset
03-27 06:52:29.333 18091 18205 I InputDevice_Hand: HANDTRACKING ADMIRE hand 0: hpm=1 -> shared=0
03-27 06:52:29.333 18091 18205 I [CT]    : HandPoseSampler: Filter reset
03-27 06:52:29.333 18091 18205 I InputDevice_Hand: HANDTRACKING ADMIRE hand 1: hpm=1 -> shared=0
03-27 06:52:29.344 18091 18205 I [CT]    : HandPoseSampler: Filter reset
03-27 06:52:29.344 18091 18205 I InputDevice_Hand: HANDTRACKING ADMIRE hand 0: hpm=1 -> shared=0
03-27 06:52:29.344 18091 18205 I [CT]    : HandPoseSampler: Filter reset
03-27 06:52:29.344 18091 18205 I InputDevice_Hand: HANDTRACKING ADMIRE hand 1: hpm=1 -> shared=0
03-27 06:52:29.356 18091 18205 I [CT]    : HandPoseSampler: Filter reset
03-27 06:52:29.356 18091 18205 I InputDevice_Hand: HANDTRACKING ADMIRE hand 0: hpm=1 -> shared=0
03-27 06:52:29.356 18091 18205 I [CT]    : HandPoseSampler: Filter reset
03-27 06:52:29.356 18091 18205 I InputDevice_Hand: HANDTRACKING ADMIRE hand 1: hpm=1 -> shared=0
03-27 06:52:29.358   897 14271 W Tracking: IoteLogging: IMU Update exceeded imu sampling period: update=0.001477199 [sec], period=0.001250000 [sec].
03-27 06:52:29.366 18091 18205 I [CT]    : HandPoseSampler: Filter reset
03-27 06:52:29.366 18091 18205 I InputDevice_Hand: HANDTRACKING ADMIRE hand 0: hpm=1 -> shared=0
03-27 06:52:29.366 18091 18205 I [CT]    : HandPoseSampler: Filter reset
03-27 06:52:29.366 18091 18205 I InputDevice_Hand: HANDTRACKING ADMIRE hand 1: hpm=1 -> shared=0
03-27 06:52:29.378 18091 18205 I [CT]    : HandPoseSampler: Filter reset
03-27 06:52:29.378 18091 18205 I InputDevice_Hand: HANDTRACKING ADMIRE hand 0: hpm=1 -> shared=0
03-27 06:52:29.378 18091 18205 I [CT]    : HandPoseSampler: Filter reset
03-27 06:52:29.378 18091 18205 I InputDevice_Hand: HANDTRACKING ADMIRE hand 1: hpm=1 -> shared=0
03-27 06:52:29.389 18091 18205 I [CT]    : HandPoseSampler: Filter reset
03-27 06:52:29.389 18091 18205 I InputDevice_Hand: HANDTRACKING ADMIRE hand 0: hpm=1 -> shared=0
03-27 06:52:29.389 18091 18205 I [CT]    : HandPoseSampler: Filter reset
03-27 06:52:29.389 18091 18205 I InputDevice_Hand: HANDTRACKING ADMIRE hand 1: hpm=1 -> shared=0
03-27 06:52:29.400 18091 18205 I [CT]    : HandPoseSampler: Filter reset
03-27 06:52:29.400 18091 18205 I InputDevice_Hand: HANDTRACKING ADMIRE hand 0: hpm=1 -> shared=0
03-27 06:52:29.400 18091 18205 I [CT]    : HandPoseSampler: Filter reset
03-27 06:52:29.400 18091 18205 I InputDevice_Hand: HANDTRACKING ADMIRE hand 1: hpm=1 -> shared=0
03-27 06:52:29.401   897  1854 I Tracking: CONSTELLATION:VISION_STATUS: 0x2e7e5d32cf134aad (R): [#Samples=76] 94.623s | BlobDetection:[#BlobsDetected=(9.21, 0.46)]Matching:[MatchSuccess=1.000, MatchCost=(0.00095, 0.00000), #MatchedBlobs=(7.00, 0.00), #MatchedLeds=(7.00, 0.00), RematchM=0.776, SkipRefine=0.000] MatchMethod:[Prox=0.224, ConstBrute=0.776, AttiBrute=0.000, UnconstBrute=0.000] MatchResets[AnomBlobSize=0.000, SharedMatch=0.000, DenseReacq=0.000] | Fusion:[FusionError=0.000, ImuFromCamMs=(-93122.782, 2138717.781), RematchF=0.000] FusionUpdates:[Successful=0.000, Reliable=0.000, TightFusion=0.000, FullPose=0.000, StaticPrior=0.000, StaticForHandTrans=0.000, PoseUpdateMD=(0.0000, 0.0000)] FusionResets[6DoFReset=0.000, ResetSuccess=0.000] FusionStatus[HasPosition=0.000, HasVelocity=0.000]  [Current time=94.623s, last log time=89.556s]
03-27 06:52:29.401   897  1854 I Tracking: CONSTELLATION:VISION_STATUS: 0x9a0f3b964e7e111f (L): [#Samples=76] 94.623s | BlobDetection:[#BlobsDetected=(9.21, 0.46)]Matching:[MatchSuccess=0.000, MatchCost=(0.00000, 0.00000), #MatchedBlobs=(0.00, 0.00), #MatchedLeds=(0.00, 0.00), RematchM=0.000, SkipRefine=0.000] MatchMethod:[Prox=0.000, ConstBrute=0.000, AttiBrute=0.000, UnconstBrute=0.000] MatchResets[AnomBlobSize=0.000, SharedMatch=0.000, DenseReacq=0.000] | Fusion:[FusionError=0.000, ImuFromCamMs=(-93122.782, 2138717.781), RematchF=0.000] FusionUpdates:[Successful=0.000, Reliable=0.000, TightFusion=0.000, FullPose=0.000, StaticPrior=0.000, StaticForHandTrans=0.000, PoseUpdateMD=(0.0000, 0.0000)] FusionResets[6DoFReset=0.000, ResetSuccess=0.000] FusionStatus[HasPosition=0.000, HasVelocity=0.000]  [Current time=94.623s, last log time=89.556s]
03-27 06:52:29.411 18091 18205 I [CT]    : HandPoseSampler: Filter reset
03-27 06:52:29.411 18091 18205 I InputDevice_Hand: HANDTRACKING ADMIRE hand 0: hpm=1 -> shared=0
03-27 06:52:29.411 18091 18205 I [CT]    : HandPoseSampler: Filter reset
03-27 06:52:29.411 18091 18205 I InputDevice_Hand: HANDTRACKING ADMIRE hand 1: hpm=1 -> shared=0
03-27 06:52:29.423 18091 18205 I [CT]    : HandPoseSampler: Filter reset
03-27 06:52:29.423 18091 18205 I InputDevice_Hand: HANDTRACKING ADMIRE hand 0: hpm=1 -> shared=0
03-27 06:52:29.423 18091 18205 I [CT]    : HandPoseSampler: Filter reset
03-27 06:52:29.423 18091 18205 I InputDevice_Hand: HANDTRACKING ADMIRE hand 1: hpm=1 -> shared=0
03-27 06:52:29.433 18091 18205 I [CT]    : HandPoseSampler: Filter reset
03-27 06:52:29.433 18091 18205 I InputDevice_Hand: HANDTRACKING ADMIRE hand 0: hpm=1 -> shared=0
03-27 06:52:29.433 18091 18205 I [CT]    : HandPoseSampler: Filter reset
03-27 06:52:29.433 18091 18205 I InputDevice_Hand: HANDTRACKING ADMIRE hand 1: hpm=1 -> shared=0
03-27 06:52:29.445 18091 18205 I [CT]    : HandPoseSampler: Filter reset
03-27 06:52:29.445 18091 18205 I InputDevice_Hand: HANDTRACKING ADMIRE hand 0: hpm=1 -> shared=0
03-27 06:52:29.445 18091 18205 I [CT]    : HandPoseSampler: Filter reset
03-27 06:52:29.445 18091 18205 I InputDevice_Hand: HANDTRACKING ADMIRE hand 1: hpm=1 -> shared=0
03-27 06:52:29.449   927 19557 I libcamerahal: [INSIGHTS][2.00s] recv/ret/req heartbeat: cam0: 90/90/0, cam1: 90/90/0, cam2: 90/90/0, cam3: 90/90/0
03-27 06:52:29.456 18091 18205 I [CT]    : HandPoseSampler: Filter reset
03-27 06:52:29.456 18091 18205 I InputDevice_Hand: HANDTRACKING ADMIRE hand 0: hpm=1 -> shared=0
03-27 06:52:29.456 18091 18205 I [CT]    : HandPoseSampler: Filter reset
03-27 06:52:29.456 18091 18205 I InputDevice_Hand: HANDTRACKING ADMIRE hand 1: hpm=1 -> shared=0
03-27 06:52:29.467  1168  1840 I MRSS    : BOLT:HexagonTelemetry: Global DSP utilization: 6.21% (310 / 5002 ms), Scalar Util: 38.16%, HVX Util: 33.31%, HMX Util: 5.81%, DMA Active: 0.00%, Freq: 1171.2 MHz
03-27 06:52:29.467  1168  1840 I MRSS    : boltlib: DSP Rpc stats over 5002 ms: null
03-27 06:52:29.467 18091 18205 I [CT]    : HandPoseSampler: Filter reset
03-27 06:52:29.467 18091 18205 I InputDevice_Hand: HANDTRACKING ADMIRE hand 0: hpm=1 -> shared=0
03-27 06:52:29.467 18091 18205 I [CT]    : HandPoseSampler: Filter reset
03-27 06:52:29.467 18091 18205 I InputDevice_Hand: HANDTRACKING ADMIRE hand 1: hpm=1 -> shared=0
03-27 06:52:29.478 18091 18205 I [CT]    : HandPoseSampler: Filter reset
03-27 06:52:29.478 18091 18205 I InputDevice_Hand: HANDTRACKING ADMIRE hand 0: hpm=1 -> shared=0
03-27 06:52:29.478 18091 18205 I [CT]    : HandPoseSampler: Filter reset
03-27 06:52:29.478 18091 18205 I InputDevice_Hand: HANDTRACKING ADMIRE hand 1: hpm=1 -> shared=0
03-27 06:52:29.489 18091 18205 I [CT]    : HandPoseSampler: Filter reset
03-27 06:52:29.489 18091 18205 I InputDevice_Hand: HANDTRACKING ADMIRE hand 0: hpm=1 -> shared=0
03-27 06:52:29.489 18091 18205 I [CT]    : HandPoseSampler: Filter reset
03-27 06:52:29.489 18091 18205 I InputDevice_Hand: HANDTRACKING ADMIRE hand 1: hpm=1 -> shared=0
03-27 06:52:29.500 18091 18205 I [CT]    : HandPoseSampler: Filter reset
03-27 06:52:29.500 18091 18205 I InputDevice_Hand: HANDTRACKING ADMIRE hand 0: hpm=1 -> shared=0
03-27 06:52:29.500 18091 18205 I [CT]    : HandPoseSampler: Filter reset
03-27 06:52:29.500 18091 18205 I InputDevice_Hand: HANDTRACKING ADMIRE hand 1: hpm=1 -> shared=0
03-27 06:52:29.511 18091 18205 I [CT]    : HandPoseSampler: Filter reset
03-27 06:52:29.511 18091 18205 I InputDevice_Hand: HANDTRACKING ADMIRE hand 0: hpm=1 -> shared=0
03-27 06:52:29.511 18091 18205 I [CT]    : HandPoseSampler: Filter reset
03-27 06:52:29.511 18091 18205 I InputDevice_Hand: HANDTRACKING ADMIRE hand 1: hpm=1 -> shared=0
03-27 06:52:29.523 18091 18205 I [CT]    : HandPoseSampler: Filter reset
03-27 06:52:29.523 18091 18205 I InputDevice_Hand: HANDTRACKING ADMIRE hand 0: hpm=1 -> shared=0
03-27 06:52:29.523 18091 18205 I [CT]    : HandPoseSampler: Filter reset
03-27 06:52:29.523 18091 18205 I InputDevice_Hand: HANDTRACKING ADMIRE hand 1: hpm=1 -> shared=0
03-27 06:52:29.533 18091 18205 I [CT]    : HandPoseSampler: Filter reset
03-27 06:52:29.533 18091 18205 I InputDevice_Hand: HANDTRACKING ADMIRE hand 0: hpm=1 -> shared=0
03-27 06:52:29.534 18091 18205 I [CT]    : HandPoseSampler: Filter reset
03-27 06:52:29.534 18091 18205 I InputDevice_Hand: HANDTRACKING ADMIRE hand 1: hpm=1 -> shared=0
03-27 06:52:29.545 18091 18205 I [CT]    : HandPoseSampler: Filter reset
03-27 06:52:29.545 18091 18205 I InputDevice_Hand: HANDTRACKING ADMIRE hand 0: hpm=1 -> shared=0
03-27 06:52:29.545 18091 18205 I [CT]    : HandPoseSampler: Filter reset
03-27 06:52:29.545 18091 18205 I InputDevice_Hand: HANDTRACKING ADMIRE hand 1: hpm=1 -> shared=0
03-27 06:52:29.556 18091 18205 I [CT]    : HandPoseSampler: Filter reset
03-27 06:52:29.556 18091 18205 I InputDevice_Hand: HANDTRACKING ADMIRE hand 0: hpm=1 -> shared=0
03-27 06:52:29.556 18091 18205 I [CT]    : HandPoseSampler: Filter reset
03-27 06:52:29.556 18091 18205 I InputDevice_Hand: HANDTRACKING ADMIRE hand 1: hpm=1 -> shared=0
03-27 06:52:29.566 18091 18205 I [CT]    : HandPoseSampler: Filter reset
03-27 06:52:29.566 18091 18205 I InputDevice_Hand: HANDTRACKING ADMIRE hand 0: hpm=1 -> shared=0
03-27 06:52:29.566 18091 18205 I [CT]    : HandPoseSampler: Filter reset
03-27 06:52:29.566 18091 18205 I InputDevice_Hand: HANDTRACKING ADMIRE hand 1: hpm=1 -> shared=0
03-27 06:52:29.578 18091 18205 I [CT]    : HandPoseSampler: Filter reset
03-27 06:52:29.578 18091 18205 I InputDevice_Hand: HANDTRACKING ADMIRE hand 0: hpm=1 -> shared=0
03-27 06:52:29.578 18091 18205 I [CT]    : HandPoseSampler: Filter reset
03-27 06:52:29.578 18091 18205 I InputDevice_Hand: HANDTRACKING ADMIRE hand 1: hpm=1 -> shared=0
03-27 06:52:29.589 18091 18205 I [CT]    : HandPoseSampler: Filter reset
03-27 06:52:29.589 18091 18205 I InputDevice_Hand: HANDTRACKING ADMIRE hand 0: hpm=1 -> shared=0
03-27 06:52:29.589 18091 18205 I [CT]    : HandPoseSampler: Filter reset
03-27 06:52:29.589 18091 18205 I InputDevice_Hand: HANDTRACKING ADMIRE hand 1: hpm=1 -> shared=0
03-27 06:52:29.591   920 14201 I VD628x  : Flicker results: freq 120.000000, max 119.894707, dcr 32.945221, pct 0.041660, idx 0.013017, conf 0.849596, snr 7.594852, svm 0.070877, sus 0
03-27 06:52:29.594 18224 18352 I AutoStationaryHelper: [AutoStationaryHelper::getGuardianDataFromNearbyRoomscale] Checking 1 existing guardian data
03-27 06:52:29.594 18224 18352 I GuardianMapDataMgr: [GuardianMapDataMgr::isValidTrackedRoomscale] [2575043440] Valid=yes, Roomscale=yes, Anchor [2cee9d32-7f24-ff1e-5555-ae309d8ea246] Tracked=yes
03-27 06:52:29.594 18224 18352 I AutoStationaryHelper: [AutoStationaryHelper::getGuardianDataFromNearbyRoomscale] [2575043440] Distance to HMD: 3.725682
03-27 06:52:29.600 18091 18205 I [CT]    : HandPoseSampler: Filter reset
03-27 06:52:29.601 18091 18205 I InputDevice_Hand: HANDTRACKING ADMIRE hand 0: hpm=1 -> shared=0
03-27 06:52:29.601 18091 18205 I [CT]    : HandPoseSampler: Filter reset
03-27 06:52:29.601 18091 18205 I InputDevice_Hand: HANDTRACKING ADMIRE hand 1: hpm=1 -> shared=0
03-27 06:52:29.611 18091 18205 I [CT]    : HandPoseSampler: Filter reset
03-27 06:52:29.611 18091 18205 I InputDevice_Hand: HANDTRACKING ADMIRE hand 0: hpm=1 -> shared=0
03-27 06:52:29.611 18091 18205 I [CT]    : HandPoseSampler: Filter reset
03-27 06:52:29.611 18091 18205 I InputDevice_Hand: HANDTRACKING ADMIRE hand 1: hpm=1 -> shared=0
03-27 06:52:29.616 18091 18457 W ShellHsr: Renderer: RenderableFilter has 108 tags, which is more than 10. This is expected to be rare. If this becomes common, consider changing RenderableFilter logic to use something other than linear searches for filtering renderable tags (like registered bitsets).
03-27 06:52:29.623 18091 18205 I [CT]    : HandPoseSampler: Filter reset
03-27 06:52:29.623 18091 18205 I InputDevice_Hand: HANDTRACKING ADMIRE hand 0: hpm=1 -> shared=0
03-27 06:52:29.623 18091 18205 I [CT]    : HandPoseSampler: Filter reset
03-27 06:52:29.623 18091 18205 I InputDevice_Hand: HANDTRACKING ADMIRE hand 1: hpm=1 -> shared=0
03-27 06:52:29.633 18091 18205 I [CT]    : HandPoseSampler: Filter reset
03-27 06:52:29.633 18091 18205 I InputDevice_Hand: HANDTRACKING ADMIRE hand 0: hpm=1 -> shared=0
03-27 06:52:29.633 18091 18205 I [CT]    : HandPoseSampler: Filter reset
03-27 06:52:29.633 18091 18205 I InputDevice_Hand: HANDTRACKING ADMIRE hand 1: hpm=1 -> shared=0
03-27 06:52:29.644 18091 18205 I [CT]    : HandPoseSampler: Filter reset
03-27 06:52:29.644 18091 18205 I InputDevice_Hand: HANDTRACKING ADMIRE hand 0: hpm=1 -> shared=0
03-27 06:52:29.644 18091 18205 I [CT]    : HandPoseSampler: Filter reset
03-27 06:52:29.644 18091 18205 I InputDevice_Hand: HANDTRACKING ADMIRE hand 1: hpm=1 -> shared=0
03-27 06:52:29.656 18091 18205 I [CT]    : HandPoseSampler: Filter reset
03-27 06:52:29.656 18091 18205 I InputDevice_Hand: HANDTRACKING ADMIRE hand 0: hpm=1 -> shared=0
03-27 06:52:29.656 18091 18205 I [CT]    : HandPoseSampler: Filter reset
03-27 06:52:29.656 18091 18205 I InputDevice_Hand: HANDTRACKING ADMIRE hand 1: hpm=1 -> shared=0
03-27 06:52:29.667 18091 18205 I [CT]    : HandPoseSampler: Filter reset
03-27 06:52:29.667 18091 18205 I InputDevice_Hand: HANDTRACKING ADMIRE hand 0: hpm=1 -> shared=0
03-27 06:52:29.667 18091 18205 I [CT]    : HandPoseSampler: Filter reset
03-27 06:52:29.667 18091 18205 I InputDevice_Hand: HANDTRACKING ADMIRE hand 1: hpm=1 -> shared=0
03-27 06:52:29.678 18091 18205 I [CT]    : HandPoseSampler: Filter reset
03-27 06:52:29.678 18091 18205 I InputDevice_Hand: HANDTRACKING ADMIRE hand 0: hpm=1 -> shared=0
03-27 06:52:29.678 18091 18205 I [CT]    : HandPoseSampler: Filter reset
03-27 06:52:29.678 18091 18205 I InputDevice_Hand: HANDTRACKING ADMIRE hand 1: hpm=1 -> shared=0
03-27 06:52:29.689 18091 18205 I [CT]    : HandPoseSampler: Filter reset
03-27 06:52:29.689 18091 18205 I InputDevice_Hand: HANDTRACKING ADMIRE hand 0: hpm=1 -> shared=0
03-27 06:52:29.689 18091 18205 I [CT]    : HandPoseSampler: Filter reset
03-27 06:52:29.689 18091 18205 I InputDevice_Hand: HANDTRACKING ADMIRE hand 1: hpm=1 -> shared=0
03-27 06:52:29.700 18091 18205 I [CT]    : HandPoseSampler: Filter reset
03-27 06:52:29.700 18091 18205 I InputDevice_Hand: HANDTRACKING ADMIRE hand 0: hpm=1 -> shared=0
03-27 06:52:29.700 18091 18205 I [CT]    : HandPoseSampler: Filter reset
03-27 06:52:29.700 18091 18205 I InputDevice_Hand: HANDTRACKING ADMIRE hand 1: hpm=1 -> shared=0
03-27 06:52:29.711 18091 18205 I [CT]    : HandPoseSampler: Filter reset
03-27 06:52:29.711 18091 18205 I InputDevice_Hand: HANDTRACKING ADMIRE hand 0: hpm=1 -> shared=0
03-27 06:52:29.711 18091 18205 I [CT]    : HandPoseSampler: Filter reset
03-27 06:52:29.711 18091 18205 I InputDevice_Hand: HANDTRACKING ADMIRE hand 1: hpm=1 -> shared=0
03-27 06:52:29.722 18091 18205 I [CT]    : HandPoseSampler: Filter reset
03-27 06:52:29.723 18091 18205 I InputDevice_Hand: HANDTRACKING ADMIRE hand 0: hpm=1 -> shared=0
03-27 06:52:29.723 18091 18205 I [CT]    : HandPoseSampler: Filter reset
03-27 06:52:29.723 18091 18205 I InputDevice_Hand: HANDTRACKING ADMIRE hand 1: hpm=1 -> shared=0
03-27 06:52:29.734 18091 18205 I [CT]    : HandPoseSampler: Filter reset
03-27 06:52:29.734 18091 18205 I InputDevice_Hand: HANDTRACKING ADMIRE hand 0: hpm=1 -> shared=0
03-27 06:52:29.734 18091 18205 I [CT]    : HandPoseSampler: Filter reset
03-27 06:52:29.734 18091 18205 I InputDevice_Hand: HANDTRACKING ADMIRE hand 1: hpm=1 -> shared=0
03-27 06:52:29.745 18091 18205 I [CT]    : HandPoseSampler: Filter reset
03-27 06:52:29.745 18091 18205 I InputDevice_Hand: HANDTRACKING ADMIRE hand 0: hpm=1 -> shared=0
03-27 06:52:29.745 18091 18205 I [CT]    : HandPoseSampler: Filter reset
03-27 06:52:29.745 18091 18205 I InputDevice_Hand: HANDTRACKING ADMIRE hand 1: hpm=1 -> shared=0
03-27 06:52:29.756 18091 18205 I [CT]    : HandPoseSampler: Filter reset
03-27 06:52:29.756 18091 18205 I InputDevice_Hand: HANDTRACKING ADMIRE hand 0: hpm=1 -> shared=0
03-27 06:52:29.756 18091 18205 I [CT]    : HandPoseSampler: Filter reset
03-27 06:52:29.756 18091 18205 I InputDevice_Hand: HANDTRACKING ADMIRE hand 1: hpm=1 -> shared=0
03-27 06:52:29.767 18091 18205 I [CT]    : HandPoseSampler: Filter reset
03-27 06:52:29.767 18091 18205 I InputDevice_Hand: HANDTRACKING ADMIRE hand 0: hpm=1 -> shared=0
03-27 06:52:29.768 18091 18205 I [CT]    : HandPoseSampler: Filter reset
03-27 06:52:29.768 18091 18205 I InputDevice_Hand: HANDTRACKING ADMIRE hand 1: hpm=1 -> shared=0
03-27 06:52:29.777  2697 14219 I [CT]    : MIXEDREALITY: PassthroughApiManager: GetUpdatedLayerState: (every 2 seconds) PT is: ON numLayers: 0
03-27 06:52:29.779 18091 18205 I [CT]    : HandPoseSampler: Filter reset
03-27 06:52:29.779 18091 18205 I InputDevice_Hand: HANDTRACKING ADMIRE hand 0: hpm=1 -> shared=0
03-27 06:52:29.779 18091 18205 I [CT]    : HandPoseSampler: Filter reset
03-27 06:52:29.779 18091 18205 I InputDevice_Hand: HANDTRACKING ADMIRE hand 1: hpm=1 -> shared=0
03-27 06:52:29.790 18091 18205 I [CT]    : HandPoseSampler: Filter reset
03-27 06:52:29.790 18091 18205 I InputDevice_Hand: HANDTRACKING ADMIRE hand 0: hpm=1 -> shared=0
03-27 06:52:29.790 18091 18205 I [CT]    : HandPoseSampler: Filter reset
03-27 06:52:29.790 18091 18205 I InputDevice_Hand: HANDTRACKING ADMIRE hand 1: hpm=1 -> shared=0
03-27 06:52:29.801 18091 18205 I [CT]    : HandPoseSampler: Filter reset
03-27 06:52:29.801 18091 18205 I InputDevice_Hand: HANDTRACKING ADMIRE hand 0: hpm=1 -> shared=0
03-27 06:52:29.801 18091 18205 I [CT]    : HandPoseSampler: Filter reset
03-27 06:52:29.801 18091 18205 I InputDevice_Hand: HANDTRACKING ADMIRE hand 1: hpm=1 -> shared=0
03-27 06:52:29.812 18091 18205 I [CT]    : HandPoseSampler: Filter reset
03-27 06:52:29.812 18091 18205 I InputDevice_Hand: HANDTRACKING ADMIRE hand 0: hpm=1 -> shared=0
03-27 06:52:29.812 18091 18205 I [CT]    : HandPoseSampler: Filter reset
03-27 06:52:29.812 18091 18205 I InputDevice_Hand: HANDTRACKING ADMIRE hand 1: hpm=1 -> shared=0
03-27 06:52:29.822 18091 18205 I [CT]    : HandPoseSampler: Filter reset
03-27 06:52:29.822 18091 18205 I InputDevice_Hand: HANDTRACKING ADMIRE hand 0: hpm=1 -> shared=0
03-27 06:52:29.822 18091 18205 I [CT]    : HandPoseSampler: Filter reset
03-27 06:52:29.822 18091 18205 I InputDevice_Hand: HANDTRACKING ADMIRE hand 1: hpm=1 -> shared=0
03-27 06:52:29.833 18091 18205 I [CT]    : HandPoseSampler: Filter reset
03-27 06:52:29.833 18091 18205 I InputDevice_Hand: HANDTRACKING ADMIRE hand 0: hpm=1 -> shared=0
03-27 06:52:29.833 18091 18205 I [CT]    : HandPoseSampler: Filter reset
03-27 06:52:29.833 18091 18205 I InputDevice_Hand: HANDTRACKING ADMIRE hand 1: hpm=1 -> shared=0
03-27 06:52:29.845 18091 18205 I [CT]    : HandPoseSampler: Filter reset
03-27 06:52:29.845 18091 18205 I InputDevice_Hand: HANDTRACKING ADMIRE hand 0: hpm=1 -> shared=0
03-27 06:52:29.845 18091 18205 I [CT]    : HandPoseSampler: Filter reset
03-27 06:52:29.845 18091 18205 I InputDevice_Hand: HANDTRACKING ADMIRE hand 1: hpm=1 -> shared=0
03-27 06:52:29.856 18091 18205 I [CT]    : HandPoseSampler: Filter reset
03-27 06:52:29.856 18091 18205 I InputDevice_Hand: HANDTRACKING ADMIRE hand 0: hpm=1 -> shared=0
03-27 06:52:29.856 18091 18205 I [CT]    : HandPoseSampler: Filter reset
03-27 06:52:29.856 18091 18205 I InputDevice_Hand: HANDTRACKING ADMIRE hand 1: hpm=1 -> shared=0
03-27 06:52:29.867 18091 18205 I [CT]    : HandPoseSampler: Filter reset
03-27 06:52:29.867 18091 18205 I InputDevice_Hand: HANDTRACKING ADMIRE hand 0: hpm=1 -> shared=0
03-27 06:52:29.867 18091 18205 I [CT]    : HandPoseSampler: Filter reset
03-27 06:52:29.867 18091 18205 I InputDevice_Hand: HANDTRACKING ADMIRE hand 1: hpm=1 -> shared=0
03-27 06:52:29.878 18091 18205 I [CT]    : HandPoseSampler: Filter reset
03-27 06:52:29.878 18091 18205 I InputDevice_Hand: HANDTRACKING ADMIRE hand 0: hpm=1 -> shared=0
03-27 06:52:29.878 18091 18205 I [CT]    : HandPoseSampler: Filter reset
03-27 06:52:29.878 18091 18205 I InputDevice_Hand: HANDTRACKING ADMIRE hand 1: hpm=1 -> shared=0
03-27 06:52:29.889 18091 18205 I [CT]    : HandPoseSampler: Filter reset
03-27 06:52:29.889 18091 18205 I InputDevice_Hand: HANDTRACKING ADMIRE hand 0: hpm=1 -> shared=0
03-27 06:52:29.889 18091 18205 I [CT]    : HandPoseSampler: Filter reset
03-27 06:52:29.889 18091 18205 I InputDevice_Hand: HANDTRACKING ADMIRE hand 1: hpm=1 -> shared=0
03-27 06:52:29.900 18091 18205 I [CT]    : HandPoseSampler: Filter reset
03-27 06:52:29.900 18091 18205 I InputDevice_Hand: HANDTRACKING ADMIRE hand 0: hpm=1 -> shared=0
03-27 06:52:29.900 18091 18205 I [CT]    : HandPoseSampler: Filter reset
03-27 06:52:29.900 18091 18205 I InputDevice_Hand: HANDTRACKING ADMIRE hand 1: hpm=1 -> shared=0
03-27 06:52:29.911 18091 18205 I [CT]    : HandPoseSampler: Filter reset
03-27 06:52:29.911 18091 18205 I InputDevice_Hand: HANDTRACKING ADMIRE hand 0: hpm=1 -> shared=0
03-27 06:52:29.911 18091 18205 I [CT]    : HandPoseSampler: Filter reset
03-27 06:52:29.911 18091 18205 I InputDevice_Hand: HANDTRACKING ADMIRE hand 1: hpm=1 -> shared=0
03-27 06:52:29.918   927 14165 W SensorService: Unknown packet type (32) received
--------- beginning of kernel
03-27 06:52:29.879     0     0 W healthd : battery l=91 v=4220 t=34.0 h=2 st=3 c=-990991 fc=4476000 cc=54 chg=
03-27 06:52:29.923 18091 18205 I [CT]    : HandPoseSampler: Filter reset
03-27 06:52:29.923 18091 18205 I InputDevice_Hand: HANDTRACKING ADMIRE hand 0: hpm=1 -> shared=0
03-27 06:52:29.923 18091 18205 I [CT]    : HandPoseSampler: Filter reset
03-27 06:52:29.923 18091 18205 I InputDevice_Hand: HANDTRACKING ADMIRE hand 1: hpm=1 -> shared=0
03-27 06:52:29.933 18091 18205 I [CT]    : HandPoseSampler: Filter reset
03-27 06:52:29.933 18091 18205 I InputDevice_Hand: HANDTRACKING ADMIRE hand 0: hpm=1 -> shared=0
03-27 06:52:29.933 18091 18205 I [CT]    : HandPoseSampler: Filter reset
03-27 06:52:29.933 18091 18205 I InputDevice_Hand: HANDTRACKING ADMIRE hand 1: hpm=1 -> shared=0
03-27 06:52:29.944 18091 18205 I [CT]    : HandPoseSampler: Filter reset
03-27 06:52:29.944 18091 18205 I InputDevice_Hand: HANDTRACKING ADMIRE hand 0: hpm=1 -> shared=0
03-27 06:52:29.944 18091 18205 I [CT]    : HandPoseSampler: Filter reset
03-27 06:52:29.944 18091 18205 I InputDevice_Hand: HANDTRACKING ADMIRE hand 1: hpm=1 -> shared=0
03-27 06:52:29.956 18091 18205 I [CT]    : HandPoseSampler: Filter reset
03-27 06:52:29.956 18091 18205 I InputDevice_Hand: HANDTRACKING ADMIRE hand 0: hpm=1 -> shared=0
03-27 06:52:29.956 18091 18205 I [CT]    : HandPoseSampler: Filter reset
03-27 06:52:29.956 18091 18205 I InputDevice_Hand: HANDTRACKING ADMIRE hand 1: hpm=1 -> shared=0
03-27 06:52:29.967 18091 18205 I [CT]    : HandPoseSampler: Filter reset
03-27 06:52:29.967 18091 18205 I InputDevice_Hand: HANDTRACKING ADMIRE hand 0: hpm=1 -> shared=0
03-27 06:52:29.967 18091 18205 I [CT]    : HandPoseSampler: Filter reset
03-27 06:52:29.967 18091 18205 I InputDevice_Hand: HANDTRACKING ADMIRE hand 1: hpm=1 -> shared=0
03-27 06:52:29.975   897 14190 I Tracking: BOLT:HexagonTelemetry: Global DSP utilization: 6.27% (313 / 5001 ms), Scalar Util: 38.83%, HVX Util: 33.48%, HMX Util: 6.00%, DMA Active: 22.05%, Freq: 1171.2 MHz
03-27 06:52:29.975   897 14190 I Tracking: boltlib: DSP Rpc stats over 5001 ms: {"HexagonCornerHarrisEdgeIndexedSlicesAsync":2,"HexagonPyramid3x3Async":50,"a2e_boltnn_delegate":125,"controller_inference":25,"dd_boltnn_delegate_batch_128":2,"dpr_lite_boltnn_delegate":36}
03-27 06:52:29.978 18091 18205 I [CT]    : HandPoseSampler: Filter reset
03-27 06:52:29.978 18091 18205 I InputDevice_Hand: HANDTRACKING ADMIRE hand 0: hpm=1 -> shared=0
03-27 06:52:29.978 18091 18205 I [CT]    : HandPoseSampler: Filter reset
03-27 06:52:29.978 18091 18205 I InputDevice_Hand: HANDTRACKING ADMIRE hand 1: hpm=1 -> shared=0
03-27 06:52:29.989 18091 18205 I [CT]    : HandPoseSampler: Filter reset
03-27 06:52:29.989 18091 18205 I InputDevice_Hand: HANDTRACKING ADMIRE hand 0: hpm=1 -> shared=0
03-27 06:52:29.989 18091 18205 I [CT]    : HandPoseSampler: Filter reset
03-27 06:52:29.989 18091 18205 I InputDevice_Hand: HANDTRACKING ADMIRE hand 1: hpm=1 -> shared=0
03-27 06:52:30.000 18091 18205 I [CT]    : HandPoseSampler: Filter reset
03-27 06:52:30.000 18091 18205 I InputDevice_Hand: HANDTRACKING ADMIRE hand 0: hpm=1 -> shared=0
03-27 06:52:30.000 18091 18205 I [CT]    : HandPoseSampler: Filter reset
03-27 06:52:30.000 18091 18205 I InputDevice_Hand: HANDTRACKING ADMIRE hand 1: hpm=1 -> shared=0
03-27 06:52:30.009 18091 14209 I VrApi   : FPS=91/90,Prd=24ms,Tear=0,Early=0,Stale=0,Stale2/5/10/max=0/0/0/0,VSnc=1,Lat=-4,Fov=3,CPU4/GPU=-1/-1,1920/545MHz,OC=3F,TA=0/0/0,SP=N/N/N,Mem=1708MHz,Free=4019MB,PLS=0,Temp=34.0C/0.0C,TW=0.54ms,App=1.59ms,GD=0.00ms,CPU&GPU=7.62ms,LCnt=1(DR90,LM0),GPU%=0.21,CPU%=0.20(W0.28),CFL=11.52/15.29,ICFLp95=13.66,LD=0,CABC=1,SF=0.78,LP=1,DVFS=0,Preempt=180,PoseAgeP95=0.00
03-27 06:52:30.009 18091 14209 I VrApi   : ASW=0,Type=PTWFromStereo,E=0.000/0.000,D=0.000/0.000
03-27 06:52:30.011 18091 18205 I [CT]    : HandPoseSampler: Filter reset
03-27 06:52:30.011 18091 18205 I InputDevice_Hand: HANDTRACKING ADMIRE hand 0: hpm=1 -> shared=0
03-27 06:52:30.011 18091 18205 I [CT]    : HandPoseSampler: Filter reset
03-27 06:52:30.011 18091 18205 I InputDevice_Hand: HANDTRACKING ADMIRE hand 1: hpm=1 -> shared=0
03-27 06:52:30.023 18091 18205 I [CT]    : HandPoseSampler: Filter reset
03-27 06:52:30.023 18091 18205 I InputDevice_Hand: HANDTRACKING ADMIRE hand 0: hpm=1 -> shared=0
03-27 06:52:30.023 18091 18205 I [CT]    : HandPoseSampler: Filter reset
03-27 06:52:30.023 18091 18205 I InputDevice_Hand: HANDTRACKING ADMIRE hand 1: hpm=1 -> shared=0
03-27 06:52:30.034 18091 18205 I [CT]    : HandPoseSampler: Filter reset
03-27 06:52:30.034 18091 18205 I InputDevice_Hand: HANDTRACKING ADMIRE hand 0: hpm=1 -> shared=0
03-27 06:52:30.034 18091 18205 I [CT]    : HandPoseSampler: Filter reset
03-27 06:52:30.034 18091 18205 I InputDevice_Hand: HANDTRACKING ADMIRE hand 1: hpm=1 -> shared=0
03-27 06:52:30.045 18091 18205 I [CT]    : HandPoseSampler: Filter reset
03-27 06:52:30.045 18091 18205 I InputDevice_Hand: HANDTRACKING ADMIRE hand 0: hpm=1 -> shared=0
03-27 06:52:30.045 18091 18205 I [CT]    : HandPoseSampler: Filter reset
03-27 06:52:30.045 18091 18205 I InputDevice_Hand: HANDTRACKING ADMIRE hand 1: hpm=1 -> shared=0
03-27 06:52:30.056 18091 18205 I [CT]    : HandPoseSampler: Filter reset
03-27 06:52:30.056 18091 18205 I InputDevice_Hand: HANDTRACKING ADMIRE hand 0: hpm=1 -> shared=0
03-27 06:52:30.056 18091 18205 I [CT]    : HandPoseSampler: Filter reset
03-27 06:52:30.056 18091 18205 I InputDevice_Hand: HANDTRACKING ADMIRE hand 1: hpm=1 -> shared=0
03-27 06:52:30.067 18091 18205 I [CT]    : HandPoseSampler: Filter reset
03-27 06:52:30.067 18091 18205 I InputDevice_Hand: HANDTRACKING ADMIRE hand 0: hpm=1 -> shared=0
03-27 06:52:30.067 18091 18205 I [CT]    : HandPoseSampler: Filter reset
03-27 06:52:30.067 18091 18205 I InputDevice_Hand: HANDTRACKING ADMIRE hand 1: hpm=1 -> shared=0
03-27 06:52:30.078 18091 18205 I [CT]    : HandPoseSampler: Filter reset
03-27 06:52:30.078 18091 18205 I InputDevice_Hand: HANDTRACKING ADMIRE hand 0: hpm=1 -> shared=0
03-27 06:52:30.078 18091 18205 I [CT]    : HandPoseSampler: Filter reset
03-27 06:52:30.078 18091 18205 I InputDevice_Hand: HANDTRACKING ADMIRE hand 1: hpm=1 -> shared=0
03-27 06:52:30.088   897  1854 I Tracking: CONSTELLATION_Right: [Throttled count=53] P+C Right: Applying Consistent Zero Velocity Update during slow motion.
03-27 06:52:30.089 18091 18205 I [CT]    : HandPoseSampler: Filter reset
03-27 06:52:30.089 18091 18205 I InputDevice_Hand: HANDTRACKING ADMIRE hand 0: hpm=1 -> shared=0
03-27 06:52:30.089 18091 18205 I [CT]    : HandPoseSampler: Filter reset
03-27 06:52:30.089 18091 18205 I InputDevice_Hand: HANDTRACKING ADMIRE hand 1: hpm=1 -> shared=0
03-27 06:52:30.100 18091 18205 I [CT]    : HandPoseSampler: Filter reset
03-27 06:52:30.101 18091 18205 I InputDevice_Hand: HANDTRACKING ADMIRE hand 0: hpm=1 -> shared=0
03-27 06:52:30.101 18091 18205 I [CT]    : HandPoseSampler: Filter reset
03-27 06:52:30.101 18091 18205 I InputDevice_Hand: HANDTRACKING ADMIRE hand 1: hpm=1 -> shared=0
03-27 06:52:30.112 18091 18205 I [CT]    : HandPoseSampler: Filter reset
03-27 06:52:30.112 18091 18205 I InputDevice_Hand: HANDTRACKING ADMIRE hand 0: hpm=1 -> shared=0
03-27 06:52:30.112 18091 18205 I [CT]    : HandPoseSampler: Filter reset
03-27 06:52:30.112 18091 18205 I InputDevice_Hand: HANDTRACKING ADMIRE hand 1: hpm=1 -> shared=0
03-27 06:52:30.123 18091 18205 I [CT]    : HandPoseSampler: Filter reset
03-27 06:52:30.123 18091 18205 I InputDevice_Hand: HANDTRACKING ADMIRE hand 0: hpm=1 -> shared=0
03-27 06:52:30.123 18091 18205 I [CT]    : HandPoseSampler: Filter reset
03-27 06:52:30.123 18091 18205 I InputDevice_Hand: HANDTRACKING ADMIRE hand 1: hpm=1 -> shared=0
03-27 06:52:30.134 18091 18205 I [CT]    : HandPoseSampler: Filter reset
03-27 06:52:30.134 18091 18205 I InputDevice_Hand: HANDTRACKING ADMIRE hand 0: hpm=1 -> shared=0
03-27 06:52:30.134 18091 18205 I [CT]    : HandPoseSampler: Filter reset
03-27 06:52:30.134 18091 18205 I InputDevice_Hand: HANDTRACKING ADMIRE hand 1: hpm=1 -> shared=0
03-27 06:52:30.145 18091 18205 I [CT]    : HandPoseSampler: Filter reset
03-27 06:52:30.145 18091 18205 I InputDevice_Hand: HANDTRACKING ADMIRE hand 0: hpm=1 -> shared=0
03-27 06:52:30.145 18091 18205 I [CT]    : HandPoseSampler: Filter reset
03-27 06:52:30.145 18091 18205 I InputDevice_Hand: HANDTRACKING ADMIRE hand 1: hpm=1 -> shared=0
03-27 06:52:30.156 18091 18205 I [CT]    : HandPoseSampler: Filter reset
03-27 06:52:30.156 18091 18205 I InputDevice_Hand: HANDTRACKING ADMIRE hand 0: hpm=1 -> shared=0
03-27 06:52:30.156 18091 18205 I [CT]    : HandPoseSampler: Filter reset
03-27 06:52:30.156 18091 18205 I InputDevice_Hand: HANDTRACKING ADMIRE hand 1: hpm=1 -> shared=0
03-27 06:52:30.167 18091 18205 I [CT]    : HandPoseSampler: Filter reset
03-27 06:52:30.167 18091 18205 I InputDevice_Hand: HANDTRACKING ADMIRE hand 0: hpm=1 -> shared=0
03-27 06:52:30.167 18091 18205 I [CT]    : HandPoseSampler: Filter reset
03-27 06:52:30.167 18091 18205 I InputDevice_Hand: HANDTRACKING ADMIRE hand 1: hpm=1 -> shared=0
03-27 06:52:30.178 18091 18205 I [CT]    : HandPoseSampler: Filter reset
03-27 06:52:30.178 18091 18205 I InputDevice_Hand: HANDTRACKING ADMIRE hand 0: hpm=1 -> shared=0
03-27 06:52:30.178 18091 18205 I [CT]    : HandPoseSampler: Filter reset
03-27 06:52:30.178 18091 18205 I InputDevice_Hand: HANDTRACKING ADMIRE hand 1: hpm=1 -> shared=0
03-27 06:52:30.190 18091 18205 I [CT]    : HandPoseSampler: Filter reset
03-27 06:52:30.190 18091 18205 I InputDevice_Hand: HANDTRACKING ADMIRE hand 0: hpm=1 -> shared=0
03-27 06:52:30.190 18091 18205 I [CT]    : HandPoseSampler: Filter reset
03-27 06:52:30.190 18091 18205 I InputDevice_Hand: HANDTRACKING ADMIRE hand 1: hpm=1 -> shared=0
03-27 06:52:30.201 18091 18205 I [CT]    : HandPoseSampler: Filter reset
03-27 06:52:30.201 18091 18205 I InputDevice_Hand: HANDTRACKING ADMIRE hand 0: hpm=1 -> shared=0
03-27 06:52:30.201 18091 18205 I [CT]    : HandPoseSampler: Filter reset
03-27 06:52:30.201 18091 18205 I InputDevice_Hand: HANDTRACKING ADMIRE hand 1: hpm=1 -> shared=0
03-27 06:52:30.211 18091 18205 I [CT]    : HandPoseSampler: Filter reset
03-27 06:52:30.211 18091 18205 I InputDevice_Hand: HANDTRACKING ADMIRE hand 0: hpm=1 -> shared=0
03-27 06:52:30.211 18091 18205 I [CT]    : HandPoseSampler: Filter reset
03-27 06:52:30.211 18091 18205 I InputDevice_Hand: HANDTRACKING ADMIRE hand 1: hpm=1 -> shared=0
03-27 06:52:30.222 18091 18205 I [CT]    : HandPoseSampler: Filter reset
03-27 06:52:30.222 18091 18205 I InputDevice_Hand: HANDTRACKING ADMIRE hand 0: hpm=1 -> shared=0
03-27 06:52:30.222 18091 18205 I [CT]    : HandPoseSampler: Filter reset
03-27 06:52:30.222 18091 18205 I InputDevice_Hand: HANDTRACKING ADMIRE hand 1: hpm=1 -> shared=0
03-27 06:52:30.234 18091 18205 I [CT]    : HandPoseSampler: Filter reset
03-27 06:52:30.234 18091 18205 I InputDevice_Hand: HANDTRACKING ADMIRE hand 0: hpm=1 -> shared=0
03-27 06:52:30.234 18091 18205 I [CT]    : HandPoseSampler: Filter reset
03-27 06:52:30.234 18091 18205 I InputDevice_Hand: HANDTRACKING ADMIRE hand 1: hpm=1 -> shared=0
03-27 06:52:30.245 18091 18205 I [CT]    : HandPoseSampler: Filter reset
03-27 06:52:30.245 18091 18205 I InputDevice_Hand: HANDTRACKING ADMIRE hand 0: hpm=1 -> shared=0
03-27 06:52:30.245 18091 18205 I [CT]    : HandPoseSampler: Filter reset
03-27 06:52:30.245 18091 18205 I InputDevice_Hand: HANDTRACKING ADMIRE hand 1: hpm=1 -> shared=0
03-27 06:52:30.256 18091 18205 I [CT]    : HandPoseSampler: Filter reset
03-27 06:52:30.256 18091 18205 I InputDevice_Hand: HANDTRACKING ADMIRE hand 0: hpm=1 -> shared=0
03-27 06:52:30.256 18091 18205 I [CT]    : HandPoseSampler: Filter reset
03-27 06:52:30.256 18091 18205 I InputDevice_Hand: HANDTRACKING ADMIRE hand 1: hpm=1 -> shared=0
03-27 06:52:30.267 18091 18205 I [CT]    : HandPoseSampler: Filter reset
03-27 06:52:30.267 18091 18205 I InputDevice_Hand: HANDTRACKING ADMIRE hand 0: hpm=1 -> shared=0
03-27 06:52:30.267 18091 18205 I [CT]    : HandPoseSampler: Filter reset
03-27 06:52:30.267 18091 18205 I InputDevice_Hand: HANDTRACKING ADMIRE hand 1: hpm=1 -> shared=0
03-27 06:52:30.277 18091 18205 I [CT]    : HandPoseSampler: Filter reset
03-27 06:52:30.277 18091 18205 I InputDevice_Hand: HANDTRACKING ADMIRE hand 0: hpm=1 -> shared=0
03-27 06:52:30.278 18091 18205 I [CT]    : HandPoseSampler: Filter reset
03-27 06:52:30.278 18091 18205 I InputDevice_Hand: HANDTRACKING ADMIRE hand 1: hpm=1 -> shared=0
03-27 06:52:30.289 18091 18205 I [CT]    : HandPoseSampler: Filter reset
03-27 06:52:30.289 18091 18205 I InputDevice_Hand: HANDTRACKING ADMIRE hand 0: hpm=1 -> shared=0
03-27 06:52:30.289 18091 18205 I [CT]    : HandPoseSampler: Filter reset
03-27 06:52:30.289 18091 18205 I InputDevice_Hand: HANDTRACKING ADMIRE hand 1: hpm=1 -> shared=0
03-27 06:52:30.300 18091 18205 I [CT]    : HandPoseSampler: Filter reset
03-27 06:52:30.300 18091 18205 I InputDevice_Hand: HANDTRACKING ADMIRE hand 0: hpm=1 -> shared=0
03-27 06:52:30.300 18091 18205 I [CT]    : HandPoseSampler: Filter reset
03-27 06:52:30.300 18091 18205 I InputDevice_Hand: HANDTRACKING ADMIRE hand 1: hpm=1 -> shared=0
03-27 06:52:30.311 18091 18205 I [CT]    : HandPoseSampler: Filter reset
03-27 06:52:30.311 18091 18205 I InputDevice_Hand: HANDTRACKING ADMIRE hand 0: hpm=1 -> shared=0
03-27 06:52:30.311 18091 18205 I [CT]    : HandPoseSampler: Filter reset
03-27 06:52:30.312 18091 18205 I InputDevice_Hand: HANDTRACKING ADMIRE hand 1: hpm=1 -> shared=0
03-27 06:52:30.323 18091 18205 I [CT]    : HandPoseSampler: Filter reset
03-27 06:52:30.323 18091 18205 I InputDevice_Hand: HANDTRACKING ADMIRE hand 0: hpm=1 -> shared=0
03-27 06:52:30.323 18091 18205 I [CT]    : HandPoseSampler: Filter reset
03-27 06:52:30.323 18091 18205 I InputDevice_Hand: HANDTRACKING ADMIRE hand 1: hpm=1 -> shared=0
03-27 06:52:30.327   920 14201 I VD628x  : Flicker results: freq 120.000000, max 119.908440, dcr 32.932590, pct 0.041660, idx 0.013024, conf 0.850663, snr 7.705978, svm 0.071010, sus 0
03-27 06:52:30.332   897 14310 W Tracking: CONSTELLATION_Left: [Throttled count=503] P+C Left: Could not retrieve 3dof fallback pose.
03-27 06:52:30.334 18091 18205 I [CT]    : HandPoseSampler: Filter reset
03-27 06:52:30.334 18091 18205 I InputDevice_Hand: HANDTRACKING ADMIRE hand 0: hpm=1 -> shared=0
03-27 06:52:30.334 18091 18205 I [CT]    : HandPoseSampler: Filter reset
03-27 06:52:30.334 18091 18205 I InputDevice_Hand: HANDTRACKING ADMIRE hand 1: hpm=1 -> shared=0
03-27 06:52:30.345 18091 18205 I [CT]    : HandPoseSampler: Filter reset
03-27 06:52:30.345 18091 18205 I InputDevice_Hand: HANDTRACKING ADMIRE hand 0: hpm=1 -> shared=0
03-27 06:52:30.345 18091 18205 I [CT]    : HandPoseSampler: Filter reset
03-27 06:52:30.345 18091 18205 I InputDevice_Hand: HANDTRACKING ADMIRE hand 1: hpm=1 -> shared=0
03-27 06:52:30.356 18091 18205 I [CT]    : HandPoseSampler: Filter reset
03-27 06:52:30.356 18091 18205 I InputDevice_Hand: HANDTRACKING ADMIRE hand 0: hpm=1 -> shared=0
03-27 06:52:30.356 18091 18205 I [CT]    : HandPoseSampler: Filter reset
03-27 06:52:30.356 18091 18205 I InputDevice_Hand: HANDTRACKING ADMIRE hand 1: hpm=1 -> shared=0
03-27 06:52:30.357   897  1848 I Tracking: Vega: [INSIGHTS] Mode=DescriptorVega,6DoF,Agg=34s,Inl=16,24,40,Mem=94.6,FrameDur=6.3,14.2,PoseLat=1.5,8.5,CamImuLat=10.1,29.2,Jit=0.0,0.2,Drops(Cam=0,IMU=0),MeanIr=3280.8,Exp(5.2ms,g=5,I=59)(5.2ms,g=5,I=59)(5.6ms,g=6,I=59)(4.9ms,g=4,I=61)(0.0ms,g=0)(0.0ms,g=0),NonInertEnv=n
03-27 06:52:30.367 18091 18205 I [CT]    : HandPoseSampler: Filter reset
03-27 06:52:30.367 18091 18205 I InputDevice_Hand: HANDTRACKING ADMIRE hand 0: hpm=1 -> shared=0
03-27 06:52:30.367 18091 18205 I [CT]    : HandPoseSampler: Filter reset
03-27 06:52:30.367 18091 18205 I InputDevice_Hand: HANDTRACKING ADMIRE hand 1: hpm=1 -> shared=0
03-27 06:52:30.378 18091 18205 I [CT]    : HandPoseSampler: Filter reset
03-27 06:52:30.378 18091 18205 I InputDevice_Hand: HANDTRACKING ADMIRE hand 0: hpm=1 -> shared=0
03-27 06:52:30.378 18091 18205 I [CT]    : HandPoseSampler: Filter reset
03-27 06:52:30.378 18091 18205 I InputDevice_Hand: HANDTRACKING ADMIRE hand 1: hpm=1 -> shared=0
03-27 06:52:30.389 18091 18205 I [CT]    : HandPoseSampler: Filter reset
03-27 06:52:30.389 18091 18205 I InputDevice_Hand: HANDTRACKING ADMIRE hand 0: hpm=1 -> shared=0
03-27 06:52:30.389 18091 18205 I [CT]    : HandPoseSampler: Filter reset
03-27 06:52:30.389 18091 18205 I InputDevice_Hand: HANDTRACKING ADMIRE hand 1: hpm=1 -> shared=0
03-27 06:52:30.401 18091 18205 I [CT]    : HandPoseSampler: Filter reset
03-27 06:52:30.401 18091 18205 I InputDevice_Hand: HANDTRACKING ADMIRE hand 0: hpm=1 -> shared=0
03-27 06:52:30.401 18091 18205 I [CT]    : HandPoseSampler: Filter reset
03-27 06:52:30.401 18091 18205 I InputDevice_Hand: HANDTRACKING ADMIRE hand 1: hpm=1 -> shared=0
03-27 06:52:30.411 18091 18205 I [CT]    : HandPoseSampler: Filter reset
03-27 06:52:30.411 18091 18205 I InputDevice_Hand: HANDTRACKING ADMIRE hand 0: hpm=1 -> shared=0
03-27 06:52:30.411 18091 18205 I [CT]    : HandPoseSampler: Filter reset
03-27 06:52:30.411 18091 18205 I InputDevice_Hand: HANDTRACKING ADMIRE hand 1: hpm=1 -> shared=0
03-27 06:52:30.423 18091 18205 I [CT]    : HandPoseSampler: Filter reset
03-27 06:52:30.423 18091 18205 I InputDevice_Hand: HANDTRACKING ADMIRE hand 0: hpm=1 -> shared=0
03-27 06:52:30.423 18091 18205 I [CT]    : HandPoseSampler: Filter reset
03-27 06:52:30.423 18091 18205 I InputDevice_Hand: HANDTRACKING ADMIRE hand 1: hpm=1 -> shared=0
03-27 06:52:30.424  3257  3566 E HighPowerUsageNotificationListener: Average Power: -6.95051143170833, threshold: 12.0
03-27 06:52:30.434 18091 18205 I [CT]    : HandPoseSampler: Filter reset
03-27 06:52:30.434 18091 18205 I InputDevice_Hand: HANDTRACKING ADMIRE hand 0: hpm=1 -> shared=0
03-27 06:52:30.434 18091 18205 I [CT]    : HandPoseSampler: Filter reset
03-27 06:52:30.434 18091 18205 I InputDevice_Hand: HANDTRACKING ADMIRE hand 1: hpm=1 -> shared=0
03-27 06:52:30.444 18091 18205 I [CT]    : HandPoseSampler: Filter reset
03-27 06:52:30.444 18091 18205 I InputDevice_Hand: HANDTRACKING ADMIRE hand 0: hpm=1 -> shared=0
03-27 06:52:30.444 18091 18205 I [CT]    : HandPoseSampler: Filter reset
03-27 06:52:30.444 18091 18205 I InputDevice_Hand: HANDTRACKING ADMIRE hand 1: hpm=1 -> shared=0
03-27 06:52:30.456 18091 18205 I [CT]    : HandPoseSampler: Filter reset
03-27 06:52:30.456 18091 18205 I InputDevice_Hand: HANDTRACKING ADMIRE hand 0: hpm=1 -> shared=0
03-27 06:52:30.456 18091 18205 I [CT]    : HandPoseSampler: Filter reset
03-27 06:52:30.456 18091 18205 I InputDevice_Hand: HANDTRACKING ADMIRE hand 1: hpm=1 -> shared=0
03-27 06:52:30.466 18091 18205 I [CT]    : HandPoseSampler: Filter reset
03-27 06:52:30.466 18091 18205 I InputDevice_Hand: HANDTRACKING ADMIRE hand 0: hpm=1 -> shared=0
03-27 06:52:30.466 18091 18205 I [CT]    : HandPoseSampler: Filter reset
03-27 06:52:30.466 18091 18205 I InputDevice_Hand: HANDTRACKING ADMIRE hand 1: hpm=1 -> shared=0
03-27 06:52:30.477 18091 18205 I [CT]    : HandPoseSampler: Filter reset
03-27 06:52:30.477 18091 18205 I InputDevice_Hand: HANDTRACKING ADMIRE hand 0: hpm=1 -> shared=0
03-27 06:52:30.477 18091 18205 I [CT]    : HandPoseSampler: Filter reset
03-27 06:52:30.477 18091 18205 I InputDevice_Hand: HANDTRACKING ADMIRE hand 1: hpm=1 -> shared=0
03-27 06:52:30.488   897 14310 D TrackingService: 9a0f3b964e7e111f: isControllerInHand(129720.87s): 0 ctEnabled: 1 btnPress: 0 *btnOrTpdTouch: 0 *btnOrTpdProx: 0 static(129720.87s): 0 thbstkOffCenter(129642.84s): 0 
03-27 06:52:30.489   897 14310 D TrackingService: [HANDTRACKING] Controller 9a0f3b964e7e111f in hand: N, valid: Y
03-27 06:52:30.489  2391 14195 D ControllerManagement: RemoteService::recordControllerStatusUpdate: device 9a0f3b964e7e111f: status: CONNECTED_ACTIVE tracking: NONE, errors: --
03-27 06:52:30.489 18091 18205 I [CT]    : HandPoseSampler: Filter reset
03-27 06:52:30.489 18091 18205 I InputDevice_Hand: HANDTRACKING ADMIRE hand 0: hpm=1 -> shared=0
03-27 06:52:30.489 18091 18205 I [CT]    : HandPoseSampler: Filter reset
03-27 06:52:30.489 18091 18205 I InputDevice_Hand: HANDTRACKING ADMIRE hand 1: hpm=1 -> shared=0
03-27 06:52:30.500 18091 18205 I [CT]    : HandPoseSampler: Filter reset
03-27 06:52:30.500 18091 18205 I InputDevice_Hand: HANDTRACKING ADMIRE hand 0: hpm=1 -> shared=0
03-27 06:52:30.500 18091 18205 I [CT]    : HandPoseSampler: Filter reset
03-27 06:52:30.500 18091 18205 I InputDevice_Hand: HANDTRACKING ADMIRE hand 1: hpm=1 -> shared=0
03-27 06:52:30.501 18091 18205 I OpenXR_ClientState: [OATS]: IP changed: unknown/interaction_profiles/meta/touch_controller_plus, 6
03-27 06:52:30.501 18091 18205 I OpenXR_ClientState: [OATS]: IP changed: /user/hand/left/interaction_profiles/meta/touch_controller_plus, -1
03-27 06:52:30.505 18091 18205 W [SEO] InputOpenXr: Interaction Profile retrieval failed: /user/eyes_ext
03-27 06:52:30.511 18091 18205 I [CT]    : HandPoseSampler: Filter reset
03-27 06:52:30.511 18091 18205 I InputDevice_Hand: HANDTRACKING ADMIRE hand 0: hpm=1 -> shared=0
03-27 06:52:30.511 18091 18205 I [CT]    : HandPoseSampler: Filter reset
03-27 06:52:30.511 18091 18205 I InputDevice_Hand: HANDTRACKING ADMIRE hand 1: hpm=1 -> shared=0
03-27 06:52:30.522 18091 18205 I [CT]    : HandPoseSampler: Filter reset
03-27 06:52:30.522 18091 18205 I InputDevice_Hand: HANDTRACKING ADMIRE hand 0: hpm=1 -> shared=0
03-27 06:52:30.523 18091 18205 I [CT]    : HandPoseSampler: Filter reset
03-27 06:52:30.523 18091 18205 I InputDevice_Hand: HANDTRACKING ADMIRE hand 1: hpm=1 -> shared=0
03-27 06:52:30.533 18091 18205 I [CT]    : HandPoseSampler: Filter reset
03-27 06:52:30.533 18091 18205 I InputDevice_Hand: HANDTRACKING ADMIRE hand 0: hpm=1 -> shared=0
03-27 06:52:30.533 18091 18205 I [CT]    : HandPoseSampler: Filter reset
03-27 06:52:30.533 18091 18205 I InputDevice_Hand: HANDTRACKING ADMIRE hand 1: hpm=1 -> shared=0
03-27 06:52:30.544 18091 18205 I [CT]    : HandPoseSampler: Filter reset
03-27 06:52:30.544 18091 18205 I InputDevice_Hand: HANDTRACKING ADMIRE hand 0: hpm=1 -> shared=0
03-27 06:52:30.544 18091 18205 I [CT]    : HandPoseSampler: Filter reset
03-27 06:52:30.544 18091 18205 I InputDevice_Hand: HANDTRACKING ADMIRE hand 1: hpm=1 -> shared=0
03-27 06:52:30.556 18091 18205 I [CT]    : HandPoseSampler: Filter reset
03-27 06:52:30.556 18091 18205 I InputDevice_Hand: HANDTRACKING ADMIRE hand 0: hpm=1 -> shared=0
03-27 06:52:30.556 18091 18205 I [CT]    : HandPoseSampler: Filter reset
03-27 06:52:30.556 18091 18205 I InputDevice_Hand: HANDTRACKING ADMIRE hand 1: hpm=1 -> shared=0
03-27 06:52:30.567 18091 18205 I [CT]    : HandPoseSampler: Filter reset
03-27 06:52:30.567 18091 18205 I InputDevice_Hand: HANDTRACKING ADMIRE hand 0: hpm=1 -> shared=0
03-27 06:52:30.567 18091 18205 I [CT]    : HandPoseSampler: Filter reset
03-27 06:52:30.567 18091 18205 I InputDevice_Hand: HANDTRACKING ADMIRE hand 1: hpm=1 -> shared=0
03-27 06:52:30.578 18091 18205 I [CT]    : HandPoseSampler: Filter reset
03-27 06:52:30.578 18091 18205 I InputDevice_Hand: HANDTRACKING ADMIRE hand 0: hpm=1 -> shared=0
03-27 06:52:30.578 18091 18205 I [CT]    : HandPoseSampler: Filter reset
03-27 06:52:30.578 18091 18205 I InputDevice_Hand: HANDTRACKING ADMIRE hand 1: hpm=1 -> shared=0
03-27 06:52:30.589 18091 18205 I [CT]    : HandPoseSampler: Filter reset
03-27 06:52:30.589 18091 18205 I InputDevice_Hand: HANDTRACKING ADMIRE hand 0: hpm=1 -> shared=0
03-27 06:52:30.589 18091 18205 I [CT]    : HandPoseSampler: Filter reset
03-27 06:52:30.589 18091 18205 I InputDevice_Hand: HANDTRACKING ADMIRE hand 1: hpm=1 -> shared=0
03-27 06:52:30.601 18091 18205 I [CT]    : HandPoseSampler: Filter reset
03-27 06:52:30.601 18091 18205 I InputDevice_Hand: HANDTRACKING ADMIRE hand 0: hpm=1 -> shared=0
03-27 06:52:30.601 18091 18205 I [CT]    : HandPoseSampler: Filter reset
03-27 06:52:30.601 18091 18205 I InputDevice_Hand: HANDTRACKING ADMIRE hand 1: hpm=1 -> shared=0
03-27 06:52:30.612 18091 18205 I [CT]    : HandPoseSampler: Filter reset
03-27 06:52:30.612 18091 18205 I InputDevice_Hand: HANDTRACKING ADMIRE hand 0: hpm=1 -> shared=0
03-27 06:52:30.612 18091 18205 I [CT]    : HandPoseSampler: Filter reset
03-27 06:52:30.612 18091 18205 I InputDevice_Hand: HANDTRACKING ADMIRE hand 1: hpm=1 -> shared=0
03-27 06:52:30.621  2697 14219 I [CT]    : PTApiClients: 1/1:com.oculus.vrshell,PT=1,EnvDepth=0,VrMode=1,LCnt=0/2(rec=0,proj=0,bg=0),SppMeshes=1(vs=4,ts=2),SppInst=1(vs=4,ts=2),NS=0,Sty=0
03-27 06:52:30.623 18091 18205 I [CT]    : HandPoseSampler: Filter reset
03-27 06:52:30.623 18091 18205 I InputDevice_Hand: HANDTRACKING ADMIRE hand 0: hpm=1 -> shared=0
03-27 06:52:30.623 18091 18205 I [CT]    : HandPoseSampler: Filter reset
03-27 06:52:30.623 18091 18205 I InputDevice_Hand: HANDTRACKING ADMIRE hand 1: hpm=1 -> shared=0
03-27 06:52:30.627 18091 18457 W ShellHsr: Renderer: RenderableFilter has 108 tags, which is more than 10. This is expected to be rare. If this becomes common, consider changing RenderableFilter logic to use something other than linear searches for filtering renderable tags (like registered bitsets).
03-27 06:52:30.633 18091 18205 I [CT]    : HandPoseSampler: Filter reset
03-27 06:52:30.633 18091 18205 I InputDevice_Hand: HANDTRACKING ADMIRE hand 0: hpm=1 -> shared=0
03-27 06:52:30.633 18091 18205 I [CT]    : HandPoseSampler: Filter reset
03-27 06:52:30.633 18091 18205 I InputDevice_Hand: HANDTRACKING ADMIRE hand 1: hpm=1 -> shared=0
03-27 06:52:30.642  2697  3402 I FaceEyeTrackingServerManager_Impl: [FaceEyeTrackingServerManager] - orthofitManager is NULL.
03-27 06:52:30.644 18091 18205 I [CT]    : HandPoseSampler: Filter reset
03-27 06:52:30.644 18091 18205 I InputDevice_Hand: HANDTRACKING ADMIRE hand 0: hpm=1 -> shared=0
03-27 06:52:30.644 18091 18205 I [CT]    : HandPoseSampler: Filter reset
03-27 06:52:30.644 18091 18205 I InputDevice_Hand: HANDTRACKING ADMIRE hand 1: hpm=1 -> shared=0
03-27 06:52:30.656 18091 18205 I [CT]    : HandPoseSampler: Filter reset
03-27 06:52:30.656 18091 18205 I InputDevice_Hand: HANDTRACKING ADMIRE hand 0: hpm=1 -> shared=0
03-27 06:52:30.656 18091 18205 I [CT]    : HandPoseSampler: Filter reset
03-27 06:52:30.656 18091 18205 I InputDevice_Hand: HANDTRACKING ADMIRE hand 1: hpm=1 -> shared=0
03-27 06:52:30.667 18091 18205 I [CT]    : HandPoseSampler: Filter reset
03-27 06:52:30.667 18091 18205 I InputDevice_Hand: HANDTRACKING ADMIRE hand 0: hpm=1 -> shared=0
03-27 06:52:30.667 18091 18205 I [CT]    : HandPoseSampler: Filter reset
03-27 06:52:30.667 18091 18205 I InputDevice_Hand: HANDTRACKING ADMIRE hand 1: hpm=1 -> shared=0
03-27 06:52:30.678 18091 18205 I [CT]    : HandPoseSampler: Filter reset
03-27 06:52:30.678 18091 18205 I InputDevice_Hand: HANDTRACKING ADMIRE hand 0: hpm=1 -> shared=0
03-27 06:52:30.678 18091 18205 I [CT]    : HandPoseSampler: Filter reset
03-27 06:52:30.678 18091 18205 I InputDevice_Hand: HANDTRACKING ADMIRE hand 1: hpm=1 -> shared=0
03-27 06:52:30.689 18091 18205 I [CT]    : HandPoseSampler: Filter reset
03-27 06:52:30.689 18091 18205 I InputDevice_Hand: HANDTRACKING ADMIRE hand 0: hpm=1 -> shared=0
03-27 06:52:30.689 18091 18205 I [CT]    : HandPoseSampler: Filter reset
03-27 06:52:30.689 18091 18205 I InputDevice_Hand: HANDTRACKING ADMIRE hand 1: hpm=1 -> shared=0
03-27 06:52:30.695 18224 18352 I AutoStationaryHelper: [AutoStationaryHelper::getGuardianDataFromNearbyRoomscale] Checking 1 existing guardian data
03-27 06:52:30.695 18224 18352 I GuardianMapDataMgr: [GuardianMapDataMgr::isValidTrackedRoomscale] [2575043440] Valid=yes, Roomscale=yes, Anchor [2cee9d32-7f24-ff1e-5555-ae309d8ea246] Tracked=yes
03-27 06:52:30.695 18224 18352 I AutoStationaryHelper: [AutoStationaryHelper::getGuardianDataFromNearbyRoomscale] [2575043440] Distance to HMD: 3.726145
03-27 06:52:30.700 18091 18205 I [CT]    : HandPoseSampler: Filter reset
03-27 06:52:30.700 18091 18205 I InputDevice_Hand: HANDTRACKING ADMIRE hand 0: hpm=1 -> shared=0
03-27 06:52:30.700 18091 18205 I [CT]    : HandPoseSampler: Filter reset
03-27 06:52:30.700 18091 18205 I InputDevice_Hand: HANDTRACKING ADMIRE hand 1: hpm=1 -> shared=0
03-27 06:52:30.711 18091 18205 I [CT]    : HandPoseSampler: Filter reset
03-27 06:52:30.711 18091 18205 I InputDevice_Hand: HANDTRACKING ADMIRE hand 0: hpm=1 -> shared=0
03-27 06:52:30.712 18091 18205 I [CT]    : HandPoseSampler: Filter reset
03-27 06:52:30.712 18091 18205 I InputDevice_Hand: HANDTRACKING ADMIRE hand 1: hpm=1 -> shared=0
03-27 06:52:30.723 18091 18205 I [CT]    : HandPoseSampler: Filter reset
03-27 06:52:30.723 18091 18205 I InputDevice_Hand: HANDTRACKING ADMIRE hand 0: hpm=1 -> shared=0
03-27 06:52:30.723 18091 18205 I [CT]    : HandPoseSampler: Filter reset
03-27 06:52:30.723 18091 18205 I InputDevice_Hand: HANDTRACKING ADMIRE hand 1: hpm=1 -> shared=0
03-27 06:52:30.734 18091 18205 I [CT]    : HandPoseSampler: Filter reset
03-27 06:52:30.734 18091 18205 I InputDevice_Hand: HANDTRACKING ADMIRE hand 0: hpm=1 -> shared=0
03-27 06:52:30.734 18091 18205 I [CT]    : HandPoseSampler: Filter reset
03-27 06:52:30.734 18091 18205 I InputDevice_Hand: HANDTRACKING ADMIRE hand 1: hpm=1 -> shared=0
03-27 06:52:30.745 18091 18205 I [CT]    : HandPoseSampler: Filter reset
03-27 06:52:30.745 18091 18205 I InputDevice_Hand: HANDTRACKING ADMIRE hand 0: hpm=1 -> shared=0
03-27 06:52:30.745 18091 18205 I [CT]    : HandPoseSampler: Filter reset
03-27 06:52:30.745 18091 18205 I InputDevice_Hand: HANDTRACKING ADMIRE hand 1: hpm=1 -> shared=0
03-27 06:52:30.756 18091 18205 I [CT]    : HandPoseSampler: Filter reset
03-27 06:52:30.756 18091 18205 I InputDevice_Hand: HANDTRACKING ADMIRE hand 0: hpm=1 -> shared=0
03-27 06:52:30.756 18091 18205 I [CT]    : HandPoseSampler: Filter reset
03-27 06:52:30.756 18091 18205 I InputDevice_Hand: HANDTRACKING ADMIRE hand 1: hpm=1 -> shared=0
03-27 06:52:30.767 18091 18205 I [CT]    : HandPoseSampler: Filter reset
03-27 06:52:30.767 18091 18205 I InputDevice_Hand: HANDTRACKING ADMIRE hand 0: hpm=1 -> shared=0
03-27 06:52:30.767 18091 18205 I [CT]    : HandPoseSampler: Filter reset
03-27 06:52:30.767 18091 18205 I InputDevice_Hand: HANDTRACKING ADMIRE hand 1: hpm=1 -> shared=0
03-27 06:52:30.778 18091 18205 I [CT]    : HandPoseSampler: Filter reset
03-27 06:52:30.778 18091 18205 I InputDevice_Hand: HANDTRACKING ADMIRE hand 0: hpm=1 -> shared=0
03-27 06:52:30.778 18091 18205 I [CT]    : HandPoseSampler: Filter reset
03-27 06:52:30.778 18091 18205 I InputDevice_Hand: HANDTRACKING ADMIRE hand 1: hpm=1 -> shared=0
03-27 06:52:30.790 18091 18205 I [CT]    : HandPoseSampler: Filter reset
03-27 06:52:30.790 18091 18205 I InputDevice_Hand: HANDTRACKING ADMIRE hand 0: hpm=1 -> shared=0
03-27 06:52:30.790 18091 18205 I [CT]    : HandPoseSampler: Filter reset
03-27 06:52:30.790 18091 18205 I InputDevice_Hand: HANDTRACKING ADMIRE hand 1: hpm=1 -> shared=0
03-27 06:52:30.801 18091 18205 I [CT]    : HandPoseSampler: Filter reset
03-27 06:52:30.801 18091 18205 I InputDevice_Hand: HANDTRACKING ADMIRE hand 0: hpm=1 -> shared=0
03-27 06:52:30.801 18091 18205 I [CT]    : HandPoseSampler: Filter reset
03-27 06:52:30.801 18091 18205 I InputDevice_Hand: HANDTRACKING ADMIRE hand 1: hpm=1 -> shared=0
03-27 06:52:30.811 18091 18205 I [CT]    : HandPoseSampler: Filter reset
03-27 06:52:30.811 18091 18205 I InputDevice_Hand: HANDTRACKING ADMIRE hand 0: hpm=1 -> shared=0
03-27 06:52:30.811 18091 18205 I [CT]    : HandPoseSampler: Filter reset
03-27 06:52:30.811 18091 18205 I InputDevice_Hand: HANDTRACKING ADMIRE hand 1: hpm=1 -> shared=0
03-27 06:52:30.823 18091 18205 I [CT]    : HandPoseSampler: Filter reset
03-27 06:52:30.823 18091 18205 I InputDevice_Hand: HANDTRACKING ADMIRE hand 0: hpm=1 -> shared=0
03-27 06:52:30.823 18091 18205 I [CT]    : HandPoseSampler: Filter reset
03-27 06:52:30.823 18091 18205 I InputDevice_Hand: HANDTRACKING ADMIRE hand 1: hpm=1 -> shared=0
03-27 06:52:30.834 18091 18205 I [CT]    : HandPoseSampler: Filter reset
03-27 06:52:30.834 18091 18205 I InputDevice_Hand: HANDTRACKING ADMIRE hand 0: hpm=1 -> shared=0
03-27 06:52:30.834 18091 18205 I [CT]    : HandPoseSampler: Filter reset
03-27 06:52:30.834 18091 18205 I InputDevice_Hand: HANDTRACKING ADMIRE hand 1: hpm=1 -> shared=0
03-27 06:52:30.845 18091 18205 I [CT]    : HandPoseSampler: Filter reset
03-27 06:52:30.845 18091 18205 I InputDevice_Hand: HANDTRACKING ADMIRE hand 0: hpm=1 -> shared=0
03-27 06:52:30.845 18091 18205 I [CT]    : HandPoseSampler: Filter reset
03-27 06:52:30.845 18091 18205 I InputDevice_Hand: HANDTRACKING ADMIRE hand 1: hpm=1 -> shared=0
03-27 06:52:30.857 18091 18205 I [CT]    : HandPoseSampler: Filter reset
03-27 06:52:30.857 18091 18205 I InputDevice_Hand: HANDTRACKING ADMIRE hand 0: hpm=1 -> shared=0
03-27 06:52:30.857 18091 18205 I [CT]    : HandPoseSampler: Filter reset
03-27 06:52:30.857 18091 18205 I InputDevice_Hand: HANDTRACKING ADMIRE hand 1: hpm=1 -> shared=0
03-27 06:52:30.868 18091 18205 I [CT]    : HandPoseSampler: Filter reset
03-27 06:52:30.868 18091 18205 I InputDevice_Hand: HANDTRACKING ADMIRE hand 0: hpm=1 -> shared=0
03-27 06:52:30.868 18091 18205 I [CT]    : HandPoseSampler: Filter reset
03-27 06:52:30.868 18091 18205 I InputDevice_Hand: HANDTRACKING ADMIRE hand 1: hpm=1 -> shared=0
03-27 06:52:30.879 18091 18205 I [CT]    : HandPoseSampler: Filter reset
03-27 06:52:30.879 18091 18205 I InputDevice_Hand: HANDTRACKING ADMIRE hand 0: hpm=1 -> shared=0
03-27 06:52:30.879 18091 18205 I [CT]    : HandPoseSampler: Filter reset
03-27 06:52:30.879 18091 18205 I InputDevice_Hand: HANDTRACKING ADMIRE hand 1: hpm=1 -> shared=0
03-27 06:52:30.886   897  1854 I Tracking: CONSTELLATION_Left: [Throttled count=179] P+C Left: Imu state is invalid when querying vision state!
03-27 06:52:30.886   897  1854 I Tracking: CONSTELLATION_Left: [Throttled count=89] P+C Left: Not reinitializing 6DoF filter yet (no valid pose from vision).
03-27 06:52:30.890 18091 18205 I [CT]    : HandPoseSampler: Filter reset
03-27 06:52:30.890 18091 18205 I InputDevice_Hand: HANDTRACKING ADMIRE hand 0: hpm=1 -> shared=0
03-27 06:52:30.890 18091 18205 I [CT]    : HandPoseSampler: Filter reset
03-27 06:52:30.890 18091 18205 I InputDevice_Hand: HANDTRACKING ADMIRE hand 1: hpm=1 -> shared=0
03-27 06:52:30.901 18091 18205 I [CT]    : HandPoseSampler: Filter reset
03-27 06:52:30.901 18091 18205 I InputDevice_Hand: HANDTRACKING ADMIRE hand 0: hpm=1 -> shared=0
03-27 06:52:30.901 18091 18205 I [CT]    : HandPoseSampler: Filter reset
03-27 06:52:30.901 18091 18205 I InputDevice_Hand: HANDTRACKING ADMIRE hand 1: hpm=1 -> shared=0
03-27 06:52:30.912 18091 18205 I [CT]    : HandPoseSampler: Filter reset
03-27 06:52:30.912 18091 18205 I InputDevice_Hand: HANDTRACKING ADMIRE hand 0: hpm=1 -> shared=0
03-27 06:52:30.912 18091 18205 I [CT]    : HandPoseSampler: Filter reset
03-27 06:52:30.912 18091 18205 I InputDevice_Hand: HANDTRACKING ADMIRE hand 1: hpm=1 -> shared=0
03-27 06:52:30.923 18091 18205 I [CT]    : HandPoseSampler: Filter reset
03-27 06:52:30.923 18091 18205 I InputDevice_Hand: HANDTRACKING ADMIRE hand 0: hpm=1 -> shared=0
03-27 06:52:30.923 18091 18205 I [CT]    : HandPoseSampler: Filter reset
03-27 06:52:30.923 18091 18205 I InputDevice_Hand: HANDTRACKING ADMIRE hand 1: hpm=1 -> shared=0
03-27 06:52:30.934 18091 18205 I [CT]    : HandPoseSampler: Filter reset
03-27 06:52:30.934 18091 18205 I InputDevice_Hand: HANDTRACKING ADMIRE hand 0: hpm=1 -> shared=0
03-27 06:52:30.934 18091 18205 I [CT]    : HandPoseSampler: Filter reset
03-27 06:52:30.934 18091 18205 I InputDevice_Hand: HANDTRACKING ADMIRE hand 1: hpm=1 -> shared=0
03-27 06:52:30.945 18091 18205 I [CT]    : HandPoseSampler: Filter reset
03-27 06:52:30.945 18091 18205 I InputDevice_Hand: HANDTRACKING ADMIRE hand 0: hpm=1 -> shared=0
03-27 06:52:30.945 18091 18205 I [CT]    : HandPoseSampler: Filter reset
03-27 06:52:30.945 18091 18205 I InputDevice_Hand: HANDTRACKING ADMIRE hand 1: hpm=1 -> shared=0
03-27 06:52:30.956 18091 18205 I [CT]    : HandPoseSampler: Filter reset
03-27 06:52:30.956 18091 18205 I InputDevice_Hand: HANDTRACKING ADMIRE hand 0: hpm=1 -> shared=0
03-27 06:52:30.956 18091 18205 I [CT]    : HandPoseSampler: Filter reset
03-27 06:52:30.956 18091 18205 I InputDevice_Hand: HANDTRACKING ADMIRE hand 1: hpm=1 -> shared=0
03-27 06:52:30.967 18091 18205 I [CT]    : HandPoseSampler: Filter reset
03-27 06:52:30.967 18091 18205 I InputDevice_Hand: HANDTRACKING ADMIRE hand 0: hpm=1 -> shared=0
03-27 06:52:30.967 18091 18205 I [CT]    : HandPoseSampler: Filter reset
03-27 06:52:30.967 18091 18205 I InputDevice_Hand: HANDTRACKING ADMIRE hand 1: hpm=1 -> shared=0
03-27 06:52:30.978 18091 18205 I [CT]    : HandPoseSampler: Filter reset
03-27 06:52:30.978 18091 18205 I InputDevice_Hand: HANDTRACKING ADMIRE hand 0: hpm=1 -> shared=0
03-27 06:52:30.978 18091 18205 I [CT]    : HandPoseSampler: Filter reset
03-27 06:52:30.978 18091 18205 I InputDevice_Hand: HANDTRACKING ADMIRE hand 1: hpm=1 -> shared=0
03-27 06:52:30.989 18091 18205 I [CT]    : HandPoseSampler: Filter reset
03-27 06:52:30.989 18091 18205 I InputDevice_Hand: HANDTRACKING ADMIRE hand 0: hpm=1 -> shared=0
03-27 06:52:30.989 18091 18205 I [CT]    : HandPoseSampler: Filter reset
03-27 06:52:30.989 18091 18205 I InputDevice_Hand: HANDTRACKING ADMIRE hand 1: hpm=1 -> shared=0
03-27 06:52:30.997  7325 14762 I HorizonDsatHelper: fetchTokenValueAsync - callingPackage: com.oculus.horizon, actionName: com.oculus.auth.ACTION_FETCH_HORIZON_DEVICE_SCOPED_CREDENTIALS
03-27 06:52:30.997  7325 14762 I HorizonDsatHelper: fetchTokenAsync - forceRefresh: false, actionName: com.oculus.auth.ACTION_FETCH_HORIZON_DEVICE_SCOPED_CREDENTIALS
03-27 06:52:30.997  7325 14762 I HorizonDsatHelper: Returning stored token
03-27 06:52:30.998  7325 14762 I AuthLogger: Action succeeded: OBTAIN_TOKEN, callingPackage: com.oculus.horizon, accountType: com.oculus, tokenType: dsat, extras: {logging_source=HorizonDsatHelper, options={"forceRefresh":false,"method":"fetchTokenValueAsync","isCachedToken":true}, token_scope=ROOT, outcome=token, status=success}, duration: 0ms
03-27 06:52:30.998  7325 14762 I HorizonDsatHelper: fetchTokenAsync:: OnResult - callingPackage: com.oculus.horizon, actionName: com.oculus.auth.ACTION_FETCH_HORIZON_DEVICE_SCOPED_CREDENTIALS, forceRefresh: false, isResultPresent: true
03-27 06:52:31.000 18091 18205 I [CT]    : HandPoseSampler: Filter reset
03-27 06:52:31.000 18091 18205 I InputDevice_Hand: HANDTRACKING ADMIRE hand 0: hpm=1 -> shared=0
03-27 06:52:31.000 18091 18205 I [CT]    : HandPoseSampler: Filter reset
03-27 06:52:31.000 18091 18205 I InputDevice_Hand: HANDTRACKING ADMIRE hand 1: hpm=1 -> shared=0
03-27 06:52:31.009 18091 14209 I VrApi   : FPS=91/90,Prd=23ms,Tear=0,Early=0,Stale=0,Stale2/5/10/max=0/0/0/0,VSnc=1,Lat=-4,Fov=3,CPU4/GPU=-1/-1,1920/545MHz,OC=3F,TA=0/0/0,SP=N/N/N,Mem=1708MHz,Free=4019MB,PLS=0,Temp=34.0C/0.0C,TW=0.54ms,App=1.59ms,GD=0.00ms,CPU&GPU=8.10ms,LCnt=1(DR90,LM0),GPU%=0.21,CPU%=0.21(W0.27),CFL=11.44/15.13,ICFLp95=13.50,LD=0,CABC=1,SF=0.78,LP=1,DVFS=0,Preempt=180,PoseAgeP95=0.00
03-27 06:52:31.009 18091 14209 I VrApi   : ASW=0,Type=PTWFromStereo,E=0.000/0.000,D=0.000/0.000
03-27 06:52:31.011 18091 18205 I [CT]    : HandPoseSampler: Filter reset
03-27 06:52:31.011 18091 18205 I InputDevice_Hand: HANDTRACKING ADMIRE hand 0: hpm=1 -> shared=0
03-27 06:52:31.011 18091 18205 I [CT]    : HandPoseSampler: Filter reset
03-27 06:52:31.011 18091 18205 I InputDevice_Hand: HANDTRACKING ADMIRE hand 1: hpm=1 -> shared=0
03-27 06:52:31.022 18091 18205 I [CT]    : HandPoseSampler: Filter reset
03-27 06:52:31.022 18091 18205 I InputDevice_Hand: HANDTRACKING ADMIRE hand 0: hpm=1 -> shared=0
03-27 06:52:31.022 18091 18205 I [CT]    : HandPoseSampler: Filter reset
03-27 06:52:31.022 18091 18205 I InputDevice_Hand: HANDTRACKING ADMIRE hand 1: hpm=1 -> shared=0
03-27 06:52:31.034 18091 18205 I [CT]    : HandPoseSampler: Filter reset
03-27 06:52:31.034 18091 18205 I InputDevice_Hand: HANDTRACKING ADMIRE hand 0: hpm=1 -> shared=0
03-27 06:52:31.034 18091 18205 I [CT]    : HandPoseSampler: Filter reset
03-27 06:52:31.034 18091 18205 I InputDevice_Hand: HANDTRACKING ADMIRE hand 1: hpm=1 -> shared=0
03-27 06:52:31.045 18091 18205 I [CT]    : HandPoseSampler: Filter reset
03-27 06:52:31.045 18091 18205 I InputDevice_Hand: HANDTRACKING ADMIRE hand 0: hpm=1 -> shared=0
03-27 06:52:31.045 18091 18205 I [CT]    : HandPoseSampler: Filter reset
03-27 06:52:31.045 18091 18205 I InputDevice_Hand: HANDTRACKING ADMIRE hand 1: hpm=1 -> shared=0
03-27 06:52:31.055 18091 18205 I [CT]    : HandPoseSampler: Filter reset
03-27 06:52:31.055 18091 18205 I InputDevice_Hand: HANDTRACKING ADMIRE hand 0: hpm=1 -> shared=0
03-27 06:52:31.055 18091 18205 I [CT]    : HandPoseSampler: Filter reset
03-27 06:52:31.055 18091 18205 I InputDevice_Hand: HANDTRACKING ADMIRE hand 1: hpm=1 -> shared=0
03-27 06:52:31.056   920 14201 I VD628x  : Flicker results: freq 120.000000, max 119.903297, dcr 32.863163, pct 0.042016, idx 0.013182, conf 0.851383, snr 7.742942, svm 0.071371, sus 0
03-27 06:52:31.067 18091 18205 I [CT]    : HandPoseSampler: Filter reset
03-27 06:52:31.067 18091 18205 I InputDevice_Hand: HANDTRACKING ADMIRE hand 0: hpm=1 -> shared=0
03-27 06:52:31.067 18091 18205 I [CT]    : HandPoseSampler: Filter reset
03-27 06:52:31.067 18091 18205 I InputDevice_Hand: HANDTRACKING ADMIRE hand 1: hpm=1 -> shared=0
03-27 06:52:31.077   897 14310 D TrackingService: 9a0f3b964e7e111f: isControllerInHand(129723.46s): 1 ctEnabled: 1 btnPress: 0 *btnOrTpdTouch: 0 *btnOrTpdProx: 0 static(129723.46s): 1 thbstkOffCenter(129642.84s): 0 
03-27 06:52:31.078   897 14310 D TrackingService: [HANDTRACKING] Controller 9a0f3b964e7e111f in hand: Y, valid: Y
03-27 06:52:31.078  2391 14195 D ControllerManagement: RemoteService::recordControllerStatusUpdate: device 9a0f3b964e7e111f: status: CONNECTED_ACTIVE tracking: NONE, errors: --
03-27 06:52:31.078 18091 18205 I [CT]    : HandPoseSampler: Filter reset
03-27 06:52:31.078 18091 18205 I InputDevice_Hand: HANDTRACKING ADMIRE hand 0: hpm=1 -> shared=0
03-27 06:52:31.078 18091 18205 I [CT]    : HandPoseSampler: Filter reset
03-27 06:52:31.078 18091 18205 I InputDevice_Hand: HANDTRACKING ADMIRE hand 1: hpm=1 -> shared=0
03-27 06:52:31.085   897  1854 I Tracking: CONSTELLATION_Right: [Throttled count=2] P+C Right: : Pushing zero velocity update
03-27 06:52:31.089 18091 18205 I [CT]    : HandPoseSampler: Filter reset
03-27 06:52:31.089 18091 18205 I InputDevice_Hand: HANDTRACKING ADMIRE hand 0: hpm=1 -> shared=0
03-27 06:52:31.089 18091 18205 I [CT]    : HandPoseSampler: Filter reset
03-27 06:52:31.089 18091 18205 I InputDevice_Hand: HANDTRACKING ADMIRE hand 1: hpm=1 -> shared=0
03-27 06:52:31.089 18091 18205 I OpenXR_ClientState: [OATS]: IP changed: /user/hand/left/interaction_profiles/meta/touch_controller_plus, 6
03-27 06:52:31.089 18091 18205 I OpenXR_ClientState: [OATS]: IP changed: unknown/interaction_profiles/meta/touch_controller_plus, -1
03-27 06:52:31.093 18091 18205 W [SEO] InputOpenXr: Interaction Profile retrieval failed: /user/eyes_ext
03-27 06:52:31.101 18091 18205 I [CT]    : HandPoseSampler: Filter reset
03-27 06:52:31.101 18091 18205 I InputDevice_Hand: HANDTRACKING ADMIRE hand 0: hpm=1 -> shared=0
03-27 06:52:31.101 18091 18205 I [CT]    : HandPoseSampler: Filter reset
03-27 06:52:31.101 18091 18205 I InputDevice_Hand: HANDTRACKING ADMIRE hand 1: hpm=1 -> shared=0
03-27 06:52:31.111 18091 18205 I [CT]    : HandPoseSampler: Filter reset
03-27 06:52:31.111 18091 18205 I InputDevice_Hand: HANDTRACKING ADMIRE hand 0: hpm=1 -> shared=0
03-27 06:52:31.111 18091 18205 I [CT]    : HandPoseSampler: Filter reset
03-27 06:52:31.111 18091 18205 I InputDevice_Hand: HANDTRACKING ADMIRE hand 1: hpm=1 -> shared=0
03-27 06:52:31.123 18091 18205 I [CT]    : HandPoseSampler: Filter reset
03-27 06:52:31.123 18091 18205 I InputDevice_Hand: HANDTRACKING ADMIRE hand 0: hpm=1 -> shared=0
03-27 06:52:31.123 18091 18205 I [CT]    : HandPoseSampler: Filter reset
03-27 06:52:31.123 18091 18205 I InputDevice_Hand: HANDTRACKING ADMIRE hand 1: hpm=1 -> shared=0
03-27 06:52:31.133 18091 18205 I [CT]    : HandPoseSampler: Filter reset
03-27 06:52:31.133 18091 18205 I InputDevice_Hand: HANDTRACKING ADMIRE hand 0: hpm=1 -> shared=0
03-27 06:52:31.133 18091 18205 I [CT]    : HandPoseSampler: Filter reset
03-27 06:52:31.133 18091 18205 I InputDevice_Hand: HANDTRACKING ADMIRE hand 1: hpm=1 -> shared=0
03-27 06:52:31.144 18091 18205 I [CT]    : HandPoseSampler: Filter reset
03-27 06:52:31.144 18091 18205 I InputDevice_Hand: HANDTRACKING ADMIRE hand 0: hpm=1 -> shared=0
03-27 06:52:31.144 18091 18205 I [CT]    : HandPoseSampler: Filter reset
03-27 06:52:31.144 18091 18205 I InputDevice_Hand: HANDTRACKING ADMIRE hand 1: hpm=1 -> shared=0
03-27 06:52:31.156 18091 18205 I [CT]    : HandPoseSampler: Filter reset
03-27 06:52:31.156 18091 18205 I InputDevice_Hand: HANDTRACKING ADMIRE hand 0: hpm=1 -> shared=0
03-27 06:52:31.156 18091 18205 I [CT]    : HandPoseSampler: Filter reset
03-27 06:52:31.156 18091 18205 I InputDevice_Hand: HANDTRACKING ADMIRE hand 1: hpm=1 -> shared=0
03-27 06:52:31.167 18091 18205 I [CT]    : HandPoseSampler: Filter reset
03-27 06:52:31.167 18091 18205 I InputDevice_Hand: HANDTRACKING ADMIRE hand 0: hpm=1 -> shared=0
03-27 06:52:31.167 18091 18205 I [CT]    : HandPoseSampler: Filter reset
03-27 06:52:31.167 18091 18205 I InputDevice_Hand: HANDTRACKING ADMIRE hand 1: hpm=1 -> shared=0
03-27 06:52:31.178 18091 18205 I [CT]    : HandPoseSampler: Filter reset
03-27 06:52:31.178 18091 18205 I InputDevice_Hand: HANDTRACKING ADMIRE hand 0: hpm=1 -> shared=0
03-27 06:52:31.178 18091 18205 I [CT]    : HandPoseSampler: Filter reset
03-27 06:52:31.178 18091 18205 I InputDevice_Hand: HANDTRACKING ADMIRE hand 1: hpm=1 -> shared=0
03-27 06:52:31.189 18091 18205 I [CT]    : HandPoseSampler: Filter reset
03-27 06:52:31.189 18091 18205 I InputDevice_Hand: HANDTRACKING ADMIRE hand 0: hpm=1 -> shared=0
03-27 06:52:31.189 18091 18205 I [CT]    : HandPoseSampler: Filter reset
03-27 06:52:31.189 18091 18205 I InputDevice_Hand: HANDTRACKING ADMIRE hand 1: hpm=1 -> shared=0
03-27 06:52:31.201 18091 18205 I [CT]    : HandPoseSampler: Filter reset
03-27 06:52:31.201 18091 18205 I InputDevice_Hand: HANDTRACKING ADMIRE hand 0: hpm=1 -> shared=0
03-27 06:52:31.201 18091 18205 I [CT]    : HandPoseSampler: Filter reset
03-27 06:52:31.201 18091 18205 I InputDevice_Hand: HANDTRACKING ADMIRE hand 1: hpm=1 -> shared=0
03-27 06:52:31.211 18091 18205 I [CT]    : HandPoseSampler: Filter reset
03-27 06:52:31.211 18091 18205 I InputDevice_Hand: HANDTRACKING ADMIRE hand 0: hpm=1 -> shared=0
03-27 06:52:31.212 18091 18205 I [CT]    : HandPoseSampler: Filter reset
03-27 06:52:31.212 18091 18205 I InputDevice_Hand: HANDTRACKING ADMIRE hand 1: hpm=1 -> shared=0
03-27 06:52:31.222 18091 18205 I [CT]    : HandPoseSampler: Filter reset
03-27 06:52:31.222 18091 18205 I InputDevice_Hand: HANDTRACKING ADMIRE hand 0: hpm=1 -> shared=0
03-27 06:52:31.222 18091 18205 I [CT]    : HandPoseSampler: Filter reset
03-27 06:52:31.222 18091 18205 I InputDevice_Hand: HANDTRACKING ADMIRE hand 1: hpm=1 -> shared=0
03-27 06:52:31.234 18091 18205 I [CT]    : HandPoseSampler: Filter reset
03-27 06:52:31.234 18091 18205 I InputDevice_Hand: HANDTRACKING ADMIRE hand 0: hpm=1 -> shared=0
03-27 06:52:31.234 18091 18205 I [CT]    : HandPoseSampler: Filter reset
03-27 06:52:31.234 18091 18205 I InputDevice_Hand: HANDTRACKING ADMIRE hand 1: hpm=1 -> shared=0
03-27 06:52:31.245 18091 18205 I [CT]    : HandPoseSampler: Filter reset
03-27 06:52:31.245 18091 18205 I InputDevice_Hand: HANDTRACKING ADMIRE hand 0: hpm=1 -> shared=0
03-27 06:52:31.245 18091 18205 I [CT]    : HandPoseSampler: Filter reset
03-27 06:52:31.245 18091 18205 I InputDevice_Hand: HANDTRACKING ADMIRE hand 1: hpm=1 -> shared=0
03-27 06:52:31.256 18091 18205 I [CT]    : HandPoseSampler: Filter reset
03-27 06:52:31.256 18091 18205 I InputDevice_Hand: HANDTRACKING ADMIRE hand 0: hpm=1 -> shared=0
03-27 06:52:31.256 18091 18205 I [CT]    : HandPoseSampler: Filter reset
03-27 06:52:31.256 18091 18205 I InputDevice_Hand: HANDTRACKING ADMIRE hand 1: hpm=1 -> shared=0
03-27 06:52:31.267 18091 18205 I [CT]    : HandPoseSampler: Filter reset
03-27 06:52:31.267 18091 18205 I InputDevice_Hand: HANDTRACKING ADMIRE hand 0: hpm=1 -> shared=0
03-27 06:52:31.267 18091 18205 I [CT]    : HandPoseSampler: Filter reset
03-27 06:52:31.267 18091 18205 I InputDevice_Hand: HANDTRACKING ADMIRE hand 1: hpm=1 -> shared=0
03-27 06:52:31.278 18091 18205 I [CT]    : HandPoseSampler: Filter reset
03-27 06:52:31.278 18091 18205 I InputDevice_Hand: HANDTRACKING ADMIRE hand 0: hpm=1 -> shared=0
03-27 06:52:31.278 18091 18205 I [CT]    : HandPoseSampler: Filter reset
03-27 06:52:31.278 18091 18205 I InputDevice_Hand: HANDTRACKING ADMIRE hand 1: hpm=1 -> shared=0
03-27 06:52:31.289 18091 18205 I [CT]    : HandPoseSampler: Filter reset
03-27 06:52:31.289 18091 18205 I InputDevice_Hand: HANDTRACKING ADMIRE hand 0: hpm=1 -> shared=0
03-27 06:52:31.289 18091 18205 I [CT]    : HandPoseSampler: Filter reset
03-27 06:52:31.289 18091 18205 I InputDevice_Hand: HANDTRACKING ADMIRE hand 1: hpm=1 -> shared=0
03-27 06:52:31.301 18091 18205 I [CT]    : HandPoseSampler: Filter reset
03-27 06:52:31.301 18091 18205 I InputDevice_Hand: HANDTRACKING ADMIRE hand 0: hpm=1 -> shared=0
03-27 06:52:31.301 18091 18205 I [CT]    : HandPoseSampler: Filter reset
03-27 06:52:31.301 18091 18205 I InputDevice_Hand: HANDTRACKING ADMIRE hand 1: hpm=1 -> shared=0
03-27 06:52:31.311 18091 18205 I [CT]    : HandPoseSampler: Filter reset
03-27 06:52:31.311 18091 18205 I InputDevice_Hand: HANDTRACKING ADMIRE hand 0: hpm=1 -> shared=0
03-27 06:52:31.311 18091 18205 I [CT]    : HandPoseSampler: Filter reset
03-27 06:52:31.311 18091 18205 I InputDevice_Hand: HANDTRACKING ADMIRE hand 1: hpm=1 -> shared=0
03-27 06:52:31.323 18091 18205 I [CT]    : HandPoseSampler: Filter reset
03-27 06:52:31.323 18091 18205 I InputDevice_Hand: HANDTRACKING ADMIRE hand 0: hpm=1 -> shared=0
03-27 06:52:31.323 18091 18205 I [CT]    : HandPoseSampler: Filter reset
03-27 06:52:31.323 18091 18205 I InputDevice_Hand: HANDTRACKING ADMIRE hand 1: hpm=1 -> shared=0
03-27 06:52:31.334 18091 18205 I [CT]    : HandPoseSampler: Filter reset
03-27 06:52:31.334 18091 18205 I InputDevice_Hand: HANDTRACKING ADMIRE hand 0: hpm=1 -> shared=0
03-27 06:52:31.334 18091 18205 I [CT]    : HandPoseSampler: Filter reset
03-27 06:52:31.334 18091 18205 I InputDevice_Hand: HANDTRACKING ADMIRE hand 1: hpm=1 -> shared=0
03-27 06:52:31.334   897 14310 W Tracking: CONSTELLATION_Left: [Throttled count=503] P+C Left: Could not retrieve 3dof fallback pose.
03-27 06:52:31.344 18091 18205 I [CT]    : HandPoseSampler: Filter reset
03-27 06:52:31.344 18091 18205 I InputDevice_Hand: HANDTRACKING ADMIRE hand 0: hpm=1 -> shared=0
03-27 06:52:31.344 18091 18205 I [CT]    : HandPoseSampler: Filter reset
03-27 06:52:31.344 18091 18205 I InputDevice_Hand: HANDTRACKING ADMIRE hand 1: hpm=1 -> shared=0
03-27 06:52:31.356 18091 18205 I [CT]    : HandPoseSampler: Filter reset
03-27 06:52:31.356 18091 18205 I InputDevice_Hand: HANDTRACKING ADMIRE hand 0: hpm=1 -> shared=0
03-27 06:52:31.356 18091 18205 I [CT]    : HandPoseSampler: Filter reset
03-27 06:52:31.356 18091 18205 I InputDevice_Hand: HANDTRACKING ADMIRE hand 1: hpm=1 -> shared=0
03-27 06:52:31.360   897 14271 W Tracking: IoteLogging: IMU Update exceeded imu sampling period: update=0.001968763 [sec], period=0.001250000 [sec].
03-27 06:52:31.367 18091 18205 I [CT]    : HandPoseSampler: Filter reset
03-27 06:52:31.367 18091 18205 I InputDevice_Hand: HANDTRACKING ADMIRE hand 0: hpm=1 -> shared=0
03-27 06:52:31.367 18091 18205 I [CT]    : HandPoseSampler: Filter reset
03-27 06:52:31.367 18091 18205 I InputDevice_Hand: HANDTRACKING ADMIRE hand 1: hpm=1 -> shared=0
03-27 06:52:31.377 18091 18205 I [CT]    : HandPoseSampler: Filter reset
03-27 06:52:31.378 18091 18205 I InputDevice_Hand: HANDTRACKING ADMIRE hand 0: hpm=1 -> shared=0
03-27 06:52:31.378 18091 18205 I [CT]    : HandPoseSampler: Filter reset
03-27 06:52:31.378 18091 18205 I InputDevice_Hand: HANDTRACKING ADMIRE hand 1: hpm=1 -> shared=0
03-27 06:52:31.389 18091 18205 I [CT]    : HandPoseSampler: Filter reset
03-27 06:52:31.389 18091 18205 I InputDevice_Hand: HANDTRACKING ADMIRE hand 0: hpm=1 -> shared=0
03-27 06:52:31.389 18091 18205 I [CT]    : HandPoseSampler: Filter reset
03-27 06:52:31.389 18091 18205 I InputDevice_Hand: HANDTRACKING ADMIRE hand 1: hpm=1 -> shared=0
03-27 06:52:31.400 18091 18205 I [CT]    : HandPoseSampler: Filter reset
03-27 06:52:31.400 18091 18205 I InputDevice_Hand: HANDTRACKING ADMIRE hand 0: hpm=1 -> shared=0
03-27 06:52:31.400 18091 18205 I [CT]    : HandPoseSampler: Filter reset
03-27 06:52:31.400 18091 18205 I InputDevice_Hand: HANDTRACKING ADMIRE hand 1: hpm=1 -> shared=0
03-27 06:52:31.412 18091 18205 I [CT]    : HandPoseSampler: Filter reset
03-27 06:52:31.412 18091 18205 I InputDevice_Hand: HANDTRACKING ADMIRE hand 0: hpm=1 -> shared=0
03-27 06:52:31.412 18091 18205 I [CT]    : HandPoseSampler: Filter reset
03-27 06:52:31.412 18091 18205 I InputDevice_Hand: HANDTRACKING ADMIRE hand 1: hpm=1 -> shared=0
03-27 06:52:31.422 18091 18205 I [CT]    : HandPoseSampler: Filter reset
03-27 06:52:31.422 18091 18205 I InputDevice_Hand: HANDTRACKING ADMIRE hand 0: hpm=1 -> shared=0
03-27 06:52:31.422 18091 18205 I [CT]    : HandPoseSampler: Filter reset
03-27 06:52:31.422 18091 18205 I InputDevice_Hand: HANDTRACKING ADMIRE hand 1: hpm=1 -> shared=0
03-27 06:52:31.433 18091 18205 I [CT]    : HandPoseSampler: Filter reset
03-27 06:52:31.433 18091 18205 I InputDevice_Hand: HANDTRACKING ADMIRE hand 0: hpm=1 -> shared=0
03-27 06:52:31.433 18091 18205 I [CT]    : HandPoseSampler: Filter reset
03-27 06:52:31.433 18091 18205 I InputDevice_Hand: HANDTRACKING ADMIRE hand 1: hpm=1 -> shared=0
03-27 06:52:31.444 18091 18205 I [CT]    : HandPoseSampler: Filter reset
03-27 06:52:31.444 18091 18205 I InputDevice_Hand: HANDTRACKING ADMIRE hand 0: hpm=1 -> shared=0
03-27 06:52:31.444 18091 18205 I [CT]    : HandPoseSampler: Filter reset
03-27 06:52:31.444 18091 18205 I InputDevice_Hand: HANDTRACKING ADMIRE hand 1: hpm=1 -> shared=0
03-27 06:52:31.450   927 19557 I libcamerahal: [INSIGHTS][2.00s] recv/ret/req heartbeat: cam0: 90/90/0, cam1: 90/90/0, cam2: 90/90/0, cam3: 90/90/0
03-27 06:52:31.455 18091 18205 I [CT]    : HandPoseSampler: Filter reset
03-27 06:52:31.455 18091 18205 I InputDevice_Hand: HANDTRACKING ADMIRE hand 0: hpm=1 -> shared=0
03-27 06:52:31.455 18091 18205 I [CT]    : HandPoseSampler: Filter reset
03-27 06:52:31.455 18091 18205 I InputDevice_Hand: HANDTRACKING ADMIRE hand 1: hpm=1 -> shared=0
03-27 06:52:31.466 18091 18205 I [CT]    : HandPoseSampler: Filter reset
03-27 06:52:31.466 18091 18205 I InputDevice_Hand: HANDTRACKING ADMIRE hand 0: hpm=1 -> shared=0
03-27 06:52:31.466 18091 18205 I [CT]    : HandPoseSampler: Filter reset
03-27 06:52:31.466 18091 18205 I InputDevice_Hand: HANDTRACKING ADMIRE hand 1: hpm=1 -> shared=0
03-27 06:52:31.477 18091 18205 I [CT]    : HandPoseSampler: Filter reset
03-27 06:52:31.477 18091 18205 I InputDevice_Hand: HANDTRACKING ADMIRE hand 0: hpm=1 -> shared=0
03-27 06:52:31.477 18091 18205 I [CT]    : HandPoseSampler: Filter reset
03-27 06:52:31.478 18091 18205 I InputDevice_Hand: HANDTRACKING ADMIRE hand 1: hpm=1 -> shared=0
03-27 06:52:31.489 18091 18205 I [CT]    : HandPoseSampler: Filter reset
03-27 06:52:31.489 18091 18205 I InputDevice_Hand: HANDTRACKING ADMIRE hand 0: hpm=1 -> shared=0
03-27 06:52:31.489 18091 18205 I [CT]    : HandPoseSampler: Filter reset
03-27 06:52:31.489 18091 18205 I InputDevice_Hand: HANDTRACKING ADMIRE hand 1: hpm=1 -> shared=0
03-27 06:52:31.500 18091 18205 I [CT]    : HandPoseSampler: Filter reset
03-27 06:52:31.500 18091 18205 I InputDevice_Hand: HANDTRACKING ADMIRE hand 0: hpm=1 -> shared=0
03-27 06:52:31.500 18091 18205 I [CT]    : HandPoseSampler: Filter reset
03-27 06:52:31.500 18091 18205 I InputDevice_Hand: HANDTRACKING ADMIRE hand 1: hpm=1 -> shared=0
03-27 06:52:31.511 18091 18205 I [CT]    : HandPoseSampler: Filter reset
03-27 06:52:31.511 18091 18205 I InputDevice_Hand: HANDTRACKING ADMIRE hand 0: hpm=1 -> shared=0
03-27 06:52:31.511 18091 18205 I [CT]    : HandPoseSampler: Filter reset
03-27 06:52:31.511 18091 18205 I InputDevice_Hand: HANDTRACKING ADMIRE hand 1: hpm=1 -> shared=0
03-27 06:52:31.522 18091 18205 I [CT]    : HandPoseSampler: Filter reset
03-27 06:52:31.522 18091 18205 I InputDevice_Hand: HANDTRACKING ADMIRE hand 0: hpm=1 -> shared=0
03-27 06:52:31.523 18091 18205 I [CT]    : HandPoseSampler: Filter reset
03-27 06:52:31.523 18091 18205 I InputDevice_Hand: HANDTRACKING ADMIRE hand 1: hpm=1 -> shared=0
03-27 06:52:31.534 18091 18205 I [CT]    : HandPoseSampler: Filter reset
03-27 06:52:31.534 18091 18205 I InputDevice_Hand: HANDTRACKING ADMIRE hand 0: hpm=1 -> shared=0
03-27 06:52:31.534 18091 18205 I [CT]    : HandPoseSampler: Filter reset
03-27 06:52:31.534 18091 18205 I InputDevice_Hand: HANDTRACKING ADMIRE hand 1: hpm=1 -> shared=0
03-27 06:52:31.543 18091 18205 I [CT]    : HandPoseSampler: Filter reset
03-27 06:52:31.543 18091 18205 I InputDevice_Hand: HANDTRACKING ADMIRE hand 0: hpm=1 -> shared=0
03-27 06:52:31.543 18091 18205 I [CT]    : HandPoseSampler: Filter reset
03-27 06:52:31.543 18091 18205 I InputDevice_Hand: HANDTRACKING ADMIRE hand 1: hpm=1 -> shared=0
03-27 06:52:31.555 18091 18205 I [CT]    : HandPoseSampler: Filter reset
03-27 06:52:31.555 18091 18205 I InputDevice_Hand: HANDTRACKING ADMIRE hand 0: hpm=1 -> shared=0
03-27 06:52:31.555 18091 18205 I [CT]    : HandPoseSampler: Filter reset
03-27 06:52:31.555 18091 18205 I InputDevice_Hand: HANDTRACKING ADMIRE hand 1: hpm=1 -> shared=0
03-27 06:52:31.567 18091 18205 I [CT]    : HandPoseSampler: Filter reset
03-27 06:52:31.567 18091 18205 I InputDevice_Hand: HANDTRACKING ADMIRE hand 0: hpm=1 -> shared=0
03-27 06:52:31.567 18091 18205 I [CT]    : HandPoseSampler: Filter reset
03-27 06:52:31.567 18091 18205 I InputDevice_Hand: HANDTRACKING ADMIRE hand 1: hpm=1 -> shared=0
03-27 06:52:31.578 18091 18205 I [CT]    : HandPoseSampler: Filter reset
03-27 06:52:31.578 18091 18205 I InputDevice_Hand: HANDTRACKING ADMIRE hand 0: hpm=1 -> shared=0
03-27 06:52:31.578 18091 18205 I [CT]    : HandPoseSampler: Filter reset
03-27 06:52:31.578 18091 18205 I InputDevice_Hand: HANDTRACKING ADMIRE hand 1: hpm=1 -> shared=0
03-27 06:52:31.588 18091 18205 I [CT]    : HandPoseSampler: Filter reset
03-27 06:52:31.588 18091 18205 I InputDevice_Hand: HANDTRACKING ADMIRE hand 0: hpm=1 -> shared=0
03-27 06:52:31.588 18091 18205 I [CT]    : HandPoseSampler: Filter reset
03-27 06:52:31.588 18091 18205 I InputDevice_Hand: HANDTRACKING ADMIRE hand 1: hpm=1 -> shared=0
03-27 06:52:31.600 18091 18205 I [CT]    : HandPoseSampler: Filter reset
03-27 06:52:31.600 18091 18205 I InputDevice_Hand: HANDTRACKING ADMIRE hand 0: hpm=1 -> shared=0
03-27 06:52:31.600 18091 18205 I [CT]    : HandPoseSampler: Filter reset
03-27 06:52:31.600 18091 18205 I InputDevice_Hand: HANDTRACKING ADMIRE hand 1: hpm=1 -> shared=0
03-27 06:52:31.611 18091 18205 I [CT]    : HandPoseSampler: Filter reset
03-27 06:52:31.611 18091 18205 I InputDevice_Hand: HANDTRACKING ADMIRE hand 0: hpm=1 -> shared=0
03-27 06:52:31.611 18091 18205 I [CT]    : HandPoseSampler: Filter reset
03-27 06:52:31.611 18091 18205 I InputDevice_Hand: HANDTRACKING ADMIRE hand 1: hpm=1 -> shared=0
03-27 06:52:31.622 18091 18205 I [CT]    : HandPoseSampler: Filter reset
03-27 06:52:31.623 18091 18205 I InputDevice_Hand: HANDTRACKING ADMIRE hand 0: hpm=1 -> shared=0
03-27 06:52:31.623 18091 18205 I [CT]    : HandPoseSampler: Filter reset
03-27 06:52:31.623 18091 18205 I InputDevice_Hand: HANDTRACKING ADMIRE hand 1: hpm=1 -> shared=0
03-27 06:52:31.627 18091 18457 W ShellHsr: Renderer: RenderableFilter has 108 tags, which is more than 10. This is expected to be rare. If this becomes common, consider changing RenderableFilter logic to use something other than linear searches for filtering renderable tags (like registered bitsets).
03-27 06:52:31.633 18091 18205 I [CT]    : HandPoseSampler: Filter reset
03-27 06:52:31.633 18091 18205 I InputDevice_Hand: HANDTRACKING ADMIRE hand 0: hpm=1 -> shared=0
03-27 06:52:31.633 18091 18205 I [CT]    : HandPoseSampler: Filter reset
03-27 06:52:31.633 18091 18205 I InputDevice_Hand: HANDTRACKING ADMIRE hand 1: hpm=1 -> shared=0
03-27 06:52:31.644 18091 18205 I [CT]    : HandPoseSampler: Filter reset
03-27 06:52:31.644 18091 18205 I InputDevice_Hand: HANDTRACKING ADMIRE hand 0: hpm=1 -> shared=0
03-27 06:52:31.644 18091 18205 I [CT]    : HandPoseSampler: Filter reset
03-27 06:52:31.644 18091 18205 I InputDevice_Hand: HANDTRACKING ADMIRE hand 1: hpm=1 -> shared=0
03-27 06:52:31.656 18091 18205 I [CT]    : HandPoseSampler: Filter reset
03-27 06:52:31.656 18091 18205 I InputDevice_Hand: HANDTRACKING ADMIRE hand 0: hpm=1 -> shared=0
03-27 06:52:31.656 18091 18205 I [CT]    : HandPoseSampler: Filter reset
03-27 06:52:31.656 18091 18205 I InputDevice_Hand: HANDTRACKING ADMIRE hand 1: hpm=1 -> shared=0
03-27 06:52:31.666 18091 18205 I [CT]    : HandPoseSampler: Filter reset
03-27 06:52:31.666 18091 18205 I InputDevice_Hand: HANDTRACKING ADMIRE hand 0: hpm=1 -> shared=0
03-27 06:52:31.666 18091 18205 I [CT]    : HandPoseSampler: Filter reset
03-27 06:52:31.666 18091 18205 I InputDevice_Hand: HANDTRACKING ADMIRE hand 1: hpm=1 -> shared=0
03-27 06:52:31.677 18091 18205 I [CT]    : HandPoseSampler: Filter reset
03-27 06:52:31.677 18091 18205 I InputDevice_Hand: HANDTRACKING ADMIRE hand 0: hpm=1 -> shared=0
03-27 06:52:31.677 18091 18205 I [CT]    : HandPoseSampler: Filter reset
03-27 06:52:31.677 18091 18205 I InputDevice_Hand: HANDTRACKING ADMIRE hand 1: hpm=1 -> shared=0
03-27 06:52:31.689 18091 18205 I [CT]    : HandPoseSampler: Filter reset
03-27 06:52:31.689 18091 18205 I InputDevice_Hand: HANDTRACKING ADMIRE hand 0: hpm=1 -> shared=0
03-27 06:52:31.689 18091 18205 I [CT]    : HandPoseSampler: Filter reset
03-27 06:52:31.689 18091 18205 I InputDevice_Hand: HANDTRACKING ADMIRE hand 1: hpm=1 -> shared=0
03-27 06:52:31.700 18091 18205 I [CT]    : HandPoseSampler: Filter reset
03-27 06:52:31.700 18091 18205 I InputDevice_Hand: HANDTRACKING ADMIRE hand 0: hpm=1 -> shared=0
03-27 06:52:31.700 18091 18205 I [CT]    : HandPoseSampler: Filter reset
03-27 06:52:31.700 18091 18205 I InputDevice_Hand: HANDTRACKING ADMIRE hand 1: hpm=1 -> shared=0
03-27 06:52:31.711 18091 18205 I [CT]    : HandPoseSampler: Filter reset
03-27 06:52:31.711 18091 18205 I InputDevice_Hand: HANDTRACKING ADMIRE hand 0: hpm=1 -> shared=0
03-27 06:52:31.711 18091 18205 I [CT]    : HandPoseSampler: Filter reset
03-27 06:52:31.711 18091 18205 I InputDevice_Hand: HANDTRACKING ADMIRE hand 1: hpm=1 -> shared=0
03-27 06:52:31.722 18091 18205 I [CT]    : HandPoseSampler: Filter reset
03-27 06:52:31.722 18091 18205 I InputDevice_Hand: HANDTRACKING ADMIRE hand 0: hpm=1 -> shared=0
03-27 06:52:31.722 18091 18205 I [CT]    : HandPoseSampler: Filter reset
03-27 06:52:31.722 18091 18205 I InputDevice_Hand: HANDTRACKING ADMIRE hand 1: hpm=1 -> shared=0
03-27 06:52:31.733 18091 18205 I [CT]    : HandPoseSampler: Filter reset
03-27 06:52:31.733 18091 18205 I InputDevice_Hand: HANDTRACKING ADMIRE hand 0: hpm=1 -> shared=0
03-27 06:52:31.733 18091 18205 I [CT]    : HandPoseSampler: Filter reset
03-27 06:52:31.733 18091 18205 I InputDevice_Hand: HANDTRACKING ADMIRE hand 1: hpm=1 -> shared=0
03-27 06:52:31.744 18091 18205 I [CT]    : HandPoseSampler: Filter reset
03-27 06:52:31.744 18091 18205 I InputDevice_Hand: HANDTRACKING ADMIRE hand 0: hpm=1 -> shared=0
03-27 06:52:31.744 18091 18205 I [CT]    : HandPoseSampler: Filter reset
03-27 06:52:31.744 18091 18205 I InputDevice_Hand: HANDTRACKING ADMIRE hand 1: hpm=1 -> shared=0
03-27 06:52:31.755 18091 18205 I [CT]    : HandPoseSampler: Filter reset
03-27 06:52:31.755 18091 18205 I InputDevice_Hand: HANDTRACKING ADMIRE hand 0: hpm=1 -> shared=0
03-27 06:52:31.755 18091 18205 I [CT]    : HandPoseSampler: Filter reset
03-27 06:52:31.755 18091 18205 I InputDevice_Hand: HANDTRACKING ADMIRE hand 1: hpm=1 -> shared=0
03-27 06:52:31.767 18091 18205 I [CT]    : HandPoseSampler: Filter reset
03-27 06:52:31.767 18091 18205 I InputDevice_Hand: HANDTRACKING ADMIRE hand 0: hpm=1 -> shared=0
03-27 06:52:31.767 18091 18205 I [CT]    : HandPoseSampler: Filter reset
03-27 06:52:31.767 18091 18205 I InputDevice_Hand: HANDTRACKING ADMIRE hand 1: hpm=1 -> shared=0
03-27 06:52:31.777  2697 14219 I [CT]    : MIXEDREALITY: PassthroughApiManager: GetUpdatedLayerState: (every 2 seconds) PT is: ON numLayers: 0
03-27 06:52:31.777 18091 18205 I [CT]    : HandPoseSampler: Filter reset
03-27 06:52:31.777 18091 18205 I InputDevice_Hand: HANDTRACKING ADMIRE hand 0: hpm=1 -> shared=0
03-27 06:52:31.777 18091 18205 I [CT]    : HandPoseSampler: Filter reset
03-27 06:52:31.777 18091 18205 I InputDevice_Hand: HANDTRACKING ADMIRE hand 1: hpm=1 -> shared=0
03-27 06:52:31.789 18091 18205 I [CT]    : HandPoseSampler: Filter reset
03-27 06:52:31.789 18091 18205 I InputDevice_Hand: HANDTRACKING ADMIRE hand 0: hpm=1 -> shared=0
03-27 06:52:31.789 18091 18205 I [CT]    : HandPoseSampler: Filter reset
03-27 06:52:31.789 18091 18205 I InputDevice_Hand: HANDTRACKING ADMIRE hand 1: hpm=1 -> shared=0
03-27 06:52:31.794   920 14201 I VD628x  : Flicker results: freq 120.000000, max 119.896507, dcr 32.863163, pct 0.042016, idx 0.013182, conf 0.856521, snr 7.935316, svm 0.069898, sus 0
03-27 06:52:31.798 18224 18352 I AutoStationaryHelper: [AutoStationaryHelper::getGuardianDataFromNearbyRoomscale] Checking 1 existing guardian data
03-27 06:52:31.798 18224 18352 I GuardianMapDataMgr: [GuardianMapDataMgr::isValidTrackedRoomscale] [2575043440] Valid=yes, Roomscale=yes, Anchor [2cee9d32-7f24-ff1e-5555-ae309d8ea246] Tracked=yes
03-27 06:52:31.798 18224 18352 I AutoStationaryHelper: [AutoStationaryHelper::getGuardianDataFromNearbyRoomscale] [2575043440] Distance to HMD: 3.925760
03-27 06:52:31.799  2697 18429 I VrRuntimeService: RuntimeServiceSDKServer::SetAutoStationaryFloorHeight : RawFromFloor -0.891424
03-27 06:52:31.799  2697 18429 I Guardian: [SetAutoStationaryFloorHeight] AutoStationary floor height set to: -0.89 (SpaceUpdateRefactorEnabled: true)
03-27 06:52:31.800 18091 18205 I [CT]    : HandPoseSampler: Filter reset
03-27 06:52:31.800 18091 18205 I InputDevice_Hand: HANDTRACKING ADMIRE hand 0: hpm=1 -> shared=0
03-27 06:52:31.800 18091 18205 I [CT]    : HandPoseSampler: Filter reset
03-27 06:52:31.800 18091 18205 I InputDevice_Hand: HANDTRACKING ADMIRE hand 1: hpm=1 -> shared=0
03-27 06:52:31.812 18091 18205 I [CT]    : HandPoseSampler: Filter reset
03-27 06:52:31.812 18091 18205 I InputDevice_Hand: HANDTRACKING ADMIRE hand 0: hpm=1 -> shared=0
03-27 06:52:31.812 18091 18205 I [CT]    : HandPoseSampler: Filter reset
03-27 06:52:31.812 18091 18205 I InputDevice_Hand: HANDTRACKING ADMIRE hand 1: hpm=1 -> shared=0
03-27 06:52:31.822 18091 18205 I [CT]    : HandPoseSampler: Filter reset
03-27 06:52:31.822 18091 18205 I InputDevice_Hand: HANDTRACKING ADMIRE hand 0: hpm=1 -> shared=0
03-27 06:52:31.823 18091 18205 I [CT]    : HandPoseSampler: Filter reset
03-27 06:52:31.823 18091 18205 I InputDevice_Hand: HANDTRACKING ADMIRE hand 1: hpm=1 -> shared=0
03-27 06:52:31.833 18091 18205 I [CT]    : HandPoseSampler: Filter reset
03-27 06:52:31.833 18091 18205 I InputDevice_Hand: HANDTRACKING ADMIRE hand 0: hpm=1 -> shared=0
03-27 06:52:31.833 18091 18205 I [CT]    : HandPoseSampler: Filter reset
03-27 06:52:31.833 18091 18205 I InputDevice_Hand: HANDTRACKING ADMIRE hand 1: hpm=1 -> shared=0
03-27 06:52:31.844 18091 18205 I [CT]    : HandPoseSampler: Filter reset
03-27 06:52:31.844 18091 18205 I InputDevice_Hand: HANDTRACKING ADMIRE hand 0: hpm=1 -> shared=0
03-27 06:52:31.844 18091 18205 I [CT]    : HandPoseSampler: Filter reset
03-27 06:52:31.844 18091 18205 I InputDevice_Hand: HANDTRACKING ADMIRE hand 1: hpm=1 -> shared=0
03-27 06:52:31.855 18091 18205 I [CT]    : HandPoseSampler: Filter reset
03-27 06:52:31.855 18091 18205 I InputDevice_Hand: HANDTRACKING ADMIRE hand 0: hpm=1 -> shared=0
03-27 06:52:31.855 18091 18205 I [CT]    : HandPoseSampler: Filter reset
03-27 06:52:31.855 18091 18205 I InputDevice_Hand: HANDTRACKING ADMIRE hand 1: hpm=1 -> shared=0
03-27 06:52:31.865 18091 18205 I [CT]    : HandPoseSampler: Filter reset
03-27 06:52:31.865 18091 18205 I InputDevice_Hand: HANDTRACKING ADMIRE hand 0: hpm=1 -> shared=0
03-27 06:52:31.865 18091 18205 I [CT]    : HandPoseSampler: Filter reset
03-27 06:52:31.865 18091 18205 I InputDevice_Hand: HANDTRACKING ADMIRE hand 1: hpm=1 -> shared=0
03-27 06:52:31.877 18091 18205 I [CT]    : HandPoseSampler: Filter reset
03-27 06:52:31.877 18091 18205 I InputDevice_Hand: HANDTRACKING ADMIRE hand 0: hpm=1 -> shared=0
03-27 06:52:31.877 18091 18205 I [CT]    : HandPoseSampler: Filter reset
03-27 06:52:31.877 18091 18205 I InputDevice_Hand: HANDTRACKING ADMIRE hand 1: hpm=1 -> shared=0
03-27 06:52:31.888 18091 18205 I [CT]    : HandPoseSampler: Filter reset
03-27 06:52:31.888 18091 18205 I InputDevice_Hand: HANDTRACKING ADMIRE hand 0: hpm=1 -> shared=0
03-27 06:52:31.888 18091 18205 I [CT]    : HandPoseSampler: Filter reset
03-27 06:52:31.888 18091 18205 I InputDevice_Hand: HANDTRACKING ADMIRE hand 1: hpm=1 -> shared=0
03-27 06:52:31.899 18091 18205 I [CT]    : HandPoseSampler: Filter reset
03-27 06:52:31.899 18091 18205 I InputDevice_Hand: HANDTRACKING ADMIRE hand 0: hpm=1 -> shared=0
03-27 06:52:31.899 18091 18205 I [CT]    : HandPoseSampler: Filter reset
03-27 06:52:31.899 18091 18205 I InputDevice_Hand: HANDTRACKING ADMIRE hand 1: hpm=1 -> shared=0
03-27 06:52:31.911 18091 18205 I [CT]    : HandPoseSampler: Filter reset
03-27 06:52:31.911 18091 18205 I InputDevice_Hand: HANDTRACKING ADMIRE hand 0: hpm=1 -> shared=0
03-27 06:52:31.911 18091 18205 I [CT]    : HandPoseSampler: Filter reset
03-27 06:52:31.911 18091 18205 I InputDevice_Hand: HANDTRACKING ADMIRE hand 1: hpm=1 -> shared=0
03-27 06:52:31.922 18091 18205 I [CT]    : HandPoseSampler: Filter reset
03-27 06:52:31.922 18091 18205 I InputDevice_Hand: HANDTRACKING ADMIRE hand 0: hpm=1 -> shared=0
03-27 06:52:31.922 18091 18205 I [CT]    : HandPoseSampler: Filter reset
03-27 06:52:31.922 18091 18205 I InputDevice_Hand: HANDTRACKING ADMIRE hand 1: hpm=1 -> shared=0
03-27 06:52:31.933 18091 18205 I [CT]    : HandPoseSampler: Filter reset
03-27 06:52:31.933 18091 18205 I InputDevice_Hand: HANDTRACKING ADMIRE hand 0: hpm=1 -> shared=0
03-27 06:52:31.933 18091 18205 I [CT]    : HandPoseSampler: Filter reset
03-27 06:52:31.933 18091 18205 I InputDevice_Hand: HANDTRACKING ADMIRE hand 1: hpm=1 -> shared=0
03-27 06:52:31.944 18091 18205 I [CT]    : HandPoseSampler: Filter reset
03-27 06:52:31.944 18091 18205 I InputDevice_Hand: HANDTRACKING ADMIRE hand 0: hpm=1 -> shared=0
03-27 06:52:31.944 18091 18205 I [CT]    : HandPoseSampler: Filter reset
03-27 06:52:31.944 18091 18205 I InputDevice_Hand: HANDTRACKING ADMIRE hand 1: hpm=1 -> shared=0
03-27 06:52:31.955 18091 18205 I [CT]    : HandPoseSampler: Filter reset
03-27 06:52:31.955 18091 18205 I InputDevice_Hand: HANDTRACKING ADMIRE hand 0: hpm=1 -> shared=0
03-27 06:52:31.955 18091 18205 I [CT]    : HandPoseSampler: Filter reset
03-27 06:52:31.955 18091 18205 I InputDevice_Hand: HANDTRACKING ADMIRE hand 1: hpm=1 -> shared=0
03-27 06:52:31.966 18091 18205 I [CT]    : HandPoseSampler: Filter reset
03-27 06:52:31.966 18091 18205 I InputDevice_Hand: HANDTRACKING ADMIRE hand 0: hpm=1 -> shared=0
03-27 06:52:31.966 18091 18205 I [CT]    : HandPoseSampler: Filter reset
03-27 06:52:31.966 18091 18205 I InputDevice_Hand: HANDTRACKING ADMIRE hand 1: hpm=1 -> shared=0
03-27 06:52:31.977 18091 18205 I [CT]    : HandPoseSampler: Filter reset
03-27 06:52:31.977 18091 18205 I InputDevice_Hand: HANDTRACKING ADMIRE hand 0: hpm=1 -> shared=0
03-27 06:52:31.977 18091 18205 I [CT]    : HandPoseSampler: Filter reset
03-27 06:52:31.977 18091 18205 I InputDevice_Hand: HANDTRACKING ADMIRE hand 1: hpm=1 -> shared=0
03-27 06:52:31.988 18091 18205 I [CT]    : HandPoseSampler: Filter reset
03-27 06:52:31.989 18091 18205 I InputDevice_Hand: HANDTRACKING ADMIRE hand 0: hpm=1 -> shared=0
03-27 06:52:31.989 18091 18205 I [CT]    : HandPoseSampler: Filter reset
03-27 06:52:31.989 18091 18205 I InputDevice_Hand: HANDTRACKING ADMIRE hand 1: hpm=1 -> shared=0
03-27 06:52:32.000 18091 18205 I [CT]    : HandPoseSampler: Filter reset
03-27 06:52:32.000 18091 18205 I InputDevice_Hand: HANDTRACKING ADMIRE hand 0: hpm=1 -> shared=0
03-27 06:52:32.000 18091 18205 I [CT]    : HandPoseSampler: Filter reset
03-27 06:52:32.000 18091 18205 I InputDevice_Hand: HANDTRACKING ADMIRE hand 1: hpm=1 -> shared=0
03-27 06:52:32.009 18091 14209 I VrApi   : FPS=91/90,Prd=23ms,Tear=0,Early=0,Stale=0,Stale2/5/10/max=0/0/0/0,VSnc=1,Lat=-4,Fov=3,CPU4/GPU=-1/-1,1920/545MHz,OC=3F,TA=0/0/0,SP=N/N/N,Mem=1708MHz,Free=4019MB,PLS=0,Temp=34.0C/0.0C,TW=0.54ms,App=1.55ms,GD=0.00ms,CPU&GPU=8.10ms,LCnt=1(DR91,LM0),GPU%=0.20,CPU%=0.21(W0.28),CFL=11.41/15.27,ICFLp95=13.55,LD=0,CABC=1,SF=0.78,LP=1,DVFS=0,Preempt=182,PoseAgeP95=0.00
03-27 06:52:32.009 18091 14209 I VrApi   : ASW=0,Type=PTWFromStereo,E=0.000/0.000,D=0.000/0.000
03-27 06:52:32.010 18091 18205 I [CT]    : HandPoseSampler: Filter reset
03-27 06:52:32.010 18091 18205 I InputDevice_Hand: HANDTRACKING ADMIRE hand 0: hpm=1 -> shared=0
03-27 06:52:32.010 18091 18205 I [CT]    : HandPoseSampler: Filter reset
03-27 06:52:32.010 18091 18205 I InputDevice_Hand: HANDTRACKING ADMIRE hand 1: hpm=1 -> shared=0
03-27 06:52:32.021 18091 18205 I [CT]    : HandPoseSampler: Filter reset
03-27 06:52:32.021 18091 18205 I InputDevice_Hand: HANDTRACKING ADMIRE hand 0: hpm=1 -> shared=0
03-27 06:52:32.021 18091 18205 I [CT]    : HandPoseSampler: Filter reset
03-27 06:52:32.021 18091 18205 I InputDevice_Hand: HANDTRACKING ADMIRE hand 1: hpm=1 -> shared=0
03-27 06:52:32.033 18091 18205 I [CT]    : HandPoseSampler: Filter reset
03-27 06:52:32.033 18091 18205 I InputDevice_Hand: HANDTRACKING ADMIRE hand 0: hpm=1 -> shared=0
03-27 06:52:32.033 18091 18205 I [CT]    : HandPoseSampler: Filter reset
03-27 06:52:32.033 18091 18205 I InputDevice_Hand: HANDTRACKING ADMIRE hand 1: hpm=1 -> shared=0
03-27 06:52:32.044 18091 18205 I [CT]    : HandPoseSampler: Filter reset
03-27 06:52:32.044 18091 18205 I InputDevice_Hand: HANDTRACKING ADMIRE hand 0: hpm=1 -> shared=0
03-27 06:52:32.044 18091 18205 I [CT]    : HandPoseSampler: Filter reset
03-27 06:52:32.044 18091 18205 I InputDevice_Hand: HANDTRACKING ADMIRE hand 1: hpm=1 -> shared=0
03-27 06:52:32.056 18091 18205 I [CT]    : HandPoseSampler: Filter reset
03-27 06:52:32.056 18091 18205 I InputDevice_Hand: HANDTRACKING ADMIRE hand 0: hpm=1 -> shared=0
03-27 06:52:32.056 18091 18205 I [CT]    : HandPoseSampler: Filter reset
03-27 06:52:32.056 18091 18205 I InputDevice_Hand: HANDTRACKING ADMIRE hand 1: hpm=1 -> shared=0
03-27 06:52:32.067 18091 18205 I [CT]    : HandPoseSampler: Filter reset
03-27 06:52:32.067 18091 18205 I InputDevice_Hand: HANDTRACKING ADMIRE hand 0: hpm=1 -> shared=0
03-27 06:52:32.067 18091 18205 I [CT]    : HandPoseSampler: Filter reset
03-27 06:52:32.067 18091 18205 I InputDevice_Hand: HANDTRACKING ADMIRE hand 1: hpm=1 -> shared=0
03-27 06:52:32.077 18091 18205 I [CT]    : HandPoseSampler: Filter reset
03-27 06:52:32.077 18091 18205 I InputDevice_Hand: HANDTRACKING ADMIRE hand 0: hpm=1 -> shared=0
03-27 06:52:32.077 18091 18205 I [CT]    : HandPoseSampler: Filter reset
03-27 06:52:32.077 18091 18205 I InputDevice_Hand: HANDTRACKING ADMIRE hand 1: hpm=1 -> shared=0
03-27 06:52:32.089   897  1854 I Tracking: CONSTELLATION_Right: [Throttled count=66] P+C Right: Applying Consistent Zero Velocity Update during slow motion.
03-27 06:52:32.089 18091 18205 I [CT]    : HandPoseSampler: Filter reset
03-27 06:52:32.089 18091 18205 I InputDevice_Hand: HANDTRACKING ADMIRE hand 0: hpm=1 -> shared=0
03-27 06:52:32.089 18091 18205 I [CT]    : HandPoseSampler: Filter reset
03-27 06:52:32.089 18091 18205 I InputDevice_Hand: HANDTRACKING ADMIRE hand 1: hpm=1 -> shared=0
03-27 06:52:32.100 18091 18205 I [CT]    : HandPoseSampler: Filter reset
03-27 06:52:32.100 18091 18205 I InputDevice_Hand: HANDTRACKING ADMIRE hand 0: hpm=1 -> shared=0
03-27 06:52:32.100 18091 18205 I [CT]    : HandPoseSampler: Filter reset
03-27 06:52:32.100 18091 18205 I InputDevice_Hand: HANDTRACKING ADMIRE hand 1: hpm=1 -> shared=0
03-27 06:52:32.111 18091 18205 I [CT]    : HandPoseSampler: Filter reset
03-27 06:52:32.111 18091 18205 I InputDevice_Hand: HANDTRACKING ADMIRE hand 0: hpm=1 -> shared=0
03-27 06:52:32.111 18091 18205 I [CT]    : HandPoseSampler: Filter reset
03-27 06:52:32.111 18091 18205 I InputDevice_Hand: HANDTRACKING ADMIRE hand 1: hpm=1 -> shared=0
03-27 06:52:32.122 18091 18205 I [CT]    : HandPoseSampler: Filter reset
03-27 06:52:32.122 18091 18205 I InputDevice_Hand: HANDTRACKING ADMIRE hand 0: hpm=1 -> shared=0
03-27 06:52:32.122 18091 18205 I [CT]    : HandPoseSampler: Filter reset
03-27 06:52:32.122 18091 18205 I InputDevice_Hand: HANDTRACKING ADMIRE hand 1: hpm=1 -> shared=0
03-27 06:52:32.134 18091 18205 I [CT]    : HandPoseSampler: Filter reset
03-27 06:52:32.134 18091 18205 I InputDevice_Hand: HANDTRACKING ADMIRE hand 0: hpm=1 -> shared=0
03-27 06:52:32.134 18091 18205 I [CT]    : HandPoseSampler: Filter reset
03-27 06:52:32.134 18091 18205 I InputDevice_Hand: HANDTRACKING ADMIRE hand 1: hpm=1 -> shared=0
03-27 06:52:32.143 18091 18205 I [CT]    : HandPoseSampler: Filter reset
03-27 06:52:32.143 18091 18205 I InputDevice_Hand: HANDTRACKING ADMIRE hand 0: hpm=1 -> shared=0
03-27 06:52:32.143 18091 18205 I [CT]    : HandPoseSampler: Filter reset
03-27 06:52:32.143 18091 18205 I InputDevice_Hand: HANDTRACKING ADMIRE hand 1: hpm=1 -> shared=0
03-27 06:52:32.155 18091 18205 I [CT]    : HandPoseSampler: Filter reset
03-27 06:52:32.155 18091 18205 I InputDevice_Hand: HANDTRACKING ADMIRE hand 0: hpm=1 -> shared=0
03-27 06:52:32.155 18091 18205 I [CT]    : HandPoseSampler: Filter reset
03-27 06:52:32.155 18091 18205 I InputDevice_Hand: HANDTRACKING ADMIRE hand 1: hpm=1 -> shared=0
03-27 06:52:32.166 18091 18205 I [CT]    : HandPoseSampler: Filter reset
03-27 06:52:32.167 18091 18205 I InputDevice_Hand: HANDTRACKING ADMIRE hand 0: hpm=1 -> shared=0
03-27 06:52:32.167 18091 18205 I [CT]    : HandPoseSampler: Filter reset
03-27 06:52:32.167 18091 18205 I InputDevice_Hand: HANDTRACKING ADMIRE hand 1: hpm=1 -> shared=0
03-27 06:52:32.177 18091 18205 I [CT]    : HandPoseSampler: Filter reset
03-27 06:52:32.177 18091 18205 I InputDevice_Hand: HANDTRACKING ADMIRE hand 0: hpm=1 -> shared=0
03-27 06:52:32.177 18091 18205 I [CT]    : HandPoseSampler: Filter reset
03-27 06:52:32.177 18091 18205 I InputDevice_Hand: HANDTRACKING ADMIRE hand 1: hpm=1 -> shared=0
03-27 06:52:32.189 18091 18205 I [CT]    : HandPoseSampler: Filter reset
03-27 06:52:32.189 18091 18205 I InputDevice_Hand: HANDTRACKING ADMIRE hand 0: hpm=1 -> shared=0
03-27 06:52:32.189 18091 18205 I [CT]    : HandPoseSampler: Filter reset
03-27 06:52:32.189 18091 18205 I InputDevice_Hand: HANDTRACKING ADMIRE hand 1: hpm=1 -> shared=0
03-27 06:52:32.200 18091 18205 I [CT]    : HandPoseSampler: Filter reset
03-27 06:52:32.200 18091 18205 I InputDevice_Hand: HANDTRACKING ADMIRE hand 0: hpm=1 -> shared=0
03-27 06:52:32.200 18091 18205 I [CT]    : HandPoseSampler: Filter reset
03-27 06:52:32.200 18091 18205 I InputDevice_Hand: HANDTRACKING ADMIRE hand 1: hpm=1 -> shared=0
03-27 06:52:32.211 18091 18205 I [CT]    : HandPoseSampler: Filter reset
03-27 06:52:32.211 18091 18205 I InputDevice_Hand: HANDTRACKING ADMIRE hand 0: hpm=1 -> shared=0
03-27 06:52:32.211 18091 18205 I [CT]    : HandPoseSampler: Filter reset
03-27 06:52:32.211 18091 18205 I InputDevice_Hand: HANDTRACKING ADMIRE hand 1: hpm=1 -> shared=0
03-27 06:52:32.223 18091 18205 I [CT]    : HandPoseSampler: Filter reset
03-27 06:52:32.223 18091 18205 I InputDevice_Hand: HANDTRACKING ADMIRE hand 0: hpm=1 -> shared=0
03-27 06:52:32.223 18091 18205 I [CT]    : HandPoseSampler: Filter reset
03-27 06:52:32.223 18091 18205 I InputDevice_Hand: HANDTRACKING ADMIRE hand 1: hpm=1 -> shared=0
03-27 06:52:32.233 18091 18205 I [CT]    : HandPoseSampler: Filter reset
03-27 06:52:32.233 18091 18205 I InputDevice_Hand: HANDTRACKING ADMIRE hand 0: hpm=1 -> shared=0
03-27 06:52:32.233 18091 18205 I [CT]    : HandPoseSampler: Filter reset
03-27 06:52:32.233 18091 18205 I InputDevice_Hand: HANDTRACKING ADMIRE hand 1: hpm=1 -> shared=0
03-27 06:52:32.244 18091 18205 I [CT]    : HandPoseSampler: Filter reset
03-27 06:52:32.244 18091 18205 I InputDevice_Hand: HANDTRACKING ADMIRE hand 0: hpm=1 -> shared=0
03-27 06:52:32.244 18091 18205 I [CT]    : HandPoseSampler: Filter reset
03-27 06:52:32.244 18091 18205 I InputDevice_Hand: HANDTRACKING ADMIRE hand 1: hpm=1 -> shared=0
03-27 06:52:32.255 18091 18205 I [CT]    : HandPoseSampler: Filter reset
03-27 06:52:32.255 18091 18205 I InputDevice_Hand: HANDTRACKING ADMIRE hand 0: hpm=1 -> shared=0
03-27 06:52:32.255 18091 18205 I [CT]    : HandPoseSampler: Filter reset
03-27 06:52:32.255 18091 18205 I InputDevice_Hand: HANDTRACKING ADMIRE hand 1: hpm=1 -> shared=0
03-27 06:52:32.267 18091 18205 I [CT]    : HandPoseSampler: Filter reset
03-27 06:52:32.267 18091 18205 I InputDevice_Hand: HANDTRACKING ADMIRE hand 0: hpm=1 -> shared=0
03-27 06:52:32.267 18091 18205 I [CT]    : HandPoseSampler: Filter reset
03-27 06:52:32.267 18091 18205 I InputDevice_Hand: HANDTRACKING ADMIRE hand 1: hpm=1 -> shared=0
03-27 06:52:32.275  5144 24453 W MetaCamNative (streaming_cast_agent): StreamingCastAgent::SendPingMessage() - socket_id=11
03-27 06:52:32.275  5144 24453 W MetaCamNative (streaming_cast_agent): StreamingCastAgent::SendPingMessage() - socket_id=11
03-27 06:52:32.277 18091 18205 I [CT]    : HandPoseSampler: Filter reset
03-27 06:52:32.277 18091 18205 I InputDevice_Hand: HANDTRACKING ADMIRE hand 0: hpm=1 -> shared=0
03-27 06:52:32.277 18091 18205 I [CT]    : HandPoseSampler: Filter reset
03-27 06:52:32.277 18091 18205 I InputDevice_Hand: HANDTRACKING ADMIRE hand 1: hpm=1 -> shared=0
03-27 06:52:32.289 18091 18205 I [CT]    : HandPoseSampler: Filter reset
03-27 06:52:32.289 18091 18205 I InputDevice_Hand: HANDTRACKING ADMIRE hand 0: hpm=1 -> shared=0
03-27 06:52:32.289 18091 18205 I [CT]    : HandPoseSampler: Filter reset
03-27 06:52:32.289 18091 18205 I InputDevice_Hand: HANDTRACKING ADMIRE hand 1: hpm=1 -> shared=0
03-27 06:52:32.300 18091 18205 I [CT]    : HandPoseSampler: Filter reset
03-27 06:52:32.300 18091 18205 I InputDevice_Hand: HANDTRACKING ADMIRE hand 0: hpm=1 -> shared=0
03-27 06:52:32.300 18091 18205 I [CT]    : HandPoseSampler: Filter reset
03-27 06:52:32.300 18091 18205 I InputDevice_Hand: HANDTRACKING ADMIRE hand 1: hpm=1 -> shared=0
03-27 06:52:32.311 18091 18205 I [CT]    : HandPoseSampler: Filter reset
03-27 06:52:32.311 18091 18205 I InputDevice_Hand: HANDTRACKING ADMIRE hand 0: hpm=1 -> shared=0
03-27 06:52:32.311 18091 18205 I [CT]    : HandPoseSampler: Filter reset
03-27 06:52:32.311 18091 18205 I InputDevice_Hand: HANDTRACKING ADMIRE hand 1: hpm=1 -> shared=0
03-27 06:52:32.322 18091 18205 I [CT]    : HandPoseSampler: Filter reset
03-27 06:52:32.322 18091 18205 I InputDevice_Hand: HANDTRACKING ADMIRE hand 0: hpm=1 -> shared=0
03-27 06:52:32.322 18091 18205 I [CT]    : HandPoseSampler: Filter reset
03-27 06:52:32.322 18091 18205 I InputDevice_Hand: HANDTRACKING ADMIRE hand 1: hpm=1 -> shared=0
03-27 06:52:32.332 18091 18205 I [CT]    : HandPoseSampler: Filter reset
03-27 06:52:32.332 18091 18205 I InputDevice_Hand: HANDTRACKING ADMIRE hand 0: hpm=1 -> shared=0
03-27 06:52:32.332 18091 18205 I [CT]    : HandPoseSampler: Filter reset
03-27 06:52:32.332 18091 18205 I InputDevice_Hand: HANDTRACKING ADMIRE hand 1: hpm=1 -> shared=0
03-27 06:52:32.336   897 14310 W Tracking: CONSTELLATION_Left: [Throttled count=503] P+C Left: Could not retrieve 3dof fallback pose.
03-27 06:52:32.344 18091 18205 I [CT]    : HandPoseSampler: Filter reset
03-27 06:52:32.344 18091 18205 I InputDevice_Hand: HANDTRACKING ADMIRE hand 0: hpm=1 -> shared=0
03-27 06:52:32.344 18091 18205 I [CT]    : HandPoseSampler: Filter reset
03-27 06:52:32.344 18091 18205 I InputDevice_Hand: HANDTRACKING ADMIRE hand 1: hpm=1 -> shared=0
03-27 06:52:32.356 18091 18205 I [CT]    : HandPoseSampler: Filter reset
03-27 06:52:32.356 18091 18205 I InputDevice_Hand: HANDTRACKING ADMIRE hand 0: hpm=1 -> shared=0
03-27 06:52:32.356 18091 18205 I [CT]    : HandPoseSampler: Filter reset
03-27 06:52:32.356 18091 18205 I InputDevice_Hand: HANDTRACKING ADMIRE hand 1: hpm=1 -> shared=0
03-27 06:52:32.367 18091 18205 I [CT]    : HandPoseSampler: Filter reset
03-27 06:52:32.367 18091 18205 I InputDevice_Hand: HANDTRACKING ADMIRE hand 0: hpm=1 -> shared=0
03-27 06:52:32.367 18091 18205 I [CT]    : HandPoseSampler: Filter reset
03-27 06:52:32.367 18091 18205 I InputDevice_Hand: HANDTRACKING ADMIRE hand 1: hpm=1 -> shared=0
03-27 06:52:32.377 18091 18205 I [CT]    : HandPoseSampler: Filter reset
03-27 06:52:32.377 18091 18205 I InputDevice_Hand: HANDTRACKING ADMIRE hand 0: hpm=1 -> shared=0
03-27 06:52:32.377 18091 18205 I [CT]    : HandPoseSampler: Filter reset
03-27 06:52:32.377 18091 18205 I InputDevice_Hand: HANDTRACKING ADMIRE hand 1: hpm=1 -> shared=0
03-27 06:52:32.389 18091 18205 I [CT]    : HandPoseSampler: Filter reset
03-27 06:52:32.389 18091 18205 I InputDevice_Hand: HANDTRACKING ADMIRE hand 0: hpm=1 -> shared=0
03-27 06:52:32.389 18091 18205 I [CT]    : HandPoseSampler: Filter reset
03-27 06:52:32.389 18091 18205 I InputDevice_Hand: HANDTRACKING ADMIRE hand 1: hpm=1 -> shared=0
03-27 06:52:32.399 18091 18205 I [CT]    : HandPoseSampler: Filter reset
03-27 06:52:32.399 18091 18205 I InputDevice_Hand: HANDTRACKING ADMIRE hand 0: hpm=1 -> shared=0
03-27 06:52:32.399 18091 18205 I [CT]    : HandPoseSampler: Filter reset
03-27 06:52:32.399 18091 18205 I InputDevice_Hand: HANDTRACKING ADMIRE hand 1: hpm=1 -> shared=0
03-27 06:52:32.410 18091 18205 I [CT]    : HandPoseSampler: Filter reset
03-27 06:52:32.410 18091 18205 I InputDevice_Hand: HANDTRACKING ADMIRE hand 0: hpm=1 -> shared=0
03-27 06:52:32.410 18091 18205 I [CT]    : HandPoseSampler: Filter reset
03-27 06:52:32.410 18091 18205 I InputDevice_Hand: HANDTRACKING ADMIRE hand 1: hpm=1 -> shared=0
03-27 06:52:32.421 18091 18205 I [CT]    : HandPoseSampler: Filter reset
03-27 06:52:32.421 18091 18205 I InputDevice_Hand: HANDTRACKING ADMIRE hand 0: hpm=1 -> shared=0
03-27 06:52:32.421 18091 18205 I [CT]    : HandPoseSampler: Filter reset
03-27 06:52:32.421 18091 18205 I InputDevice_Hand: HANDTRACKING ADMIRE hand 1: hpm=1 -> shared=0
03-27 06:52:32.433 18091 18205 I [CT]    : HandPoseSampler: Filter reset
03-27 06:52:32.433 18091 18205 I InputDevice_Hand: HANDTRACKING ADMIRE hand 0: hpm=1 -> shared=0
03-27 06:52:32.433 18091 18205 I [CT]    : HandPoseSampler: Filter reset
03-27 06:52:32.433 18091 18205 I InputDevice_Hand: HANDTRACKING ADMIRE hand 1: hpm=1 -> shared=0
03-27 06:52:32.444 18091 18205 I [CT]    : HandPoseSampler: Filter reset
03-27 06:52:32.444 18091 18205 I InputDevice_Hand: HANDTRACKING ADMIRE hand 0: hpm=1 -> shared=0
03-27 06:52:32.444 18091 18205 I [CT]    : HandPoseSampler: Filter reset
03-27 06:52:32.444 18091 18205 I InputDevice_Hand: HANDTRACKING ADMIRE hand 1: hpm=1 -> shared=0
03-27 06:52:32.455 18091 18205 I [CT]    : HandPoseSampler: Filter reset
03-27 06:52:32.455 18091 18205 I InputDevice_Hand: HANDTRACKING ADMIRE hand 0: hpm=1 -> shared=0
03-27 06:52:32.455 18091 18205 I [CT]    : HandPoseSampler: Filter reset
03-27 06:52:32.455 18091 18205 I InputDevice_Hand: HANDTRACKING ADMIRE hand 1: hpm=1 -> shared=0
03-27 06:52:32.467 18091 18205 I [CT]    : HandPoseSampler: Filter reset
03-27 06:52:32.467 18091 18205 I InputDevice_Hand: HANDTRACKING ADMIRE hand 0: hpm=1 -> shared=0
03-27 06:52:32.467 18091 18205 I [CT]    : HandPoseSampler: Filter reset
03-27 06:52:32.467 18091 18205 I InputDevice_Hand: HANDTRACKING ADMIRE hand 1: hpm=1 -> shared=0
03-27 06:52:32.478 18091 18205 I [CT]    : HandPoseSampler: Filter reset
03-27 06:52:32.478 18091 18205 I InputDevice_Hand: HANDTRACKING ADMIRE hand 0: hpm=1 -> shared=0
03-27 06:52:32.478 18091 18205 I [CT]    : HandPoseSampler: Filter reset
03-27 06:52:32.478 18091 18205 I InputDevice_Hand: HANDTRACKING ADMIRE hand 1: hpm=1 -> shared=0
03-27 06:52:32.488 18091 18205 I [CT]    : HandPoseSampler: Filter reset
03-27 06:52:32.488 18091 18205 I InputDevice_Hand: HANDTRACKING ADMIRE hand 0: hpm=1 -> shared=0
03-27 06:52:32.489 18091 18205 I [CT]    : HandPoseSampler: Filter reset
03-27 06:52:32.489 18091 18205 I InputDevice_Hand: HANDTRACKING ADMIRE hand 1: hpm=1 -> shared=0
03-27 06:52:32.499 18091 18205 I [CT]    : HandPoseSampler: Filter reset
03-27 06:52:32.499 18091 18205 I InputDevice_Hand: HANDTRACKING ADMIRE hand 0: hpm=1 -> shared=0
03-27 06:52:32.499 18091 18205 I [CT]    : HandPoseSampler: Filter reset
03-27 06:52:32.499 18091 18205 I InputDevice_Hand: HANDTRACKING ADMIRE hand 1: hpm=1 -> shared=0
03-27 06:52:32.511 18091 18205 I [CT]    : HandPoseSampler: Filter reset
03-27 06:52:32.512 18091 18205 I InputDevice_Hand: HANDTRACKING ADMIRE hand 0: hpm=1 -> shared=0
03-27 06:52:32.512 18091 18205 I [CT]    : HandPoseSampler: Filter reset
03-27 06:52:32.512 18091 18205 I InputDevice_Hand: HANDTRACKING ADMIRE hand 1: hpm=1 -> shared=0
03-27 06:52:32.522 18091 18205 I [CT]    : HandPoseSampler: Filter reset
03-27 06:52:32.523 18091 18205 I InputDevice_Hand: HANDTRACKING ADMIRE hand 0: hpm=1 -> shared=0
03-27 06:52:32.523 18091 18205 I [CT]    : HandPoseSampler: Filter reset
03-27 06:52:32.523 18091 18205 I InputDevice_Hand: HANDTRACKING ADMIRE hand 1: hpm=1 -> shared=0
03-27 06:52:32.533   920 14201 I VD628x  : Flicker results: freq 120.000000, max 119.897461, dcr 32.863163, pct 0.042016, idx 0.013182, conf 0.859040, snr 7.988598, svm 0.067881, sus 0
03-27 06:52:32.534 18091 18205 I [CT]    : HandPoseSampler: Filter reset
03-27 06:52:32.534 18091 18205 I InputDevice_Hand: HANDTRACKING ADMIRE hand 0: hpm=1 -> shared=0
03-27 06:52:32.534 18091 18205 I [CT]    : HandPoseSampler: Filter reset
03-27 06:52:32.534 18091 18205 I InputDevice_Hand: HANDTRACKING ADMIRE hand 1: hpm=1 -> shared=0
03-27 06:52:32.544 18091 18205 I [CT]    : HandPoseSampler: Filter reset
03-27 06:52:32.544 18091 18205 I InputDevice_Hand: HANDTRACKING ADMIRE hand 0: hpm=1 -> shared=0
03-27 06:52:32.544 18091 18205 I [CT]    : HandPoseSampler: Filter reset
03-27 06:52:32.544 18091 18205 I InputDevice_Hand: HANDTRACKING ADMIRE hand 1: hpm=1 -> shared=0
03-27 06:52:32.555  1168  1826 I MRSS    : MIXEDREALITY: MrService: renderIteration: (every 10 seconds), screen is: ON, PT is: OFF, Depth is: OFF
03-27 06:52:32.555 18091 18205 I [CT]    : HandPoseSampler: Filter reset
03-27 06:52:32.555 18091 18205 I InputDevice_Hand: HANDTRACKING ADMIRE hand 0: hpm=1 -> shared=0
03-27 06:52:32.555 18091 18205 I [CT]    : HandPoseSampler: Filter reset
03-27 06:52:32.555 18091 18205 I InputDevice_Hand: HANDTRACKING ADMIRE hand 1: hpm=1 -> shared=0
03-27 06:52:32.566 18091 18205 I [CT]    : HandPoseSampler: Filter reset
03-27 06:52:32.567 18091 18205 I InputDevice_Hand: HANDTRACKING ADMIRE hand 0: hpm=1 -> shared=0
03-27 06:52:32.567 18091 18205 I [CT]    : HandPoseSampler: Filter reset
03-27 06:52:32.567 18091 18205 I InputDevice_Hand: HANDTRACKING ADMIRE hand 1: hpm=1 -> shared=0
03-27 06:52:32.577 18091 18205 I [CT]    : HandPoseSampler: Filter reset
03-27 06:52:32.577 18091 18205 I InputDevice_Hand: HANDTRACKING ADMIRE hand 0: hpm=1 -> shared=0
03-27 06:52:32.577 18091 18205 I [CT]    : HandPoseSampler: Filter reset
03-27 06:52:32.577 18091 18205 I InputDevice_Hand: HANDTRACKING ADMIRE hand 1: hpm=1 -> shared=0
03-27 06:52:32.589 18091 18205 I [CT]    : HandPoseSampler: Filter reset
03-27 06:52:32.589 18091 18205 I InputDevice_Hand: HANDTRACKING ADMIRE hand 0: hpm=1 -> shared=0
03-27 06:52:32.589 18091 18205 I [CT]    : HandPoseSampler: Filter reset
03-27 06:52:32.589 18091 18205 I InputDevice_Hand: HANDTRACKING ADMIRE hand 1: hpm=1 -> shared=0
03-27 06:52:32.600 18091 18205 I [CT]    : HandPoseSampler: Filter reset
03-27 06:52:32.600 18091 18205 I InputDevice_Hand: HANDTRACKING ADMIRE hand 0: hpm=1 -> shared=0
03-27 06:52:32.600 18091 18205 I [CT]    : HandPoseSampler: Filter reset
03-27 06:52:32.600 18091 18205 I InputDevice_Hand: HANDTRACKING ADMIRE hand 1: hpm=1 -> shared=0
03-27 06:52:32.611 18091 18205 I [CT]    : HandPoseSampler: Filter reset
03-27 06:52:32.611 18091 18205 I InputDevice_Hand: HANDTRACKING ADMIRE hand 0: hpm=1 -> shared=0
03-27 06:52:32.611 18091 18205 I [CT]    : HandPoseSampler: Filter reset
03-27 06:52:32.611 18091 18205 I InputDevice_Hand: HANDTRACKING ADMIRE hand 1: hpm=1 -> shared=0
03-27 06:52:32.621 18091 18205 I [CT]    : HandPoseSampler: Filter reset
03-27 06:52:32.621 18091 18205 I InputDevice_Hand: HANDTRACKING ADMIRE hand 0: hpm=1 -> shared=0
03-27 06:52:32.621 18091 18205 I [CT]    : HandPoseSampler: Filter reset
03-27 06:52:32.621 18091 18205 I InputDevice_Hand: HANDTRACKING ADMIRE hand 1: hpm=1 -> shared=0
03-27 06:52:32.633 18091 18205 I [CT]    : HandPoseSampler: Filter reset
03-27 06:52:32.633 18091 18205 I InputDevice_Hand: HANDTRACKING ADMIRE hand 0: hpm=1 -> shared=0
03-27 06:52:32.633 18091 18205 I [CT]    : HandPoseSampler: Filter reset
03-27 06:52:32.633 18091 18205 I InputDevice_Hand: HANDTRACKING ADMIRE hand 1: hpm=1 -> shared=0
03-27 06:52:32.639 18091 18457 W ShellHsr: Renderer: RenderableFilter has 108 tags, which is more than 10. This is expected to be rare. If this becomes common, consider changing RenderableFilter logic to use something other than linear searches for filtering renderable tags (like registered bitsets).
03-27 06:52:32.644 18091 18205 I [CT]    : HandPoseSampler: Filter reset
03-27 06:52:32.644 18091 18205 I InputDevice_Hand: HANDTRACKING ADMIRE hand 0: hpm=1 -> shared=0
03-27 06:52:32.644 18091 18205 I [CT]    : HandPoseSampler: Filter reset
03-27 06:52:32.644 18091 18205 I InputDevice_Hand: HANDTRACKING ADMIRE hand 1: hpm=1 -> shared=0
03-27 06:52:32.655 18091 18205 I [CT]    : HandPoseSampler: Filter reset
03-27 06:52:32.655 18091 18205 I InputDevice_Hand: HANDTRACKING ADMIRE hand 0: hpm=1 -> shared=0
03-27 06:52:32.656 18091 18205 I [CT]    : HandPoseSampler: Filter reset
03-27 06:52:32.656 18091 18205 I InputDevice_Hand: HANDTRACKING ADMIRE hand 1: hpm=1 -> shared=0
03-27 06:52:32.667 18091 18205 I [CT]    : HandPoseSampler: Filter reset
03-27 06:52:32.667 18091 18205 I InputDevice_Hand: HANDTRACKING ADMIRE hand 0: hpm=1 -> shared=0
03-27 06:52:32.667 18091 18205 I [CT]    : HandPoseSampler: Filter reset
03-27 06:52:32.667 18091 18205 I InputDevice_Hand: HANDTRACKING ADMIRE hand 1: hpm=1 -> shared=0
03-27 06:52:32.677 18091 18205 I [CT]    : HandPoseSampler: Filter reset
03-27 06:52:32.677 18091 18205 I InputDevice_Hand: HANDTRACKING ADMIRE hand 0: hpm=1 -> shared=0
03-27 06:52:32.677 18091 18205 I [CT]    : HandPoseSampler: Filter reset
03-27 06:52:32.677 18091 18205 I InputDevice_Hand: HANDTRACKING ADMIRE hand 1: hpm=1 -> shared=0
03-27 06:52:32.689 18091 18205 I [CT]    : HandPoseSampler: Filter reset
03-27 06:52:32.689 18091 18205 I InputDevice_Hand: HANDTRACKING ADMIRE hand 0: hpm=1 -> shared=0
03-27 06:52:32.689 18091 18205 I [CT]    : HandPoseSampler: Filter reset
03-27 06:52:32.689 18091 18205 I InputDevice_Hand: HANDTRACKING ADMIRE hand 1: hpm=1 -> shared=0
03-27 06:52:32.700 18091 18205 I [CT]    : HandPoseSampler: Filter reset
03-27 06:52:32.700 18091 18205 I InputDevice_Hand: HANDTRACKING ADMIRE hand 0: hpm=1 -> shared=0
03-27 06:52:32.700 18091 18205 I [CT]    : HandPoseSampler: Filter reset
03-27 06:52:32.700 18091 18205 I InputDevice_Hand: HANDTRACKING ADMIRE hand 1: hpm=1 -> shared=0
03-27 06:52:32.711 18091 18205 I [CT]    : HandPoseSampler: Filter reset
03-27 06:52:32.711 18091 18205 I InputDevice_Hand: HANDTRACKING ADMIRE hand 0: hpm=1 -> shared=0
03-27 06:52:32.711 18091 18205 I [CT]    : HandPoseSampler: Filter reset
03-27 06:52:32.711 18091 18205 I InputDevice_Hand: HANDTRACKING ADMIRE hand 1: hpm=1 -> shared=0
03-27 06:52:32.722 18091 18205 I [CT]    : HandPoseSampler: Filter reset
03-27 06:52:32.723 18091 18205 I InputDevice_Hand: HANDTRACKING ADMIRE hand 0: hpm=1 -> shared=0
03-27 06:52:32.723 18091 18205 I [CT]    : HandPoseSampler: Filter reset
03-27 06:52:32.723 18091 18205 I InputDevice_Hand: HANDTRACKING ADMIRE hand 1: hpm=1 -> shared=0
03-27 06:52:32.734 18091 18205 I [CT]    : HandPoseSampler: Filter reset
03-27 06:52:32.734 18091 18205 I InputDevice_Hand: HANDTRACKING ADMIRE hand 0: hpm=1 -> shared=0
03-27 06:52:32.734 18091 18205 I [CT]    : HandPoseSampler: Filter reset
03-27 06:52:32.734 18091 18205 I InputDevice_Hand: HANDTRACKING ADMIRE hand 1: hpm=1 -> shared=0
03-27 06:52:32.743 18091 18205 I [CT]    : HandPoseSampler: Filter reset
03-27 06:52:32.743 18091 18205 I InputDevice_Hand: HANDTRACKING ADMIRE hand 0: hpm=1 -> shared=0
03-27 06:52:32.743 18091 18205 I [CT]    : HandPoseSampler: Filter reset
03-27 06:52:32.744 18091 18205 I InputDevice_Hand: HANDTRACKING ADMIRE hand 1: hpm=1 -> shared=0
03-27 06:52:32.756 18091 18205 I [CT]    : HandPoseSampler: Filter reset
03-27 06:52:32.756 18091 18205 I InputDevice_Hand: HANDTRACKING ADMIRE hand 0: hpm=1 -> shared=0
03-27 06:52:32.756 18091 18205 I [CT]    : HandPoseSampler: Filter reset
03-27 06:52:32.756 18091 18205 I InputDevice_Hand: HANDTRACKING ADMIRE hand 1: hpm=1 -> shared=0
03-27 06:52:32.767 18091 18205 I [CT]    : HandPoseSampler: Filter reset
03-27 06:52:32.767 18091 18205 I InputDevice_Hand: HANDTRACKING ADMIRE hand 0: hpm=1 -> shared=0
03-27 06:52:32.767 18091 18205 I [CT]    : HandPoseSampler: Filter reset
03-27 06:52:32.767 18091 18205 I InputDevice_Hand: HANDTRACKING ADMIRE hand 1: hpm=1 -> shared=0
03-27 06:52:32.778 18091 18205 I [CT]    : HandPoseSampler: Filter reset
03-27 06:52:32.778 18091 18205 I InputDevice_Hand: HANDTRACKING ADMIRE hand 0: hpm=1 -> shared=0
03-27 06:52:32.778 18091 18205 I [CT]    : HandPoseSampler: Filter reset
03-27 06:52:32.778 18091 18205 I InputDevice_Hand: HANDTRACKING ADMIRE hand 1: hpm=1 -> shared=0
03-27 06:52:32.789 18091 18205 I [CT]    : HandPoseSampler: Filter reset
03-27 06:52:32.789 18091 18205 I InputDevice_Hand: HANDTRACKING ADMIRE hand 0: hpm=1 -> shared=0
03-27 06:52:32.789 18091 18205 I [CT]    : HandPoseSampler: Filter reset
03-27 06:52:32.789 18091 18205 I InputDevice_Hand: HANDTRACKING ADMIRE hand 1: hpm=1 -> shared=0
03-27 06:52:32.800 18091 18205 I [CT]    : HandPoseSampler: Filter reset
03-27 06:52:32.800 18091 18205 I InputDevice_Hand: HANDTRACKING ADMIRE hand 0: hpm=1 -> shared=0
03-27 06:52:32.800 18091 18205 I [CT]    : HandPoseSampler: Filter reset
03-27 06:52:32.800 18091 18205 I InputDevice_Hand: HANDTRACKING ADMIRE hand 1: hpm=1 -> shared=0
03-27 06:52:32.811 18091 18205 I [CT]    : HandPoseSampler: Filter reset
03-27 06:52:32.811 18091 18205 I InputDevice_Hand: HANDTRACKING ADMIRE hand 0: hpm=1 -> shared=0
03-27 06:52:32.811 18091 18205 I [CT]    : HandPoseSampler: Filter reset
03-27 06:52:32.811 18091 18205 I InputDevice_Hand: HANDTRACKING ADMIRE hand 1: hpm=1 -> shared=0
03-27 06:52:32.822 18091 18205 I [CT]    : HandPoseSampler: Filter reset
03-27 06:52:32.822 18091 18205 I InputDevice_Hand: HANDTRACKING ADMIRE hand 0: hpm=1 -> shared=0
03-27 06:52:32.822 18091 18205 I [CT]    : HandPoseSampler: Filter reset
03-27 06:52:32.822 18091 18205 I InputDevice_Hand: HANDTRACKING ADMIRE hand 1: hpm=1 -> shared=0
03-27 06:52:32.833 18091 18205 I [CT]    : HandPoseSampler: Filter reset
03-27 06:52:32.834 18091 18205 I InputDevice_Hand: HANDTRACKING ADMIRE hand 0: hpm=1 -> shared=0
03-27 06:52:32.834 18091 18205 I [CT]    : HandPoseSampler: Filter reset
03-27 06:52:32.834 18091 18205 I InputDevice_Hand: HANDTRACKING ADMIRE hand 1: hpm=1 -> shared=0
03-27 06:52:32.844 18091 18205 I [CT]    : HandPoseSampler: Filter reset
03-27 06:52:32.844 18091 18205 I InputDevice_Hand: HANDTRACKING ADMIRE hand 0: hpm=1 -> shared=0
03-27 06:52:32.844 18091 18205 I [CT]    : HandPoseSampler: Filter reset
03-27 06:52:32.844 18091 18205 I InputDevice_Hand: HANDTRACKING ADMIRE hand 1: hpm=1 -> shared=0
03-27 06:52:32.855   897  1854 I Tracking: CONSTELLATION_Right: [Throttled count=1] P+C Right: : Pushing zero velocity update
03-27 06:52:32.855 18091 18205 I [CT]    : HandPoseSampler: Filter reset
03-27 06:52:32.856 18091 18205 I InputDevice_Hand: HANDTRACKING ADMIRE hand 0: hpm=1 -> shared=0
03-27 06:52:32.856 18091 18205 I [CT]    : HandPoseSampler: Filter reset
03-27 06:52:32.856 18091 18205 I InputDevice_Hand: HANDTRACKING ADMIRE hand 1: hpm=1 -> shared=0
03-27 06:52:32.866 18091 18205 I [CT]    : HandPoseSampler: Filter reset
03-27 06:52:32.866 18091 18205 I InputDevice_Hand: HANDTRACKING ADMIRE hand 0: hpm=1 -> shared=0
03-27 06:52:32.866 18091 18205 I [CT]    : HandPoseSampler: Filter reset
03-27 06:52:32.866 18091 18205 I InputDevice_Hand: HANDTRACKING ADMIRE hand 1: hpm=1 -> shared=0
03-27 06:52:32.877 18091 18205 I [CT]    : HandPoseSampler: Filter reset
03-27 06:52:32.877 18091 18205 I InputDevice_Hand: HANDTRACKING ADMIRE hand 0: hpm=1 -> shared=0
03-27 06:52:32.877 18091 18205 I [CT]    : HandPoseSampler: Filter reset
03-27 06:52:32.877 18091 18205 I InputDevice_Hand: HANDTRACKING ADMIRE hand 1: hpm=1 -> shared=0
03-27 06:52:32.889 18091 18205 I [CT]    : HandPoseSampler: Filter reset
03-27 06:52:32.889 18091 18205 I InputDevice_Hand: HANDTRACKING ADMIRE hand 0: hpm=1 -> shared=0
03-27 06:52:32.889 18091 18205 I [CT]    : HandPoseSampler: Filter reset
03-27 06:52:32.889 18091 18205 I InputDevice_Hand: HANDTRACKING ADMIRE hand 1: hpm=1 -> shared=0
03-27 06:52:32.900 18091 18205 I [CT]    : HandPoseSampler: Filter reset
03-27 06:52:32.900 18091 18205 I InputDevice_Hand: HANDTRACKING ADMIRE hand 0: hpm=1 -> shared=0
03-27 06:52:32.900 18091 18205 I [CT]    : HandPoseSampler: Filter reset
03-27 06:52:32.900 18091 18205 I InputDevice_Hand: HANDTRACKING ADMIRE hand 1: hpm=1 -> shared=0
03-27 06:52:32.904 18224 18352 I AutoStationaryHelper: [AutoStationaryHelper::getGuardianDataFromNearbyRoomscale] Checking 1 existing guardian data
03-27 06:52:32.904 18224 18352 I GuardianMapDataMgr: [GuardianMapDataMgr::isValidTrackedRoomscale] [2575043440] Valid=yes, Roomscale=yes, Anchor [2cee9d32-7f24-ff1e-5555-ae309d8ea246] Tracked=yes
03-27 06:52:32.904 18224 18352 I AutoStationaryHelper: [AutoStationaryHelper::getGuardianDataFromNearbyRoomscale] [2575043440] Distance to HMD: 3.865204
03-27 06:52:32.905 18224 18352 I [CT]    : SP:AF:AnchorFramework: calculateRigidScenePose: Located 14 / 14 anchors in fd4ff835-375f-eff7-378d-3df1f3bd4165 for calculating rigid scene pose for com.oculus.guardian
03-27 06:52:32.905 18224 18352 I [CT]    : SP:AF:AnchorAccuracy: New Rigid Scene calculated using 14 anchors attached to 1 IAs. 0.12351131399918813 seconds since last update
03-27 06:52:32.905 18224 18352 I [CT]    : SP:AF:AnchorAccuracy: Translation difference (mean/min/max): 0.018481900632780577 0.0025748282205313444 0.04632597044110298
03-27 06:52:32.905 18224 18352 I [CT]    : SP:AF:AnchorAccuracy: Rotation difference (mean/min/max): 0.01088615074487669 0.010109830647706985 0.020910978317260742
03-27 06:52:32.905 18224 18352 I [CT]    : SP:AF:AnchorAccuracy: New scene origin pose: -0.23187364637851715 -0.0044656055979430676 -7.504405220970511e-05 : 0.5094559788703918 -0.5094559788703918 -0.490361750125885 -0.4903617203235626
03-27 06:52:32.905 18224 18352 I [CT]    : SP:AF:AnchorAccuracy: New scene origin pose moved: 1.8817223462974653e-05 translation 6.348034730763175e-06 rotation
03-27 06:52:32.911 18091 18205 I [CT]    : HandPoseSampler: Filter reset
03-27 06:52:32.911 18091 18205 I InputDevice_Hand: HANDTRACKING ADMIRE hand 0: hpm=1 -> shared=0
03-27 06:52:32.911 18091 18205 I [CT]    : HandPoseSampler: Filter reset
03-27 06:52:32.911 18091 18205 I InputDevice_Hand: HANDTRACKING ADMIRE hand 1: hpm=1 -> shared=0
03-27 06:52:32.921   897  1854 I Tracking: CONSTELLATION_Left: [Throttled count=181] P+C Left: Imu state is invalid when querying vision state!
03-27 06:52:32.921   897  1854 I Tracking: CONSTELLATION_Left: [Throttled count=90] P+C Left: Not reinitializing 6DoF filter yet (no valid pose from vision).
03-27 06:52:32.921 18091 18205 I [CT]    : HandPoseSampler: Filter reset
03-27 06:52:32.921 18091 18205 I InputDevice_Hand: HANDTRACKING ADMIRE hand 0: hpm=1 -> shared=0
03-27 06:52:32.921 18091 18205 I [CT]    : HandPoseSampler: Filter reset
03-27 06:52:32.921 18091 18205 I InputDevice_Hand: HANDTRACKING ADMIRE hand 1: hpm=1 -> shared=0
03-27 06:52:32.933 18091 18205 I [CT]    : HandPoseSampler: Filter reset
03-27 06:52:32.933 18091 18205 I InputDevice_Hand: HANDTRACKING ADMIRE hand 0: hpm=1 -> shared=0
03-27 06:52:32.933 18091 18205 I [CT]    : HandPoseSampler: Filter reset
03-27 06:52:32.933 18091 18205 I InputDevice_Hand: HANDTRACKING ADMIRE hand 1: hpm=1 -> shared=0
03-27 06:52:32.944 18091 18205 I [CT]    : HandPoseSampler: Filter reset
03-27 06:52:32.944 18091 18205 I InputDevice_Hand: HANDTRACKING ADMIRE hand 0: hpm=1 -> shared=0
03-27 06:52:32.944 18091 18205 I [CT]    : HandPoseSampler: Filter reset
03-27 06:52:32.944 18091 18205 I InputDevice_Hand: HANDTRACKING ADMIRE hand 1: hpm=1 -> shared=0
03-27 06:52:32.956 18091 18205 I [CT]    : HandPoseSampler: Filter reset
03-27 06:52:32.956 18091 18205 I InputDevice_Hand: HANDTRACKING ADMIRE hand 0: hpm=1 -> shared=0
03-27 06:52:32.956 18091 18205 I [CT]    : HandPoseSampler: Filter reset
03-27 06:52:32.956 18091 18205 I InputDevice_Hand: HANDTRACKING ADMIRE hand 1: hpm=1 -> shared=0
03-27 06:52:32.967 18091 18205 I [CT]    : HandPoseSampler: Filter reset
03-27 06:52:32.967 18091 18205 I InputDevice_Hand: HANDTRACKING ADMIRE hand 0: hpm=1 -> shared=0
03-27 06:52:32.967 18091 18205 I [CT]    : HandPoseSampler: Filter reset
03-27 06:52:32.967 18091 18205 I InputDevice_Hand: HANDTRACKING ADMIRE hand 1: hpm=1 -> shared=0
03-27 06:52:32.977 18091 18205 I [CT]    : HandPoseSampler: Filter reset
03-27 06:52:32.977 18091 18205 I InputDevice_Hand: HANDTRACKING ADMIRE hand 0: hpm=1 -> shared=0
03-27 06:52:32.977 18091 18205 I [CT]    : HandPoseSampler: Filter reset
03-27 06:52:32.977 18091 18205 I InputDevice_Hand: HANDTRACKING ADMIRE hand 1: hpm=1 -> shared=0
03-27 06:52:32.988 18091 18205 I [CT]    : HandPoseSampler: Filter reset
03-27 06:52:32.988 18091 18205 I InputDevice_Hand: HANDTRACKING ADMIRE hand 0: hpm=1 -> shared=0
03-27 06:52:32.988 18091 18205 I [CT]    : HandPoseSampler: Filter reset
03-27 06:52:32.988 18091 18205 I InputDevice_Hand: HANDTRACKING ADMIRE hand 1: hpm=1 -> shared=0
03-27 06:52:33.000 18091 18205 I [CT]    : HandPoseSampler: Filter reset
03-27 06:52:33.000 18091 18205 I InputDevice_Hand: HANDTRACKING ADMIRE hand 0: hpm=1 -> shared=0
03-27 06:52:33.000 18091 18205 I [CT]    : HandPoseSampler: Filter reset
03-27 06:52:33.000 18091 18205 I InputDevice_Hand: HANDTRACKING ADMIRE hand 1: hpm=1 -> shared=0
03-27 06:52:33.009 18091 14209 I VrApi   : FPS=90/90,Prd=23ms,Tear=0,Early=0,Stale=0,Stale2/5/10/max=0/0/0/0,VSnc=1,Lat=-4,Fov=3,CPU4/GPU=-1/-1,1920/545MHz,OC=3F,TA=0/0/0,SP=N/N/N,Mem=1708MHz,Free=4019MB,PLS=0,Temp=34.0C/0.0C,TW=0.54ms,App=1.61ms,GD=0.00ms,CPU&GPU=8.24ms,LCnt=1(DR90,LM0),GPU%=0.21,CPU%=0.28(W0.30),CFL=11.37/15.06,ICFLp95=13.47,LD=0,CABC=1,SF=0.78,LP=1,DVFS=0,Preempt=180,PoseAgeP95=0.00
03-27 06:52:33.010 18091 14209 I VrApi   : ASW=0,Type=PTWFromStereo,E=0.000/0.000,D=0.000/0.000
03-27 06:52:33.010 18091 18205 I [CT]    : HandPoseSampler: Filter reset
03-27 06:52:33.010 18091 18205 I InputDevice_Hand: HANDTRACKING ADMIRE hand 0: hpm=1 -> shared=0
03-27 06:52:33.010 18091 18205 I [CT]    : HandPoseSampler: Filter reset
03-27 06:52:33.010 18091 18205 I InputDevice_Hand: HANDTRACKING ADMIRE hand 1: hpm=1 -> shared=0
03-27 06:52:33.022 18091 18205 I [CT]    : HandPoseSampler: Filter reset
03-27 06:52:33.022 18091 18205 I InputDevice_Hand: HANDTRACKING ADMIRE hand 0: hpm=1 -> shared=0
03-27 06:52:33.022 18091 18205 I [CT]    : HandPoseSampler: Filter reset
03-27 06:52:33.022 18091 18205 I InputDevice_Hand: HANDTRACKING ADMIRE hand 1: hpm=1 -> shared=0
03-27 06:52:33.033 18091 18205 I [CT]    : HandPoseSampler: Filter reset
03-27 06:52:33.033 18091 18205 I InputDevice_Hand: HANDTRACKING ADMIRE hand 0: hpm=1 -> shared=0
03-27 06:52:33.033 18091 18205 I [CT]    : HandPoseSampler: Filter reset
03-27 06:52:33.033 18091 18205 I InputDevice_Hand: HANDTRACKING ADMIRE hand 1: hpm=1 -> shared=0
03-27 06:52:33.044 18091 18205 I [CT]    : HandPoseSampler: Filter reset
03-27 06:52:33.044 18091 18205 I InputDevice_Hand: HANDTRACKING ADMIRE hand 0: hpm=1 -> shared=0
03-27 06:52:33.044 18091 18205 I [CT]    : HandPoseSampler: Filter reset
03-27 06:52:33.044 18091 18205 I InputDevice_Hand: HANDTRACKING ADMIRE hand 1: hpm=1 -> shared=0
03-27 06:52:33.055 18091 18205 I [CT]    : HandPoseSampler: Filter reset
03-27 06:52:33.055 18091 18205 I InputDevice_Hand: HANDTRACKING ADMIRE hand 0: hpm=1 -> shared=0
03-27 06:52:33.055 18091 18205 I [CT]    : HandPoseSampler: Filter reset
03-27 06:52:33.055 18091 18205 I InputDevice_Hand: HANDTRACKING ADMIRE hand 1: hpm=1 -> shared=0
03-27 06:52:33.066 18091 18205 I [CT]    : HandPoseSampler: Filter reset
03-27 06:52:33.066 18091 18205 I InputDevice_Hand: HANDTRACKING ADMIRE hand 0: hpm=1 -> shared=0
03-27 06:52:33.066 18091 18205 I [CT]    : HandPoseSampler: Filter reset
03-27 06:52:33.066 18091 18205 I InputDevice_Hand: HANDTRACKING ADMIRE hand 1: hpm=1 -> shared=0
03-27 06:52:33.077 18091 18205 I [CT]    : HandPoseSampler: Filter reset
03-27 06:52:33.077 18091 18205 I InputDevice_Hand: HANDTRACKING ADMIRE hand 0: hpm=1 -> shared=0
03-27 06:52:33.077 18091 18205 I [CT]    : HandPoseSampler: Filter reset
03-27 06:52:33.077 18091 18205 I InputDevice_Hand: HANDTRACKING ADMIRE hand 1: hpm=1 -> shared=0
03-27 06:52:33.088 18091 18205 I [CT]    : HandPoseSampler: Filter reset
03-27 06:52:33.088 18091 18205 I InputDevice_Hand: HANDTRACKING ADMIRE hand 0: hpm=1 -> shared=0
03-27 06:52:33.088 18091 18205 I [CT]    : HandPoseSampler: Filter reset
03-27 06:52:33.088 18091 18205 I InputDevice_Hand: HANDTRACKING ADMIRE hand 1: hpm=1 -> shared=0
03-27 06:52:33.100 18091 18205 I [CT]    : HandPoseSampler: Filter reset
03-27 06:52:33.100 18091 18205 I InputDevice_Hand: HANDTRACKING ADMIRE hand 0: hpm=1 -> shared=0
03-27 06:52:33.100 18091 18205 I [CT]    : HandPoseSampler: Filter reset
03-27 06:52:33.100 18091 18205 I InputDevice_Hand: HANDTRACKING ADMIRE hand 1: hpm=1 -> shared=0
03-27 06:52:33.110 18091 18205 I [CT]    : HandPoseSampler: Filter reset
03-27 06:52:33.110 18091 18205 I InputDevice_Hand: HANDTRACKING ADMIRE hand 0: hpm=1 -> shared=0
03-27 06:52:33.110 18091 18205 I [CT]    : HandPoseSampler: Filter reset
03-27 06:52:33.110 18091 18205 I InputDevice_Hand: HANDTRACKING ADMIRE hand 1: hpm=1 -> shared=0
03-27 06:52:33.122 18091 18205 I [CT]    : HandPoseSampler: Filter reset
03-27 06:52:33.122 18091 18205 I InputDevice_Hand: HANDTRACKING ADMIRE hand 0: hpm=1 -> shared=0
03-27 06:52:33.122 18091 18205 I [CT]    : HandPoseSampler: Filter reset
03-27 06:52:33.122 18091 18205 I InputDevice_Hand: HANDTRACKING ADMIRE hand 1: hpm=1 -> shared=0
03-27 06:52:33.133 18091 18205 I [CT]    : HandPoseSampler: Filter reset
03-27 06:52:33.133 18091 18205 I InputDevice_Hand: HANDTRACKING ADMIRE hand 0: hpm=1 -> shared=0
03-27 06:52:33.133 18091 18205 I [CT]    : HandPoseSampler: Filter reset
03-27 06:52:33.133 18091 18205 I InputDevice_Hand: HANDTRACKING ADMIRE hand 1: hpm=1 -> shared=0
03-27 06:52:33.143 18091 18205 I [CT]    : HandPoseSampler: Filter reset
03-27 06:52:33.143 18091 18205 I InputDevice_Hand: HANDTRACKING ADMIRE hand 0: hpm=1 -> shared=0
03-27 06:52:33.144 18091 18205 I [CT]    : HandPoseSampler: Filter reset
03-27 06:52:33.144 18091 18205 I InputDevice_Hand: HANDTRACKING ADMIRE hand 1: hpm=1 -> shared=0
03-27 06:52:33.155 18091 18205 I [CT]    : HandPoseSampler: Filter reset
03-27 06:52:33.155 18091 18205 I InputDevice_Hand: HANDTRACKING ADMIRE hand 0: hpm=1 -> shared=0
03-27 06:52:33.155 18091 18205 I [CT]    : HandPoseSampler: Filter reset
03-27 06:52:33.155 18091 18205 I InputDevice_Hand: HANDTRACKING ADMIRE hand 1: hpm=1 -> shared=0
03-27 06:52:33.166 18091 18205 I [CT]    : HandPoseSampler: Filter reset
03-27 06:52:33.166 18091 18205 I InputDevice_Hand: HANDTRACKING ADMIRE hand 0: hpm=1 -> shared=0
03-27 06:52:33.166 18091 18205 I [CT]    : HandPoseSampler: Filter reset
03-27 06:52:33.166 18091 18205 I InputDevice_Hand: HANDTRACKING ADMIRE hand 1: hpm=1 -> shared=0
03-27 06:52:33.177 18091 18205 I [CT]    : HandPoseSampler: Filter reset
03-27 06:52:33.177 18091 18205 I InputDevice_Hand: HANDTRACKING ADMIRE hand 0: hpm=1 -> shared=0
03-27 06:52:33.177 18091 18205 I [CT]    : HandPoseSampler: Filter reset
03-27 06:52:33.177 18091 18205 I InputDevice_Hand: HANDTRACKING ADMIRE hand 1: hpm=1 -> shared=0
03-27 06:52:33.188 18091 18205 I [CT]    : HandPoseSampler: Filter reset
03-27 06:52:33.188 18091 18205 I InputDevice_Hand: HANDTRACKING ADMIRE hand 0: hpm=1 -> shared=0
03-27 06:52:33.188 18091 18205 I [CT]    : HandPoseSampler: Filter reset
03-27 06:52:33.188 18091 18205 I InputDevice_Hand: HANDTRACKING ADMIRE hand 1: hpm=1 -> shared=0
03-27 06:52:33.200 18091 18205 I [CT]    : HandPoseSampler: Filter reset
03-27 06:52:33.200 18091 18205 I InputDevice_Hand: HANDTRACKING ADMIRE hand 0: hpm=1 -> shared=0
03-27 06:52:33.200 18091 18205 I [CT]    : HandPoseSampler: Filter reset
03-27 06:52:33.200 18091 18205 I InputDevice_Hand: HANDTRACKING ADMIRE hand 1: hpm=1 -> shared=0
03-27 06:52:33.211 18091 18205 I [CT]    : HandPoseSampler: Filter reset
03-27 06:52:33.211 18091 18205 I InputDevice_Hand: HANDTRACKING ADMIRE hand 0: hpm=1 -> shared=0
03-27 06:52:33.211 18091 18205 I [CT]    : HandPoseSampler: Filter reset
03-27 06:52:33.211 18091 18205 I InputDevice_Hand: HANDTRACKING ADMIRE hand 1: hpm=1 -> shared=0
03-27 06:52:33.222 18091 18205 I [CT]    : HandPoseSampler: Filter reset
03-27 06:52:33.222 18091 18205 I InputDevice_Hand: HANDTRACKING ADMIRE hand 0: hpm=1 -> shared=0
03-27 06:52:33.222 18091 18205 I [CT]    : HandPoseSampler: Filter reset
03-27 06:52:33.222 18091 18205 I InputDevice_Hand: HANDTRACKING ADMIRE hand 1: hpm=1 -> shared=0
03-27 06:52:33.233 18091 18205 I [CT]    : HandPoseSampler: Filter reset
03-27 06:52:33.233 18091 18205 I InputDevice_Hand: HANDTRACKING ADMIRE hand 0: hpm=1 -> shared=0
03-27 06:52:33.233 18091 18205 I [CT]    : HandPoseSampler: Filter reset
03-27 06:52:33.233 18091 18205 I InputDevice_Hand: HANDTRACKING ADMIRE hand 1: hpm=1 -> shared=0
03-27 06:52:33.244 18091 18205 I [CT]    : HandPoseSampler: Filter reset
03-27 06:52:33.244 18091 18205 I InputDevice_Hand: HANDTRACKING ADMIRE hand 0: hpm=1 -> shared=0
03-27 06:52:33.244 18091 18205 I [CT]    : HandPoseSampler: Filter reset
03-27 06:52:33.244 18091 18205 I InputDevice_Hand: HANDTRACKING ADMIRE hand 1: hpm=1 -> shared=0
03-27 06:52:33.255 18091 18205 I [CT]    : HandPoseSampler: Filter reset
03-27 06:52:33.255 18091 18205 I InputDevice_Hand: HANDTRACKING ADMIRE hand 0: hpm=1 -> shared=0
03-27 06:52:33.256 18091 18205 I [CT]    : HandPoseSampler: Filter reset
03-27 06:52:33.256 18091 18205 I InputDevice_Hand: HANDTRACKING ADMIRE hand 1: hpm=1 -> shared=0
03-27 06:52:33.267 18091 18205 I [CT]    : HandPoseSampler: Filter reset
03-27 06:52:33.267 18091 18205 I InputDevice_Hand: HANDTRACKING ADMIRE hand 0: hpm=1 -> shared=0
03-27 06:52:33.267 18091 18205 I [CT]    : HandPoseSampler: Filter reset
03-27 06:52:33.267 18091 18205 I InputDevice_Hand: HANDTRACKING ADMIRE hand 1: hpm=1 -> shared=0
03-27 06:52:33.277   920 14201 I VD628x  : Flicker results: freq 120.000000, max 119.896255, dcr 32.952675, pct 0.042016, idx 0.013182, conf 0.877784, snr 8.701192, svm 0.068192, sus 0
03-27 06:52:33.278 18091 18205 I [CT]    : HandPoseSampler: Filter reset
03-27 06:52:33.278 18091 18205 I InputDevice_Hand: HANDTRACKING ADMIRE hand 0: hpm=1 -> shared=0
03-27 06:52:33.278 18091 18205 I [CT]    : HandPoseSampler: Filter reset
03-27 06:52:33.278 18091 18205 I InputDevice_Hand: HANDTRACKING ADMIRE hand 1: hpm=1 -> shared=0
03-27 06:52:33.289 18091 18205 I [CT]    : HandPoseSampler: Filter reset
03-27 06:52:33.289 18091 18205 I InputDevice_Hand: HANDTRACKING ADMIRE hand 0: hpm=1 -> shared=0
03-27 06:52:33.289 18091 18205 I [CT]    : HandPoseSampler: Filter reset
03-27 06:52:33.289 18091 18205 I InputDevice_Hand: HANDTRACKING ADMIRE hand 1: hpm=1 -> shared=0
03-27 06:52:33.300 18091 18205 I [CT]    : HandPoseSampler: Filter reset
03-27 06:52:33.300 18091 18205 I InputDevice_Hand: HANDTRACKING ADMIRE hand 0: hpm=1 -> shared=0
03-27 06:52:33.300 18091 18205 I [CT]    : HandPoseSampler: Filter reset
03-27 06:52:33.300 18091 18205 I InputDevice_Hand: HANDTRACKING ADMIRE hand 1: hpm=1 -> shared=0
03-27 06:52:33.311 18091 18205 I [CT]    : HandPoseSampler: Filter reset
03-27 06:52:33.311 18091 18205 I InputDevice_Hand: HANDTRACKING ADMIRE hand 0: hpm=1 -> shared=0
03-27 06:52:33.311 18091 18205 I [CT]    : HandPoseSampler: Filter reset
03-27 06:52:33.311 18091 18205 I InputDevice_Hand: HANDTRACKING ADMIRE hand 1: hpm=1 -> shared=0
03-27 06:52:33.322 18091 18205 I [CT]    : HandPoseSampler: Filter reset
03-27 06:52:33.322 18091 18205 I InputDevice_Hand: HANDTRACKING ADMIRE hand 0: hpm=1 -> shared=0
03-27 06:52:33.322 18091 18205 I [CT]    : HandPoseSampler: Filter reset
03-27 06:52:33.322 18091 18205 I InputDevice_Hand: HANDTRACKING ADMIRE hand 1: hpm=1 -> shared=0
03-27 06:52:33.333 18091 18205 I [CT]    : HandPoseSampler: Filter reset
03-27 06:52:33.333 18091 18205 I InputDevice_Hand: HANDTRACKING ADMIRE hand 0: hpm=1 -> shared=0
03-27 06:52:33.333 18091 18205 I [CT]    : HandPoseSampler: Filter reset
03-27 06:52:33.333 18091 18205 I InputDevice_Hand: HANDTRACKING ADMIRE hand 1: hpm=1 -> shared=0
03-27 06:52:33.338   897 14310 W Tracking: CONSTELLATION_Left: [Throttled count=503] P+C Left: Could not retrieve 3dof fallback pose.
03-27 06:52:33.345 18091 18205 I [CT]    : HandPoseSampler: Filter reset
03-27 06:52:33.345 18091 18205 I InputDevice_Hand: HANDTRACKING ADMIRE hand 0: hpm=1 -> shared=0
03-27 06:52:33.345 18091 18205 I [CT]    : HandPoseSampler: Filter reset
03-27 06:52:33.345 18091 18205 I InputDevice_Hand: HANDTRACKING ADMIRE hand 1: hpm=1 -> shared=0
03-27 06:52:33.355 18091 18205 I [CT]    : HandPoseSampler: Filter reset
03-27 06:52:33.355 18091 18205 I InputDevice_Hand: HANDTRACKING ADMIRE hand 0: hpm=1 -> shared=0
03-27 06:52:33.356 18091 18205 I [CT]    : HandPoseSampler: Filter reset
03-27 06:52:33.356 18091 18205 I InputDevice_Hand: HANDTRACKING ADMIRE hand 1: hpm=1 -> shared=0
03-27 06:52:33.361   897 14271 W Tracking: IoteLogging: IMU Update exceeded imu sampling period: update=0.001452140 [sec], period=0.001250000 [sec].
03-27 06:52:33.366 18091 18205 I [CT]    : HandPoseSampler: Filter reset
03-27 06:52:33.367 18091 18205 I InputDevice_Hand: HANDTRACKING ADMIRE hand 0: hpm=1 -> shared=0
03-27 06:52:33.367 18091 18205 I [CT]    : HandPoseSampler: Filter reset
03-27 06:52:33.367 18091 18205 I InputDevice_Hand: HANDTRACKING ADMIRE hand 1: hpm=1 -> shared=0
03-27 06:52:33.368   897 14310 I Tracking: CONSTELLATION:IMU_STATUS: 0x9a0f3b964e7e111f (L): [#Samples=2516] 98.594s | [FusionTracked=0.000, OutputTracked=0.000, OutputValid=0.000] [AccelSat=0.000, GyroSat=0.000] [AccelMinMeanMax: X=-8.121|-7.819|-7.254, Y=4.918|5.222|5.769, Z=-2.953|-2.468|-2.074] [GyroMinMeanMax: X=-0.015|0.005|0.026, Y=-0.049|-0.012|0.023, Z=-0.032|0.001|0.023] [AccelStuck: X=0|0.000, Y=0|0.000, Z=0|0.000] [GyroStuck: X=0|0.000, Y=0|0.000, Z=0|0.000]  [Current time=98.594s, last log time=93.593s]
03-27 06:52:33.373   897 14310 I Tracking: CONSTELLATION:IMU_STATUS: 0x2e7e5d32cf134aad (R): [#Samples=2515] 98.600s | [FusionTracked=1.000, OutputTracked=1.000, OutputValid=1.000] [AccelSat=0.000, GyroSat=0.000] [AccelMinMeanMax: X=1.971|4.163|6.176, Y=3.936|5.093|6.267, Z=-8.879|-7.030|-5.800] [GyroMinMeanMax: X=-0.211|0.006|0.320, Y=-0.839|-0.002|0.793, Z=-0.626|0.002|0.633] [AccelStuck: X=0|0.000, Y=0|0.000, Z=0|0.000] [GyroStuck: X=1|-0.100, Y=1|0.160, Z=1|0.100]  [Current time=98.600s, last log time=93.598s]
03-27 06:52:33.378 18091 18205 I [CT]    : HandPoseSampler: Filter reset
03-27 06:52:33.378 18091 18205 I InputDevice_Hand: HANDTRACKING ADMIRE hand 0: hpm=1 -> shared=0
03-27 06:52:33.378 18091 18205 I [CT]    : HandPoseSampler: Filter reset
03-27 06:52:33.378 18091 18205 I InputDevice_Hand: HANDTRACKING ADMIRE hand 1: hpm=1 -> shared=0
03-27 06:52:33.389 18091 18205 I [CT]    : HandPoseSampler: Filter reset
03-27 06:52:33.389 18091 18205 I InputDevice_Hand: HANDTRACKING ADMIRE hand 0: hpm=1 -> shared=0
03-27 06:52:33.389 18091 18205 I [CT]    : HandPoseSampler: Filter reset
03-27 06:52:33.389 18091 18205 I InputDevice_Hand: HANDTRACKING ADMIRE hand 1: hpm=1 -> shared=0
03-27 06:52:33.400 18091 18205 I [CT]    : HandPoseSampler: Filter reset
03-27 06:52:33.400 18091 18205 I InputDevice_Hand: HANDTRACKING ADMIRE hand 0: hpm=1 -> shared=0
03-27 06:52:33.400 18091 18205 I [CT]    : HandPoseSampler: Filter reset
03-27 06:52:33.400 18091 18205 I InputDevice_Hand: HANDTRACKING ADMIRE hand 1: hpm=1 -> shared=0
03-27 06:52:33.410 18091 18205 I [CT]    : HandPoseSampler: Filter reset
03-27 06:52:33.410 18091 18205 I InputDevice_Hand: HANDTRACKING ADMIRE hand 0: hpm=1 -> shared=0
03-27 06:52:33.410 18091 18205 I [CT]    : HandPoseSampler: Filter reset
03-27 06:52:33.410 18091 18205 I InputDevice_Hand: HANDTRACKING ADMIRE hand 1: hpm=1 -> shared=0
03-27 06:52:33.421 18091 18205 I [CT]    : HandPoseSampler: Filter reset
03-27 06:52:33.421 18091 18205 I InputDevice_Hand: HANDTRACKING ADMIRE hand 0: hpm=1 -> shared=0
03-27 06:52:33.421 18091 18205 I [CT]    : HandPoseSampler: Filter reset
03-27 06:52:33.421 18091 18205 I InputDevice_Hand: HANDTRACKING ADMIRE hand 1: hpm=1 -> shared=0
03-27 06:52:33.430   897  1848 I Tracking: Vega: [INSIGHTS] Mode=DescriptorVega,6DoF,Agg=37s,Inl=16,24,40,Mem=94.7,FrameDur=6.4,14.2,PoseLat=1.5,8.5,CamImuLat=10.0,29.2,Jit=0.0,0.2,Drops(Cam=0,IMU=0),MeanIr=3196.1,Exp(5.3ms,g=5,I=60)(5.3ms,g=5,I=60)(5.8ms,g=6,I=59)(5.0ms,g=4,I=59)(0.0ms,g=0)(0.0ms,g=0),NonInertEnv=n
03-27 06:52:33.433 18091 18205 I [CT]    : HandPoseSampler: Filter reset
03-27 06:52:33.433 18091 18205 I InputDevice_Hand: HANDTRACKING ADMIRE hand 0: hpm=1 -> shared=0
03-27 06:52:33.433 18091 18205 I [CT]    : HandPoseSampler: Filter reset
03-27 06:52:33.433 18091 18205 I InputDevice_Hand: HANDTRACKING ADMIRE hand 1: hpm=1 -> shared=0
03-27 06:52:33.444 18091 18205 I [CT]    : HandPoseSampler: Filter reset
03-27 06:52:33.444 18091 18205 I InputDevice_Hand: HANDTRACKING ADMIRE hand 0: hpm=1 -> shared=0
03-27 06:52:33.444 18091 18205 I [CT]    : HandPoseSampler: Filter reset
03-27 06:52:33.444 18091 18205 I InputDevice_Hand: HANDTRACKING ADMIRE hand 1: hpm=1 -> shared=0
03-27 06:52:33.450   927 19557 I libcamerahal: [INSIGHTS][2.00s] recv/ret/req heartbeat: cam0: 90/90/0, cam1: 90/90/0, cam2: 90/90/0, cam3: 90/90/0
03-27 06:52:33.455 18091 18205 I [CT]    : HandPoseSampler: Filter reset
03-27 06:52:33.455 18091 18205 I InputDevice_Hand: HANDTRACKING ADMIRE hand 0: hpm=1 -> shared=0
03-27 06:52:33.455 18091 18205 I [CT]    : HandPoseSampler: Filter reset
03-27 06:52:33.455 18091 18205 I InputDevice_Hand: HANDTRACKING ADMIRE hand 1: hpm=1 -> shared=0
03-27 06:52:33.466 18091 18205 I [CT]    : HandPoseSampler: Filter reset
03-27 06:52:33.466 18091 18205 I InputDevice_Hand: HANDTRACKING ADMIRE hand 0: hpm=1 -> shared=0
03-27 06:52:33.466 18091 18205 I [CT]    : HandPoseSampler: Filter reset
03-27 06:52:33.467 18091 18205 I InputDevice_Hand: HANDTRACKING ADMIRE hand 1: hpm=1 -> shared=0
03-27 06:52:33.478 18091 18205 I [CT]    : HandPoseSampler: Filter reset
03-27 06:52:33.478 18091 18205 I InputDevice_Hand: HANDTRACKING ADMIRE hand 0: hpm=1 -> shared=0
03-27 06:52:33.478 18091 18205 I [CT]    : HandPoseSampler: Filter reset
03-27 06:52:33.478 18091 18205 I InputDevice_Hand: HANDTRACKING ADMIRE hand 1: hpm=1 -> shared=0
03-27 06:52:33.489 18091 18205 I [CT]    : HandPoseSampler: Filter reset
03-27 06:52:33.489 18091 18205 I InputDevice_Hand: HANDTRACKING ADMIRE hand 0: hpm=1 -> shared=0
03-27 06:52:33.489 18091 18205 I [CT]    : HandPoseSampler: Filter reset
03-27 06:52:33.489 18091 18205 I InputDevice_Hand: HANDTRACKING ADMIRE hand 1: hpm=1 -> shared=0
03-27 06:52:33.499 18091 18205 I [CT]    : HandPoseSampler: Filter reset
03-27 06:52:33.499 18091 18205 I InputDevice_Hand: HANDTRACKING ADMIRE hand 0: hpm=1 -> shared=0
03-27 06:52:33.499 18091 18205 I [CT]    : HandPoseSampler: Filter reset
03-27 06:52:33.499 18091 18205 I InputDevice_Hand: HANDTRACKING ADMIRE hand 1: hpm=1 -> shared=0
03-27 06:52:33.511 18091 18205 I [CT]    : HandPoseSampler: Filter reset
03-27 06:52:33.511 18091 18205 I InputDevice_Hand: HANDTRACKING ADMIRE hand 0: hpm=1 -> shared=0
03-27 06:52:33.511 18091 18205 I [CT]    : HandPoseSampler: Filter reset
03-27 06:52:33.511 18091 18205 I InputDevice_Hand: HANDTRACKING ADMIRE hand 1: hpm=1 -> shared=0
03-27 06:52:33.522 18091 18205 I [CT]    : HandPoseSampler: Filter reset
03-27 06:52:33.522 18091 18205 I InputDevice_Hand: HANDTRACKING ADMIRE hand 0: hpm=1 -> shared=0
03-27 06:52:33.522 18091 18205 I [CT]    : HandPoseSampler: Filter reset
03-27 06:52:33.522 18091 18205 I InputDevice_Hand: HANDTRACKING ADMIRE hand 1: hpm=1 -> shared=0
03-27 06:52:33.533 18091 18205 I [CT]    : HandPoseSampler: Filter reset
03-27 06:52:33.533 18091 18205 I InputDevice_Hand: HANDTRACKING ADMIRE hand 0: hpm=1 -> shared=0
03-27 06:52:33.533 18091 18205 I [CT]    : HandPoseSampler: Filter reset
03-27 06:52:33.533 18091 18205 I InputDevice_Hand: HANDTRACKING ADMIRE hand 1: hpm=1 -> shared=0
03-27 06:52:33.543 18091 18205 I [CT]    : HandPoseSampler: Filter reset
03-27 06:52:33.543 18091 18205 I InputDevice_Hand: HANDTRACKING ADMIRE hand 0: hpm=1 -> shared=0
03-27 06:52:33.543 18091 18205 I [CT]    : HandPoseSampler: Filter reset
03-27 06:52:33.543 18091 18205 I InputDevice_Hand: HANDTRACKING ADMIRE hand 1: hpm=1 -> shared=0
03-27 06:52:33.556 18091 18205 I [CT]    : HandPoseSampler: Filter reset
03-27 06:52:33.556 18091 18205 I InputDevice_Hand: HANDTRACKING ADMIRE hand 0: hpm=1 -> shared=0
03-27 06:52:33.556 18091 18205 I [CT]    : HandPoseSampler: Filter reset
03-27 06:52:33.556 18091 18205 I InputDevice_Hand: HANDTRACKING ADMIRE hand 1: hpm=1 -> shared=0
03-27 06:52:33.566 18091 18205 I [CT]    : HandPoseSampler: Filter reset
03-27 06:52:33.566 18091 18205 I InputDevice_Hand: HANDTRACKING ADMIRE hand 0: hpm=1 -> shared=0
03-27 06:52:33.566 18091 18205 I [CT]    : HandPoseSampler: Filter reset
03-27 06:52:33.566 18091 18205 I InputDevice_Hand: HANDTRACKING ADMIRE hand 1: hpm=1 -> shared=0
03-27 06:52:33.577 18091 18193 D [SEO] VrNotificationFeedManager: Creating GraphQL request to fetch notifications feed with params: {"sentSecondsAgo":30,"includedInFeed":"true","supportedByCaller":"true"}
03-27 06:52:33.578 18091 18205 I [CT]    : HandPoseSampler: Filter reset
03-27 06:52:33.578 18091 18205 I InputDevice_Hand: HANDTRACKING ADMIRE hand 0: hpm=1 -> shared=0
03-27 06:52:33.578 18091 18205 I [CT]    : HandPoseSampler: Filter reset
03-27 06:52:33.578 18091 18205 I InputDevice_Hand: HANDTRACKING ADMIRE hand 1: hpm=1 -> shared=0
03-27 06:52:33.589 18091 18205 I [CT]    : HandPoseSampler: Filter reset
03-27 06:52:33.589 18091 18205 I InputDevice_Hand: HANDTRACKING ADMIRE hand 0: hpm=1 -> shared=0
03-27 06:52:33.589 18091 18205 I [CT]    : HandPoseSampler: Filter reset
03-27 06:52:33.589 18091 18205 I InputDevice_Hand: HANDTRACKING ADMIRE hand 1: hpm=1 -> shared=0
03-27 06:52:33.600 18091 18205 I [CT]    : HandPoseSampler: Filter reset
03-27 06:52:33.600 18091 18205 I InputDevice_Hand: HANDTRACKING ADMIRE hand 0: hpm=1 -> shared=0
03-27 06:52:33.600 18091 18205 I [CT]    : HandPoseSampler: Filter reset
03-27 06:52:33.600 18091 18205 I InputDevice_Hand: HANDTRACKING ADMIRE hand 1: hpm=1 -> shared=0
03-27 06:52:33.611 18091 18205 I [CT]    : HandPoseSampler: Filter reset
03-27 06:52:33.611 18091 18205 I InputDevice_Hand: HANDTRACKING ADMIRE hand 0: hpm=1 -> shared=0
03-27 06:52:33.611 18091 18205 I [CT]    : HandPoseSampler: Filter reset
03-27 06:52:33.611 18091 18205 I InputDevice_Hand: HANDTRACKING ADMIRE hand 1: hpm=1 -> shared=0
03-27 06:52:33.622 18091 18205 I [CT]    : HandPoseSampler: Filter reset
03-27 06:52:33.622 18091 18205 I InputDevice_Hand: HANDTRACKING ADMIRE hand 0: hpm=1 -> shared=0
03-27 06:52:33.622 18091 18205 I [CT]    : HandPoseSampler: Filter reset
03-27 06:52:33.622 18091 18205 I InputDevice_Hand: HANDTRACKING ADMIRE hand 1: hpm=1 -> shared=0
03-27 06:52:33.633 18091 18205 I [CT]    : HandPoseSampler: Filter reset
03-27 06:52:33.633 18091 18205 I InputDevice_Hand: HANDTRACKING ADMIRE hand 0: hpm=1 -> shared=0
03-27 06:52:33.633 18091 18205 I [CT]    : HandPoseSampler: Filter reset
03-27 06:52:33.633 18091 18205 I InputDevice_Hand: HANDTRACKING ADMIRE hand 1: hpm=1 -> shared=0
03-27 06:52:33.644 18091 18205 I [CT]    : HandPoseSampler: Filter reset
03-27 06:52:33.644 18091 18205 I InputDevice_Hand: HANDTRACKING ADMIRE hand 0: hpm=1 -> shared=0
03-27 06:52:33.644 18091 18205 I [CT]    : HandPoseSampler: Filter reset
03-27 06:52:33.644 18091 18205 I InputDevice_Hand: HANDTRACKING ADMIRE hand 1: hpm=1 -> shared=0
03-27 06:52:33.648 18091 18457 W ShellHsr: Renderer: RenderableFilter has 108 tags, which is more than 10. This is expected to be rare. If this becomes common, consider changing RenderableFilter logic to use something other than linear searches for filtering renderable tags (like registered bitsets).
03-27 06:52:33.655 18091 18205 I [CT]    : HandPoseSampler: Filter reset
03-27 06:52:33.655 18091 18205 I InputDevice_Hand: HANDTRACKING ADMIRE hand 0: hpm=1 -> shared=0
03-27 06:52:33.655 18091 18205 I [CT]    : HandPoseSampler: Filter reset
03-27 06:52:33.655 18091 18205 I InputDevice_Hand: HANDTRACKING ADMIRE hand 1: hpm=1 -> shared=0
03-27 06:52:33.667 18091 18205 I [CT]    : HandPoseSampler: Filter reset
03-27 06:52:33.667 18091 18205 I InputDevice_Hand: HANDTRACKING ADMIRE hand 0: hpm=1 -> shared=0
03-27 06:52:33.667 18091 18205 I [CT]    : HandPoseSampler: Filter reset
03-27 06:52:33.667 18091 18205 I InputDevice_Hand: HANDTRACKING ADMIRE hand 1: hpm=1 -> shared=0
03-27 06:52:33.677 18091 18205 I [CT]    : HandPoseSampler: Filter reset
03-27 06:52:33.677 18091 18205 I InputDevice_Hand: HANDTRACKING ADMIRE hand 0: hpm=1 -> shared=0
03-27 06:52:33.677 18091 18205 I [CT]    : HandPoseSampler: Filter reset
03-27 06:52:33.677 18091 18205 I InputDevice_Hand: HANDTRACKING ADMIRE hand 1: hpm=1 -> shared=0
03-27 06:52:33.688 18091 18205 I [CT]    : HandPoseSampler: Filter reset
03-27 06:52:33.688 18091 18205 I InputDevice_Hand: HANDTRACKING ADMIRE hand 0: hpm=1 -> shared=0
03-27 06:52:33.688 18091 18205 I [CT]    : HandPoseSampler: Filter reset
03-27 06:52:33.688 18091 18205 I InputDevice_Hand: HANDTRACKING ADMIRE hand 1: hpm=1 -> shared=0
03-27 06:52:33.699 18091 18205 I [CT]    : HandPoseSampler: Filter reset
03-27 06:52:33.699 18091 18205 I InputDevice_Hand: HANDTRACKING ADMIRE hand 0: hpm=1 -> shared=0
03-27 06:52:33.699 18091 18205 I [CT]    : HandPoseSampler: Filter reset
03-27 06:52:33.699 18091 18205 I InputDevice_Hand: HANDTRACKING ADMIRE hand 1: hpm=1 -> shared=0
03-27 06:52:33.710 18091 18205 I [CT]    : HandPoseSampler: Filter reset
03-27 06:52:33.710 18091 18205 I InputDevice_Hand: HANDTRACKING ADMIRE hand 0: hpm=1 -> shared=0
03-27 06:52:33.710 18091 18205 I [CT]    : HandPoseSampler: Filter reset
03-27 06:52:33.710 18091 18205 I InputDevice_Hand: HANDTRACKING ADMIRE hand 1: hpm=1 -> shared=0
03-27 06:52:33.722 18091 18205 I [CT]    : HandPoseSampler: Filter reset
03-27 06:52:33.723 18091 18205 I InputDevice_Hand: HANDTRACKING ADMIRE hand 0: hpm=1 -> shared=0
03-27 06:52:33.723 18091 18205 I [CT]    : HandPoseSampler: Filter reset
03-27 06:52:33.723 18091 18205 I InputDevice_Hand: HANDTRACKING ADMIRE hand 1: hpm=1 -> shared=0
03-27 06:52:33.734 18091 18205 I [CT]    : HandPoseSampler: Filter reset
03-27 06:52:33.734 18091 18205 I InputDevice_Hand: HANDTRACKING ADMIRE hand 0: hpm=1 -> shared=0
03-27 06:52:33.734 18091 18205 I [CT]    : HandPoseSampler: Filter reset
03-27 06:52:33.734 18091 18205 I InputDevice_Hand: HANDTRACKING ADMIRE hand 1: hpm=1 -> shared=0
03-27 06:52:33.745 18091 18205 I [CT]    : HandPoseSampler: Filter reset
03-27 06:52:33.745 18091 18205 I InputDevice_Hand: HANDTRACKING ADMIRE hand 0: hpm=1 -> shared=0
03-27 06:52:33.745 18091 18205 I [CT]    : HandPoseSampler: Filter reset
03-27 06:52:33.745 18091 18205 I InputDevice_Hand: HANDTRACKING ADMIRE hand 1: hpm=1 -> shared=0
03-27 06:52:33.756 18091 18205 I [CT]    : HandPoseSampler: Filter reset
03-27 06:52:33.756 18091 18205 I InputDevice_Hand: HANDTRACKING ADMIRE hand 0: hpm=1 -> shared=0
03-27 06:52:33.756 18091 18205 I [CT]    : HandPoseSampler: Filter reset
03-27 06:52:33.756 18091 18205 I InputDevice_Hand: HANDTRACKING ADMIRE hand 1: hpm=1 -> shared=0
03-27 06:52:33.766 18091 18205 I [CT]    : HandPoseSampler: Filter reset
03-27 06:52:33.766 18091 18205 I InputDevice_Hand: HANDTRACKING ADMIRE hand 0: hpm=1 -> shared=0
03-27 06:52:33.766 18091 18205 I [CT]    : HandPoseSampler: Filter reset
03-27 06:52:33.766 18091 18205 I InputDevice_Hand: HANDTRACKING ADMIRE hand 1: hpm=1 -> shared=0
03-27 06:52:33.778 18091 18205 I [CT]    : HandPoseSampler: Filter reset
03-27 06:52:33.778 18091 18205 I InputDevice_Hand: HANDTRACKING ADMIRE hand 0: hpm=1 -> shared=0
03-27 06:52:33.778 18091 18205 I [CT]    : HandPoseSampler: Filter reset
03-27 06:52:33.778 18091 18205 I InputDevice_Hand: HANDTRACKING ADMIRE hand 1: hpm=1 -> shared=0
03-27 06:52:33.788  2697 14219 I [CT]    : MIXEDREALITY: PassthroughApiManager: GetUpdatedLayerState: (every 2 seconds) PT is: ON numLayers: 0
03-27 06:52:33.789 18091 18205 I [CT]    : HandPoseSampler: Filter reset
03-27 06:52:33.789 18091 18205 I InputDevice_Hand: HANDTRACKING ADMIRE hand 0: hpm=1 -> shared=0
03-27 06:52:33.789 18091 18205 I [CT]    : HandPoseSampler: Filter reset
03-27 06:52:33.789 18091 18205 I InputDevice_Hand: HANDTRACKING ADMIRE hand 1: hpm=1 -> shared=0
03-27 06:52:33.800 18091 18205 I [CT]    : HandPoseSampler: Filter reset
03-27 06:52:33.800 18091 18205 I InputDevice_Hand: HANDTRACKING ADMIRE hand 0: hpm=1 -> shared=0
03-27 06:52:33.800 18091 18205 I [CT]    : HandPoseSampler: Filter reset
03-27 06:52:33.800 18091 18205 I InputDevice_Hand: HANDTRACKING ADMIRE hand 1: hpm=1 -> shared=0
03-27 06:52:33.811 18091 18205 I [CT]    : HandPoseSampler: Filter reset
03-27 06:52:33.811 18091 18205 I InputDevice_Hand: HANDTRACKING ADMIRE hand 0: hpm=1 -> shared=0
03-27 06:52:33.811 18091 18205 I [CT]    : HandPoseSampler: Filter reset
03-27 06:52:33.811 18091 18205 I InputDevice_Hand: HANDTRACKING ADMIRE hand 1: hpm=1 -> shared=0
03-27 06:52:33.822 18091 18205 I [CT]    : HandPoseSampler: Filter reset
03-27 06:52:33.823 18091 18205 I InputDevice_Hand: HANDTRACKING ADMIRE hand 0: hpm=1 -> shared=0
03-27 06:52:33.823 18091 18205 I [CT]    : HandPoseSampler: Filter reset
03-27 06:52:33.823 18091 18205 I InputDevice_Hand: HANDTRACKING ADMIRE hand 1: hpm=1 -> shared=0
03-27 06:52:33.834 18091 18205 I [CT]    : HandPoseSampler: Filter reset
03-27 06:52:33.834 18091 18205 I InputDevice_Hand: HANDTRACKING ADMIRE hand 0: hpm=1 -> shared=0
03-27 06:52:33.834 18091 18205 I [CT]    : HandPoseSampler: Filter reset
03-27 06:52:33.834 18091 18205 I InputDevice_Hand: HANDTRACKING ADMIRE hand 1: hpm=1 -> shared=0
03-27 06:52:33.845 18091 18205 I [CT]    : HandPoseSampler: Filter reset
03-27 06:52:33.845 18091 18205 I InputDevice_Hand: HANDTRACKING ADMIRE hand 0: hpm=1 -> shared=0
03-27 06:52:33.845 18091 18205 I [CT]    : HandPoseSampler: Filter reset
03-27 06:52:33.845 18091 18205 I InputDevice_Hand: HANDTRACKING ADMIRE hand 1: hpm=1 -> shared=0
03-27 06:52:33.856 18091 18205 I [CT]    : HandPoseSampler: Filter reset
03-27 06:52:33.856 18091 18205 I InputDevice_Hand: HANDTRACKING ADMIRE hand 0: hpm=1 -> shared=0
03-27 06:52:33.856 18091 18205 I [CT]    : HandPoseSampler: Filter reset
03-27 06:52:33.856 18091 18205 I InputDevice_Hand: HANDTRACKING ADMIRE hand 1: hpm=1 -> shared=0
03-27 06:52:33.867 18091 18205 I [CT]    : HandPoseSampler: Filter reset
03-27 06:52:33.867 18091 18205 I InputDevice_Hand: HANDTRACKING ADMIRE hand 0: hpm=1 -> shared=0
03-27 06:52:33.867 18091 18205 I [CT]    : HandPoseSampler: Filter reset
03-27 06:52:33.867 18091 18205 I InputDevice_Hand: HANDTRACKING ADMIRE hand 1: hpm=1 -> shared=0
03-27 06:52:33.878 18091 18205 I [CT]    : HandPoseSampler: Filter reset
03-27 06:52:33.878 18091 18205 I InputDevice_Hand: HANDTRACKING ADMIRE hand 0: hpm=1 -> shared=0
03-27 06:52:33.878 18091 18205 I [CT]    : HandPoseSampler: Filter reset
03-27 06:52:33.878 18091 18205 I InputDevice_Hand: HANDTRACKING ADMIRE hand 1: hpm=1 -> shared=0
03-27 06:52:33.889 18091 18205 I [CT]    : HandPoseSampler: Filter reset
03-27 06:52:33.889 18091 18205 I InputDevice_Hand: HANDTRACKING ADMIRE hand 0: hpm=1 -> shared=0
03-27 06:52:33.889 18091 18205 I [CT]    : HandPoseSampler: Filter reset
03-27 06:52:33.889 18091 18205 I InputDevice_Hand: HANDTRACKING ADMIRE hand 1: hpm=1 -> shared=0
03-27 06:52:33.900 18091 18205 I [CT]    : HandPoseSampler: Filter reset
03-27 06:52:33.900 18091 18205 I InputDevice_Hand: HANDTRACKING ADMIRE hand 0: hpm=1 -> shared=0
03-27 06:52:33.900 18091 18205 I [CT]    : HandPoseSampler: Filter reset
03-27 06:52:33.900 18091 18205 I InputDevice_Hand: HANDTRACKING ADMIRE hand 1: hpm=1 -> shared=0
03-27 06:52:33.912 18091 18205 I [CT]    : HandPoseSampler: Filter reset
03-27 06:52:33.912 18091 18205 I InputDevice_Hand: HANDTRACKING ADMIRE hand 0: hpm=1 -> shared=0
03-27 06:52:33.912 18091 18205 I [CT]    : HandPoseSampler: Filter reset
03-27 06:52:33.912 18091 18205 I InputDevice_Hand: HANDTRACKING ADMIRE hand 1: hpm=1 -> shared=0
03-27 06:52:33.923 18091 18205 I [CT]    : HandPoseSampler: Filter reset
03-27 06:52:33.923 18091 18205 I InputDevice_Hand: HANDTRACKING ADMIRE hand 0: hpm=1 -> shared=0
03-27 06:52:33.923 18091 18205 I [CT]    : HandPoseSampler: Filter reset
03-27 06:52:33.923 18091 18205 I InputDevice_Hand: HANDTRACKING ADMIRE hand 1: hpm=1 -> shared=0
03-27 06:52:33.934 18091 18205 I [CT]    : HandPoseSampler: Filter reset
03-27 06:52:33.934 18091 18205 I InputDevice_Hand: HANDTRACKING ADMIRE hand 0: hpm=1 -> shared=0
03-27 06:52:33.934 18091 18205 I [CT]    : HandPoseSampler: Filter reset
03-27 06:52:33.934 18091 18205 I InputDevice_Hand: HANDTRACKING ADMIRE hand 1: hpm=1 -> shared=0
03-27 06:52:33.938 18091 18205 I [SEO] ShellFrameAnalytics: ShellFrame frameFunction: 11104us/14716us, trace: 0us/41us, process commands: 8us/438us, system update: 85us/681us, render 50us/615us, post render 0us/0us, input processing 1382us/3564us, input dispatch 81us/669us, stale frames: 5401, refresh rate: 90
03-27 06:52:33.944 18091 18205 I [CT]    : HandPoseSampler: Filter reset
03-27 06:52:33.944 18091 18205 I InputDevice_Hand: HANDTRACKING ADMIRE hand 0: hpm=1 -> shared=0
03-27 06:52:33.944 18091 18205 I [CT]    : HandPoseSampler: Filter reset
03-27 06:52:33.944 18091 18205 I InputDevice_Hand: HANDTRACKING ADMIRE hand 1: hpm=1 -> shared=0
03-27 06:52:33.956 18091 18205 I [CT]    : HandPoseSampler: Filter reset
03-27 06:52:33.956 18091 18205 I InputDevice_Hand: HANDTRACKING ADMIRE hand 0: hpm=1 -> shared=0
03-27 06:52:33.956 18091 18205 I [CT]    : HandPoseSampler: Filter reset
03-27 06:52:33.956 18091 18205 I InputDevice_Hand: HANDTRACKING ADMIRE hand 1: hpm=1 -> shared=0
03-27 06:52:33.967 18091 18205 I [CT]    : HandPoseSampler: Filter reset
03-27 06:52:33.967 18091 18205 I InputDevice_Hand: HANDTRACKING ADMIRE hand 0: hpm=1 -> shared=0
03-27 06:52:33.967 18091 18205 I [CT]    : HandPoseSampler: Filter reset
03-27 06:52:33.967 18091 18205 I InputDevice_Hand: HANDTRACKING ADMIRE hand 1: hpm=1 -> shared=0
03-27 06:52:33.978 18091 18205 I [CT]    : HandPoseSampler: Filter reset
03-27 06:52:33.978 18091 18205 I InputDevice_Hand: HANDTRACKING ADMIRE hand 0: hpm=1 -> shared=0
03-27 06:52:33.978 18091 18205 I [CT]    : HandPoseSampler: Filter reset
03-27 06:52:33.978 18091 18205 I InputDevice_Hand: HANDTRACKING ADMIRE hand 1: hpm=1 -> shared=0
03-27 06:52:33.989 18091 18205 I [CT]    : HandPoseSampler: Filter reset
03-27 06:52:33.989 18091 18205 I InputDevice_Hand: HANDTRACKING ADMIRE hand 0: hpm=1 -> shared=0
03-27 06:52:33.989 18091 18205 I [CT]    : HandPoseSampler: Filter reset
03-27 06:52:33.989 18091 18205 I InputDevice_Hand: HANDTRACKING ADMIRE hand 1: hpm=1 -> shared=0
03-27 06:52:34.001 18091 18205 I [CT]    : HandPoseSampler: Filter reset
03-27 06:52:34.001 18091 18205 I InputDevice_Hand: HANDTRACKING ADMIRE hand 0: hpm=1 -> shared=0
03-27 06:52:34.001 18091 18205 I [CT]    : HandPoseSampler: Filter reset
03-27 06:52:34.001 18091 18205 I InputDevice_Hand: HANDTRACKING ADMIRE hand 1: hpm=1 -> shared=0
03-27 06:52:34.009 18224 18352 I AutoStationaryHelper: [AutoStationaryHelper::getGuardianDataFromNearbyRoomscale] Checking 1 existing guardian data
03-27 06:52:34.009 18224 18352 I GuardianMapDataMgr: [GuardianMapDataMgr::isValidTrackedRoomscale] [2575043440] Valid=yes, Roomscale=yes, Anchor [2cee9d32-7f24-ff1e-5555-ae309d8ea246] Tracked=yes
03-27 06:52:34.009 18224 18352 I AutoStationaryHelper: [AutoStationaryHelper::getGuardianDataFromNearbyRoomscale] [2575043440] Distance to HMD: 3.792201
03-27 06:52:34.010 18091 14209 I VrApi   : FPS=90/90,Prd=24ms,Tear=0,Early=0,Stale=0,Stale2/5/10/max=0/0/0/0,VSnc=1,Lat=-4,Fov=3,CPU4/GPU=-1/-1,1920/545MHz,OC=3F,TA=0/0/0,SP=N/N/N,Mem=1708MHz,Free=4019MB,PLS=0,Temp=34.0C/0.0C,TW=0.55ms,App=1.57ms,GD=0.00ms,CPU&GPU=8.11ms,LCnt=1(DR91,LM0),GPU%=0.21,CPU%=0.29(W0.33),CFL=11.43/15.12,ICFLp95=13.51,LD=0,CABC=1,SF=0.78,LP=1,DVFS=0,Preempt=182,PoseAgeP95=0.00
03-27 06:52:34.010 18091 14209 I VrApi   : ASW=0,Type=PTWFromStereo,E=0.000/0.000,D=0.000/0.000
03-27 06:52:34.010   920 14201 I VD628x  : Flicker results: freq 120.000000, max 119.900581, dcr 33.157990, pct 0.041003, idx 0.012674, conf 0.893005, snr 9.268072, svm 0.068044, sus 0
03-27 06:52:34.011 18091 18205 I [CT]    : HandPoseSampler: Filter reset
03-27 06:52:34.011 18091 18205 I InputDevice_Hand: HANDTRACKING ADMIRE hand 0: hpm=1 -> shared=0
03-27 06:52:34.011 18091 18205 I [CT]    : HandPoseSampler: Filter reset
03-27 06:52:34.011 18091 18205 I InputDevice_Hand: HANDTRACKING ADMIRE hand 1: hpm=1 -> shared=0
03-27 06:52:34.021 18091 18205 I [CT]    : HandPoseSampler: Filter reset
03-27 06:52:34.021 18091 18205 I InputDevice_Hand: HANDTRACKING ADMIRE hand 0: hpm=1 -> shared=0
03-27 06:52:34.021 18091 18205 I [CT]    : HandPoseSampler: Filter reset
03-27 06:52:34.021 18091 18205 I InputDevice_Hand: HANDTRACKING ADMIRE hand 1: hpm=1 -> shared=0
03-27 06:52:34.032 18091 18205 I [CT]    : HandPoseSampler: Filter reset
03-27 06:52:34.032 18091 18205 I InputDevice_Hand: HANDTRACKING ADMIRE hand 0: hpm=1 -> shared=0
03-27 06:52:34.032 18091 18205 I [CT]    : HandPoseSampler: Filter reset
03-27 06:52:34.032 18091 18205 I InputDevice_Hand: HANDTRACKING ADMIRE hand 1: hpm=1 -> shared=0
03-27 06:52:34.043 18091 18205 I [CT]    : HandPoseSampler: Filter reset
03-27 06:52:34.043 18091 18205 I InputDevice_Hand: HANDTRACKING ADMIRE hand 0: hpm=1 -> shared=0
03-27 06:52:34.043 18091 18205 I [CT]    : HandPoseSampler: Filter reset
03-27 06:52:34.043 18091 18205 I InputDevice_Hand: HANDTRACKING ADMIRE hand 1: hpm=1 -> shared=0
03-27 06:52:34.054 18091 18205 I [CT]    : HandPoseSampler: Filter reset
03-27 06:52:34.055 18091 18205 I InputDevice_Hand: HANDTRACKING ADMIRE hand 0: hpm=1 -> shared=0
03-27 06:52:34.055 18091 18205 I [CT]    : HandPoseSampler: Filter reset
03-27 06:52:34.055 18091 18205 I InputDevice_Hand: HANDTRACKING ADMIRE hand 1: hpm=1 -> shared=0
03-27 06:52:34.066 18091 18205 I [CT]    : HandPoseSampler: Filter reset
03-27 06:52:34.066 18091 18205 I InputDevice_Hand: HANDTRACKING ADMIRE hand 0: hpm=1 -> shared=0
03-27 06:52:34.066 18091 18205 I [CT]    : HandPoseSampler: Filter reset
03-27 06:52:34.066 18091 18205 I InputDevice_Hand: HANDTRACKING ADMIRE hand 1: hpm=1 -> shared=0
03-27 06:52:34.077 18091 18205 I [CT]    : HandPoseSampler: Filter reset
03-27 06:52:34.077 18091 18205 I InputDevice_Hand: HANDTRACKING ADMIRE hand 0: hpm=1 -> shared=0
03-27 06:52:34.077 18091 18205 I [CT]    : HandPoseSampler: Filter reset
03-27 06:52:34.077 18091 18205 I InputDevice_Hand: HANDTRACKING ADMIRE hand 1: hpm=1 -> shared=0
03-27 06:52:34.088 18091 18205 I [CT]    : HandPoseSampler: Filter reset
03-27 06:52:34.088 18091 18205 I InputDevice_Hand: HANDTRACKING ADMIRE hand 0: hpm=1 -> shared=0
03-27 06:52:34.088 18091 18205 I [CT]    : HandPoseSampler: Filter reset
03-27 06:52:34.088 18091 18205 I InputDevice_Hand: HANDTRACKING ADMIRE hand 1: hpm=1 -> shared=0
03-27 06:52:34.099 18091 18205 I [CT]    : HandPoseSampler: Filter reset
03-27 06:52:34.099 18091 18205 I InputDevice_Hand: HANDTRACKING ADMIRE hand 0: hpm=1 -> shared=0
03-27 06:52:34.099 18091 18205 I [CT]    : HandPoseSampler: Filter reset
03-27 06:52:34.099 18091 18205 I InputDevice_Hand: HANDTRACKING ADMIRE hand 1: hpm=1 -> shared=0
03-27 06:52:34.110 18091 18205 I [CT]    : HandPoseSampler: Filter reset
03-27 06:52:34.110 18091 18205 I InputDevice_Hand: HANDTRACKING ADMIRE hand 0: hpm=1 -> shared=0
03-27 06:52:34.110 18091 18205 I [CT]    : HandPoseSampler: Filter reset
03-27 06:52:34.110 18091 18205 I InputDevice_Hand: HANDTRACKING ADMIRE hand 1: hpm=1 -> shared=0
03-27 06:52:34.121 18091 18205 I [CT]    : HandPoseSampler: Filter reset
03-27 06:52:34.121 18091 18205 I InputDevice_Hand: HANDTRACKING ADMIRE hand 0: hpm=1 -> shared=0
03-27 06:52:34.121 18091 18205 I [CT]    : HandPoseSampler: Filter reset
03-27 06:52:34.121 18091 18205 I InputDevice_Hand: HANDTRACKING ADMIRE hand 1: hpm=1 -> shared=0
03-27 06:52:34.126   897  1854 I Tracking: CONSTELLATION_Right: [Throttled count=44] P+C Right: Applying Consistent Zero Velocity Update during slow motion.
03-27 06:52:34.132 18091 18205 I [CT]    : HandPoseSampler: Filter reset
03-27 06:52:34.132 18091 18205 I InputDevice_Hand: HANDTRACKING ADMIRE hand 0: hpm=1 -> shared=0
03-27 06:52:34.132 18091 18205 I [CT]    : HandPoseSampler: Filter reset
03-27 06:52:34.132 18091 18205 I InputDevice_Hand: HANDTRACKING ADMIRE hand 1: hpm=1 -> shared=0
03-27 06:52:34.143 18091 18205 I [CT]    : HandPoseSampler: Filter reset
03-27 06:52:34.143 18091 18205 I InputDevice_Hand: HANDTRACKING ADMIRE hand 0: hpm=1 -> shared=0
03-27 06:52:34.143 18091 18205 I [CT]    : HandPoseSampler: Filter reset
03-27 06:52:34.143 18091 18205 I InputDevice_Hand: HANDTRACKING ADMIRE hand 1: hpm=1 -> shared=0
03-27 06:52:34.154 18091 18205 I [CT]    : HandPoseSampler: Filter reset
03-27 06:52:34.154 18091 18205 I InputDevice_Hand: HANDTRACKING ADMIRE hand 0: hpm=1 -> shared=0
03-27 06:52:34.154 18091 18205 I [CT]    : HandPoseSampler: Filter reset
03-27 06:52:34.154 18091 18205 I InputDevice_Hand: HANDTRACKING ADMIRE hand 1: hpm=1 -> shared=0
03-27 06:52:34.166 18091 18205 I [CT]    : HandPoseSampler: Filter reset
03-27 06:52:34.166 18091 18205 I InputDevice_Hand: HANDTRACKING ADMIRE hand 0: hpm=1 -> shared=0
03-27 06:52:34.166 18091 18205 I [CT]    : HandPoseSampler: Filter reset
03-27 06:52:34.166 18091 18205 I InputDevice_Hand: HANDTRACKING ADMIRE hand 1: hpm=1 -> shared=0
03-27 06:52:34.176 18091 18205 I [CT]    : HandPoseSampler: Filter reset
03-27 06:52:34.176 18091 18205 I InputDevice_Hand: HANDTRACKING ADMIRE hand 0: hpm=1 -> shared=0
03-27 06:52:34.176 18091 18205 I [CT]    : HandPoseSampler: Filter reset
03-27 06:52:34.176 18091 18205 I InputDevice_Hand: HANDTRACKING ADMIRE hand 1: hpm=1 -> shared=0
03-27 06:52:34.189 18091 18205 I [CT]    : HandPoseSampler: Filter reset
03-27 06:52:34.189 18091 18205 I InputDevice_Hand: HANDTRACKING ADMIRE hand 0: hpm=1 -> shared=0
03-27 06:52:34.189 18091 18205 I [CT]    : HandPoseSampler: Filter reset
03-27 06:52:34.189 18091 18205 I InputDevice_Hand: HANDTRACKING ADMIRE hand 1: hpm=1 -> shared=0
03-27 06:52:34.199 18091 18205 I [CT]    : HandPoseSampler: Filter reset
03-27 06:52:34.199 18091 18205 I InputDevice_Hand: HANDTRACKING ADMIRE hand 0: hpm=1 -> shared=0
03-27 06:52:34.199 18091 18205 I [CT]    : HandPoseSampler: Filter reset
03-27 06:52:34.199 18091 18205 I InputDevice_Hand: HANDTRACKING ADMIRE hand 1: hpm=1 -> shared=0
03-27 06:52:34.210 18091 18205 I [CT]    : HandPoseSampler: Filter reset
03-27 06:52:34.210 18091 18205 I InputDevice_Hand: HANDTRACKING ADMIRE hand 0: hpm=1 -> shared=0
03-27 06:52:34.210 18091 18205 I [CT]    : HandPoseSampler: Filter reset
03-27 06:52:34.210 18091 18205 I InputDevice_Hand: HANDTRACKING ADMIRE hand 1: hpm=1 -> shared=0
03-27 06:52:34.221 18091 18205 I [CT]    : HandPoseSampler: Filter reset
03-27 06:52:34.221 18091 18205 I InputDevice_Hand: HANDTRACKING ADMIRE hand 0: hpm=1 -> shared=0
03-27 06:52:34.221 18091 18205 I [CT]    : HandPoseSampler: Filter reset
03-27 06:52:34.221 18091 18205 I InputDevice_Hand: HANDTRACKING ADMIRE hand 1: hpm=1 -> shared=0
03-27 06:52:34.233 18091 18205 I [CT]    : HandPoseSampler: Filter reset
03-27 06:52:34.233 18091 18205 I InputDevice_Hand: HANDTRACKING ADMIRE hand 0: hpm=1 -> shared=0
03-27 06:52:34.233 18091 18205 I [CT]    : HandPoseSampler: Filter reset
03-27 06:52:34.233 18091 18205 I InputDevice_Hand: HANDTRACKING ADMIRE hand 1: hpm=1 -> shared=0
03-27 06:52:34.243 18091 18205 I [CT]    : HandPoseSampler: Filter reset
03-27 06:52:34.243 18091 18205 I InputDevice_Hand: HANDTRACKING ADMIRE hand 0: hpm=1 -> shared=0
03-27 06:52:34.243 18091 18205 I [CT]    : HandPoseSampler: Filter reset
03-27 06:52:34.243 18091 18205 I InputDevice_Hand: HANDTRACKING ADMIRE hand 1: hpm=1 -> shared=0
03-27 06:52:34.254 18091 18205 I [CT]    : HandPoseSampler: Filter reset
03-27 06:52:34.254 18091 18205 I InputDevice_Hand: HANDTRACKING ADMIRE hand 0: hpm=1 -> shared=0
03-27 06:52:34.254 18091 18205 I [CT]    : HandPoseSampler: Filter reset
03-27 06:52:34.254 18091 18205 I InputDevice_Hand: HANDTRACKING ADMIRE hand 1: hpm=1 -> shared=0
03-27 06:52:34.266 18091 18205 I [CT]    : HandPoseSampler: Filter reset
03-27 06:52:34.266 18091 18205 I InputDevice_Hand: HANDTRACKING ADMIRE hand 0: hpm=1 -> shared=0
03-27 06:52:34.266 18091 18205 I [CT]    : HandPoseSampler: Filter reset
03-27 06:52:34.266 18091 18205 I InputDevice_Hand: HANDTRACKING ADMIRE hand 1: hpm=1 -> shared=0
03-27 06:52:34.276 18091 18205 I [CT]    : HandPoseSampler: Filter reset
03-27 06:52:34.276 18091 18205 I InputDevice_Hand: HANDTRACKING ADMIRE hand 0: hpm=1 -> shared=0
03-27 06:52:34.276 18091 18205 I [CT]    : HandPoseSampler: Filter reset
03-27 06:52:34.276 18091 18205 I InputDevice_Hand: HANDTRACKING ADMIRE hand 1: hpm=1 -> shared=0
03-27 06:52:34.288 18091 18205 I [CT]    : HandPoseSampler: Filter reset
03-27 06:52:34.288 18091 18205 I InputDevice_Hand: HANDTRACKING ADMIRE hand 0: hpm=1 -> shared=0
03-27 06:52:34.288 18091 18205 I [CT]    : HandPoseSampler: Filter reset
03-27 06:52:34.288 18091 18205 I InputDevice_Hand: HANDTRACKING ADMIRE hand 1: hpm=1 -> shared=0
03-27 06:52:34.299 18091 18205 I [CT]    : HandPoseSampler: Filter reset
03-27 06:52:34.299 18091 18205 I InputDevice_Hand: HANDTRACKING ADMIRE hand 0: hpm=1 -> shared=0
03-27 06:52:34.299 18091 18205 I [CT]    : HandPoseSampler: Filter reset
03-27 06:52:34.299 18091 18205 I InputDevice_Hand: HANDTRACKING ADMIRE hand 1: hpm=1 -> shared=0
03-27 06:52:34.310 18091 18205 I [CT]    : HandPoseSampler: Filter reset
03-27 06:52:34.310 18091 18205 I InputDevice_Hand: HANDTRACKING ADMIRE hand 0: hpm=1 -> shared=0
03-27 06:52:34.310 18091 18205 I [CT]    : HandPoseSampler: Filter reset
03-27 06:52:34.310 18091 18205 I InputDevice_Hand: HANDTRACKING ADMIRE hand 1: hpm=1 -> shared=0
03-27 06:52:34.321 18091 18205 I [CT]    : HandPoseSampler: Filter reset
03-27 06:52:34.322 18091 18205 I InputDevice_Hand: HANDTRACKING ADMIRE hand 0: hpm=1 -> shared=0
03-27 06:52:34.322 18091 18205 I [CT]    : HandPoseSampler: Filter reset
03-27 06:52:34.322 18091 18205 I InputDevice_Hand: HANDTRACKING ADMIRE hand 1: hpm=1 -> shared=0
03-27 06:52:34.332 18091 18205 I [CT]    : HandPoseSampler: Filter reset
03-27 06:52:34.332 18091 18205 I InputDevice_Hand: HANDTRACKING ADMIRE hand 0: hpm=1 -> shared=0
03-27 06:52:34.332 18091 18205 I [CT]    : HandPoseSampler: Filter reset
03-27 06:52:34.332 18091 18205 I InputDevice_Hand: HANDTRACKING ADMIRE hand 1: hpm=1 -> shared=0
03-27 06:52:34.340   897 14310 W Tracking: CONSTELLATION_Left: [Throttled count=503] P+C Left: Could not retrieve 3dof fallback pose.
03-27 06:52:34.343 18091 18205 I [CT]    : HandPoseSampler: Filter reset
03-27 06:52:34.343 18091 18205 I InputDevice_Hand: HANDTRACKING ADMIRE hand 0: hpm=1 -> shared=0
03-27 06:52:34.343 18091 18205 I [CT]    : HandPoseSampler: Filter reset
03-27 06:52:34.343 18091 18205 I InputDevice_Hand: HANDTRACKING ADMIRE hand 1: hpm=1 -> shared=0
03-27 06:52:34.354 18091 18205 I [CT]    : HandPoseSampler: Filter reset
03-27 06:52:34.354 18091 18205 I InputDevice_Hand: HANDTRACKING ADMIRE hand 0: hpm=1 -> shared=0
03-27 06:52:34.354 18091 18205 I [CT]    : HandPoseSampler: Filter reset
03-27 06:52:34.354 18091 18205 I InputDevice_Hand: HANDTRACKING ADMIRE hand 1: hpm=1 -> shared=0
03-27 06:52:34.366 18091 18205 I [CT]    : HandPoseSampler: Filter reset
03-27 06:52:34.366 18091 18205 I InputDevice_Hand: HANDTRACKING ADMIRE hand 0: hpm=1 -> shared=0
03-27 06:52:34.366 18091 18205 I [CT]    : HandPoseSampler: Filter reset
03-27 06:52:34.366 18091 18205 I InputDevice_Hand: HANDTRACKING ADMIRE hand 1: hpm=1 -> shared=0
03-27 06:52:34.377 18091 18205 I [CT]    : HandPoseSampler: Filter reset
03-27 06:52:34.377 18091 18205 I InputDevice_Hand: HANDTRACKING ADMIRE hand 0: hpm=1 -> shared=0
03-27 06:52:34.377 18091 18205 I [CT]    : HandPoseSampler: Filter reset
03-27 06:52:34.377 18091 18205 I InputDevice_Hand: HANDTRACKING ADMIRE hand 1: hpm=1 -> shared=0
03-27 06:52:34.388 18091 18205 I [CT]    : HandPoseSampler: Filter reset
03-27 06:52:34.388 18091 18205 I InputDevice_Hand: HANDTRACKING ADMIRE hand 0: hpm=1 -> shared=0
03-27 06:52:34.388 18091 18205 I [CT]    : HandPoseSampler: Filter reset
03-27 06:52:34.388 18091 18205 I InputDevice_Hand: HANDTRACKING ADMIRE hand 1: hpm=1 -> shared=0
03-27 06:52:34.399 18091 18205 I [CT]    : HandPoseSampler: Filter reset
03-27 06:52:34.399 18091 18205 I InputDevice_Hand: HANDTRACKING ADMIRE hand 0: hpm=1 -> shared=0
03-27 06:52:34.399 18091 18205 I [CT]    : HandPoseSampler: Filter reset
03-27 06:52:34.399 18091 18205 I InputDevice_Hand: HANDTRACKING ADMIRE hand 1: hpm=1 -> shared=0
03-27 06:52:34.409 18091 18205 I [CT]    : HandPoseSampler: Filter reset
03-27 06:52:34.410 18091 18205 I InputDevice_Hand: HANDTRACKING ADMIRE hand 0: hpm=1 -> shared=0
03-27 06:52:34.410 18091 18205 I [CT]    : HandPoseSampler: Filter reset
03-27 06:52:34.410 18091 18205 I InputDevice_Hand: HANDTRACKING ADMIRE hand 1: hpm=1 -> shared=0
03-27 06:52:34.420 18091 18205 I [CT]    : HandPoseSampler: Filter reset
03-27 06:52:34.420 18091 18205 I InputDevice_Hand: HANDTRACKING ADMIRE hand 0: hpm=1 -> shared=0
03-27 06:52:34.420 18091 18205 I [CT]    : HandPoseSampler: Filter reset
03-27 06:52:34.420 18091 18205 I InputDevice_Hand: HANDTRACKING ADMIRE hand 1: hpm=1 -> shared=0
03-27 06:52:34.431 18091 18205 I [CT]    : HandPoseSampler: Filter reset
03-27 06:52:34.431 18091 18205 I InputDevice_Hand: HANDTRACKING ADMIRE hand 0: hpm=1 -> shared=0
03-27 06:52:34.431 18091 18205 I [CT]    : HandPoseSampler: Filter reset
03-27 06:52:34.431 18091 18205 I InputDevice_Hand: HANDTRACKING ADMIRE hand 1: hpm=1 -> shared=0
03-27 06:52:34.442 18091 18205 I [CT]    : HandPoseSampler: Filter reset
03-27 06:52:34.442 18091 18205 I InputDevice_Hand: HANDTRACKING ADMIRE hand 0: hpm=1 -> shared=0
03-27 06:52:34.442 18091 18205 I [CT]    : HandPoseSampler: Filter reset
03-27 06:52:34.442 18091 18205 I InputDevice_Hand: HANDTRACKING ADMIRE hand 1: hpm=1 -> shared=0
03-27 06:52:34.454 18091 18205 I [CT]    : HandPoseSampler: Filter reset
03-27 06:52:34.454 18091 18205 I InputDevice_Hand: HANDTRACKING ADMIRE hand 0: hpm=1 -> shared=0
03-27 06:52:34.454 18091 18205 I [CT]    : HandPoseSampler: Filter reset
03-27 06:52:34.454 18091 18205 I InputDevice_Hand: HANDTRACKING ADMIRE hand 1: hpm=1 -> shared=0
03-27 06:52:34.465 18091 18205 I [CT]    : HandPoseSampler: Filter reset
03-27 06:52:34.466 18091 18205 I InputDevice_Hand: HANDTRACKING ADMIRE hand 0: hpm=1 -> shared=0
03-27 06:52:34.466 18091 18205 I [CT]    : HandPoseSampler: Filter reset
03-27 06:52:34.466 18091 18205 I InputDevice_Hand: HANDTRACKING ADMIRE hand 1: hpm=1 -> shared=0
03-27 06:52:34.467   897  1854 I Tracking: CONSTELLATION:VISION_STATUS: 0x2e7e5d32cf134aad (R): [#Samples=76] 99.689s | BlobDetection:[#BlobsDetected=(10.79, 31.82)]Matching:[MatchSuccess=1.000, MatchCost=(0.00266, 0.00001), #MatchedBlobs=(9.46, 32.09), #MatchedLeds=(6.62, 1.05), RematchM=0.447, SkipRefine=0.000] MatchMethod:[Prox=0.645, ConstBrute=0.355, AttiBrute=0.000, UnconstBrute=0.000] MatchResets[AnomBlobSize=0.000, SharedMatch=0.000, DenseReacq=0.000] | Fusion:[FusionError=0.000, ImuFromCamMs=(-98189.246, 2138717.781), RematchF=0.000] FusionUpdates:[Successful=0.000, Reliable=0.000, TightFusion=0.000, FullPose=0.000, StaticPrior=0.000, StaticForHandTrans=0.000, PoseUpdateMD=(0.0000, 0.0000)] FusionResets[6DoFReset=0.000, ResetSuccess=0.000] FusionStatus[HasPosition=0.000, HasVelocity=0.000]  [Current time=99.689s, last log time=94.623s]
03-27 06:52:34.468   897  1854 I Tracking: CONSTELLATION:VISION_STATUS: 0x9a0f3b964e7e111f (L): [#Samples=76] 99.689s | BlobDetection:[#BlobsDetected=(10.79, 31.82)]Matching:[MatchSuccess=0.000, MatchCost=(0.00000, 0.00000), #MatchedBlobs=(0.00, 0.00), #MatchedLeds=(0.00, 0.00), RematchM=0.000, SkipRefine=0.000] MatchMethod:[Prox=0.000, ConstBrute=0.000, AttiBrute=0.000, UnconstBrute=0.000] MatchResets[AnomBlobSize=0.000, SharedMatch=0.000, DenseReacq=0.000] | Fusion:[FusionError=0.000, ImuFromCamMs=(-98189.246, 2138717.781), RematchF=0.000] FusionUpdates:[Successful=0.000, Reliable=0.000, TightFusion=0.000, FullPose=0.000, StaticPrior=0.000, StaticForHandTrans=0.000, PoseUpdateMD=(0.0000, 0.0000)] FusionResets[6DoFReset=0.000, ResetSuccess=0.000] FusionStatus[HasPosition=0.000, HasVelocity=0.000]  [Current time=99.689s, last log time=94.623s]
03-27 06:52:34.469  1168  1840 I MRSS    : BOLT:HexagonTelemetry: Global DSP utilization: 6.53% (326 / 5002 ms), Scalar Util: 42.41%, HVX Util: 35.32%, HMX Util: 6.90%, DMA Active: 0.00%, Freq: 1171.2000000000003 MHz
03-27 06:52:34.469  1168  1840 I MRSS    : boltlib: DSP Rpc stats over 5002 ms: null
03-27 06:52:34.476 18091 18205 I [CT]    : HandPoseSampler: Filter reset
03-27 06:52:34.476 18091 18205 I InputDevice_Hand: HANDTRACKING ADMIRE hand 0: hpm=1 -> shared=0
03-27 06:52:34.477 18091 18205 I [CT]    : HandPoseSampler: Filter reset
03-27 06:52:34.477 18091 18205 I InputDevice_Hand: HANDTRACKING ADMIRE hand 1: hpm=1 -> shared=0
03-27 06:52:34.480   897 14310 D TrackingService: 9a0f3b964e7e111f: isControllerInHand(129724.86s): 0 ctEnabled: 1 btnPress: 0 *btnOrTpdTouch: 0 *btnOrTpdProx: 0 static(129724.86s): 0 thbstkOffCenter(129642.84s): 0 
03-27 06:52:34.480   897 14310 D TrackingService: [HANDTRACKING] Controller 9a0f3b964e7e111f in hand: N, valid: Y
03-27 06:52:34.480  2391 14195 D ControllerManagement: RemoteService::recordControllerStatusUpdate: device 9a0f3b964e7e111f: status: CONNECTED_ACTIVE tracking: NONE, errors: --
03-27 06:52:34.488 18091 18205 I [CT]    : HandPoseSampler: Filter reset
03-27 06:52:34.488 18091 18205 I InputDevice_Hand: HANDTRACKING ADMIRE hand 0: hpm=1 -> shared=0
03-27 06:52:34.488 18091 18205 I [CT]    : HandPoseSampler: Filter reset
03-27 06:52:34.488 18091 18205 I InputDevice_Hand: HANDTRACKING ADMIRE hand 1: hpm=1 -> shared=0
03-27 06:52:34.488 18091 18205 I OpenXR_ClientState: [OATS]: IP changed: unknown/interaction_profiles/meta/touch_controller_plus, 6
03-27 06:52:34.488 18091 18205 I OpenXR_ClientState: [OATS]: IP changed: /user/hand/left/interaction_profiles/meta/touch_controller_plus, -1
03-27 06:52:34.494 18091 18205 W [SEO] InputOpenXr: Interaction Profile retrieval failed: /user/eyes_ext
03-27 06:52:34.499 18091 18205 I [CT]    : HandPoseSampler: Filter reset
03-27 06:52:34.499 18091 18205 I InputDevice_Hand: HANDTRACKING ADMIRE hand 0: hpm=1 -> shared=0
03-27 06:52:34.499 18091 18205 I [CT]    : HandPoseSampler: Filter reset
03-27 06:52:34.499 18091 18205 I InputDevice_Hand: HANDTRACKING ADMIRE hand 1: hpm=1 -> shared=0
03-27 06:52:34.509 18091 18205 I [CT]    : HandPoseSampler: Filter reset
03-27 06:52:34.509 18091 18205 I InputDevice_Hand: HANDTRACKING ADMIRE hand 0: hpm=1 -> shared=0
03-27 06:52:34.509 18091 18205 I [CT]    : HandPoseSampler: Filter reset
03-27 06:52:34.509 18091 18205 I InputDevice_Hand: HANDTRACKING ADMIRE hand 1: hpm=1 -> shared=0
03-27 06:52:34.520 18091 18205 I [CT]    : HandPoseSampler: Filter reset
03-27 06:52:34.520 18091 18205 I InputDevice_Hand: HANDTRACKING ADMIRE hand 0: hpm=1 -> shared=0
03-27 06:52:34.520 18091 18205 I [CT]    : HandPoseSampler: Filter reset
03-27 06:52:34.520 18091 18205 I InputDevice_Hand: HANDTRACKING ADMIRE hand 1: hpm=1 -> shared=0
03-27 06:52:34.531 18091 18205 I [CT]    : HandPoseSampler: Filter reset
03-27 06:52:34.531 18091 18205 I InputDevice_Hand: HANDTRACKING ADMIRE hand 0: hpm=1 -> shared=0
03-27 06:52:34.531 18091 18205 I [CT]    : HandPoseSampler: Filter reset
03-27 06:52:34.531 18091 18205 I InputDevice_Hand: HANDTRACKING ADMIRE hand 1: hpm=1 -> shared=0
03-27 06:52:34.542 18091 18205 I [CT]    : HandPoseSampler: Filter reset
03-27 06:52:34.542 18091 18205 I InputDevice_Hand: HANDTRACKING ADMIRE hand 0: hpm=1 -> shared=0
03-27 06:52:34.543 18091 18205 I [CT]    : HandPoseSampler: Filter reset
03-27 06:52:34.543 18091 18205 I InputDevice_Hand: HANDTRACKING ADMIRE hand 1: hpm=1 -> shared=0
03-27 06:52:34.554 18091 18205 I [CT]    : HandPoseSampler: Filter reset
03-27 06:52:34.554 18091 18205 I InputDevice_Hand: HANDTRACKING ADMIRE hand 0: hpm=1 -> shared=0
03-27 06:52:34.554 18091 18205 I [CT]    : HandPoseSampler: Filter reset
03-27 06:52:34.554 18091 18205 I InputDevice_Hand: HANDTRACKING ADMIRE hand 1: hpm=1 -> shared=0
03-27 06:52:34.564 18091 18205 I [CT]    : HandPoseSampler: Filter reset
03-27 06:52:34.565 18091 18205 I InputDevice_Hand: HANDTRACKING ADMIRE hand 0: hpm=1 -> shared=0
03-27 06:52:34.565 18091 18205 I [CT]    : HandPoseSampler: Filter reset
03-27 06:52:34.565 18091 18205 I InputDevice_Hand: HANDTRACKING ADMIRE hand 1: hpm=1 -> shared=0
03-27 06:52:34.576 18091 18205 I [CT]    : HandPoseSampler: Filter reset
03-27 06:52:34.576 18091 18205 I InputDevice_Hand: HANDTRACKING ADMIRE hand 0: hpm=1 -> shared=0
03-27 06:52:34.576 18091 18205 I [CT]    : HandPoseSampler: Filter reset
03-27 06:52:34.576 18091 18205 I InputDevice_Hand: HANDTRACKING ADMIRE hand 1: hpm=1 -> shared=0
03-27 06:52:34.587 18091 18205 I [CT]    : HandPoseSampler: Filter reset
03-27 06:52:34.587 18091 18205 I InputDevice_Hand: HANDTRACKING ADMIRE hand 0: hpm=1 -> shared=0
03-27 06:52:34.587 18091 18205 I [CT]    : HandPoseSampler: Filter reset
03-27 06:52:34.587 18091 18205 I InputDevice_Hand: HANDTRACKING ADMIRE hand 1: hpm=1 -> shared=0
03-27 06:52:34.598 18091 18205 I [CT]    : HandPoseSampler: Filter reset
03-27 06:52:34.598 18091 18205 I InputDevice_Hand: HANDTRACKING ADMIRE hand 0: hpm=1 -> shared=0
03-27 06:52:34.598 18091 18205 I [CT]    : HandPoseSampler: Filter reset
03-27 06:52:34.598 18091 18205 I InputDevice_Hand: HANDTRACKING ADMIRE hand 1: hpm=1 -> shared=0
03-27 06:52:34.609 18091 18205 I [CT]    : HandPoseSampler: Filter reset
03-27 06:52:34.609 18091 18205 I InputDevice_Hand: HANDTRACKING ADMIRE hand 0: hpm=1 -> shared=0
03-27 06:52:34.609 18091 18205 I [CT]    : HandPoseSampler: Filter reset
03-27 06:52:34.609 18091 18205 I InputDevice_Hand: HANDTRACKING ADMIRE hand 1: hpm=1 -> shared=0
03-27 06:52:34.621 18091 18205 I [CT]    : HandPoseSampler: Filter reset
03-27 06:52:34.621 18091 18205 I InputDevice_Hand: HANDTRACKING ADMIRE hand 0: hpm=1 -> shared=0
03-27 06:52:34.621 18091 18205 I [CT]    : HandPoseSampler: Filter reset
03-27 06:52:34.621 18091 18205 I InputDevice_Hand: HANDTRACKING ADMIRE hand 1: hpm=1 -> shared=0
03-27 06:52:34.632 18091 18205 I [CT]    : HandPoseSampler: Filter reset
03-27 06:52:34.632 18091 18205 I InputDevice_Hand: HANDTRACKING ADMIRE hand 0: hpm=1 -> shared=0
03-27 06:52:34.632 18091 18205 I [CT]    : HandPoseSampler: Filter reset
03-27 06:52:34.632 18091 18205 I InputDevice_Hand: HANDTRACKING ADMIRE hand 1: hpm=1 -> shared=0
03-27 06:52:34.643 18091 18205 I [CT]    : HandPoseSampler: Filter reset
03-27 06:52:34.643 18091 18205 I InputDevice_Hand: HANDTRACKING ADMIRE hand 0: hpm=1 -> shared=0
03-27 06:52:34.643 18091 18205 I [CT]    : HandPoseSampler: Filter reset
03-27 06:52:34.643 18091 18205 I InputDevice_Hand: HANDTRACKING ADMIRE hand 1: hpm=1 -> shared=0
03-27 06:52:34.649 18091 18457 W ShellHsr: Renderer: RenderableFilter has 108 tags, which is more than 10. This is expected to be rare. If this becomes common, consider changing RenderableFilter logic to use something other than linear searches for filtering renderable tags (like registered bitsets).
03-27 06:52:34.653 18091 18205 I [CT]    : HandPoseSampler: Filter reset
03-27 06:52:34.653 18091 18205 I InputDevice_Hand: HANDTRACKING ADMIRE hand 0: hpm=1 -> shared=0
03-27 06:52:34.653 18091 18205 I [CT]    : HandPoseSampler: Filter reset
03-27 06:52:34.653 18091 18205 I InputDevice_Hand: HANDTRACKING ADMIRE hand 1: hpm=1 -> shared=0
03-27 06:52:34.664 18091 18205 I [CT]    : HandPoseSampler: Filter reset
03-27 06:52:34.665 18091 18205 I InputDevice_Hand: HANDTRACKING ADMIRE hand 0: hpm=1 -> shared=0
03-27 06:52:34.665 18091 18205 I [CT]    : HandPoseSampler: Filter reset
03-27 06:52:34.665 18091 18205 I InputDevice_Hand: HANDTRACKING ADMIRE hand 1: hpm=1 -> shared=0
03-27 06:52:34.676 18091 18205 I [CT]    : HandPoseSampler: Filter reset
03-27 06:52:34.676 18091 18205 I InputDevice_Hand: HANDTRACKING ADMIRE hand 0: hpm=1 -> shared=0
03-27 06:52:34.676 18091 18205 I [CT]    : HandPoseSampler: Filter reset
03-27 06:52:34.676 18091 18205 I InputDevice_Hand: HANDTRACKING ADMIRE hand 1: hpm=1 -> shared=0
03-27 06:52:34.688 18091 18205 I [CT]    : HandPoseSampler: Filter reset
03-27 06:52:34.688 18091 18205 I InputDevice_Hand: HANDTRACKING ADMIRE hand 0: hpm=1 -> shared=0
03-27 06:52:34.688 18091 18205 I [CT]    : HandPoseSampler: Filter reset
03-27 06:52:34.688 18091 18205 I InputDevice_Hand: HANDTRACKING ADMIRE hand 1: hpm=1 -> shared=0
03-27 06:52:34.699 18091 18205 I [CT]    : HandPoseSampler: Filter reset
03-27 06:52:34.699 18091 18205 I InputDevice_Hand: HANDTRACKING ADMIRE hand 0: hpm=1 -> shared=0
03-27 06:52:34.699 18091 18205 I [CT]    : HandPoseSampler: Filter reset
03-27 06:52:34.699 18091 18205 I InputDevice_Hand: HANDTRACKING ADMIRE hand 1: hpm=1 -> shared=0
03-27 06:52:34.710 18091 18205 I [CT]    : HandPoseSampler: Filter reset
03-27 06:52:34.710 18091 18205 I InputDevice_Hand: HANDTRACKING ADMIRE hand 0: hpm=1 -> shared=0
03-27 06:52:34.710 18091 18205 I [CT]    : HandPoseSampler: Filter reset
03-27 06:52:34.710 18091 18205 I InputDevice_Hand: HANDTRACKING ADMIRE hand 1: hpm=1 -> shared=0
03-27 06:52:34.722 18091 18205 I [CT]    : HandPoseSampler: Filter reset
03-27 06:52:34.722 18091 18205 I InputDevice_Hand: HANDTRACKING ADMIRE hand 0: hpm=1 -> shared=0
03-27 06:52:34.722 18091 18205 I [CT]    : HandPoseSampler: Filter reset
03-27 06:52:34.722 18091 18205 I InputDevice_Hand: HANDTRACKING ADMIRE hand 1: hpm=1 -> shared=0
03-27 06:52:34.732 18091 18205 I [CT]    : HandPoseSampler: Filter reset
03-27 06:52:34.732 18091 18205 I InputDevice_Hand: HANDTRACKING ADMIRE hand 0: hpm=1 -> shared=0
03-27 06:52:34.732 18091 18205 I [CT]    : HandPoseSampler: Filter reset
03-27 06:52:34.732 18091 18205 I InputDevice_Hand: HANDTRACKING ADMIRE hand 1: hpm=1 -> shared=0
03-27 06:52:34.742 18091 18205 I [CT]    : HandPoseSampler: Filter reset
03-27 06:52:34.742 18091 18205 I InputDevice_Hand: HANDTRACKING ADMIRE hand 0: hpm=1 -> shared=0
03-27 06:52:34.742 18091 18205 I [CT]    : HandPoseSampler: Filter reset
03-27 06:52:34.742 18091 18205 I InputDevice_Hand: HANDTRACKING ADMIRE hand 1: hpm=1 -> shared=0
03-27 06:52:34.749   920 14201 I VD628x  : Flicker results: freq 120.000000, max 119.908218, dcr 33.157990, pct 0.041003, idx 0.012674, conf 0.893005, snr 9.268072, svm 0.068899, sus 0
03-27 06:52:34.754 18091 18205 I [CT]    : HandPoseSampler: Filter reset
03-27 06:52:34.754 18091 18205 I InputDevice_Hand: HANDTRACKING ADMIRE hand 0: hpm=1 -> shared=0
03-27 06:52:34.754 18091 18205 I [CT]    : HandPoseSampler: Filter reset
03-27 06:52:34.754 18091 18205 I InputDevice_Hand: HANDTRACKING ADMIRE hand 1: hpm=1 -> shared=0
03-27 06:52:34.764 18091 18205 I [CT]    : HandPoseSampler: Filter reset
03-27 06:52:34.764 18091 18205 I InputDevice_Hand: HANDTRACKING ADMIRE hand 0: hpm=1 -> shared=0
03-27 06:52:34.764 18091 18205 I [CT]    : HandPoseSampler: Filter reset
03-27 06:52:34.764 18091 18205 I InputDevice_Hand: HANDTRACKING ADMIRE hand 1: hpm=1 -> shared=0
03-27 06:52:34.777 18091 18205 I [CT]    : HandPoseSampler: Filter reset
03-27 06:52:34.777 18091 18205 I InputDevice_Hand: HANDTRACKING ADMIRE hand 0: hpm=1 -> shared=0
03-27 06:52:34.777 18091 18205 I [CT]    : HandPoseSampler: Filter reset
03-27 06:52:34.777 18091 18205 I InputDevice_Hand: HANDTRACKING ADMIRE hand 1: hpm=1 -> shared=0
03-27 06:52:34.788 18091 18205 I [CT]    : HandPoseSampler: Filter reset
03-27 06:52:34.788 18091 18205 I InputDevice_Hand: HANDTRACKING ADMIRE hand 0: hpm=1 -> shared=0
03-27 06:52:34.788 18091 18205 I [CT]    : HandPoseSampler: Filter reset
03-27 06:52:34.788 18091 18205 I InputDevice_Hand: HANDTRACKING ADMIRE hand 1: hpm=1 -> shared=0
03-27 06:52:34.799 18091 18205 I [CT]    : HandPoseSampler: Filter reset
03-27 06:52:34.799 18091 18205 I InputDevice_Hand: HANDTRACKING ADMIRE hand 0: hpm=1 -> shared=0
03-27 06:52:34.799 18091 18205 I [CT]    : HandPoseSampler: Filter reset
03-27 06:52:34.799 18091 18205 I InputDevice_Hand: HANDTRACKING ADMIRE hand 1: hpm=1 -> shared=0
03-27 06:52:34.810 18091 18205 I [CT]    : HandPoseSampler: Filter reset
03-27 06:52:34.810 18091 18205 I InputDevice_Hand: HANDTRACKING ADMIRE hand 0: hpm=1 -> shared=0
03-27 06:52:34.810 18091 18205 I [CT]    : HandPoseSampler: Filter reset
03-27 06:52:34.810 18091 18205 I InputDevice_Hand: HANDTRACKING ADMIRE hand 1: hpm=1 -> shared=0
03-27 06:52:34.821 18091 18205 I [CT]    : HandPoseSampler: Filter reset
03-27 06:52:34.821 18091 18205 I InputDevice_Hand: HANDTRACKING ADMIRE hand 0: hpm=1 -> shared=0
03-27 06:52:34.821 18091 18205 I [CT]    : HandPoseSampler: Filter reset
03-27 06:52:34.821 18091 18205 I InputDevice_Hand: HANDTRACKING ADMIRE hand 1: hpm=1 -> shared=0
03-27 06:52:34.832 18091 18205 I [CT]    : HandPoseSampler: Filter reset
03-27 06:52:34.832 18091 18205 I InputDevice_Hand: HANDTRACKING ADMIRE hand 0: hpm=1 -> shared=0
03-27 06:52:34.832 18091 18205 I [CT]    : HandPoseSampler: Filter reset
03-27 06:52:34.832 18091 18205 I InputDevice_Hand: HANDTRACKING ADMIRE hand 1: hpm=1 -> shared=0
03-27 06:52:34.843 18091 18205 I [CT]    : HandPoseSampler: Filter reset
03-27 06:52:34.843 18091 18205 I InputDevice_Hand: HANDTRACKING ADMIRE hand 0: hpm=1 -> shared=0
03-27 06:52:34.843 18091 18205 I [CT]    : HandPoseSampler: Filter reset
03-27 06:52:34.843 18091 18205 I InputDevice_Hand: HANDTRACKING ADMIRE hand 1: hpm=1 -> shared=0
03-27 06:52:34.854 18091 18205 I [CT]    : HandPoseSampler: Filter reset
03-27 06:52:34.855 18091 18205 I InputDevice_Hand: HANDTRACKING ADMIRE hand 0: hpm=1 -> shared=0
03-27 06:52:34.855 18091 18205 I [CT]    : HandPoseSampler: Filter reset
03-27 06:52:34.855 18091 18205 I InputDevice_Hand: HANDTRACKING ADMIRE hand 1: hpm=1 -> shared=0
03-27 06:52:34.865 18091 18205 I [CT]    : HandPoseSampler: Filter reset
03-27 06:52:34.865 18091 18205 I InputDevice_Hand: HANDTRACKING ADMIRE hand 0: hpm=1 -> shared=0
03-27 06:52:34.865 18091 18205 I [CT]    : HandPoseSampler: Filter reset
03-27 06:52:34.866 18091 18205 I InputDevice_Hand: HANDTRACKING ADMIRE hand 1: hpm=1 -> shared=0
03-27 06:52:34.876 18091 18205 I [CT]    : HandPoseSampler: Filter reset
03-27 06:52:34.877 18091 18205 I InputDevice_Hand: HANDTRACKING ADMIRE hand 0: hpm=1 -> shared=0
03-27 06:52:34.877 18091 18205 I [CT]    : HandPoseSampler: Filter reset
03-27 06:52:34.877 18091 18205 I InputDevice_Hand: HANDTRACKING ADMIRE hand 1: hpm=1 -> shared=0
03-27 06:52:34.888 18091 18205 I [CT]    : HandPoseSampler: Filter reset
03-27 06:52:34.888 18091 18205 I InputDevice_Hand: HANDTRACKING ADMIRE hand 0: hpm=1 -> shared=0
03-27 06:52:34.888 18091 18205 I [CT]    : HandPoseSampler: Filter reset
03-27 06:52:34.888 18091 18205 I InputDevice_Hand: HANDTRACKING ADMIRE hand 1: hpm=1 -> shared=0
03-27 06:52:34.899 18091 18205 I [CT]    : HandPoseSampler: Filter reset
03-27 06:52:34.899 18091 18205 I InputDevice_Hand: HANDTRACKING ADMIRE hand 0: hpm=1 -> shared=0
03-27 06:52:34.899 18091 18205 I [CT]    : HandPoseSampler: Filter reset
03-27 06:52:34.899 18091 18205 I InputDevice_Hand: HANDTRACKING ADMIRE hand 1: hpm=1 -> shared=0
03-27 06:52:34.910 18091 18205 I [CT]    : HandPoseSampler: Filter reset
03-27 06:52:34.910 18091 18205 I InputDevice_Hand: HANDTRACKING ADMIRE hand 0: hpm=1 -> shared=0
03-27 06:52:34.910 18091 18205 I [CT]    : HandPoseSampler: Filter reset
03-27 06:52:34.910 18091 18205 I InputDevice_Hand: HANDTRACKING ADMIRE hand 1: hpm=1 -> shared=0
03-27 06:52:34.921 18091 18205 I [CT]    : HandPoseSampler: Filter reset
03-27 06:52:34.921 18091 18205 I InputDevice_Hand: HANDTRACKING ADMIRE hand 0: hpm=1 -> shared=0
03-27 06:52:34.921 18091 18205 I [CT]    : HandPoseSampler: Filter reset
03-27 06:52:34.921 18091 18205 I InputDevice_Hand: HANDTRACKING ADMIRE hand 1: hpm=1 -> shared=0
03-27 06:52:34.927   897  1854 I Tracking: CONSTELLATION_Left: [Throttled count=179] P+C Left: Imu state is invalid when querying vision state!
03-27 06:52:34.927   897  1854 I Tracking: CONSTELLATION_Left: [Throttled count=89] P+C Left: Not reinitializing 6DoF filter yet (no valid pose from vision).
03-27 06:52:34.932 18091 18205 I [CT]    : HandPoseSampler: Filter reset
03-27 06:52:34.932 18091 18205 I InputDevice_Hand: HANDTRACKING ADMIRE hand 0: hpm=1 -> shared=0
03-27 06:52:34.932 18091 18205 I [CT]    : HandPoseSampler: Filter reset
03-27 06:52:34.932 18091 18205 I InputDevice_Hand: HANDTRACKING ADMIRE hand 1: hpm=1 -> shared=0
03-27 06:52:34.942 18091 18205 I [CT]    : HandPoseSampler: Filter reset
03-27 06:52:34.943 18091 18205 I InputDevice_Hand: HANDTRACKING ADMIRE hand 0: hpm=1 -> shared=0
03-27 06:52:34.943 18091 18205 I [CT]    : HandPoseSampler: Filter reset
03-27 06:52:34.943 18091 18205 I InputDevice_Hand: HANDTRACKING ADMIRE hand 1: hpm=1 -> shared=0
03-27 06:52:34.954 18091 18205 I [CT]    : HandPoseSampler: Filter reset
03-27 06:52:34.954 18091 18205 I InputDevice_Hand: HANDTRACKING ADMIRE hand 0: hpm=1 -> shared=0
03-27 06:52:34.954 18091 18205 I [CT]    : HandPoseSampler: Filter reset
03-27 06:52:34.954 18091 18205 I InputDevice_Hand: HANDTRACKING ADMIRE hand 1: hpm=1 -> shared=0
03-27 06:52:34.965 18091 18205 I [CT]    : HandPoseSampler: Filter reset
03-27 06:52:34.965 18091 18205 I InputDevice_Hand: HANDTRACKING ADMIRE hand 0: hpm=1 -> shared=0
03-27 06:52:34.965 18091 18205 I [CT]    : HandPoseSampler: Filter reset
03-27 06:52:34.965 18091 18205 I InputDevice_Hand: HANDTRACKING ADMIRE hand 1: hpm=1 -> shared=0
03-27 06:52:34.976 18091 18205 I [CT]    : HandPoseSampler: Filter reset
03-27 06:52:34.976 18091 18205 I InputDevice_Hand: HANDTRACKING ADMIRE hand 0: hpm=1 -> shared=0
03-27 06:52:34.976 18091 18205 I [CT]    : HandPoseSampler: Filter reset
03-27 06:52:34.976 18091 18205 I InputDevice_Hand: HANDTRACKING ADMIRE hand 1: hpm=1 -> shared=0
03-27 06:52:34.978   897 14190 I Tracking: BOLT:HexagonTelemetry: Global DSP utilization: 6.93% (346 / 5002 ms), Scalar Util: 42.23%, HVX Util: 35.21%, HMX Util: 6.96%, DMA Active: 20.41%, Freq: 1171.2000000000003 MHz
03-27 06:52:34.978   897 14190 I Tracking: boltlib: DSP Rpc stats over 5002 ms: {"HexagonCornerHarrisEdgeIndexedSlicesAsync":2,"HexagonPyramid3x3Async":55,"a2e_boltnn_delegate":125,"controller_inference":25,"dd_boltnn_delegate_batch_128":1,"dd_boltnn_delegate_batch_256":1,"dpr_lite_boltnn_delegate":62}
03-27 06:52:34.988 18091 18205 I [CT]    : HandPoseSampler: Filter reset
03-27 06:52:34.988 18091 18205 I InputDevice_Hand: HANDTRACKING ADMIRE hand 0: hpm=1 -> shared=0
03-27 06:52:34.988 18091 18205 I [CT]    : HandPoseSampler: Filter reset
03-27 06:52:34.988 18091 18205 I InputDevice_Hand: HANDTRACKING ADMIRE hand 1: hpm=1 -> shared=0
03-27 06:52:34.999 18091 18205 I [CT]    : HandPoseSampler: Filter reset
03-27 06:52:34.999 18091 18205 I InputDevice_Hand: HANDTRACKING ADMIRE hand 0: hpm=1 -> shared=0
03-27 06:52:34.999 18091 18205 I [CT]    : HandPoseSampler: Filter reset
03-27 06:52:34.999 18091 18205 I InputDevice_Hand: HANDTRACKING ADMIRE hand 1: hpm=1 -> shared=0
03-27 06:52:35.010 18091 14209 I VrApi   : FPS=91/90,Prd=24ms,Tear=0,Early=0,Stale=0,Stale2/5/10/max=0/0/0/0,VSnc=1,Lat=-4,Fov=3,CPU4/GPU=-1/-1,1920/545MHz,OC=3F,TA=0/0/0,SP=N/N/N,Mem=1708MHz,Free=4019MB,PLS=0,Temp=34.0C/0.0C,TW=0.66ms,App=1.61ms,GD=0.00ms,CPU&GPU=8.46ms,LCnt=1(DR91,LM0),GPU%=0.21,CPU%=0.26(W0.31),CFL=11.44/14.83,ICFLp95=13.45,LD=0,CABC=1,SF=0.78,LP=1,DVFS=0,Preempt=182,PoseAgeP95=0.00
03-27 06:52:35.010 18091 14209 I VrApi   : ASW=0,Type=PTWFromStereo,E=0.000/0.000,D=0.000/0.000
03-27 06:52:35.010 18091 18205 I [CT]    : HandPoseSampler: Filter reset
03-27 06:52:35.010 18091 18205 I InputDevice_Hand: HANDTRACKING ADMIRE hand 0: hpm=1 -> shared=0
03-27 06:52:35.010 18091 18205 I [CT]    : HandPoseSampler: Filter reset
03-27 06:52:35.010 18091 18205 I InputDevice_Hand: HANDTRACKING ADMIRE hand 1: hpm=1 -> shared=0
03-27 06:52:35.021 18091 18205 I [CT]    : HandPoseSampler: Filter reset
03-27 06:52:35.021 18091 18205 I InputDevice_Hand: HANDTRACKING ADMIRE hand 0: hpm=1 -> shared=0
03-27 06:52:35.021 18091 18205 I [CT]    : HandPoseSampler: Filter reset
03-27 06:52:35.021 18091 18205 I InputDevice_Hand: HANDTRACKING ADMIRE hand 1: hpm=1 -> shared=0
03-27 06:52:34.978     0     0 E syncboss_spi spi0.0: bad magic from MCU (value: 0xcacacaca, data_ready_irq: 1, wake_timer: 0, send_timer: 0, msg_to_send: 0)
03-27 06:52:35.032 18091 18205 I [CT]    : HandPoseSampler: Filter reset
03-27 06:52:35.032 18091 18205 I InputDevice_Hand: HANDTRACKING ADMIRE hand 0: hpm=1 -> shared=0
03-27 06:52:35.032 18091 18205 I [CT]    : HandPoseSampler: Filter reset
03-27 06:52:35.032 18091 18205 I InputDevice_Hand: HANDTRACKING ADMIRE hand 1: hpm=1 -> shared=0
03-27 06:52:35.042 18091 18205 I [CT]    : HandPoseSampler: Filter reset
03-27 06:52:35.042 18091 18205 I InputDevice_Hand: HANDTRACKING ADMIRE hand 0: hpm=1 -> shared=0
03-27 06:52:35.042 18091 18205 I [CT]    : HandPoseSampler: Filter reset
03-27 06:52:35.042 18091 18205 I InputDevice_Hand: HANDTRACKING ADMIRE hand 1: hpm=1 -> shared=0
03-27 06:52:35.054 18091 18205 I [CT]    : HandPoseSampler: Filter reset
03-27 06:52:35.054 18091 18205 I InputDevice_Hand: HANDTRACKING ADMIRE hand 0: hpm=1 -> shared=0
03-27 06:52:35.054 18091 18205 I [CT]    : HandPoseSampler: Filter reset
03-27 06:52:35.054 18091 18205 I InputDevice_Hand: HANDTRACKING ADMIRE hand 1: hpm=1 -> shared=0
03-27 06:52:35.066 18091 18205 I [CT]    : HandPoseSampler: Filter reset
03-27 06:52:35.066 18091 18205 I InputDevice_Hand: HANDTRACKING ADMIRE hand 0: hpm=1 -> shared=0
03-27 06:52:35.066 18091 18205 I [CT]    : HandPoseSampler: Filter reset
03-27 06:52:35.066 18091 18205 I InputDevice_Hand: HANDTRACKING ADMIRE hand 1: hpm=1 -> shared=0
03-27 06:52:35.076 18091 18205 I [CT]    : HandPoseSampler: Filter reset
03-27 06:52:35.076 18091 18205 I InputDevice_Hand: HANDTRACKING ADMIRE hand 0: hpm=1 -> shared=0
03-27 06:52:35.076 18091 18205 I [CT]    : HandPoseSampler: Filter reset
03-27 06:52:35.076 18091 18205 I InputDevice_Hand: HANDTRACKING ADMIRE hand 1: hpm=1 -> shared=0
03-27 06:52:35.088 18091 18205 I [CT]    : HandPoseSampler: Filter reset
03-27 06:52:35.088 18091 18205 I InputDevice_Hand: HANDTRACKING ADMIRE hand 0: hpm=1 -> shared=0
03-27 06:52:35.088 18091 18205 I [CT]    : HandPoseSampler: Filter reset
03-27 06:52:35.088 18091 18205 I InputDevice_Hand: HANDTRACKING ADMIRE hand 1: hpm=1 -> shared=0
03-27 06:52:35.099 18091 18205 I [CT]    : HandPoseSampler: Filter reset
03-27 06:52:35.099 18091 18205 I InputDevice_Hand: HANDTRACKING ADMIRE hand 0: hpm=1 -> shared=0
03-27 06:52:35.099 18091 18205 I [CT]    : HandPoseSampler: Filter reset
03-27 06:52:35.099 18091 18205 I InputDevice_Hand: HANDTRACKING ADMIRE hand 1: hpm=1 -> shared=0
03-27 06:52:35.110 18091 18205 I [CT]    : HandPoseSampler: Filter reset
03-27 06:52:35.110 18091 18205 I InputDevice_Hand: HANDTRACKING ADMIRE hand 0: hpm=1 -> shared=0
03-27 06:52:35.110 18091 18205 I [CT]    : HandPoseSampler: Filter reset
03-27 06:52:35.110 18091 18205 I InputDevice_Hand: HANDTRACKING ADMIRE hand 1: hpm=1 -> shared=0
03-27 06:52:35.116 18224 18352 I AutoStationaryHelper: [AutoStationaryHelper::getGuardianDataFromNearbyRoomscale] Checking 1 existing guardian data
03-27 06:52:35.116 18224 18352 I GuardianMapDataMgr: [GuardianMapDataMgr::isValidTrackedRoomscale] [2575043440] Valid=yes, Roomscale=yes, Anchor [2cee9d32-7f24-ff1e-5555-ae309d8ea246] Tracked=yes
03-27 06:52:35.116 18224 18352 I AutoStationaryHelper: [AutoStationaryHelper::getGuardianDataFromNearbyRoomscale] [2575043440] Distance to HMD: 3.759535
03-27 06:52:35.121 18091 18205 I [CT]    : HandPoseSampler: Filter reset
03-27 06:52:35.121 18091 18205 I InputDevice_Hand: HANDTRACKING ADMIRE hand 0: hpm=1 -> shared=0
03-27 06:52:35.121 18091 18205 I [CT]    : HandPoseSampler: Filter reset
03-27 06:52:35.121 18091 18205 I InputDevice_Hand: HANDTRACKING ADMIRE hand 1: hpm=1 -> shared=0
03-27 06:52:35.132 18091 18205 I [CT]    : HandPoseSampler: Filter reset
03-27 06:52:35.132 18091 18205 I InputDevice_Hand: HANDTRACKING ADMIRE hand 0: hpm=1 -> shared=0
03-27 06:52:35.132 18091 18205 I [CT]    : HandPoseSampler: Filter reset
03-27 06:52:35.132 18091 18205 I InputDevice_Hand: HANDTRACKING ADMIRE hand 1: hpm=1 -> shared=0
03-27 06:52:35.143 18091 18205 I [CT]    : HandPoseSampler: Filter reset
03-27 06:52:35.143 18091 18205 I InputDevice_Hand: HANDTRACKING ADMIRE hand 0: hpm=1 -> shared=0
03-27 06:52:35.143 18091 18205 I [CT]    : HandPoseSampler: Filter reset
03-27 06:52:35.143 18091 18205 I InputDevice_Hand: HANDTRACKING ADMIRE hand 1: hpm=1 -> shared=0
03-27 06:52:35.154 18091 18205 I [CT]    : HandPoseSampler: Filter reset
03-27 06:52:35.154 18091 18205 I InputDevice_Hand: HANDTRACKING ADMIRE hand 0: hpm=1 -> shared=0
03-27 06:52:35.154 18091 18205 I [CT]    : HandPoseSampler: Filter reset
03-27 06:52:35.154 18091 18205 I InputDevice_Hand: HANDTRACKING ADMIRE hand 1: hpm=1 -> shared=0
03-27 06:52:35.166 18091 18205 I [CT]    : HandPoseSampler: Filter reset
03-27 06:52:35.166 18091 18205 I InputDevice_Hand: HANDTRACKING ADMIRE hand 0: hpm=1 -> shared=0
03-27 06:52:35.166 18091 18205 I [CT]    : HandPoseSampler: Filter reset
03-27 06:52:35.166 18091 18205 I InputDevice_Hand: HANDTRACKING ADMIRE hand 1: hpm=1 -> shared=0
03-27 06:52:35.177 18091 18205 I [CT]    : HandPoseSampler: Filter reset
03-27 06:52:35.177 18091 18205 I InputDevice_Hand: HANDTRACKING ADMIRE hand 0: hpm=1 -> shared=0
03-27 06:52:35.177 18091 18205 I [CT]    : HandPoseSampler: Filter reset
03-27 06:52:35.177 18091 18205 I InputDevice_Hand: HANDTRACKING ADMIRE hand 1: hpm=1 -> shared=0
03-27 06:52:35.188 18091 18205 I [CT]    : HandPoseSampler: Filter reset
03-27 06:52:35.188 18091 18205 I InputDevice_Hand: HANDTRACKING ADMIRE hand 0: hpm=1 -> shared=0
03-27 06:52:35.188 18091 18205 I [CT]    : HandPoseSampler: Filter reset
03-27 06:52:35.188 18091 18205 I InputDevice_Hand: HANDTRACKING ADMIRE hand 1: hpm=1 -> shared=0
03-27 06:52:35.199 18091 18205 I [CT]    : HandPoseSampler: Filter reset
03-27 06:52:35.199 18091 18205 I InputDevice_Hand: HANDTRACKING ADMIRE hand 0: hpm=1 -> shared=0
03-27 06:52:35.199 18091 18205 I [CT]    : HandPoseSampler: Filter reset
03-27 06:52:35.199 18091 18205 I InputDevice_Hand: HANDTRACKING ADMIRE hand 1: hpm=1 -> shared=0
03-27 06:52:35.210 18091 18205 I [CT]    : HandPoseSampler: Filter reset
03-27 06:52:35.210 18091 18205 I InputDevice_Hand: HANDTRACKING ADMIRE hand 0: hpm=1 -> shared=0
03-27 06:52:35.210 18091 18205 I [CT]    : HandPoseSampler: Filter reset
03-27 06:52:35.210 18091 18205 I InputDevice_Hand: HANDTRACKING ADMIRE hand 1: hpm=1 -> shared=0
03-27 06:52:35.222 18091 18205 I [CT]    : HandPoseSampler: Filter reset
03-27 06:52:35.222 18091 18205 I InputDevice_Hand: HANDTRACKING ADMIRE hand 0: hpm=1 -> shared=0
03-27 06:52:35.222 18091 18205 I [CT]    : HandPoseSampler: Filter reset
03-27 06:52:35.222 18091 18205 I InputDevice_Hand: HANDTRACKING ADMIRE hand 1: hpm=1 -> shared=0
03-27 06:52:35.233 18091 18205 I [CT]    : HandPoseSampler: Filter reset
03-27 06:52:35.233 18091 18205 I InputDevice_Hand: HANDTRACKING ADMIRE hand 0: hpm=1 -> shared=0
03-27 06:52:35.233 18091 18205 I [CT]    : HandPoseSampler: Filter reset
03-27 06:52:35.233 18091 18205 I InputDevice_Hand: HANDTRACKING ADMIRE hand 1: hpm=1 -> shared=0
03-27 06:52:35.244 18091 18205 I [CT]    : HandPoseSampler: Filter reset
03-27 06:52:35.244 18091 18205 I InputDevice_Hand: HANDTRACKING ADMIRE hand 0: hpm=1 -> shared=0
03-27 06:52:35.244 18091 18205 I [CT]    : HandPoseSampler: Filter reset
03-27 06:52:35.244 18091 18205 I InputDevice_Hand: HANDTRACKING ADMIRE hand 1: hpm=1 -> shared=0
03-27 06:52:35.256 18091 18205 I [CT]    : HandPoseSampler: Filter reset
03-27 06:52:35.256 18091 18205 I InputDevice_Hand: HANDTRACKING ADMIRE hand 0: hpm=1 -> shared=0
03-27 06:52:35.256 18091 18205 I [CT]    : HandPoseSampler: Filter reset
03-27 06:52:35.256 18091 18205 I InputDevice_Hand: HANDTRACKING ADMIRE hand 1: hpm=1 -> shared=0
03-27 06:52:35.267 18091 18205 I [CT]    : HandPoseSampler: Filter reset
03-27 06:52:35.267 18091 18205 I InputDevice_Hand: HANDTRACKING ADMIRE hand 0: hpm=1 -> shared=0
03-27 06:52:35.267 18091 18205 I [CT]    : HandPoseSampler: Filter reset
03-27 06:52:35.267 18091 18205 I InputDevice_Hand: HANDTRACKING ADMIRE hand 1: hpm=1 -> shared=0
03-27 06:52:35.277 18091 18205 I [CT]    : HandPoseSampler: Filter reset
03-27 06:52:35.277 18091 18205 I InputDevice_Hand: HANDTRACKING ADMIRE hand 0: hpm=1 -> shared=0
03-27 06:52:35.277 18091 18205 I [CT]    : HandPoseSampler: Filter reset
03-27 06:52:35.277 18091 18205 I InputDevice_Hand: HANDTRACKING ADMIRE hand 1: hpm=1 -> shared=0
03-27 06:52:35.288 18091 18205 I [CT]    : HandPoseSampler: Filter reset
03-27 06:52:35.288 18091 18205 I InputDevice_Hand: HANDTRACKING ADMIRE hand 0: hpm=1 -> shared=0
03-27 06:52:35.288 18091 18205 I [CT]    : HandPoseSampler: Filter reset
03-27 06:52:35.288 18091 18205 I InputDevice_Hand: HANDTRACKING ADMIRE hand 1: hpm=1 -> shared=0
03-27 06:52:35.300 18091 18205 I [CT]    : HandPoseSampler: Filter reset
03-27 06:52:35.300 18091 18205 I InputDevice_Hand: HANDTRACKING ADMIRE hand 0: hpm=1 -> shared=0
03-27 06:52:35.300 18091 18205 I [CT]    : HandPoseSampler: Filter reset
03-27 06:52:35.300 18091 18205 I InputDevice_Hand: HANDTRACKING ADMIRE hand 1: hpm=1 -> shared=0
03-27 06:52:35.310 18091 18205 I [CT]    : HandPoseSampler: Filter reset
03-27 06:52:35.310 18091 18205 I InputDevice_Hand: HANDTRACKING ADMIRE hand 0: hpm=1 -> shared=0
03-27 06:52:35.310 18091 18205 I [CT]    : HandPoseSampler: Filter reset
03-27 06:52:35.310 18091 18205 I InputDevice_Hand: HANDTRACKING ADMIRE hand 1: hpm=1 -> shared=0
03-27 06:52:35.322 18091 18205 I [CT]    : HandPoseSampler: Filter reset
03-27 06:52:35.322 18091 18205 I InputDevice_Hand: HANDTRACKING ADMIRE hand 0: hpm=1 -> shared=0
03-27 06:52:35.322 18091 18205 I [CT]    : HandPoseSampler: Filter reset
03-27 06:52:35.322 18091 18205 I InputDevice_Hand: HANDTRACKING ADMIRE hand 1: hpm=1 -> shared=0
03-27 06:52:35.332 18091 18205 I [CT]    : HandPoseSampler: Filter reset
03-27 06:52:35.332 18091 18205 I InputDevice_Hand: HANDTRACKING ADMIRE hand 0: hpm=1 -> shared=0
03-27 06:52:35.332 18091 18205 I [CT]    : HandPoseSampler: Filter reset
03-27 06:52:35.332 18091 18205 I InputDevice_Hand: HANDTRACKING ADMIRE hand 1: hpm=1 -> shared=0
03-27 06:52:35.340   897 14310 W Tracking: CONSTELLATION_Left: [Throttled count=502] P+C Left: Could not retrieve 3dof fallback pose.
03-27 06:52:35.344 18091 18205 I [CT]    : HandPoseSampler: Filter reset
03-27 06:52:35.344 18091 18205 I InputDevice_Hand: HANDTRACKING ADMIRE hand 0: hpm=1 -> shared=0
03-27 06:52:35.344 18091 18205 I [CT]    : HandPoseSampler: Filter reset
03-27 06:52:35.344 18091 18205 I InputDevice_Hand: HANDTRACKING ADMIRE hand 1: hpm=1 -> shared=0
03-27 06:52:35.355 18091 18205 I [CT]    : HandPoseSampler: Filter reset
03-27 06:52:35.355 18091 18205 I InputDevice_Hand: HANDTRACKING ADMIRE hand 0: hpm=1 -> shared=0
03-27 06:52:35.355 18091 18205 I [CT]    : HandPoseSampler: Filter reset
03-27 06:52:35.355 18091 18205 I InputDevice_Hand: HANDTRACKING ADMIRE hand 1: hpm=1 -> shared=0
03-27 06:52:35.362   897 14271 W Tracking: IoteLogging: IMU Update exceeded imu sampling period: update=0.001472079 [sec], period=0.001250000 [sec].
03-27 06:52:35.366 18091 18205 I [CT]    : HandPoseSampler: Filter reset
03-27 06:52:35.366 18091 18205 I InputDevice_Hand: HANDTRACKING ADMIRE hand 0: hpm=1 -> shared=0
03-27 06:52:35.366 18091 18205 I [CT]    : HandPoseSampler: Filter reset
03-27 06:52:35.366 18091 18205 I InputDevice_Hand: HANDTRACKING ADMIRE hand 1: hpm=1 -> shared=0
03-27 06:52:35.376 18091 18205 I [CT]    : HandPoseSampler: Filter reset
03-27 06:52:35.376 18091 18205 I InputDevice_Hand: HANDTRACKING ADMIRE hand 0: hpm=1 -> shared=0
03-27 06:52:35.376 18091 18205 I [CT]    : HandPoseSampler: Filter reset
03-27 06:52:35.376 18091 18205 I InputDevice_Hand: HANDTRACKING ADMIRE hand 1: hpm=1 -> shared=0
03-27 06:52:35.388 18091 18205 I [CT]    : HandPoseSampler: Filter reset
03-27 06:52:35.388 18091 18205 I InputDevice_Hand: HANDTRACKING ADMIRE hand 0: hpm=1 -> shared=0
03-27 06:52:35.388 18091 18205 I [CT]    : HandPoseSampler: Filter reset
03-27 06:52:35.388 18091 18205 I InputDevice_Hand: HANDTRACKING ADMIRE hand 1: hpm=1 -> shared=0
03-27 06:52:35.400   927 14165 W SensorService: Unknown packet type (32) received
03-27 06:52:35.400 18091 18205 I [CT]    : HandPoseSampler: Filter reset
03-27 06:52:35.400 18091 18205 I InputDevice_Hand: HANDTRACKING ADMIRE hand 0: hpm=1 -> shared=0
03-27 06:52:35.400 18091 18205 I [CT]    : HandPoseSampler: Filter reset
03-27 06:52:35.400 18091 18205 I InputDevice_Hand: HANDTRACKING ADMIRE hand 1: hpm=1 -> shared=0
03-27 06:52:35.410 18091 18205 I [CT]    : HandPoseSampler: Filter reset
03-27 06:52:35.410 18091 18205 I InputDevice_Hand: HANDTRACKING ADMIRE hand 0: hpm=1 -> shared=0
03-27 06:52:35.410 18091 18205 I [CT]    : HandPoseSampler: Filter reset
03-27 06:52:35.410 18091 18205 I InputDevice_Hand: HANDTRACKING ADMIRE hand 1: hpm=1 -> shared=0
03-27 06:52:35.421 18091 18205 I [CT]    : HandPoseSampler: Filter reset
03-27 06:52:35.421 18091 18205 I InputDevice_Hand: HANDTRACKING ADMIRE hand 0: hpm=1 -> shared=0
03-27 06:52:35.421 18091 18205 I [CT]    : HandPoseSampler: Filter reset
03-27 06:52:35.421 18091 18205 I InputDevice_Hand: HANDTRACKING ADMIRE hand 1: hpm=1 -> shared=0
03-27 06:52:35.433 18091 18205 I [CT]    : HandPoseSampler: Filter reset
03-27 06:52:35.433 18091 18205 I InputDevice_Hand: HANDTRACKING ADMIRE hand 0: hpm=1 -> shared=0
03-27 06:52:35.433 18091 18205 I [CT]    : HandPoseSampler: Filter reset
03-27 06:52:35.433 18091 18205 I InputDevice_Hand: HANDTRACKING ADMIRE hand 1: hpm=1 -> shared=0
03-27 06:52:35.444 18091 18205 I [CT]    : HandPoseSampler: Filter reset
03-27 06:52:35.444 18091 18205 I InputDevice_Hand: HANDTRACKING ADMIRE hand 0: hpm=1 -> shared=0
03-27 06:52:35.444 18091 18205 I [CT]    : HandPoseSampler: Filter reset
03-27 06:52:35.444 18091 18205 I InputDevice_Hand: HANDTRACKING ADMIRE hand 1: hpm=1 -> shared=0
03-27 06:52:35.451   927 19557 I libcamerahal: [INSIGHTS][2.00s] recv/ret/req heartbeat: cam0: 90/90/0, cam1: 90/90/0, cam2: 90/90/0, cam3: 90/90/0
03-27 06:52:35.454 18091 18205 I [CT]    : HandPoseSampler: Filter reset
03-27 06:52:35.454 18091 18205 I InputDevice_Hand: HANDTRACKING ADMIRE hand 0: hpm=1 -> shared=0
03-27 06:52:35.454 18091 18205 I [CT]    : HandPoseSampler: Filter reset
03-27 06:52:35.454 18091 18205 I InputDevice_Hand: HANDTRACKING ADMIRE hand 1: hpm=1 -> shared=0
03-27 06:52:35.466 18091 18205 I [CT]    : HandPoseSampler: Filter reset
03-27 06:52:35.466 18091 18205 I InputDevice_Hand: HANDTRACKING ADMIRE hand 0: hpm=1 -> shared=0
03-27 06:52:35.466 18091 18205 I [CT]    : HandPoseSampler: Filter reset
03-27 06:52:35.466 18091 18205 I InputDevice_Hand: HANDTRACKING ADMIRE hand 1: hpm=1 -> shared=0
03-27 06:52:35.466   927  1672 I DUMPSYS_LOG: {"additional_data":{"camera_fps":[{"fps":44.997666187043677,"frames":450,"id":0},{"fps":44.997666187043677,"frames":450,"id":1},{"fps":44.997666187043677,"frames":450,"id":2},{"fps":44.997666187043677,"frames":450,"id":3}]},"event":"CameraFPS","service":"SensorService","tid":"478314216240","ts":1774608755466632,"ts_proc":129727850999}
03-27 06:52:35.477 18091 18205 I [CT]    : HandPoseSampler: Filter reset
03-27 06:52:35.477 18091 18205 I InputDevice_Hand: HANDTRACKING ADMIRE hand 0: hpm=1 -> shared=0
03-27 06:52:35.477 18091 18205 I [CT]    : HandPoseSampler: Filter reset
03-27 06:52:35.477 18091 18205 I InputDevice_Hand: HANDTRACKING ADMIRE hand 1: hpm=1 -> shared=0
03-27 06:52:35.484   920 14201 I VD628x  : Flicker results: freq 120.000000, max 119.899254, dcr 33.157990, pct 0.041003, idx 0.012957, conf 0.893005, snr 9.268072, svm 0.070834, sus 0
03-27 06:52:35.489 18091 18205 I [CT]    : HandPoseSampler: Filter reset
03-27 06:52:35.489 18091 18205 I InputDevice_Hand: HANDTRACKING ADMIRE hand 0: hpm=1 -> shared=0
03-27 06:52:35.489 18091 18205 I [CT]    : HandPoseSampler: Filter reset
03-27 06:52:35.489 18091 18205 I InputDevice_Hand: HANDTRACKING ADMIRE hand 1: hpm=1 -> shared=0
03-27 06:52:35.499 18091 18205 I [CT]    : HandPoseSampler: Filter reset
03-27 06:52:35.499 18091 18205 I InputDevice_Hand: HANDTRACKING ADMIRE hand 0: hpm=1 -> shared=0
03-27 06:52:35.500 18091 18205 I [CT]    : HandPoseSampler: Filter reset
03-27 06:52:35.500 18091 18205 I InputDevice_Hand: HANDTRACKING ADMIRE hand 1: hpm=1 -> shared=0
03-27 06:52:35.511 18091 18205 I [CT]    : HandPoseSampler: Filter reset
03-27 06:52:35.511 18091 18205 I InputDevice_Hand: HANDTRACKING ADMIRE hand 0: hpm=1 -> shared=0
03-27 06:52:35.511 18091 18205 I [CT]    : HandPoseSampler: Filter reset
03-27 06:52:35.511 18091 18205 I InputDevice_Hand: HANDTRACKING ADMIRE hand 1: hpm=1 -> shared=0
03-27 06:52:35.522 18091 18205 I [CT]    : HandPoseSampler: Filter reset
03-27 06:52:35.522 18091 18205 I InputDevice_Hand: HANDTRACKING ADMIRE hand 0: hpm=1 -> shared=0
03-27 06:52:35.522 18091 18205 I [CT]    : HandPoseSampler: Filter reset
03-27 06:52:35.522 18091 18205 I InputDevice_Hand: HANDTRACKING ADMIRE hand 1: hpm=1 -> shared=0
03-27 06:52:35.533 18091 18205 I [CT]    : HandPoseSampler: Filter reset
03-27 06:52:35.533 18091 18205 I InputDevice_Hand: HANDTRACKING ADMIRE hand 0: hpm=1 -> shared=0
03-27 06:52:35.533 18091 18205 I [CT]    : HandPoseSampler: Filter reset
03-27 06:52:35.533 18091 18205 I InputDevice_Hand: HANDTRACKING ADMIRE hand 1: hpm=1 -> shared=0
03-27 06:52:35.541  5144 24453 W MetaCamNative (streaming_cast_agent): StreamingCastAgent::SendPingMessage() - socket_id=11
03-27 06:52:35.544 18091 18205 I [CT]    : HandPoseSampler: Filter reset
03-27 06:52:35.544 18091 18205 I InputDevice_Hand: HANDTRACKING ADMIRE hand 0: hpm=1 -> shared=0
03-27 06:52:35.544 18091 18205 I [CT]    : HandPoseSampler: Filter reset
03-27 06:52:35.544 18091 18205 I InputDevice_Hand: HANDTRACKING ADMIRE hand 1: hpm=1 -> shared=0
03-27 06:52:35.555 18091 18205 I [CT]    : HandPoseSampler: Filter reset
03-27 06:52:35.555 18091 18205 I InputDevice_Hand: HANDTRACKING ADMIRE hand 0: hpm=1 -> shared=0
03-27 06:52:35.555 18091 18205 I [CT]    : HandPoseSampler: Filter reset
03-27 06:52:35.555 18091 18205 I InputDevice_Hand: HANDTRACKING ADMIRE hand 1: hpm=1 -> shared=0
03-27 06:52:35.561  1156  1981 V telemetry-statsd: Fetched statsd reports. Config: 2 UID 1000 Initiator: periodic Report size: 24677
03-27 06:52:35.561  1156  1981 V telemetry-statsd: Fetched statsd reports. Config: 12 UID 1000 Initiator: periodic Report size: 16282
03-27 06:52:35.561  1156  1981 V telemetry-statsd: Fetched statsd reports. Config: 3 UID 1000 Initiator: periodic Report size: 14587
03-27 06:52:35.561  1156  1981 V telemetry-statsd: Fetched statsd reports. Config: 5 UID 1000 Initiator: periodic Report size: 14607
03-27 06:52:35.561  1156  1981 V telemetry-statsd: Fetched statsd reports. Config: 6 UID 1000 Initiator: periodic Report size: 13323
03-27 06:52:35.561  1156  1981 V telemetry-statsd: Fetched statsd reports. Config: 7 UID 1000 Initiator: periodic Report size: 13323
03-27 06:52:35.561  1156  1981 V telemetry-statsd: Fetched statsd reports. Config: 8 UID 1000 Initiator: periodic Report size: 13323
03-27 06:52:35.561  1156  1981 V telemetry-statsd: Fetched statsd reports. Config: 9 UID 1000 Initiator: periodic Report size: 13323
03-27 06:52:35.561  1156  1981 V telemetry-statsd: Fetched statsd reports. Config: 10 UID 1000 Initiator: periodic Report size: 13323
03-27 06:52:35.564  1156  1943 W AtomToFalcoEventTranslator: Failed to translate atom id: 117268, failureType: FIELD_TYPE_MISMATCH, failureContext: Falco field layers_avg missing in protobuf data; Falco field layers_max missing in protobuf data; Falco field layers_min missing in protobuf data; 
03-27 06:52:35.564  1156  1943 W TelemetryService: Dropping Atom #117268 due to translation failure
03-27 06:52:35.566 18091 18205 I [CT]    : HandPoseSampler: Filter reset
03-27 06:52:35.566 18091 18205 I InputDevice_Hand: HANDTRACKING ADMIRE hand 0: hpm=1 -> shared=0
03-27 06:52:35.566 18091 18205 I [CT]    : HandPoseSampler: Filter reset
03-27 06:52:35.566 18091 18205 I InputDevice_Hand: HANDTRACKING ADMIRE hand 1: hpm=1 -> shared=0
03-27 06:52:35.576 18091 18205 I [CT]    : HandPoseSampler: Filter reset
03-27 06:52:35.576 18091 18205 I InputDevice_Hand: HANDTRACKING ADMIRE hand 0: hpm=1 -> shared=0
03-27 06:52:35.576 18091 18205 I [CT]    : HandPoseSampler: Filter reset
03-27 06:52:35.576 18091 18205 I InputDevice_Hand: HANDTRACKING ADMIRE hand 1: hpm=1 -> shared=0
03-27 06:52:35.588 18091 18205 I [CT]    : HandPoseSampler: Filter reset
03-27 06:52:35.588 18091 18205 I InputDevice_Hand: HANDTRACKING ADMIRE hand 0: hpm=1 -> shared=0
03-27 06:52:35.588 18091 18205 I [CT]    : HandPoseSampler: Filter reset
03-27 06:52:35.588 18091 18205 I InputDevice_Hand: HANDTRACKING ADMIRE hand 1: hpm=1 -> shared=0
03-27 06:52:35.599 18091 18205 I [CT]    : HandPoseSampler: Filter reset
03-27 06:52:35.599 18091 18205 I InputDevice_Hand: HANDTRACKING ADMIRE hand 0: hpm=1 -> shared=0
03-27 06:52:35.599 18091 18205 I [CT]    : HandPoseSampler: Filter reset
03-27 06:52:35.599 18091 18205 I InputDevice_Hand: HANDTRACKING ADMIRE hand 1: hpm=1 -> shared=0
03-27 06:52:35.610 18091 18205 I [CT]    : HandPoseSampler: Filter reset
03-27 06:52:35.610 18091 18205 I InputDevice_Hand: HANDTRACKING ADMIRE hand 0: hpm=1 -> shared=0
03-27 06:52:35.610 18091 18205 I [CT]    : HandPoseSampler: Filter reset
03-27 06:52:35.610 18091 18205 I InputDevice_Hand: HANDTRACKING ADMIRE hand 1: hpm=1 -> shared=0
03-27 06:52:35.622 18091 18205 I [CT]    : HandPoseSampler: Filter reset
03-27 06:52:35.622 18091 18205 I InputDevice_Hand: HANDTRACKING ADMIRE hand 0: hpm=1 -> shared=0
03-27 06:52:35.622 18091 18205 I [CT]    : HandPoseSampler: Filter reset
03-27 06:52:35.622 18091 18205 I InputDevice_Hand: HANDTRACKING ADMIRE hand 1: hpm=1 -> shared=0
03-27 06:52:35.632  2697 14219 I [CT]    : PTApiClients: 1/1:com.oculus.vrshell,PT=1,EnvDepth=0,VrMode=1,LCnt=0/2(rec=0,proj=0,bg=0),SppMeshes=1(vs=4,ts=2),SppInst=1(vs=4,ts=2),NS=0,Sty=0
03-27 06:52:35.633 18091 18205 I [CT]    : HandPoseSampler: Filter reset
03-27 06:52:35.633 18091 18205 I InputDevice_Hand: HANDTRACKING ADMIRE hand 0: hpm=1 -> shared=0
03-27 06:52:35.633 18091 18205 I [CT]    : HandPoseSampler: Filter reset
03-27 06:52:35.633 18091 18205 I InputDevice_Hand: HANDTRACKING ADMIRE hand 1: hpm=1 -> shared=0
03-27 06:52:35.643 18091 18205 I [CT]    : HandPoseSampler: Filter reset
03-27 06:52:35.643 18091 18205 I InputDevice_Hand: HANDTRACKING ADMIRE hand 0: hpm=1 -> shared=0
03-27 06:52:35.643 18091 18205 I [CT]    : HandPoseSampler: Filter reset
03-27 06:52:35.643 18091 18205 I InputDevice_Hand: HANDTRACKING ADMIRE hand 1: hpm=1 -> shared=0
03-27 06:52:35.653  2697  3402 I FaceEyeTrackingServerManager_Impl: [FaceEyeTrackingServerManager] - orthofitManager is NULL.
03-27 06:52:35.655 18091 18205 I [CT]    : HandPoseSampler: Filter reset
03-27 06:52:35.655 18091 18205 I InputDevice_Hand: HANDTRACKING ADMIRE hand 0: hpm=1 -> shared=0
03-27 06:52:35.655 18091 18205 I [CT]    : HandPoseSampler: Filter reset
03-27 06:52:35.655 18091 18205 I InputDevice_Hand: HANDTRACKING ADMIRE hand 1: hpm=1 -> shared=0
03-27 06:52:35.661 18091 18457 W ShellHsr: Renderer: RenderableFilter has 108 tags, which is more than 10. This is expected to be rare. If this becomes common, consider changing RenderableFilter logic to use something other than linear searches for filtering renderable tags (like registered bitsets).
03-27 06:52:35.665 18091 18205 I [CT]    : HandPoseSampler: Filter reset
03-27 06:52:35.665 18091 18205 I InputDevice_Hand: HANDTRACKING ADMIRE hand 0: hpm=1 -> shared=0
03-27 06:52:35.665 18091 18205 I [CT]    : HandPoseSampler: Filter reset
03-27 06:52:35.665 18091 18205 I InputDevice_Hand: HANDTRACKING ADMIRE hand 1: hpm=1 -> shared=0
03-27 06:52:35.676 18091 18205 I [CT]    : HandPoseSampler: Filter reset
03-27 06:52:35.676 18091 18205 I InputDevice_Hand: HANDTRACKING ADMIRE hand 0: hpm=1 -> shared=0
03-27 06:52:35.676 18091 18205 I [CT]    : HandPoseSampler: Filter reset
03-27 06:52:35.676 18091 18205 I InputDevice_Hand: HANDTRACKING ADMIRE hand 1: hpm=1 -> shared=0
03-27 06:52:35.688 18091 18205 I [CT]    : HandPoseSampler: Filter reset
03-27 06:52:35.688 18091 18205 I InputDevice_Hand: HANDTRACKING ADMIRE hand 0: hpm=1 -> shared=0
03-27 06:52:35.688 18091 18205 I [CT]    : HandPoseSampler: Filter reset
03-27 06:52:35.688 18091 18205 I InputDevice_Hand: HANDTRACKING ADMIRE hand 1: hpm=1 -> shared=0
03-27 06:52:35.698 18091 18205 I [CT]    : HandPoseSampler: Filter reset
03-27 06:52:35.698 18091 18205 I InputDevice_Hand: HANDTRACKING ADMIRE hand 0: hpm=1 -> shared=0
03-27 06:52:35.698 18091 18205 I [CT]    : HandPoseSampler: Filter reset
03-27 06:52:35.698 18091 18205 I InputDevice_Hand: HANDTRACKING ADMIRE hand 1: hpm=1 -> shared=0
03-27 06:52:35.710 18091 18205 I [CT]    : HandPoseSampler: Filter reset
03-27 06:52:35.710 18091 18205 I InputDevice_Hand: HANDTRACKING ADMIRE hand 0: hpm=1 -> shared=0
03-27 06:52:35.710 18091 18205 I [CT]    : HandPoseSampler: Filter reset
03-27 06:52:35.710 18091 18205 I InputDevice_Hand: HANDTRACKING ADMIRE hand 1: hpm=1 -> shared=0
03-27 06:52:35.722 18091 18205 I [CT]    : HandPoseSampler: Filter reset
03-27 06:52:35.722 18091 18205 I InputDevice_Hand: HANDTRACKING ADMIRE hand 0: hpm=1 -> shared=0
03-27 06:52:35.722 18091 18205 I [CT]    : HandPoseSampler: Filter reset
03-27 06:52:35.722 18091 18205 I InputDevice_Hand: HANDTRACKING ADMIRE hand 1: hpm=1 -> shared=0
03-27 06:52:35.733 18091 18205 I [CT]    : HandPoseSampler: Filter reset
03-27 06:52:35.733 18091 18205 I InputDevice_Hand: HANDTRACKING ADMIRE hand 0: hpm=1 -> shared=0
03-27 06:52:35.733 18091 18205 I [CT]    : HandPoseSampler: Filter reset
03-27 06:52:35.733 18091 18205 I InputDevice_Hand: HANDTRACKING ADMIRE hand 1: hpm=1 -> shared=0
03-27 06:52:35.744 18091 18205 I [CT]    : HandPoseSampler: Filter reset
03-27 06:52:35.744 18091 18205 I InputDevice_Hand: HANDTRACKING ADMIRE hand 0: hpm=1 -> shared=0
03-27 06:52:35.744 18091 18205 I [CT]    : HandPoseSampler: Filter reset
03-27 06:52:35.744 18091 18205 I InputDevice_Hand: HANDTRACKING ADMIRE hand 1: hpm=1 -> shared=0
03-27 06:52:35.755 18091 18205 I [CT]    : HandPoseSampler: Filter reset
03-27 06:52:35.755 18091 18205 I InputDevice_Hand: HANDTRACKING ADMIRE hand 0: hpm=1 -> shared=0
03-27 06:52:35.755 18091 18205 I [CT]    : HandPoseSampler: Filter reset
03-27 06:52:35.755 18091 18205 I InputDevice_Hand: HANDTRACKING ADMIRE hand 1: hpm=1 -> shared=0
03-27 06:52:35.766 18091 18205 I [CT]    : HandPoseSampler: Filter reset
03-27 06:52:35.766 18091 18205 I InputDevice_Hand: HANDTRACKING ADMIRE hand 0: hpm=1 -> shared=0
03-27 06:52:35.766 18091 18205 I [CT]    : HandPoseSampler: Filter reset
03-27 06:52:35.766 18091 18205 I InputDevice_Hand: HANDTRACKING ADMIRE hand 1: hpm=1 -> shared=0
03-27 06:52:35.777 18091 18205 I [CT]    : HandPoseSampler: Filter reset
03-27 06:52:35.777 18091 18205 I InputDevice_Hand: HANDTRACKING ADMIRE hand 0: hpm=1 -> shared=0
03-27 06:52:35.777 18091 18205 I [CT]    : HandPoseSampler: Filter reset
03-27 06:52:35.777 18091 18205 I InputDevice_Hand: HANDTRACKING ADMIRE hand 1: hpm=1 -> shared=0
03-27 06:52:35.788 18091 18205 I [CT]    : HandPoseSampler: Filter reset
03-27 06:52:35.788 18091 18205 I InputDevice_Hand: HANDTRACKING ADMIRE hand 0: hpm=1 -> shared=0
03-27 06:52:35.788 18091 18205 I [CT]    : HandPoseSampler: Filter reset
03-27 06:52:35.788 18091 18205 I InputDevice_Hand: HANDTRACKING ADMIRE hand 1: hpm=1 -> shared=0
03-27 06:52:35.790   927  1672 E libsensortelemetry: imu samples delayed: 5918213ns capture to arrival (ERS limit: 3500000ns)
03-27 06:52:35.799  2697 14219 I [CT]    : MIXEDREALITY: PassthroughApiManager: GetUpdatedLayerState: (every 2 seconds) PT is: ON numLayers: 0
03-27 06:52:35.800 18091 18205 I [CT]    : HandPoseSampler: Filter reset
03-27 06:52:35.800 18091 18205 I InputDevice_Hand: HANDTRACKING ADMIRE hand 0: hpm=1 -> shared=0
03-27 06:52:35.800 18091 18205 I [CT]    : HandPoseSampler: Filter reset
03-27 06:52:35.800 18091 18205 I InputDevice_Hand: HANDTRACKING ADMIRE hand 1: hpm=1 -> shared=0
03-27 06:52:35.811 18091 18205 I [CT]    : HandPoseSampler: Filter reset
03-27 06:52:35.811 18091 18205 I InputDevice_Hand: HANDTRACKING ADMIRE hand 0: hpm=1 -> shared=0
03-27 06:52:35.811 18091 18205 I [CT]    : HandPoseSampler: Filter reset
03-27 06:52:35.811 18091 18205 I InputDevice_Hand: HANDTRACKING ADMIRE hand 1: hpm=1 -> shared=0
03-27 06:52:35.822 18091 18205 I [CT]    : HandPoseSampler: Filter reset
03-27 06:52:35.822 18091 18205 I InputDevice_Hand: HANDTRACKING ADMIRE hand 0: hpm=1 -> shared=0
03-27 06:52:35.822 18091 18205 I [CT]    : HandPoseSampler: Filter reset
03-27 06:52:35.822 18091 18205 I InputDevice_Hand: HANDTRACKING ADMIRE hand 1: hpm=1 -> shared=0
03-27 06:52:35.833 18091 18205 I [CT]    : HandPoseSampler: Filter reset
03-27 06:52:35.833 18091 18205 I InputDevice_Hand: HANDTRACKING ADMIRE hand 0: hpm=1 -> shared=0
03-27 06:52:35.833 18091 18205 I [CT]    : HandPoseSampler: Filter reset
03-27 06:52:35.833 18091 18205 I InputDevice_Hand: HANDTRACKING ADMIRE hand 1: hpm=1 -> shared=0
03-27 06:52:35.844 18091 18205 I [CT]    : HandPoseSampler: Filter reset
03-27 06:52:35.844 18091 18205 I InputDevice_Hand: HANDTRACKING ADMIRE hand 0: hpm=1 -> shared=0
03-27 06:52:35.844 18091 18205 I [CT]    : HandPoseSampler: Filter reset
03-27 06:52:35.844 18091 18205 I InputDevice_Hand: HANDTRACKING ADMIRE hand 1: hpm=1 -> shared=0
03-27 06:52:35.855 18091 18205 I [CT]    : HandPoseSampler: Filter reset
03-27 06:52:35.855 18091 18205 I InputDevice_Hand: HANDTRACKING ADMIRE hand 0: hpm=1 -> shared=0
03-27 06:52:35.855 18091 18205 I [CT]    : HandPoseSampler: Filter reset
03-27 06:52:35.855 18091 18205 I InputDevice_Hand: HANDTRACKING ADMIRE hand 1: hpm=1 -> shared=0
03-27 06:52:35.866 18091 18205 I [CT]    : HandPoseSampler: Filter reset
03-27 06:52:35.866 18091 18205 I InputDevice_Hand: HANDTRACKING ADMIRE hand 0: hpm=1 -> shared=0
03-27 06:52:35.866 18091 18205 I [CT]    : HandPoseSampler: Filter reset
03-27 06:52:35.866 18091 18205 I InputDevice_Hand: HANDTRACKING ADMIRE hand 1: hpm=1 -> shared=0
03-27 06:52:35.873   897  1800 E libsensortelemetry: imu_iot samples delayed: 5993265ns capture to arrival (ERS limit: 3500000ns)
03-27 06:52:35.877 18091 18205 I [CT]    : HandPoseSampler: Filter reset
03-27 06:52:35.877 18091 18205 I InputDevice_Hand: HANDTRACKING ADMIRE hand 0: hpm=1 -> shared=0
03-27 06:52:35.877 18091 18205 I [CT]    : HandPoseSampler: Filter reset
03-27 06:52:35.877 18091 18205 I InputDevice_Hand: HANDTRACKING ADMIRE hand 1: hpm=1 -> shared=0
03-27 06:52:35.888 18091 18205 I [CT]    : HandPoseSampler: Filter reset
03-27 06:52:35.888 18091 18205 I InputDevice_Hand: HANDTRACKING ADMIRE hand 0: hpm=1 -> shared=0
03-27 06:52:35.888 18091 18205 I [CT]    : HandPoseSampler: Filter reset
03-27 06:52:35.888 18091 18205 I InputDevice_Hand: HANDTRACKING ADMIRE hand 1: hpm=1 -> shared=0
03-27 06:52:35.899 18091 18205 I [CT]    : HandPoseSampler: Filter reset
03-27 06:52:35.899 18091 18205 I InputDevice_Hand: HANDTRACKING ADMIRE hand 0: hpm=1 -> shared=0
03-27 06:52:35.899 18091 18205 I [CT]    : HandPoseSampler: Filter reset
03-27 06:52:35.899 18091 18205 I InputDevice_Hand: HANDTRACKING ADMIRE hand 1: hpm=1 -> shared=0
03-27 06:52:35.910 18091 18205 I [CT]    : HandPoseSampler: Filter reset
03-27 06:52:35.910 18091 18205 I InputDevice_Hand: HANDTRACKING ADMIRE hand 0: hpm=1 -> shared=0
03-27 06:52:35.910 18091 18205 I [CT]    : HandPoseSampler: Filter reset
03-27 06:52:35.910 18091 18205 I InputDevice_Hand: HANDTRACKING ADMIRE hand 1: hpm=1 -> shared=0
03-27 06:52:35.923 18091 18205 I [CT]    : HandPoseSampler: Filter reset
03-27 06:52:35.923 18091 18205 I InputDevice_Hand: HANDTRACKING ADMIRE hand 0: hpm=1 -> shared=0
03-27 06:52:35.923 18091 18205 I [CT]    : HandPoseSampler: Filter reset
03-27 06:52:35.923 18091 18205 I InputDevice_Hand: HANDTRACKING ADMIRE hand 1: hpm=1 -> shared=0
03-27 06:52:35.933 18091 18205 I [CT]    : HandPoseSampler: Filter reset
03-27 06:52:35.933 18091 18205 I InputDevice_Hand: HANDTRACKING ADMIRE hand 0: hpm=1 -> shared=0
03-27 06:52:35.933 18091 18205 I [CT]    : HandPoseSampler: Filter reset
03-27 06:52:35.933 18091 18205 I InputDevice_Hand: HANDTRACKING ADMIRE hand 1: hpm=1 -> shared=0
03-27 06:52:35.943 18091 18205 I [CT]    : HandPoseSampler: Filter reset
03-27 06:52:35.943 18091 18205 I InputDevice_Hand: HANDTRACKING ADMIRE hand 0: hpm=1 -> shared=0
03-27 06:52:35.943 18091 18205 I [CT]    : HandPoseSampler: Filter reset
03-27 06:52:35.943 18091 18205 I InputDevice_Hand: HANDTRACKING ADMIRE hand 1: hpm=1 -> shared=0
03-27 06:52:35.954 18091 18205 I [CT]    : HandPoseSampler: Filter reset
03-27 06:52:35.954 18091 18205 I InputDevice_Hand: HANDTRACKING ADMIRE hand 0: hpm=1 -> shared=0
03-27 06:52:35.954 18091 18205 I [CT]    : HandPoseSampler: Filter reset
03-27 06:52:35.954 18091 18205 I InputDevice_Hand: HANDTRACKING ADMIRE hand 1: hpm=1 -> shared=0
03-27 06:52:35.965 18091 18205 I [CT]    : HandPoseSampler: Filter reset
03-27 06:52:35.965 18091 18205 I InputDevice_Hand: HANDTRACKING ADMIRE hand 0: hpm=1 -> shared=0
03-27 06:52:35.965 18091 18205 I [CT]    : HandPoseSampler: Filter reset
03-27 06:52:35.965 18091 18205 I InputDevice_Hand: HANDTRACKING ADMIRE hand 1: hpm=1 -> shared=0
03-27 06:52:35.976 18091 18205 I [CT]    : HandPoseSampler: Filter reset
03-27 06:52:35.976 18091 18205 I InputDevice_Hand: HANDTRACKING ADMIRE hand 0: hpm=1 -> shared=0
03-27 06:52:35.976 18091 18205 I [CT]    : HandPoseSampler: Filter reset
03-27 06:52:35.976 18091 18205 I InputDevice_Hand: HANDTRACKING ADMIRE hand 1: hpm=1 -> shared=0
03-27 06:52:35.988 18091 18205 I [CT]    : HandPoseSampler: Filter reset
03-27 06:52:35.988 18091 18205 I InputDevice_Hand: HANDTRACKING ADMIRE hand 0: hpm=1 -> shared=0
03-27 06:52:35.988 18091 18205 I [CT]    : HandPoseSampler: Filter reset
03-27 06:52:35.988 18091 18205 I InputDevice_Hand: HANDTRACKING ADMIRE hand 1: hpm=1 -> shared=0
03-27 06:52:35.999 18091 18205 I [CT]    : HandPoseSampler: Filter reset
03-27 06:52:35.999 18091 18205 I InputDevice_Hand: HANDTRACKING ADMIRE hand 0: hpm=1 -> shared=0
03-27 06:52:35.999 18091 18205 I [CT]    : HandPoseSampler: Filter reset
03-27 06:52:35.999 18091 18205 I InputDevice_Hand: HANDTRACKING ADMIRE hand 1: hpm=1 -> shared=0
03-27 06:52:35.997 14763 14763 W ip      : type=1400 audit(0.0:20674): avc:  denied  { bind } for  scontext=u:r:untrusted_app:s0:c68,c256,c512,c768 tcontext=u:r:untrusted_app:s0:c68,c256,c512,c768 tclass=netlink_route_socket permissive=0 bug=b/155595000 app=com.tailscale.ipn
03-27 06:52:36.003 14764 14764 W ip      : type=1400 audit(0.0:20675): avc:  denied  { bind } for  scontext=u:r:untrusted_app:s0:c68,c256,c512,c768 tcontext=u:r:untrusted_app:s0:c68,c256,c512,c768 tclass=netlink_route_socket permissive=0 bug=b/155595000 app=com.tailscale.ipn
03-27 06:52:36.009 18091 18205 I [CT]    : HandPoseSampler: Filter reset
03-27 06:52:36.009 18091 18205 I InputDevice_Hand: HANDTRACKING ADMIRE hand 0: hpm=1 -> shared=0
03-27 06:52:36.009 18091 18205 I [CT]    : HandPoseSampler: Filter reset
03-27 06:52:36.009 18091 18205 I InputDevice_Hand: HANDTRACKING ADMIRE hand 1: hpm=1 -> shared=0
03-27 06:52:36.021 18091 18205 I [CT]    : HandPoseSampler: Filter reset
03-27 06:52:36.021 18091 18205 I InputDevice_Hand: HANDTRACKING ADMIRE hand 0: hpm=1 -> shared=0
03-27 06:52:36.021 18091 18205 I [CT]    : HandPoseSampler: Filter reset
03-27 06:52:36.021 18091 18205 I InputDevice_Hand: HANDTRACKING ADMIRE hand 1: hpm=1 -> shared=0
03-27 06:52:36.032 18091 18205 I [CT]    : HandPoseSampler: Filter reset
03-27 06:52:36.032 18091 18205 I InputDevice_Hand: HANDTRACKING ADMIRE hand 0: hpm=1 -> shared=0
03-27 06:52:36.032 18091 18205 I [CT]    : HandPoseSampler: Filter reset
03-27 06:52:36.032 18091 18205 I InputDevice_Hand: HANDTRACKING ADMIRE hand 1: hpm=1 -> shared=0
03-27 06:52:36.034 18091 14209 V ClientSharedTelemetryStats: App memory usage: PSS=191 MiB, PrivateDirty=90 MiB, PrivateClean=0 MiB, GPU=108.4/108.4 MiB (100% allocated)
03-27 06:52:36.034 18091 14209 I VrApi   : FPS=90/90,Prd=24ms,Tear=0,Early=0,Stale=0,Stale2/5/10/max=0/0/0/0,VSnc=1,Lat=-4,Fov=3,CPU4/GPU=-1/-1,1920/545MHz,OC=3F,TA=0/0/0,SP=N/N/N,Mem=2092MHz,Free=4016MB,PLS=0,Temp=34.0C/0.0C,TW=0.62ms,App=1.58ms,GD=0.00ms,CPU&GPU=10.02ms,LCnt=1(DR91,LM0),GPU%=0.21,CPU%=0.25(W0.30),CFL=11.63/15.41,ICFLp95=13.71,LD=0,CABC=1,SF=0.78,LP=1,DVFS=0,Preempt=188,PoseAgeP95=0.00
03-27 06:52:36.034 18091 14209 I VrApi   : ASW=0,Type=PTWFromStereo,E=0.000/0.000,D=0.000/0.000
03-27 06:52:36.043 18091 18205 I [CT]    : HandPoseSampler: Filter reset
03-27 06:52:36.043 18091 18205 I InputDevice_Hand: HANDTRACKING ADMIRE hand 0: hpm=1 -> shared=0
03-27 06:52:36.043 18091 18205 I [CT]    : HandPoseSampler: Filter reset
03-27 06:52:36.043 18091 18205 I InputDevice_Hand: HANDTRACKING ADMIRE hand 1: hpm=1 -> shared=0
03-27 06:52:36.043 14765 14765 W ip      : type=1400 audit(0.0:20676): avc:  denied  { bind } for  scontext=u:r:untrusted_app:s0:c68,c256,c512,c768 tcontext=u:r:untrusted_app:s0:c68,c256,c512,c768 tclass=netlink_route_socket permissive=0 bug=b/155595000 app=com.tailscale.ipn
03-27 06:52:36.054 18091 18205 I [CT]    : HandPoseSampler: Filter reset
03-27 06:52:36.054 18091 18205 I InputDevice_Hand: HANDTRACKING ADMIRE hand 0: hpm=1 -> shared=0
03-27 06:52:36.054 18091 18205 I [CT]    : HandPoseSampler: Filter reset
03-27 06:52:36.054 18091 18205 I InputDevice_Hand: HANDTRACKING ADMIRE hand 1: hpm=1 -> shared=0
03-27 06:52:36.066 18091 18205 I [CT]    : HandPoseSampler: Filter reset
03-27 06:52:36.066 18091 18205 I InputDevice_Hand: HANDTRACKING ADMIRE hand 0: hpm=1 -> shared=0
03-27 06:52:36.066 18091 18205 I [CT]    : HandPoseSampler: Filter reset
03-27 06:52:36.066 18091 18205 I InputDevice_Hand: HANDTRACKING ADMIRE hand 1: hpm=1 -> shared=0
03-27 06:52:36.077 18091 18205 I [CT]    : HandPoseSampler: Filter reset
03-27 06:52:36.077 18091 18205 I InputDevice_Hand: HANDTRACKING ADMIRE hand 0: hpm=1 -> shared=0
03-27 06:52:36.077 18091 18205 I [CT]    : HandPoseSampler: Filter reset
03-27 06:52:36.077 18091 18205 I InputDevice_Hand: HANDTRACKING ADMIRE hand 1: hpm=1 -> shared=0
03-27 06:52:36.088 18091 18205 I [CT]    : HandPoseSampler: Filter reset
03-27 06:52:36.089 18091 18205 I InputDevice_Hand: HANDTRACKING ADMIRE hand 0: hpm=1 -> shared=0
03-27 06:52:36.089 18091 18205 I [CT]    : HandPoseSampler: Filter reset
03-27 06:52:36.089 18091 18205 I InputDevice_Hand: HANDTRACKING ADMIRE hand 1: hpm=1 -> shared=0
03-27 06:52:36.100 18091 18205 I [CT]    : HandPoseSampler: Filter reset
03-27 06:52:36.100 18091 18205 I InputDevice_Hand: HANDTRACKING ADMIRE hand 0: hpm=1 -> shared=0
03-27 06:52:36.100 18091 18205 I [CT]    : HandPoseSampler: Filter reset
03-27 06:52:36.100 18091 18205 I InputDevice_Hand: HANDTRACKING ADMIRE hand 1: hpm=1 -> shared=0
03-27 06:52:36.111 18091 18205 I [CT]    : HandPoseSampler: Filter reset
03-27 06:52:36.111 18091 18205 I InputDevice_Hand: HANDTRACKING ADMIRE hand 0: hpm=1 -> shared=0
03-27 06:52:36.111 18091 18205 I [CT]    : HandPoseSampler: Filter reset
03-27 06:52:36.111 18091 18205 I InputDevice_Hand: HANDTRACKING ADMIRE hand 1: hpm=1 -> shared=0
03-27 06:52:36.122 18091 18205 I [CT]    : HandPoseSampler: Filter reset
03-27 06:52:36.122 18091 18205 I InputDevice_Hand: HANDTRACKING ADMIRE hand 0: hpm=1 -> shared=0
03-27 06:52:36.122 18091 18205 I [CT]    : HandPoseSampler: Filter reset
03-27 06:52:36.122 18091 18205 I InputDevice_Hand: HANDTRACKING ADMIRE hand 1: hpm=1 -> shared=0
03-27 06:52:36.134 18091 18205 I [CT]    : HandPoseSampler: Filter reset
03-27 06:52:36.134 18091 18205 I InputDevice_Hand: HANDTRACKING ADMIRE hand 0: hpm=1 -> shared=0
03-27 06:52:36.134 18091 18205 I [CT]    : HandPoseSampler: Filter reset
03-27 06:52:36.134 18091 18205 I InputDevice_Hand: HANDTRACKING ADMIRE hand 1: hpm=1 -> shared=0
03-27 06:52:36.137   897  1854 I Tracking: CONSTELLATION_Right: [Throttled count=83] P+C Right: Applying Consistent Zero Velocity Update during slow motion.
03-27 06:52:36.144 18091 18205 I [CT]    : HandPoseSampler: Filter reset
03-27 06:52:36.144 18091 18205 I InputDevice_Hand: HANDTRACKING ADMIRE hand 0: hpm=1 -> shared=0
03-27 06:52:36.144 18091 18205 I [CT]    : HandPoseSampler: Filter reset
03-27 06:52:36.144 18091 18205 I InputDevice_Hand: HANDTRACKING ADMIRE hand 1: hpm=1 -> shared=0
03-27 06:52:36.156 18091 18205 I [CT]    : HandPoseSampler: Filter reset
03-27 06:52:36.156 18091 18205 I InputDevice_Hand: HANDTRACKING ADMIRE hand 0: hpm=1 -> shared=0
03-27 06:52:36.156 18091 18205 I [CT]    : HandPoseSampler: Filter reset
03-27 06:52:36.156 18091 18205 I InputDevice_Hand: HANDTRACKING ADMIRE hand 1: hpm=1 -> shared=0
03-27 06:52:36.167 18091 18205 I [CT]    : HandPoseSampler: Filter reset
03-27 06:52:36.167 18091 18205 I InputDevice_Hand: HANDTRACKING ADMIRE hand 0: hpm=1 -> shared=0
03-27 06:52:36.167 18091 18205 I [CT]    : HandPoseSampler: Filter reset
03-27 06:52:36.167 18091 18205 I InputDevice_Hand: HANDTRACKING ADMIRE hand 1: hpm=1 -> shared=0
03-27 06:52:36.177 18091 18205 I [CT]    : HandPoseSampler: Filter reset
03-27 06:52:36.177 18091 18205 I InputDevice_Hand: HANDTRACKING ADMIRE hand 0: hpm=1 -> shared=0
03-27 06:52:36.177 18091 18205 I [CT]    : HandPoseSampler: Filter reset
03-27 06:52:36.177 18091 18205 I InputDevice_Hand: HANDTRACKING ADMIRE hand 1: hpm=1 -> shared=0
03-27 06:52:36.189 18091 18205 I [CT]    : HandPoseSampler: Filter reset
03-27 06:52:36.189 18091 18205 I InputDevice_Hand: HANDTRACKING ADMIRE hand 0: hpm=1 -> shared=0
03-27 06:52:36.189 18091 18205 I [CT]    : HandPoseSampler: Filter reset
03-27 06:52:36.189 18091 18205 I InputDevice_Hand: HANDTRACKING ADMIRE hand 1: hpm=1 -> shared=0
03-27 06:52:36.200 18091 18205 I [CT]    : HandPoseSampler: Filter reset
03-27 06:52:36.200 18091 18205 I InputDevice_Hand: HANDTRACKING ADMIRE hand 0: hpm=1 -> shared=0
03-27 06:52:36.200 18091 18205 I [CT]    : HandPoseSampler: Filter reset
03-27 06:52:36.200 18091 18205 I InputDevice_Hand: HANDTRACKING ADMIRE hand 1: hpm=1 -> shared=0
03-27 06:52:36.211 18091 18205 I [CT]    : HandPoseSampler: Filter reset
03-27 06:52:36.211 18091 18205 I InputDevice_Hand: HANDTRACKING ADMIRE hand 0: hpm=1 -> shared=0
03-27 06:52:36.211 18091 18205 I [CT]    : HandPoseSampler: Filter reset
03-27 06:52:36.211 18091 18205 I InputDevice_Hand: HANDTRACKING ADMIRE hand 1: hpm=1 -> shared=0
03-27 06:52:36.218   920 14201 I VD628x  : Flicker results: freq 120.000000, max 119.896461, dcr 33.063072, pct 0.042089, idx 0.012995, conf 0.886797, snr 8.886217, svm 0.070822, sus 0
03-27 06:52:36.220 18224 18352 I AutoStationaryHelper: [AutoStationaryHelper::getGuardianDataFromNearbyRoomscale] Checking 1 existing guardian data
03-27 06:52:36.220 18224 18352 I GuardianMapDataMgr: [GuardianMapDataMgr::isValidTrackedRoomscale] [2575043440] Valid=yes, Roomscale=yes, Anchor [2cee9d32-7f24-ff1e-5555-ae309d8ea246] Tracked=yes
03-27 06:52:36.220 18224 18352 I AutoStationaryHelper: [AutoStationaryHelper::getGuardianDataFromNearbyRoomscale] [2575043440] Distance to HMD: 3.758381
03-27 06:52:36.222 18091 18205 I [CT]    : HandPoseSampler: Filter reset
03-27 06:52:36.222 18091 18205 I InputDevice_Hand: HANDTRACKING ADMIRE hand 0: hpm=1 -> shared=0
03-27 06:52:36.222 18091 18205 I [CT]    : HandPoseSampler: Filter reset
03-27 06:52:36.222 18091 18205 I InputDevice_Hand: HANDTRACKING ADMIRE hand 1: hpm=1 -> shared=0
03-27 06:52:36.234 18091 18205 I [CT]    : HandPoseSampler: Filter reset
03-27 06:52:36.234 18091 18205 I InputDevice_Hand: HANDTRACKING ADMIRE hand 0: hpm=1 -> shared=0
03-27 06:52:36.234 18091 18205 I [CT]    : HandPoseSampler: Filter reset
03-27 06:52:36.234 18091 18205 I InputDevice_Hand: HANDTRACKING ADMIRE hand 1: hpm=1 -> shared=0
03-27 06:52:36.244 18091 18205 I [CT]    : HandPoseSampler: Filter reset
03-27 06:52:36.244 18091 18205 I InputDevice_Hand: HANDTRACKING ADMIRE hand 0: hpm=1 -> shared=0
03-27 06:52:36.244 18091 18205 I [CT]    : HandPoseSampler: Filter reset
03-27 06:52:36.244 18091 18205 I InputDevice_Hand: HANDTRACKING ADMIRE hand 1: hpm=1 -> shared=0
03-27 06:52:36.255 18091 18205 I [CT]    : HandPoseSampler: Filter reset
03-27 06:52:36.255 18091 18205 I InputDevice_Hand: HANDTRACKING ADMIRE hand 0: hpm=1 -> shared=0
03-27 06:52:36.255 18091 18205 I [CT]    : HandPoseSampler: Filter reset
03-27 06:52:36.255 18091 18205 I InputDevice_Hand: HANDTRACKING ADMIRE hand 1: hpm=1 -> shared=0
03-27 06:52:36.266 18091 18205 I [CT]    : HandPoseSampler: Filter reset
03-27 06:52:36.266 18091 18205 I InputDevice_Hand: HANDTRACKING ADMIRE hand 0: hpm=1 -> shared=0
03-27 06:52:36.266 18091 18205 I [CT]    : HandPoseSampler: Filter reset
03-27 06:52:36.266 18091 18205 I InputDevice_Hand: HANDTRACKING ADMIRE hand 1: hpm=1 -> shared=0
03-27 06:52:36.277 18091 18205 I [CT]    : HandPoseSampler: Filter reset
03-27 06:52:36.277 18091 18205 I InputDevice_Hand: HANDTRACKING ADMIRE hand 0: hpm=1 -> shared=0
03-27 06:52:36.277 18091 18205 I [CT]    : HandPoseSampler: Filter reset
03-27 06:52:36.277 18091 18205 I InputDevice_Hand: HANDTRACKING ADMIRE hand 1: hpm=1 -> shared=0
03-27 06:52:36.289 18091 18205 I [CT]    : HandPoseSampler: Filter reset
03-27 06:52:36.289 18091 18205 I InputDevice_Hand: HANDTRACKING ADMIRE hand 0: hpm=1 -> shared=0
03-27 06:52:36.289 18091 18205 I [CT]    : HandPoseSampler: Filter reset
03-27 06:52:36.289 18091 18205 I InputDevice_Hand: HANDTRACKING ADMIRE hand 1: hpm=1 -> shared=0
03-27 06:52:36.299 18091 18205 I [CT]    : HandPoseSampler: Filter reset
03-27 06:52:36.300 18091 18205 I InputDevice_Hand: HANDTRACKING ADMIRE hand 0: hpm=1 -> shared=0
03-27 06:52:36.300 18091 18205 I [CT]    : HandPoseSampler: Filter reset
03-27 06:52:36.300 18091 18205 I InputDevice_Hand: HANDTRACKING ADMIRE hand 1: hpm=1 -> shared=0
03-27 06:52:36.311 18091 18205 I [CT]    : HandPoseSampler: Filter reset
03-27 06:52:36.311 18091 18205 I InputDevice_Hand: HANDTRACKING ADMIRE hand 0: hpm=1 -> shared=0
03-27 06:52:36.311 18091 18205 I [CT]    : HandPoseSampler: Filter reset
03-27 06:52:36.311 18091 18205 I InputDevice_Hand: HANDTRACKING ADMIRE hand 1: hpm=1 -> shared=0
03-27 06:52:36.322 18091 18205 I [CT]    : HandPoseSampler: Filter reset
03-27 06:52:36.322 18091 18205 I InputDevice_Hand: HANDTRACKING ADMIRE hand 0: hpm=1 -> shared=0
03-27 06:52:36.322 18091 18205 I [CT]    : HandPoseSampler: Filter reset
03-27 06:52:36.322 18091 18205 I InputDevice_Hand: HANDTRACKING ADMIRE hand 1: hpm=1 -> shared=0
03-27 06:52:36.333 18091 18205 I [CT]    : HandPoseSampler: Filter reset
03-27 06:52:36.333 18091 18205 I InputDevice_Hand: HANDTRACKING ADMIRE hand 0: hpm=1 -> shared=0
03-27 06:52:36.333 18091 18205 I [CT]    : HandPoseSampler: Filter reset
03-27 06:52:36.333 18091 18205 I InputDevice_Hand: HANDTRACKING ADMIRE hand 1: hpm=1 -> shared=0
03-27 06:52:36.342   897 14310 W Tracking: CONSTELLATION_Left: [Throttled count=503] P+C Left: Could not retrieve 3dof fallback pose.
03-27 06:52:36.344 18091 18205 I [CT]    : HandPoseSampler: Filter reset
03-27 06:52:36.344 18091 18205 I InputDevice_Hand: HANDTRACKING ADMIRE hand 0: hpm=1 -> shared=0
03-27 06:52:36.344 18091 18205 I [CT]    : HandPoseSampler: Filter reset
03-27 06:52:36.344 18091 18205 I InputDevice_Hand: HANDTRACKING ADMIRE hand 1: hpm=1 -> shared=0
03-27 06:52:36.355 18091 18205 I [CT]    : HandPoseSampler: Filter reset
03-27 06:52:36.355 18091 18205 I InputDevice_Hand: HANDTRACKING ADMIRE hand 0: hpm=1 -> shared=0
03-27 06:52:36.355 18091 18205 I [CT]    : HandPoseSampler: Filter reset
03-27 06:52:36.355 18091 18205 I InputDevice_Hand: HANDTRACKING ADMIRE hand 1: hpm=1 -> shared=0
03-27 06:52:36.367 18091 18205 I [CT]    : HandPoseSampler: Filter reset
03-27 06:52:36.367 18091 18205 I InputDevice_Hand: HANDTRACKING ADMIRE hand 0: hpm=1 -> shared=0
03-27 06:52:36.367 18091 18205 I [CT]    : HandPoseSampler: Filter reset
03-27 06:52:36.367 18091 18205 I InputDevice_Hand: HANDTRACKING ADMIRE hand 1: hpm=1 -> shared=0
03-27 06:52:36.378 18091 18205 I [CT]    : HandPoseSampler: Filter reset
03-27 06:52:36.378 18091 18205 I InputDevice_Hand: HANDTRACKING ADMIRE hand 0: hpm=1 -> shared=0
03-27 06:52:36.378 18091 18205 I [CT]    : HandPoseSampler: Filter reset
03-27 06:52:36.378 18091 18205 I InputDevice_Hand: HANDTRACKING ADMIRE hand 1: hpm=1 -> shared=0
03-27 06:52:36.389 18091 18205 I [CT]    : HandPoseSampler: Filter reset
03-27 06:52:36.389 18091 18205 I InputDevice_Hand: HANDTRACKING ADMIRE hand 0: hpm=1 -> shared=0
03-27 06:52:36.389 18091 18205 I [CT]    : HandPoseSampler: Filter reset
03-27 06:52:36.389 18091 18205 I InputDevice_Hand: HANDTRACKING ADMIRE hand 1: hpm=1 -> shared=0
03-27 06:52:36.400 18091 18205 I [CT]    : HandPoseSampler: Filter reset
03-27 06:52:36.400 18091 18205 I InputDevice_Hand: HANDTRACKING ADMIRE hand 0: hpm=1 -> shared=0
03-27 06:52:36.400 18091 18205 I [CT]    : HandPoseSampler: Filter reset
03-27 06:52:36.400 18091 18205 I InputDevice_Hand: HANDTRACKING ADMIRE hand 1: hpm=1 -> shared=0
03-27 06:52:36.410 18091 18205 I [CT]    : HandPoseSampler: Filter reset
03-27 06:52:36.410 18091 18205 I InputDevice_Hand: HANDTRACKING ADMIRE hand 0: hpm=1 -> shared=0
03-27 06:52:36.410 18091 18205 I [CT]    : HandPoseSampler: Filter reset
03-27 06:52:36.410 18091 18205 I InputDevice_Hand: HANDTRACKING ADMIRE hand 1: hpm=1 -> shared=0
03-27 06:52:36.423 18091 18205 I [CT]    : HandPoseSampler: Filter reset
03-27 06:52:36.423 18091 18205 I InputDevice_Hand: HANDTRACKING ADMIRE hand 0: hpm=1 -> shared=0
03-27 06:52:36.423 18091 18205 I [CT]    : HandPoseSampler: Filter reset
03-27 06:52:36.423 18091 18205 I InputDevice_Hand: HANDTRACKING ADMIRE hand 1: hpm=1 -> shared=0
03-27 06:52:36.434 18091 18205 I [CT]    : HandPoseSampler: Filter reset
03-27 06:52:36.434 18091 18205 I InputDevice_Hand: HANDTRACKING ADMIRE hand 0: hpm=1 -> shared=0
03-27 06:52:36.434 18091 18205 I [CT]    : HandPoseSampler: Filter reset
03-27 06:52:36.434 18091 18205 I InputDevice_Hand: HANDTRACKING ADMIRE hand 1: hpm=1 -> shared=0
03-27 06:52:36.445 18091 18205 I [CT]    : HandPoseSampler: Filter reset
03-27 06:52:36.445 18091 18205 I InputDevice_Hand: HANDTRACKING ADMIRE hand 0: hpm=1 -> shared=0
03-27 06:52:36.445 18091 18205 I [CT]    : HandPoseSampler: Filter reset
03-27 06:52:36.445 18091 18205 I InputDevice_Hand: HANDTRACKING ADMIRE hand 1: hpm=1 -> shared=0
03-27 06:52:36.456 18091 18205 I [CT]    : HandPoseSampler: Filter reset
03-27 06:52:36.456 18091 18205 I InputDevice_Hand: HANDTRACKING ADMIRE hand 0: hpm=1 -> shared=0
03-27 06:52:36.456 18091 18205 I [CT]    : HandPoseSampler: Filter reset
03-27 06:52:36.456 18091 18205 I InputDevice_Hand: HANDTRACKING ADMIRE hand 1: hpm=1 -> shared=0
03-27 06:52:36.466 18091 18205 I [CT]    : HandPoseSampler: Filter reset
03-27 06:52:36.466 18091 18205 I InputDevice_Hand: HANDTRACKING ADMIRE hand 0: hpm=1 -> shared=0
03-27 06:52:36.466 18091 18205 I [CT]    : HandPoseSampler: Filter reset
03-27 06:52:36.466 18091 18205 I InputDevice_Hand: HANDTRACKING ADMIRE hand 1: hpm=1 -> shared=0
03-27 06:52:36.472   897 14310 D TrackingService: 2e7e5d32cf134aad: isControllerInHand(129726.85s): 0 ctEnabled: 1 btnPress(129651.07s): 0 *btnOrTpdTouch(129661.93s): 0 *btnOrTpdProx(129662.01s): 0 static(129726.85s): 0 thbstkOffCenter(129643.30s): 0 
03-27 06:52:36.473   897 14310 D TrackingService: [HANDTRACKING] Controller 2e7e5d32cf134aad in hand: N, valid: Y
03-27 06:52:36.473  2391 14195 D ControllerManagement: RemoteService::recordControllerStatusUpdate: device 2e7e5d32cf134aad: status: CONNECTED_ACTIVE tracking: POSITION, errors: --
03-27 06:52:36.477 18091 18205 I [CT]    : HandPoseSampler: Filter reset
03-27 06:52:36.477 18091 18205 I InputDevice_Hand: HANDTRACKING ADMIRE hand 0: hpm=1 -> shared=0
03-27 06:52:36.477 18091 18205 I [CT]    : HandPoseSampler: Filter reset
03-27 06:52:36.477 18091 18205 I InputDevice_Hand: HANDTRACKING ADMIRE hand 1: hpm=1 -> shared=0
03-27 06:52:36.477 18091 18205 I OpenXR_ClientState: [OATS]: IP changed: unknown/interaction_profiles/meta/touch_controller_plus, 7
03-27 06:52:36.477 18091 18205 I OpenXR_ClientState: [OATS]: IP changed: /user/hand/right/interaction_profiles/meta/touch_controller_plus, -1
03-27 06:52:36.478 18091 18205 I [SEO] ShellInputConfigurationDataProvider: InteractionMode changed, mode: Null activation method: No Device Present displayTimeActivated 129728.874997
03-27 06:52:36.483 18091 18205 W [SEO] InputOpenXr: Interaction Profile retrieval failed: /user/eyes_ext
03-27 06:52:36.488 18091 18205 I [CT]    : HandPoseSampler: Filter reset
03-27 06:52:36.489 18091 18205 I InputDevice_Hand: HANDTRACKING ADMIRE hand 0: hpm=1 -> shared=0
03-27 06:52:36.489 18091 18205 I [CT]    : HandPoseSampler: Filter reset
03-27 06:52:36.489 18091 18205 I InputDevice_Hand: HANDTRACKING ADMIRE hand 1: hpm=1 -> shared=0
03-27 06:52:36.491 18091 18205 I ShellHsr: Input: Destroying hand instance: hand=Right
03-27 06:52:36.499 18091 18205 I [CT]    : HandPoseSampler: Filter reset
03-27 06:52:36.499 18091 18205 I InputDevice_Hand: HANDTRACKING ADMIRE hand 0: hpm=1 -> shared=0
03-27 06:52:36.499 18091 18205 I [CT]    : HandPoseSampler: Filter reset
03-27 06:52:36.499 18091 18205 I InputDevice_Hand: HANDTRACKING ADMIRE hand 1: hpm=1 -> shared=0
03-27 06:52:36.509 18091 18205 I [CT]    : HandPoseSampler: Filter reset
03-27 06:52:36.509 18091 18205 I InputDevice_Hand: HANDTRACKING ADMIRE hand 0: hpm=1 -> shared=0
03-27 06:52:36.509 18091 18205 I [CT]    : HandPoseSampler: Filter reset
03-27 06:52:36.509 18091 18205 I InputDevice_Hand: HANDTRACKING ADMIRE hand 1: hpm=1 -> shared=0
03-27 06:52:36.521 18091 18205 I [CT]    : HandPoseSampler: Filter reset
03-27 06:52:36.521 18091 18205 I InputDevice_Hand: HANDTRACKING ADMIRE hand 0: hpm=1 -> shared=0
03-27 06:52:36.521 18091 18205 I [CT]    : HandPoseSampler: Filter reset
03-27 06:52:36.521 18091 18205 I InputDevice_Hand: HANDTRACKING ADMIRE hand 1: hpm=1 -> shared=0
03-27 06:52:36.525   897  1848 I Tracking: Vega: [INSIGHTS] Mode=DescriptorVega,6DoF,Agg=40s,Inl=16,24,40,Mem=94.5,FrameDur=6.4,14.2,PoseLat=1.5,8.5,CamImuLat=10.0,29.2,Jit=0.0,0.2,Drops(Cam=0,IMU=0),MeanIr=3120.2,Exp(5.2ms,g=5,I=60)(5.2ms,g=5,I=60)(5.7ms,g=6,I=60)(4.8ms,g=4,I=62)(0.0ms,g=0)(0.0ms,g=0),NonInertEnv=n
03-27 06:52:36.532 18091 18205 I [CT]    : HandPoseSampler: Filter reset
03-27 06:52:36.532 18091 18205 I InputDevice_Hand: HANDTRACKING ADMIRE hand 0: hpm=1 -> shared=0
03-27 06:52:36.532 18091 18205 I [CT]    : HandPoseSampler: Filter reset
03-27 06:52:36.532 18091 18205 I InputDevice_Hand: HANDTRACKING ADMIRE hand 1: hpm=1 -> shared=0
03-27 06:52:36.543 18091 18205 I [CT]    : HandPoseSampler: Filter reset
03-27 06:52:36.543 18091 18205 I InputDevice_Hand: HANDTRACKING ADMIRE hand 0: hpm=1 -> shared=0
03-27 06:52:36.543 18091 18205 I [CT]    : HandPoseSampler: Filter reset
03-27 06:52:36.543 18091 18205 I InputDevice_Hand: HANDTRACKING ADMIRE hand 1: hpm=1 -> shared=0
03-27 06:52:36.555 18091 18205 I [CT]    : HandPoseSampler: Filter reset
03-27 06:52:36.555 18091 18205 I InputDevice_Hand: HANDTRACKING ADMIRE hand 0: hpm=1 -> shared=0
03-27 06:52:36.555 18091 18205 I [CT]    : HandPoseSampler: Filter reset
03-27 06:52:36.555 18091 18205 I InputDevice_Hand: HANDTRACKING ADMIRE hand 1: hpm=1 -> shared=0
03-27 06:52:36.565 18091 18205 I [CT]    : HandPoseSampler: Filter reset
03-27 06:52:36.565 18091 18205 I InputDevice_Hand: HANDTRACKING ADMIRE hand 0: hpm=1 -> shared=0
03-27 06:52:36.565 18091 18205 I [CT]    : HandPoseSampler: Filter reset
03-27 06:52:36.565 18091 18205 I InputDevice_Hand: HANDTRACKING ADMIRE hand 1: hpm=1 -> shared=0
03-27 06:52:36.577 18091 18205 I [CT]    : HandPoseSampler: Filter reset
03-27 06:52:36.577 18091 18205 I InputDevice_Hand: HANDTRACKING ADMIRE hand 0: hpm=1 -> shared=0
03-27 06:52:36.577 18091 18205 I [CT]    : HandPoseSampler: Filter reset
03-27 06:52:36.577 18091 18205 I InputDevice_Hand: HANDTRACKING ADMIRE hand 1: hpm=1 -> shared=0
03-27 06:52:36.588 18091 18205 I [CT]    : HandPoseSampler: Filter reset
03-27 06:52:36.588 18091 18205 I InputDevice_Hand: HANDTRACKING ADMIRE hand 0: hpm=1 -> shared=0
03-27 06:52:36.588 18091 18205 I [CT]    : HandPoseSampler: Filter reset
03-27 06:52:36.588 18091 18205 I InputDevice_Hand: HANDTRACKING ADMIRE hand 1: hpm=1 -> shared=0
03-27 06:52:36.599 18091 18205 I [CT]    : HandPoseSampler: Filter reset
03-27 06:52:36.599 18091 18205 I InputDevice_Hand: HANDTRACKING ADMIRE hand 0: hpm=1 -> shared=0
03-27 06:52:36.599 18091 18205 I [CT]    : HandPoseSampler: Filter reset
03-27 06:52:36.599 18091 18205 I InputDevice_Hand: HANDTRACKING ADMIRE hand 1: hpm=1 -> shared=0
03-27 06:52:36.609 18091 18205 I [CT]    : HandPoseSampler: Filter reset
03-27 06:52:36.609 18091 18205 I InputDevice_Hand: HANDTRACKING ADMIRE hand 0: hpm=1 -> shared=0
03-27 06:52:36.609 18091 18205 I [CT]    : HandPoseSampler: Filter reset
03-27 06:52:36.609 18091 18205 I InputDevice_Hand: HANDTRACKING ADMIRE hand 1: hpm=1 -> shared=0
03-27 06:52:36.621 18091 18205 I [CT]    : HandPoseSampler: Filter reset
03-27 06:52:36.621 18091 18205 I InputDevice_Hand: HANDTRACKING ADMIRE hand 0: hpm=1 -> shared=0
03-27 06:52:36.621 18091 18205 I [CT]    : HandPoseSampler: Filter reset
03-27 06:52:36.621 18091 18205 I InputDevice_Hand: HANDTRACKING ADMIRE hand 1: hpm=1 -> shared=0
03-27 06:52:36.633 18091 18205 I [CT]    : HandPoseSampler: Filter reset
03-27 06:52:36.633 18091 18205 I InputDevice_Hand: HANDTRACKING ADMIRE hand 0: hpm=1 -> shared=0
03-27 06:52:36.633 18091 18205 I [CT]    : HandPoseSampler: Filter reset
03-27 06:52:36.633 18091 18205 I InputDevice_Hand: HANDTRACKING ADMIRE hand 1: hpm=1 -> shared=0
03-27 06:52:36.644 18091 18205 I [CT]    : HandPoseSampler: Filter reset
03-27 06:52:36.644 18091 18205 I InputDevice_Hand: HANDTRACKING ADMIRE hand 0: hpm=1 -> shared=0
03-27 06:52:36.644 18091 18205 I [CT]    : HandPoseSampler: Filter reset
03-27 06:52:36.644 18091 18205 I InputDevice_Hand: HANDTRACKING ADMIRE hand 1: hpm=1 -> shared=0
03-27 06:52:36.650   897 14310 D TrackingService: 2e7e5d32cf134aad: isControllerInHand(129729.03s): 1 ctEnabled: 1 btnPress(129651.07s): 0 *btnOrTpdTouch(129661.93s): 0 *btnOrTpdProx(129662.01s): 0 static(129729.03s): 1 thbstkOffCenter(129643.30s): 0 
03-27 06:52:36.650   897 14310 D TrackingService: [HANDTRACKING] Controller 2e7e5d32cf134aad in hand: Y, valid: Y
03-27 06:52:36.650  2391 14195 D ControllerManagement: RemoteService::recordControllerStatusUpdate: device 2e7e5d32cf134aad: status: CONNECTED_ACTIVE tracking: POSITION, errors: --
03-27 06:52:36.656 18091 18205 I [CT]    : HandPoseSampler: Filter reset
03-27 06:52:36.656 18091 18205 I InputDevice_Hand: HANDTRACKING ADMIRE hand 0: hpm=1 -> shared=0
03-27 06:52:36.656 18091 18205 I [CT]    : HandPoseSampler: Filter reset
03-27 06:52:36.656 18091 18205 I InputDevice_Hand: HANDTRACKING ADMIRE hand 1: hpm=1 -> shared=0
03-27 06:52:36.656 18091 18205 I OpenXR_ClientState: [OATS]: IP changed: /user/hand/right/interaction_profiles/meta/touch_controller_plus, 7
03-27 06:52:36.656 18091 18205 I OpenXR_ClientState: [OATS]: IP changed: unknown/interaction_profiles/meta/touch_controller_plus, -1
03-27 06:52:36.661 18091 18205 W [SEO] InputOpenXr: Interaction Profile retrieval failed: /user/eyes_ext
03-27 06:52:36.661 18091 18457 W ShellHsr: Renderer: RenderableFilter has 108 tags, which is more than 10. This is expected to be rare. If this becomes common, consider changing RenderableFilter logic to use something other than linear searches for filtering renderable tags (like registered bitsets).
03-27 06:52:36.665 18091 18205 I [CT]    : HandPoseSampler: Filter reset
03-27 06:52:36.665 18091 18205 I InputDevice_Hand: HANDTRACKING ADMIRE hand 0: hpm=1 -> shared=0
03-27 06:52:36.665 18091 18205 I [CT]    : HandPoseSampler: Filter reset
03-27 06:52:36.665 18091 18205 I InputDevice_Hand: HANDTRACKING ADMIRE hand 1: hpm=1 -> shared=0
03-27 06:52:36.666 18091 18205 I [SEO] ShellInputConfigurationDataProvider: InteractionMode changed, mode: HybridChiral activation method: Controller Presence displayTimeActivated 129729.063886
03-27 06:52:36.668 18091 18205 I ShellHsr: Input: Creating hand instance: hand=Right
03-27 06:52:36.677 18091 18205 I [CT]    : HandPoseSampler: Filter reset
03-27 06:52:36.677 18091 18205 I InputDevice_Hand: HANDTRACKING ADMIRE hand 0: hpm=1 -> shared=0
03-27 06:52:36.677 18091 18205 I [CT]    : HandPoseSampler: Filter reset
03-27 06:52:36.677 18091 18205 I InputDevice_Hand: HANDTRACKING ADMIRE hand 1: hpm=1 -> shared=0
03-27 06:52:36.688 18091 18205 I [CT]    : HandPoseSampler: Filter reset
03-27 06:52:36.688 18091 18205 I InputDevice_Hand: HANDTRACKING ADMIRE hand 0: hpm=1 -> shared=0
03-27 06:52:36.688 18091 18205 I [CT]    : HandPoseSampler: Filter reset
03-27 06:52:36.688 18091 18205 I InputDevice_Hand: HANDTRACKING ADMIRE hand 1: hpm=1 -> shared=0
03-27 06:52:36.699 18091 18205 I [CT]    : HandPoseSampler: Filter reset
03-27 06:52:36.699 18091 18205 I InputDevice_Hand: HANDTRACKING ADMIRE hand 0: hpm=1 -> shared=0
03-27 06:52:36.699 18091 18205 I [CT]    : HandPoseSampler: Filter reset
03-27 06:52:36.699 18091 18205 I InputDevice_Hand: HANDTRACKING ADMIRE hand 1: hpm=1 -> shared=0
03-27 06:52:36.710 18091 18205 I [CT]    : HandPoseSampler: Filter reset
03-27 06:52:36.710 18091 18205 I InputDevice_Hand: HANDTRACKING ADMIRE hand 0: hpm=1 -> shared=0
03-27 06:52:36.710 18091 18205 I [CT]    : HandPoseSampler: Filter reset
03-27 06:52:36.710 18091 18205 I InputDevice_Hand: HANDTRACKING ADMIRE hand 1: hpm=1 -> shared=0
03-27 06:52:36.721 18091 18205 I [CT]    : HandPoseSampler: Filter reset
03-27 06:52:36.721 18091 18205 I InputDevice_Hand: HANDTRACKING ADMIRE hand 0: hpm=1 -> shared=0
03-27 06:52:36.721 18091 18205 I [CT]    : HandPoseSampler: Filter reset
03-27 06:52:36.721 18091 18205 I InputDevice_Hand: HANDTRACKING ADMIRE hand 1: hpm=1 -> shared=0
03-27 06:52:36.723   897  1854 I Tracking: CONSTELLATION_Right: P+C Right: : Pushing zero velocity update
03-27 06:52:36.732 18091 18205 I [CT]    : HandPoseSampler: Filter reset
03-27 06:52:36.732 18091 18205 I InputDevice_Hand: HANDTRACKING ADMIRE hand 0: hpm=1 -> shared=0
03-27 06:52:36.732 18091 18205 I [CT]    : HandPoseSampler: Filter reset
03-27 06:52:36.732 18091 18205 I InputDevice_Hand: HANDTRACKING ADMIRE hand 1: hpm=1 -> shared=0
03-27 06:52:36.742 18091 18205 I [CT]    : HandPoseSampler: Filter reset
03-27 06:52:36.743 18091 18205 I InputDevice_Hand: HANDTRACKING ADMIRE hand 0: hpm=1 -> shared=0
03-27 06:52:36.743 18091 18205 I [CT]    : HandPoseSampler: Filter reset
03-27 06:52:36.743 18091 18205 I InputDevice_Hand: HANDTRACKING ADMIRE hand 1: hpm=1 -> shared=0
03-27 06:52:36.754 18091 18205 I [CT]    : HandPoseSampler: Filter reset
03-27 06:52:36.754 18091 18205 I InputDevice_Hand: HANDTRACKING ADMIRE hand 0: hpm=1 -> shared=0
03-27 06:52:36.754 18091 18205 I [CT]    : HandPoseSampler: Filter reset
03-27 06:52:36.754 18091 18205 I InputDevice_Hand: HANDTRACKING ADMIRE hand 1: hpm=1 -> shared=0
03-27 06:52:36.765 18091 18205 I [CT]    : HandPoseSampler: Filter reset
03-27 06:52:36.765 18091 18205 I InputDevice_Hand: HANDTRACKING ADMIRE hand 0: hpm=1 -> shared=0
03-27 06:52:36.765 18091 18205 I [CT]    : HandPoseSampler: Filter reset
03-27 06:52:36.765 18091 18205 I InputDevice_Hand: HANDTRACKING ADMIRE hand 1: hpm=1 -> shared=0
03-27 06:52:36.777 18091 18205 I [CT]    : HandPoseSampler: Filter reset
03-27 06:52:36.777 18091 18205 I InputDevice_Hand: HANDTRACKING ADMIRE hand 0: hpm=1 -> shared=0
03-27 06:52:36.777 18091 18205 I [CT]    : HandPoseSampler: Filter reset
03-27 06:52:36.777 18091 18205 I InputDevice_Hand: HANDTRACKING ADMIRE hand 1: hpm=1 -> shared=0
03-27 06:52:36.788 18091 18205 I [CT]    : HandPoseSampler: Filter reset
03-27 06:52:36.788 18091 18205 I InputDevice_Hand: HANDTRACKING ADMIRE hand 0: hpm=1 -> shared=0
03-27 06:52:36.788 18091 18205 I [CT]    : HandPoseSampler: Filter reset
03-27 06:52:36.788 18091 18205 I InputDevice_Hand: HANDTRACKING ADMIRE hand 1: hpm=1 -> shared=0
03-27 06:52:36.799 18091 18205 I [CT]    : HandPoseSampler: Filter reset
03-27 06:52:36.799 18091 18205 I InputDevice_Hand: HANDTRACKING ADMIRE hand 0: hpm=1 -> shared=0
03-27 06:52:36.799 18091 18205 I [CT]    : HandPoseSampler: Filter reset
03-27 06:52:36.799 18091 18205 I InputDevice_Hand: HANDTRACKING ADMIRE hand 1: hpm=1 -> shared=0
03-27 06:52:36.810 18091 18205 I [CT]    : HandPoseSampler: Filter reset
03-27 06:52:36.810 18091 18205 I InputDevice_Hand: HANDTRACKING ADMIRE hand 0: hpm=1 -> shared=0
03-27 06:52:36.810 18091 18205 I [CT]    : HandPoseSampler: Filter reset
03-27 06:52:36.810 18091 18205 I InputDevice_Hand: HANDTRACKING ADMIRE hand 1: hpm=1 -> shared=0
03-27 06:52:36.821 18091 18205 I [CT]    : HandPoseSampler: Filter reset
03-27 06:52:36.821 18091 18205 I InputDevice_Hand: HANDTRACKING ADMIRE hand 0: hpm=1 -> shared=0
03-27 06:52:36.821 18091 18205 I [CT]    : HandPoseSampler: Filter reset
03-27 06:52:36.821 18091 18205 I InputDevice_Hand: HANDTRACKING ADMIRE hand 1: hpm=1 -> shared=0
03-27 06:52:36.832 18091 18205 I [CT]    : HandPoseSampler: Filter reset
03-27 06:52:36.832 18091 18205 I InputDevice_Hand: HANDTRACKING ADMIRE hand 0: hpm=1 -> shared=0
03-27 06:52:36.832 18091 18205 I [CT]    : HandPoseSampler: Filter reset
03-27 06:52:36.832 18091 18205 I InputDevice_Hand: HANDTRACKING ADMIRE hand 1: hpm=1 -> shared=0
03-27 06:52:36.843 18091 18205 I [CT]    : HandPoseSampler: Filter reset
03-27 06:52:36.844 18091 18205 I InputDevice_Hand: HANDTRACKING ADMIRE hand 0: hpm=1 -> shared=0
03-27 06:52:36.844 18091 18205 I [CT]    : HandPoseSampler: Filter reset
03-27 06:52:36.844 18091 18205 I InputDevice_Hand: HANDTRACKING ADMIRE hand 1: hpm=1 -> shared=0
03-27 06:52:36.855 18091 18205 I [CT]    : HandPoseSampler: Filter reset
03-27 06:52:36.855 18091 18205 I InputDevice_Hand: HANDTRACKING ADMIRE hand 0: hpm=1 -> shared=0
03-27 06:52:36.855 18091 18205 I [CT]    : HandPoseSampler: Filter reset
03-27 06:52:36.855 18091 18205 I InputDevice_Hand: HANDTRACKING ADMIRE hand 1: hpm=1 -> shared=0
03-27 06:52:36.866 18091 18205 I [CT]    : HandPoseSampler: Filter reset
03-27 06:52:36.866 18091 18205 I InputDevice_Hand: HANDTRACKING ADMIRE hand 0: hpm=1 -> shared=0
03-27 06:52:36.866 18091 18205 I [CT]    : HandPoseSampler: Filter reset
03-27 06:52:36.866 18091 18205 I InputDevice_Hand: HANDTRACKING ADMIRE hand 1: hpm=1 -> shared=0
03-27 06:52:36.877 18091 18205 I [CT]    : HandPoseSampler: Filter reset
03-27 06:52:36.877 18091 18205 I InputDevice_Hand: HANDTRACKING ADMIRE hand 0: hpm=1 -> shared=0
03-27 06:52:36.877 18091 18205 I [CT]    : HandPoseSampler: Filter reset
03-27 06:52:36.877 18091 18205 I InputDevice_Hand: HANDTRACKING ADMIRE hand 1: hpm=1 -> shared=0
03-27 06:52:36.887 18091 18205 I [CT]    : HandPoseSampler: Filter reset
03-27 06:52:36.888 18091 18205 I InputDevice_Hand: HANDTRACKING ADMIRE hand 0: hpm=1 -> shared=0
03-27 06:52:36.888 18091 18205 I [CT]    : HandPoseSampler: Filter reset
03-27 06:52:36.888 18091 18205 I InputDevice_Hand: HANDTRACKING ADMIRE hand 1: hpm=1 -> shared=0
03-27 06:52:36.899 18091 18205 I [CT]    : HandPoseSampler: Filter reset
03-27 06:52:36.899 18091 18205 I InputDevice_Hand: HANDTRACKING ADMIRE hand 0: hpm=1 -> shared=0
03-27 06:52:36.899 18091 18205 I [CT]    : HandPoseSampler: Filter reset
03-27 06:52:36.899 18091 18205 I InputDevice_Hand: HANDTRACKING ADMIRE hand 1: hpm=1 -> shared=0
03-27 06:52:36.909 18091 18205 I [CT]    : HandPoseSampler: Filter reset
03-27 06:52:36.909 18091 18205 I InputDevice_Hand: HANDTRACKING ADMIRE hand 0: hpm=1 -> shared=0
03-27 06:52:36.909 18091 18205 I [CT]    : HandPoseSampler: Filter reset
03-27 06:52:36.909 18091 18205 I InputDevice_Hand: HANDTRACKING ADMIRE hand 1: hpm=1 -> shared=0
03-27 06:52:36.920 18091 18205 I [CT]    : HandPoseSampler: Filter reset
03-27 06:52:36.921 18091 18205 I InputDevice_Hand: HANDTRACKING ADMIRE hand 0: hpm=1 -> shared=0
03-27 06:52:36.921 18091 18205 I [CT]    : HandPoseSampler: Filter reset
03-27 06:52:36.921 18091 18205 I InputDevice_Hand: HANDTRACKING ADMIRE hand 1: hpm=1 -> shared=0
03-27 06:52:36.931 18091 18205 I [CT]    : HandPoseSampler: Filter reset
03-27 06:52:36.931 18091 18205 I InputDevice_Hand: HANDTRACKING ADMIRE hand 0: hpm=1 -> shared=0
03-27 06:52:36.931 18091 18205 I [CT]    : HandPoseSampler: Filter reset
03-27 06:52:36.931 18091 18205 I InputDevice_Hand: HANDTRACKING ADMIRE hand 1: hpm=1 -> shared=0
03-27 06:52:36.935   897  1854 I Tracking: CONSTELLATION_Left: [Throttled count=181] P+C Left: Imu state is invalid when querying vision state!
03-27 06:52:36.935   897  1854 I Tracking: CONSTELLATION_Left: [Throttled count=90] P+C Left: Not reinitializing 6DoF filter yet (no valid pose from vision).
03-27 06:52:36.942 18091 18205 I [CT]    : HandPoseSampler: Filter reset
03-27 06:52:36.942 18091 18205 I InputDevice_Hand: HANDTRACKING ADMIRE hand 0: hpm=1 -> shared=0
03-27 06:52:36.943 18091 18205 I [CT]    : HandPoseSampler: Filter reset
03-27 06:52:36.943 18091 18205 I InputDevice_Hand: HANDTRACKING ADMIRE hand 1: hpm=1 -> shared=0
03-27 06:52:36.951   920 14201 I VD628x  : Flicker results: freq 120.000000, max 119.899956, dcr 32.850555, pct 0.042089, idx 0.012995, conf 0.876979, snr 8.616940, svm 0.071086, sus 0
03-27 06:52:36.954 18091 18205 I [CT]    : HandPoseSampler: Filter reset
03-27 06:52:36.954 18091 18205 I InputDevice_Hand: HANDTRACKING ADMIRE hand 0: hpm=1 -> shared=0
03-27 06:52:36.954 18091 18205 I [CT]    : HandPoseSampler: Filter reset
03-27 06:52:36.954 18091 18205 I InputDevice_Hand: HANDTRACKING ADMIRE hand 1: hpm=1 -> shared=0
03-27 06:52:36.964 18091 18205 I [CT]    : HandPoseSampler: Filter reset
03-27 06:52:36.965 18091 18205 I InputDevice_Hand: HANDTRACKING ADMIRE hand 0: hpm=1 -> shared=0
03-27 06:52:36.965 18091 18205 I [CT]    : HandPoseSampler: Filter reset
03-27 06:52:36.965 18091 18205 I InputDevice_Hand: HANDTRACKING ADMIRE hand 1: hpm=1 -> shared=0
03-27 06:52:36.976 18091 18205 I [CT]    : HandPoseSampler: Filter reset
03-27 06:52:36.976 18091 18205 I InputDevice_Hand: HANDTRACKING ADMIRE hand 0: hpm=1 -> shared=0
03-27 06:52:36.976 18091 18205 I [CT]    : HandPoseSampler: Filter reset
03-27 06:52:36.976 18091 18205 I InputDevice_Hand: HANDTRACKING ADMIRE hand 1: hpm=1 -> shared=0
03-27 06:52:36.987 18091 18205 I [CT]    : HandPoseSampler: Filter reset
03-27 06:52:36.987 18091 18205 I InputDevice_Hand: HANDTRACKING ADMIRE hand 0: hpm=1 -> shared=0
03-27 06:52:36.987 18091 18205 I [CT]    : HandPoseSampler: Filter reset
03-27 06:52:36.987 18091 18205 I InputDevice_Hand: HANDTRACKING ADMIRE hand 1: hpm=1 -> shared=0
03-27 06:52:36.998 18091 18205 I [CT]    : HandPoseSampler: Filter reset
03-27 06:52:36.999 18091 18205 I InputDevice_Hand: HANDTRACKING ADMIRE hand 0: hpm=1 -> shared=0
03-27 06:52:36.999 18091 18205 I [CT]    : HandPoseSampler: Filter reset
03-27 06:52:36.999 18091 18205 I InputDevice_Hand: HANDTRACKING ADMIRE hand 1: hpm=1 -> shared=0
03-27 06:52:37.010 18091 18205 I [CT]    : HandPoseSampler: Filter reset
03-27 06:52:37.010 18091 18205 I InputDevice_Hand: HANDTRACKING ADMIRE hand 0: hpm=1 -> shared=0
03-27 06:52:37.010 18091 18205 I [CT]    : HandPoseSampler: Filter reset
03-27 06:52:37.010 18091 18205 I InputDevice_Hand: HANDTRACKING ADMIRE hand 1: hpm=1 -> shared=0
03-27 06:52:37.010 18091 14209 I VrApi   : FPS=91/90,Prd=24ms,Tear=0,Early=0,Stale=0,Stale2/5/10/max=0/0/0/0,VSnc=1,Lat=-4,Fov=3,CPU4/GPU=-1/-1,1920/545MHz,OC=3F,TA=0/0/0,SP=N/N/N,Mem=2092MHz,Free=4016MB,PLS=0,Temp=34.0C/0.0C,TW=0.68ms,App=1.60ms,GD=0.00ms,CPU&GPU=8.93ms,LCnt=1(DR91,LM0),GPU%=0.21,CPU%=0.26(W0.34),CFL=11.68/16.99,ICFLp95=13.92,LD=0,CABC=1,SF=0.78,LP=1,DVFS=0,Preempt=186,PoseAgeP95=0.00
03-27 06:52:37.010 18091 14209 I VrApi   : ASW=0,Type=PTWFromStereo,E=0.000/0.000,D=0.000/0.000
03-27 06:52:37.021 18091 18205 I [CT]    : HandPoseSampler: Filter reset
03-27 06:52:37.021 18091 18205 I InputDevice_Hand: HANDTRACKING ADMIRE hand 0: hpm=1 -> shared=0
03-27 06:52:37.022 18091 18205 I [CT]    : HandPoseSampler: Filter reset
03-27 06:52:37.022 18091 18205 I InputDevice_Hand: HANDTRACKING ADMIRE hand 1: hpm=1 -> shared=0
03-27 06:52:37.032 18091 18205 I [CT]    : HandPoseSampler: Filter reset
03-27 06:52:37.032 18091 18205 I InputDevice_Hand: HANDTRACKING ADMIRE hand 0: hpm=1 -> shared=0
03-27 06:52:37.032 18091 18205 I [CT]    : HandPoseSampler: Filter reset
03-27 06:52:37.032 18091 18205 I InputDevice_Hand: HANDTRACKING ADMIRE hand 1: hpm=1 -> shared=0
03-27 06:52:37.044 18091 18205 I [CT]    : HandPoseSampler: Filter reset
03-27 06:52:37.044 18091 18205 I InputDevice_Hand: HANDTRACKING ADMIRE hand 0: hpm=1 -> shared=0
03-27 06:52:37.044 18091 18205 I [CT]    : HandPoseSampler: Filter reset
03-27 06:52:37.044 18091 18205 I InputDevice_Hand: HANDTRACKING ADMIRE hand 1: hpm=1 -> shared=0
03-27 06:52:37.054 18091 18205 I [CT]    : HandPoseSampler: Filter reset
03-27 06:52:37.054 18091 18205 I InputDevice_Hand: HANDTRACKING ADMIRE hand 0: hpm=1 -> shared=0
03-27 06:52:37.054 18091 18205 I [CT]    : HandPoseSampler: Filter reset
03-27 06:52:37.054 18091 18205 I InputDevice_Hand: HANDTRACKING ADMIRE hand 1: hpm=1 -> shared=0
03-27 06:52:37.066 18091 18205 I [CT]    : HandPoseSampler: Filter reset
03-27 06:52:37.066 18091 18205 I InputDevice_Hand: HANDTRACKING ADMIRE hand 0: hpm=1 -> shared=0
03-27 06:52:37.066 18091 18205 I [CT]    : HandPoseSampler: Filter reset
03-27 06:52:37.066 18091 18205 I InputDevice_Hand: HANDTRACKING ADMIRE hand 1: hpm=1 -> shared=0
03-27 06:52:37.075 18091 18205 I [CT]    : HandPoseSampler: Filter reset
03-27 06:52:37.075 18091 18205 I InputDevice_Hand: HANDTRACKING ADMIRE hand 0: hpm=1 -> shared=0
03-27 06:52:37.075 18091 18205 I [CT]    : HandPoseSampler: Filter reset
03-27 06:52:37.075 18091 18205 I InputDevice_Hand: HANDTRACKING ADMIRE hand 1: hpm=1 -> shared=0
03-27 06:52:37.087 18091 18205 I [CT]    : HandPoseSampler: Filter reset
03-27 06:52:37.087 18091 18205 I InputDevice_Hand: HANDTRACKING ADMIRE hand 0: hpm=1 -> shared=0
03-27 06:52:37.087 18091 18205 I [CT]    : HandPoseSampler: Filter reset
03-27 06:52:37.087 18091 18205 I InputDevice_Hand: HANDTRACKING ADMIRE hand 1: hpm=1 -> shared=0
03-27 06:52:37.099 18091 18205 I [CT]    : HandPoseSampler: Filter reset
03-27 06:52:37.099 18091 18205 I InputDevice_Hand: HANDTRACKING ADMIRE hand 0: hpm=1 -> shared=0
03-27 06:52:37.099 18091 18205 I [CT]    : HandPoseSampler: Filter reset
03-27 06:52:37.099 18091 18205 I InputDevice_Hand: HANDTRACKING ADMIRE hand 1: hpm=1 -> shared=0
03-27 06:52:37.109 18091 18205 I [CT]    : HandPoseSampler: Filter reset
03-27 06:52:37.109 18091 18205 I InputDevice_Hand: HANDTRACKING ADMIRE hand 0: hpm=1 -> shared=0
03-27 06:52:37.109 18091 18205 I [CT]    : HandPoseSampler: Filter reset
03-27 06:52:37.109 18091 18205 I InputDevice_Hand: HANDTRACKING ADMIRE hand 1: hpm=1 -> shared=0
03-27 06:52:37.121 18091 18205 I [CT]    : HandPoseSampler: Filter reset
03-27 06:52:37.121 18091 18205 I InputDevice_Hand: HANDTRACKING ADMIRE hand 0: hpm=1 -> shared=0
03-27 06:52:37.121 18091 18205 I [CT]    : HandPoseSampler: Filter reset
03-27 06:52:37.121 18091 18205 I InputDevice_Hand: HANDTRACKING ADMIRE hand 1: hpm=1 -> shared=0
03-27 06:52:37.132 18091 18205 I [CT]    : HandPoseSampler: Filter reset
03-27 06:52:37.132 18091 18205 I InputDevice_Hand: HANDTRACKING ADMIRE hand 0: hpm=1 -> shared=0
03-27 06:52:37.132 18091 18205 I [CT]    : HandPoseSampler: Filter reset
03-27 06:52:37.132 18091 18205 I InputDevice_Hand: HANDTRACKING ADMIRE hand 1: hpm=1 -> shared=0
03-27 06:52:37.142 18091 18205 I [CT]    : HandPoseSampler: Filter reset
03-27 06:52:37.142 18091 18205 I InputDevice_Hand: HANDTRACKING ADMIRE hand 0: hpm=1 -> shared=0
03-27 06:52:37.142 18091 18205 I [CT]    : HandPoseSampler: Filter reset
03-27 06:52:37.142 18091 18205 I InputDevice_Hand: HANDTRACKING ADMIRE hand 1: hpm=1 -> shared=0
03-27 06:52:37.154 18091 18205 I [CT]    : HandPoseSampler: Filter reset
03-27 06:52:37.154 18091 18205 I InputDevice_Hand: HANDTRACKING ADMIRE hand 0: hpm=1 -> shared=0
03-27 06:52:37.154 18091 18205 I [CT]    : HandPoseSampler: Filter reset
03-27 06:52:37.154 18091 18205 I InputDevice_Hand: HANDTRACKING ADMIRE hand 1: hpm=1 -> shared=0
03-27 06:52:37.165 18091 18205 I [CT]    : HandPoseSampler: Filter reset
03-27 06:52:37.165 18091 18205 I InputDevice_Hand: HANDTRACKING ADMIRE hand 0: hpm=1 -> shared=0
03-27 06:52:37.165 18091 18205 I [CT]    : HandPoseSampler: Filter reset
03-27 06:52:37.165 18091 18205 I InputDevice_Hand: HANDTRACKING ADMIRE hand 1: hpm=1 -> shared=0
03-27 06:52:37.176 18091 18205 I [CT]    : HandPoseSampler: Filter reset
03-27 06:52:37.176 18091 18205 I InputDevice_Hand: HANDTRACKING ADMIRE hand 0: hpm=1 -> shared=0
03-27 06:52:37.176 18091 18205 I [CT]    : HandPoseSampler: Filter reset
03-27 06:52:37.176 18091 18205 I InputDevice_Hand: HANDTRACKING ADMIRE hand 1: hpm=1 -> shared=0
03-27 06:52:37.187 18091 18205 I [CT]    : HandPoseSampler: Filter reset
03-27 06:52:37.187 18091 18205 I InputDevice_Hand: HANDTRACKING ADMIRE hand 0: hpm=1 -> shared=0
03-27 06:52:37.187 18091 18205 I [CT]    : HandPoseSampler: Filter reset
03-27 06:52:37.187 18091 18205 I InputDevice_Hand: HANDTRACKING ADMIRE hand 1: hpm=1 -> shared=0
03-27 06:52:37.199 18091 18205 I [CT]    : HandPoseSampler: Filter reset
03-27 06:52:37.199 18091 18205 I InputDevice_Hand: HANDTRACKING ADMIRE hand 0: hpm=1 -> shared=0
03-27 06:52:37.199 18091 18205 I [CT]    : HandPoseSampler: Filter reset
03-27 06:52:37.199 18091 18205 I InputDevice_Hand: HANDTRACKING ADMIRE hand 1: hpm=1 -> shared=0
03-27 06:52:37.209 18091 18205 I [CT]    : HandPoseSampler: Filter reset
03-27 06:52:37.209 18091 18205 I InputDevice_Hand: HANDTRACKING ADMIRE hand 0: hpm=1 -> shared=0
03-27 06:52:37.209 18091 18205 I [CT]    : HandPoseSampler: Filter reset
03-27 06:52:37.209 18091 18205 I InputDevice_Hand: HANDTRACKING ADMIRE hand 1: hpm=1 -> shared=0
03-27 06:52:37.221 18091 18205 I [CT]    : HandPoseSampler: Filter reset
03-27 06:52:37.221 18091 18205 I InputDevice_Hand: HANDTRACKING ADMIRE hand 0: hpm=1 -> shared=0
03-27 06:52:37.221 18091 18205 I [CT]    : HandPoseSampler: Filter reset
03-27 06:52:37.221 18091 18205 I InputDevice_Hand: HANDTRACKING ADMIRE hand 1: hpm=1 -> shared=0
03-27 06:52:37.232 18091 18205 I [CT]    : HandPoseSampler: Filter reset
03-27 06:52:37.232 18091 18205 I InputDevice_Hand: HANDTRACKING ADMIRE hand 0: hpm=1 -> shared=0
03-27 06:52:37.232 18091 18205 I [CT]    : HandPoseSampler: Filter reset
03-27 06:52:37.232 18091 18205 I InputDevice_Hand: HANDTRACKING ADMIRE hand 1: hpm=1 -> shared=0
03-27 06:52:37.242 18091 18205 I [CT]    : HandPoseSampler: Filter reset
03-27 06:52:37.242 18091 18205 I InputDevice_Hand: HANDTRACKING ADMIRE hand 0: hpm=1 -> shared=0
03-27 06:52:37.242 18091 18205 I [CT]    : HandPoseSampler: Filter reset
03-27 06:52:37.242 18091 18205 I InputDevice_Hand: HANDTRACKING ADMIRE hand 1: hpm=1 -> shared=0
03-27 06:52:37.254 18091 18205 I [CT]    : HandPoseSampler: Filter reset
03-27 06:52:37.254 18091 18205 I InputDevice_Hand: HANDTRACKING ADMIRE hand 0: hpm=1 -> shared=0
03-27 06:52:37.254 18091 18205 I [CT]    : HandPoseSampler: Filter reset
03-27 06:52:37.254 18091 18205 I InputDevice_Hand: HANDTRACKING ADMIRE hand 1: hpm=1 -> shared=0
03-27 06:52:37.265 18091 18205 I [CT]    : HandPoseSampler: Filter reset
03-27 06:52:37.265 18091 18205 I InputDevice_Hand: HANDTRACKING ADMIRE hand 0: hpm=1 -> shared=0
03-27 06:52:37.265 18091 18205 I [CT]    : HandPoseSampler: Filter reset
03-27 06:52:37.265 18091 18205 I InputDevice_Hand: HANDTRACKING ADMIRE hand 1: hpm=1 -> shared=0
03-27 06:52:37.275 18091 18205 I [CT]    : HandPoseSampler: Filter reset
03-27 06:52:37.275 18091 18205 I InputDevice_Hand: HANDTRACKING ADMIRE hand 0: hpm=1 -> shared=0
03-27 06:52:37.275 18091 18205 I [CT]    : HandPoseSampler: Filter reset
03-27 06:52:37.275 18091 18205 I InputDevice_Hand: HANDTRACKING ADMIRE hand 1: hpm=1 -> shared=0
03-27 06:52:37.287 18091 18205 I [CT]    : HandPoseSampler: Filter reset
03-27 06:52:37.287 18091 18205 I InputDevice_Hand: HANDTRACKING ADMIRE hand 0: hpm=1 -> shared=0
03-27 06:52:37.287 18091 18205 I [CT]    : HandPoseSampler: Filter reset
03-27 06:52:37.287 18091 18205 I InputDevice_Hand: HANDTRACKING ADMIRE hand 1: hpm=1 -> shared=0
03-27 06:52:37.299 18091 18205 I [CT]    : HandPoseSampler: Filter reset
03-27 06:52:37.299 18091 18205 I InputDevice_Hand: HANDTRACKING ADMIRE hand 0: hpm=1 -> shared=0
03-27 06:52:37.299 18091 18205 I [CT]    : HandPoseSampler: Filter reset
03-27 06:52:37.299 18091 18205 I InputDevice_Hand: HANDTRACKING ADMIRE hand 1: hpm=1 -> shared=0
03-27 06:52:37.309 18091 18205 I [CT]    : HandPoseSampler: Filter reset
03-27 06:52:37.309 18091 18205 I InputDevice_Hand: HANDTRACKING ADMIRE hand 0: hpm=1 -> shared=0
03-27 06:52:37.309 18091 18205 I [CT]    : HandPoseSampler: Filter reset
03-27 06:52:37.309 18091 18205 I InputDevice_Hand: HANDTRACKING ADMIRE hand 1: hpm=1 -> shared=0
03-27 06:52:37.320 18091 18205 I [CT]    : HandPoseSampler: Filter reset
03-27 06:52:37.320 18091 18205 I InputDevice_Hand: HANDTRACKING ADMIRE hand 0: hpm=1 -> shared=0
03-27 06:52:37.320 18091 18205 I [CT]    : HandPoseSampler: Filter reset
03-27 06:52:37.320 18091 18205 I InputDevice_Hand: HANDTRACKING ADMIRE hand 1: hpm=1 -> shared=0
03-27 06:52:37.327 18224 18352 I AutoStationaryHelper: [AutoStationaryHelper::getGuardianDataFromNearbyRoomscale] Checking 1 existing guardian data
03-27 06:52:37.327 18224 18352 I GuardianMapDataMgr: [GuardianMapDataMgr::isValidTrackedRoomscale] [2575043440] Valid=yes, Roomscale=yes, Anchor [2cee9d32-7f24-ff1e-5555-ae309d8ea246] Tracked=yes
03-27 06:52:37.327 18224 18352 I AutoStationaryHelper: [AutoStationaryHelper::getGuardianDataFromNearbyRoomscale] [2575043440] Distance to HMD: 3.762038
03-27 06:52:37.331 18091 18205 I [CT]    : HandPoseSampler: Filter reset
03-27 06:52:37.331 18091 18205 I InputDevice_Hand: HANDTRACKING ADMIRE hand 0: hpm=1 -> shared=0
03-27 06:52:37.331 18091 18205 I [CT]    : HandPoseSampler: Filter reset
03-27 06:52:37.331 18091 18205 I InputDevice_Hand: HANDTRACKING ADMIRE hand 1: hpm=1 -> shared=0
03-27 06:52:37.342 18091 18205 I [CT]    : HandPoseSampler: Filter reset
03-27 06:52:37.342 18091 18205 I InputDevice_Hand: HANDTRACKING ADMIRE hand 0: hpm=1 -> shared=0
03-27 06:52:37.342 18091 18205 I [CT]    : HandPoseSampler: Filter reset
03-27 06:52:37.342 18091 18205 I InputDevice_Hand: HANDTRACKING ADMIRE hand 1: hpm=1 -> shared=0
03-27 06:52:37.344   897 14310 W Tracking: CONSTELLATION_Left: [Throttled count=503] P+C Left: Could not retrieve 3dof fallback pose.
03-27 06:52:37.354 18091 18205 I [CT]    : HandPoseSampler: Filter reset
03-27 06:52:37.354 18091 18205 I InputDevice_Hand: HANDTRACKING ADMIRE hand 0: hpm=1 -> shared=0
03-27 06:52:37.354 18091 18205 I [CT]    : HandPoseSampler: Filter reset
03-27 06:52:37.354 18091 18205 I InputDevice_Hand: HANDTRACKING ADMIRE hand 1: hpm=1 -> shared=0
03-27 06:52:37.362   897 14271 W Tracking: IoteLogging: IMU Update exceeded imu sampling period: update=0.001456257 [sec], period=0.001250000 [sec].
03-27 06:52:37.365 18091 18205 I [CT]    : HandPoseSampler: Filter reset
03-27 06:52:37.365 18091 18205 I InputDevice_Hand: HANDTRACKING ADMIRE hand 0: hpm=1 -> shared=0
03-27 06:52:37.365 18091 18205 I [CT]    : HandPoseSampler: Filter reset
03-27 06:52:37.365 18091 18205 I InputDevice_Hand: HANDTRACKING ADMIRE hand 1: hpm=1 -> shared=0
03-27 06:52:37.375 18091 18205 I [CT]    : HandPoseSampler: Filter reset
03-27 06:52:37.375 18091 18205 I InputDevice_Hand: HANDTRACKING ADMIRE hand 0: hpm=1 -> shared=0
03-27 06:52:37.375 18091 18205 I [CT]    : HandPoseSampler: Filter reset
03-27 06:52:37.375 18091 18205 I InputDevice_Hand: HANDTRACKING ADMIRE hand 1: hpm=1 -> shared=0
03-27 06:52:37.387 18091 18205 I [CT]    : HandPoseSampler: Filter reset
03-27 06:52:37.387 18091 18205 I InputDevice_Hand: HANDTRACKING ADMIRE hand 0: hpm=1 -> shared=0
03-27 06:52:37.387 18091 18205 I [CT]    : HandPoseSampler: Filter reset
03-27 06:52:37.387 18091 18205 I InputDevice_Hand: HANDTRACKING ADMIRE hand 1: hpm=1 -> shared=0
03-27 06:52:37.399 18091 18205 I [CT]    : HandPoseSampler: Filter reset
03-27 06:52:37.399 18091 18205 I InputDevice_Hand: HANDTRACKING ADMIRE hand 0: hpm=1 -> shared=0
03-27 06:52:37.399 18091 18205 I [CT]    : HandPoseSampler: Filter reset
03-27 06:52:37.399 18091 18205 I InputDevice_Hand: HANDTRACKING ADMIRE hand 1: hpm=1 -> shared=0
03-27 06:52:37.410 18091 18205 I [CT]    : HandPoseSampler: Filter reset
03-27 06:52:37.410 18091 18205 I InputDevice_Hand: HANDTRACKING ADMIRE hand 0: hpm=1 -> shared=0
03-27 06:52:37.410 18091 18205 I [CT]    : HandPoseSampler: Filter reset
03-27 06:52:37.410 18091 18205 I InputDevice_Hand: HANDTRACKING ADMIRE hand 1: hpm=1 -> shared=0
03-27 06:52:37.420 18091 18205 I [CT]    : HandPoseSampler: Filter reset
03-27 06:52:37.420 18091 18205 I InputDevice_Hand: HANDTRACKING ADMIRE hand 0: hpm=1 -> shared=0
03-27 06:52:37.420 18091 18205 I [CT]    : HandPoseSampler: Filter reset
03-27 06:52:37.420 18091 18205 I InputDevice_Hand: HANDTRACKING ADMIRE hand 1: hpm=1 -> shared=0
03-27 06:52:37.431 18091 18205 I [CT]    : HandPoseSampler: Filter reset
03-27 06:52:37.431 18091 18205 I InputDevice_Hand: HANDTRACKING ADMIRE hand 0: hpm=1 -> shared=0
03-27 06:52:37.431 18091 18205 I [CT]    : HandPoseSampler: Filter reset
03-27 06:52:37.431 18091 18205 I InputDevice_Hand: HANDTRACKING ADMIRE hand 1: hpm=1 -> shared=0
03-27 06:52:37.443 18091 18205 I [CT]    : HandPoseSampler: Filter reset
03-27 06:52:37.443 18091 18205 I InputDevice_Hand: HANDTRACKING ADMIRE hand 0: hpm=1 -> shared=0
03-27 06:52:37.443 18091 18205 I [CT]    : HandPoseSampler: Filter reset
03-27 06:52:37.443 18091 18205 I InputDevice_Hand: HANDTRACKING ADMIRE hand 1: hpm=1 -> shared=0
03-27 06:52:37.451   927 19557 I libcamerahal: [INSIGHTS][2.00s] recv/ret/req heartbeat: cam0: 90/90/0, cam1: 90/90/0, cam2: 90/90/0, cam3: 91/91/0
03-27 06:52:37.454 18091 18205 I [CT]    : HandPoseSampler: Filter reset
03-27 06:52:37.455 18091 18205 I InputDevice_Hand: HANDTRACKING ADMIRE hand 0: hpm=1 -> shared=0
03-27 06:52:37.455 18091 18205 I [CT]    : HandPoseSampler: Filter reset
03-27 06:52:37.455 18091 18205 I InputDevice_Hand: HANDTRACKING ADMIRE hand 1: hpm=1 -> shared=0
03-27 06:52:37.465 18091 18205 I [CT]    : HandPoseSampler: Filter reset
03-27 06:52:37.465 18091 18205 I InputDevice_Hand: HANDTRACKING ADMIRE hand 0: hpm=1 -> shared=0
03-27 06:52:37.465 18091 18205 I [CT]    : HandPoseSampler: Filter reset
03-27 06:52:37.465 18091 18205 I InputDevice_Hand: HANDTRACKING ADMIRE hand 1: hpm=1 -> shared=0
03-27 06:52:37.475 18091 18205 I [CT]    : HandPoseSampler: Filter reset
03-27 06:52:37.476 18091 18205 I InputDevice_Hand: HANDTRACKING ADMIRE hand 0: hpm=1 -> shared=0
03-27 06:52:37.476 18091 18205 I [CT]    : HandPoseSampler: Filter reset
03-27 06:52:37.476 18091 18205 I InputDevice_Hand: HANDTRACKING ADMIRE hand 1: hpm=1 -> shared=0
03-27 06:52:37.487 18091 18205 I [CT]    : HandPoseSampler: Filter reset
03-27 06:52:37.487 18091 18205 I InputDevice_Hand: HANDTRACKING ADMIRE hand 0: hpm=1 -> shared=0
03-27 06:52:37.487 18091 18205 I [CT]    : HandPoseSampler: Filter reset
03-27 06:52:37.487 18091 18205 I InputDevice_Hand: HANDTRACKING ADMIRE hand 1: hpm=1 -> shared=0
03-27 06:52:37.497 18091 18205 I [CT]    : HandPoseSampler: Filter reset
03-27 06:52:37.497 18091 18205 I InputDevice_Hand: HANDTRACKING ADMIRE hand 0: hpm=1 -> shared=0
03-27 06:52:37.497 18091 18205 I [CT]    : HandPoseSampler: Filter reset
03-27 06:52:37.497 18091 18205 I InputDevice_Hand: HANDTRACKING ADMIRE hand 1: hpm=1 -> shared=0
03-27 06:52:37.520 18091 18205 I [CT]    : HandPoseSampler: Filter reset
03-27 06:52:37.520 18091 18205 I InputDevice_Hand: HANDTRACKING ADMIRE hand 0: hpm=1 -> shared=0
03-27 06:52:37.520 18091 18205 I [CT]    : HandPoseSampler: Filter reset
03-27 06:52:37.520 18091 18205 I InputDevice_Hand: HANDTRACKING ADMIRE hand 1: hpm=1 -> shared=0
03-27 06:52:37.532 18091 18205 I [CT]    : HandPoseSampler: Filter reset
03-27 06:52:37.532 18091 18205 I InputDevice_Hand: HANDTRACKING ADMIRE hand 0: hpm=1 -> shared=0
03-27 06:52:37.532 18091 18205 I [CT]    : HandPoseSampler: Filter reset
03-27 06:52:37.532 18091 18205 I InputDevice_Hand: HANDTRACKING ADMIRE hand 1: hpm=1 -> shared=0
03-27 06:52:37.542 18091 18205 I [CT]    : HandPoseSampler: Filter reset
03-27 06:52:37.542 18091 18205 I InputDevice_Hand: HANDTRACKING ADMIRE hand 0: hpm=1 -> shared=0
03-27 06:52:37.542 18091 18205 I [CT]    : HandPoseSampler: Filter reset
03-27 06:52:37.542 18091 18205 I InputDevice_Hand: HANDTRACKING ADMIRE hand 1: hpm=1 -> shared=0
03-27 06:52:37.554 18091 18205 I [CT]    : HandPoseSampler: Filter reset
03-27 06:52:37.554 18091 18205 I InputDevice_Hand: HANDTRACKING ADMIRE hand 0: hpm=1 -> shared=0
03-27 06:52:37.554 18091 18205 I [CT]    : HandPoseSampler: Filter reset
03-27 06:52:37.554 18091 18205 I InputDevice_Hand: HANDTRACKING ADMIRE hand 1: hpm=1 -> shared=0
03-27 06:52:37.565 18091 18205 I [CT]    : HandPoseSampler: Filter reset
03-27 06:52:37.565 18091 18205 I InputDevice_Hand: HANDTRACKING ADMIRE hand 0: hpm=1 -> shared=0
03-27 06:52:37.565 18091 18205 I [CT]    : HandPoseSampler: Filter reset
03-27 06:52:37.565 18091 18205 I InputDevice_Hand: HANDTRACKING ADMIRE hand 1: hpm=1 -> shared=0
03-27 06:52:37.576 18091 18205 I [CT]    : HandPoseSampler: Filter reset
03-27 06:52:37.576 18091 18205 I InputDevice_Hand: HANDTRACKING ADMIRE hand 0: hpm=1 -> shared=0
03-27 06:52:37.576 18091 18205 I [CT]    : HandPoseSampler: Filter reset
03-27 06:52:37.576 18091 18205 I InputDevice_Hand: HANDTRACKING ADMIRE hand 1: hpm=1 -> shared=0
03-27 06:52:37.587 18091 18205 I [CT]    : HandPoseSampler: Filter reset
03-27 06:52:37.587 18091 18205 I InputDevice_Hand: HANDTRACKING ADMIRE hand 0: hpm=1 -> shared=0
03-27 06:52:37.587 18091 18205 I [CT]    : HandPoseSampler: Filter reset
03-27 06:52:37.587 18091 18205 I InputDevice_Hand: HANDTRACKING ADMIRE hand 1: hpm=1 -> shared=0
03-27 06:52:37.598 18091 18205 I [CT]    : HandPoseSampler: Filter reset
03-27 06:52:37.598 18091 18205 I InputDevice_Hand: HANDTRACKING ADMIRE hand 0: hpm=1 -> shared=0
03-27 06:52:37.598 18091 18205 I [CT]    : HandPoseSampler: Filter reset
03-27 06:52:37.598 18091 18205 I InputDevice_Hand: HANDTRACKING ADMIRE hand 1: hpm=1 -> shared=0
03-27 06:52:37.609 18091 18205 I [CT]    : HandPoseSampler: Filter reset
03-27 06:52:37.609 18091 18205 I InputDevice_Hand: HANDTRACKING ADMIRE hand 0: hpm=1 -> shared=0
03-27 06:52:37.609 18091 18205 I [CT]    : HandPoseSampler: Filter reset
03-27 06:52:37.609 18091 18205 I InputDevice_Hand: HANDTRACKING ADMIRE hand 1: hpm=1 -> shared=0
03-27 06:52:37.620 18091 18205 I [CT]    : HandPoseSampler: Filter reset
03-27 06:52:37.620 18091 18205 I InputDevice_Hand: HANDTRACKING ADMIRE hand 0: hpm=1 -> shared=0
03-27 06:52:37.620 18091 18205 I [CT]    : HandPoseSampler: Filter reset
03-27 06:52:37.620 18091 18205 I InputDevice_Hand: HANDTRACKING ADMIRE hand 1: hpm=1 -> shared=0
03-27 06:52:37.631 18091 18205 I [CT]    : HandPoseSampler: Filter reset
03-27 06:52:37.631 18091 18205 I InputDevice_Hand: HANDTRACKING ADMIRE hand 0: hpm=1 -> shared=0
03-27 06:52:37.631 18091 18205 I [CT]    : HandPoseSampler: Filter reset
03-27 06:52:37.631 18091 18205 I InputDevice_Hand: HANDTRACKING ADMIRE hand 1: hpm=1 -> shared=0
03-27 06:52:37.642 18091 18205 I [CT]    : HandPoseSampler: Filter reset
03-27 06:52:37.642 18091 18205 I InputDevice_Hand: HANDTRACKING ADMIRE hand 0: hpm=1 -> shared=0
03-27 06:52:37.642 18091 18205 I [CT]    : HandPoseSampler: Filter reset
03-27 06:52:37.642 18091 18205 I InputDevice_Hand: HANDTRACKING ADMIRE hand 1: hpm=1 -> shared=0
03-27 06:52:37.653 18091 18205 I [CT]    : HandPoseSampler: Filter reset
03-27 06:52:37.653 18091 18205 I InputDevice_Hand: HANDTRACKING ADMIRE hand 0: hpm=1 -> shared=0
03-27 06:52:37.653 18091 18205 I [CT]    : HandPoseSampler: Filter reset
03-27 06:52:37.653 18091 18205 I InputDevice_Hand: HANDTRACKING ADMIRE hand 1: hpm=1 -> shared=0
03-27 06:52:37.664 18091 18205 I [CT]    : HandPoseSampler: Filter reset
03-27 06:52:37.664 18091 18205 I InputDevice_Hand: HANDTRACKING ADMIRE hand 0: hpm=1 -> shared=0
03-27 06:52:37.664 18091 18205 I [CT]    : HandPoseSampler: Filter reset
03-27 06:52:37.664 18091 18205 I InputDevice_Hand: HANDTRACKING ADMIRE hand 1: hpm=1 -> shared=0
03-27 06:52:37.670 18091 18457 W ShellHsr: Renderer: RenderableFilter has 108 tags, which is more than 10. This is expected to be rare. If this becomes common, consider changing RenderableFilter logic to use something other than linear searches for filtering renderable tags (like registered bitsets).
03-27 06:52:37.675 18091 18205 I [CT]    : HandPoseSampler: Filter reset
03-27 06:52:37.675 18091 18205 I InputDevice_Hand: HANDTRACKING ADMIRE hand 0: hpm=1 -> shared=0
03-27 06:52:37.675 18091 18205 I [CT]    : HandPoseSampler: Filter reset
03-27 06:52:37.675 18091 18205 I InputDevice_Hand: HANDTRACKING ADMIRE hand 1: hpm=1 -> shared=0
03-27 06:52:37.687 18091 18205 I [CT]    : HandPoseSampler: Filter reset
03-27 06:52:37.687 18091 18205 I InputDevice_Hand: HANDTRACKING ADMIRE hand 0: hpm=1 -> shared=0
03-27 06:52:37.687 18091 18205 I [CT]    : HandPoseSampler: Filter reset
03-27 06:52:37.687 18091 18205 I InputDevice_Hand: HANDTRACKING ADMIRE hand 1: hpm=1 -> shared=0
03-27 06:52:37.691   920 14201 I VD628x  : Flicker results: freq 120.000000, max 119.906990, dcr 32.839321, pct 0.042090, idx 0.013062, conf 0.876979, snr 8.616940, svm 0.071112, sus 0
03-27 06:52:37.698 18091 18205 I [CT]    : HandPoseSampler: Filter reset
03-27 06:52:37.698 18091 18205 I InputDevice_Hand: HANDTRACKING ADMIRE hand 0: hpm=1 -> shared=0
03-27 06:52:37.698 18091 18205 I [CT]    : HandPoseSampler: Filter reset
03-27 06:52:37.698 18091 18205 I InputDevice_Hand: HANDTRACKING ADMIRE hand 1: hpm=1 -> shared=0
03-27 06:52:37.709 18091 18205 I [CT]    : HandPoseSampler: Filter reset
03-27 06:52:37.709 18091 18205 I InputDevice_Hand: HANDTRACKING ADMIRE hand 0: hpm=1 -> shared=0
03-27 06:52:37.709 18091 18205 I [CT]    : HandPoseSampler: Filter reset
03-27 06:52:37.709 18091 18205 I InputDevice_Hand: HANDTRACKING ADMIRE hand 1: hpm=1 -> shared=0
03-27 06:52:37.720 18091 18205 I [CT]    : HandPoseSampler: Filter reset
03-27 06:52:37.720 18091 18205 I InputDevice_Hand: HANDTRACKING ADMIRE hand 0: hpm=1 -> shared=0
03-27 06:52:37.720 18091 18205 I [CT]    : HandPoseSampler: Filter reset
03-27 06:52:37.720 18091 18205 I InputDevice_Hand: HANDTRACKING ADMIRE hand 1: hpm=1 -> shared=0
03-27 06:52:37.732 18091 18205 I [CT]    : HandPoseSampler: Filter reset
03-27 06:52:37.732 18091 18205 I InputDevice_Hand: HANDTRACKING ADMIRE hand 0: hpm=1 -> shared=0
03-27 06:52:37.732 18091 18205 I [CT]    : HandPoseSampler: Filter reset
03-27 06:52:37.732 18091 18205 I InputDevice_Hand: HANDTRACKING ADMIRE hand 1: hpm=1 -> shared=0
03-27 06:52:37.742 18091 18205 I [CT]    : HandPoseSampler: Filter reset
03-27 06:52:37.742 18091 18205 I InputDevice_Hand: HANDTRACKING ADMIRE hand 0: hpm=1 -> shared=0
03-27 06:52:37.742 18091 18205 I [CT]    : HandPoseSampler: Filter reset
03-27 06:52:37.742 18091 18205 I InputDevice_Hand: HANDTRACKING ADMIRE hand 1: hpm=1 -> shared=0
03-27 06:52:37.753 18091 18205 I [CT]    : HandPoseSampler: Filter reset
03-27 06:52:37.753 18091 18205 I InputDevice_Hand: HANDTRACKING ADMIRE hand 0: hpm=1 -> shared=0
03-27 06:52:37.753 18091 18205 I [CT]    : HandPoseSampler: Filter reset
03-27 06:52:37.753 18091 18205 I InputDevice_Hand: HANDTRACKING ADMIRE hand 1: hpm=1 -> shared=0
03-27 06:52:37.765 18091 18205 I [CT]    : HandPoseSampler: Filter reset
03-27 06:52:37.765 18091 18205 I InputDevice_Hand: HANDTRACKING ADMIRE hand 0: hpm=1 -> shared=0
03-27 06:52:37.765 18091 18205 I [CT]    : HandPoseSampler: Filter reset
03-27 06:52:37.765 18091 18205 I InputDevice_Hand: HANDTRACKING ADMIRE hand 1: hpm=1 -> shared=0
03-27 06:52:37.775 18091 18205 I [CT]    : HandPoseSampler: Filter reset
03-27 06:52:37.775 18091 18205 I InputDevice_Hand: HANDTRACKING ADMIRE hand 0: hpm=1 -> shared=0
03-27 06:52:37.775 18091 18205 I [CT]    : HandPoseSampler: Filter reset
03-27 06:52:37.775 18091 18205 I InputDevice_Hand: HANDTRACKING ADMIRE hand 1: hpm=1 -> shared=0
03-27 06:52:37.787 18091 18205 I [CT]    : HandPoseSampler: Filter reset
03-27 06:52:37.787 18091 18205 I InputDevice_Hand: HANDTRACKING ADMIRE hand 0: hpm=1 -> shared=0
03-27 06:52:37.787 18091 18205 I [CT]    : HandPoseSampler: Filter reset
03-27 06:52:37.787 18091 18205 I InputDevice_Hand: HANDTRACKING ADMIRE hand 1: hpm=1 -> shared=0
03-27 06:52:37.797 18091 18205 I [CT]    : HandPoseSampler: Filter reset
03-27 06:52:37.797 18091 18205 I InputDevice_Hand: HANDTRACKING ADMIRE hand 0: hpm=1 -> shared=0
03-27 06:52:37.797 18091 18205 I [CT]    : HandPoseSampler: Filter reset
03-27 06:52:37.797 18091 18205 I InputDevice_Hand: HANDTRACKING ADMIRE hand 1: hpm=1 -> shared=0
03-27 06:52:37.808 18091 18205 I [CT]    : HandPoseSampler: Filter reset
03-27 06:52:37.808 18091 18205 I InputDevice_Hand: HANDTRACKING ADMIRE hand 0: hpm=1 -> shared=0
03-27 06:52:37.808 18091 18205 I [CT]    : HandPoseSampler: Filter reset
03-27 06:52:37.808 18091 18205 I InputDevice_Hand: HANDTRACKING ADMIRE hand 1: hpm=1 -> shared=0
03-27 06:52:37.810  2697 14219 I [CT]    : MIXEDREALITY: PassthroughApiManager: GetUpdatedLayerState: (every 2 seconds) PT is: ON numLayers: 0
03-27 06:52:37.820 18091 18205 I [CT]    : HandPoseSampler: Filter reset
03-27 06:52:37.820 18091 18205 I InputDevice_Hand: HANDTRACKING ADMIRE hand 0: hpm=1 -> shared=0
03-27 06:52:37.820 18091 18205 I [CT]    : HandPoseSampler: Filter reset
03-27 06:52:37.820 18091 18205 I InputDevice_Hand: HANDTRACKING ADMIRE hand 1: hpm=1 -> shared=0
03-27 06:52:37.831 18091 18205 I [CT]    : HandPoseSampler: Filter reset
03-27 06:52:37.831 18091 18205 I InputDevice_Hand: HANDTRACKING ADMIRE hand 0: hpm=1 -> shared=0
03-27 06:52:37.831 18091 18205 I [CT]    : HandPoseSampler: Filter reset
03-27 06:52:37.831 18091 18205 I InputDevice_Hand: HANDTRACKING ADMIRE hand 1: hpm=1 -> shared=0
03-27 06:52:37.842 18091 18205 I [CT]    : HandPoseSampler: Filter reset
03-27 06:52:37.842 18091 18205 I InputDevice_Hand: HANDTRACKING ADMIRE hand 0: hpm=1 -> shared=0
03-27 06:52:37.842 18091 18205 I [CT]    : HandPoseSampler: Filter reset
03-27 06:52:37.842 18091 18205 I InputDevice_Hand: HANDTRACKING ADMIRE hand 1: hpm=1 -> shared=0
03-27 06:52:37.854 18091 18205 I [CT]    : HandPoseSampler: Filter reset
03-27 06:52:37.854 18091 18205 I InputDevice_Hand: HANDTRACKING ADMIRE hand 0: hpm=1 -> shared=0
03-27 06:52:37.854 18091 18205 I [CT]    : HandPoseSampler: Filter reset
03-27 06:52:37.854 18091 18205 I InputDevice_Hand: HANDTRACKING ADMIRE hand 1: hpm=1 -> shared=0
03-27 06:52:37.865 18091 18205 I [CT]    : HandPoseSampler: Filter reset
03-27 06:52:37.865 18091 18205 I InputDevice_Hand: HANDTRACKING ADMIRE hand 0: hpm=1 -> shared=0
03-27 06:52:37.865 18091 18205 I [CT]    : HandPoseSampler: Filter reset
03-27 06:52:37.865 18091 18205 I InputDevice_Hand: HANDTRACKING ADMIRE hand 1: hpm=1 -> shared=0
03-27 06:52:37.875 18091 18205 I [CT]    : HandPoseSampler: Filter reset
03-27 06:52:37.875 18091 18205 I InputDevice_Hand: HANDTRACKING ADMIRE hand 0: hpm=1 -> shared=0
03-27 06:52:37.875 18091 18205 I [CT]    : HandPoseSampler: Filter reset
03-27 06:52:37.875 18091 18205 I InputDevice_Hand: HANDTRACKING ADMIRE hand 1: hpm=1 -> shared=0
03-27 06:52:37.887 18091 18205 I [CT]    : HandPoseSampler: Filter reset
03-27 06:52:37.887 18091 18205 I InputDevice_Hand: HANDTRACKING ADMIRE hand 0: hpm=1 -> shared=0
03-27 06:52:37.887 18091 18205 I [CT]    : HandPoseSampler: Filter reset
03-27 06:52:37.887 18091 18205 I InputDevice_Hand: HANDTRACKING ADMIRE hand 1: hpm=1 -> shared=0
03-27 06:52:37.897 18091 18205 I [CT]    : HandPoseSampler: Filter reset
03-27 06:52:37.897 18091 18205 I InputDevice_Hand: HANDTRACKING ADMIRE hand 0: hpm=1 -> shared=0
03-27 06:52:37.897 18091 18205 I [CT]    : HandPoseSampler: Filter reset
03-27 06:52:37.897 18091 18205 I InputDevice_Hand: HANDTRACKING ADMIRE hand 1: hpm=1 -> shared=0
03-27 06:52:37.908 18091 18205 I [CT]    : HandPoseSampler: Filter reset
03-27 06:52:37.908 18091 18205 I InputDevice_Hand: HANDTRACKING ADMIRE hand 0: hpm=1 -> shared=0
03-27 06:52:37.908 18091 18205 I [CT]    : HandPoseSampler: Filter reset
03-27 06:52:37.908 18091 18205 I InputDevice_Hand: HANDTRACKING ADMIRE hand 1: hpm=1 -> shared=0
03-27 06:52:37.921 18091 18205 I [CT]    : HandPoseSampler: Filter reset
03-27 06:52:37.921 18091 18205 I InputDevice_Hand: HANDTRACKING ADMIRE hand 0: hpm=1 -> shared=0
03-27 06:52:37.921 18091 18205 I [CT]    : HandPoseSampler: Filter reset
03-27 06:52:37.921 18091 18205 I InputDevice_Hand: HANDTRACKING ADMIRE hand 1: hpm=1 -> shared=0
03-27 06:52:37.932 18091 18205 I [CT]    : HandPoseSampler: Filter reset
03-27 06:52:37.932 18091 18205 I InputDevice_Hand: HANDTRACKING ADMIRE hand 0: hpm=1 -> shared=0
03-27 06:52:37.932 18091 18205 I [CT]    : HandPoseSampler: Filter reset
03-27 06:52:37.932 18091 18205 I InputDevice_Hand: HANDTRACKING ADMIRE hand 1: hpm=1 -> shared=0
03-27 06:52:37.942 18091 18205 I [CT]    : HandPoseSampler: Filter reset
03-27 06:52:37.942 18091 18205 I InputDevice_Hand: HANDTRACKING ADMIRE hand 0: hpm=1 -> shared=0
03-27 06:52:37.942 18091 18205 I [CT]    : HandPoseSampler: Filter reset
03-27 06:52:37.942 18091 18205 I InputDevice_Hand: HANDTRACKING ADMIRE hand 1: hpm=1 -> shared=0
03-27 06:52:37.945 18224 18352 I [CT]    : SP:AF:AnchorFramework: calculateRigidScenePose: Located 14 / 14 anchors in fd4ff835-375f-eff7-378d-3df1f3bd4165 for calculating rigid scene pose for com.oculus.guardian
03-27 06:52:37.945 18224 18352 I [CT]    : SP:AF:AnchorAccuracy: New Rigid Scene calculated using 14 anchors attached to 1 IAs. 0.12318277299345937 seconds since last update
03-27 06:52:37.945 18224 18352 I [CT]    : SP:AF:AnchorAccuracy: Translation difference (mean/min/max): 0.018466867290304174 0.0026321287732571363 0.04625166207551956
03-27 06:52:37.945 18224 18352 I [CT]    : SP:AF:AnchorAccuracy: Rotation difference (mean/min/max): 0.010886245340641056 0.010109965689480305 0.02091103605926037
03-27 06:52:37.945 18224 18352 I [CT]    : SP:AF:AnchorAccuracy: New scene origin pose: -0.23192058503627777 -0.004418437834829092 -6.674022733932361e-05 : 0.5094549059867859 -0.5094549059867859 -0.49036288261413574 -0.49036285281181335
03-27 06:52:37.945 18224 18352 I [CT]    : SP:AF:AnchorAccuracy: New scene origin pose moved: 9.500585633759329e-07 translation 1.5485738913412206e-07 rotation
03-27 06:52:37.954 18091 18205 I [CT]    : HandPoseSampler: Filter reset
03-27 06:52:37.954 18091 18205 I InputDevice_Hand: HANDTRACKING ADMIRE hand 0: hpm=1 -> shared=0
03-27 06:52:37.954 18091 18205 I [CT]    : HandPoseSampler: Filter reset
03-27 06:52:37.954 18091 18205 I InputDevice_Hand: HANDTRACKING ADMIRE hand 1: hpm=1 -> shared=0
03-27 06:52:37.965 18091 18205 I [CT]    : HandPoseSampler: Filter reset
03-27 06:52:37.965 18091 18205 I InputDevice_Hand: HANDTRACKING ADMIRE hand 0: hpm=1 -> shared=0
03-27 06:52:37.965 18091 18205 I [CT]    : HandPoseSampler: Filter reset
03-27 06:52:37.965 18091 18205 I InputDevice_Hand: HANDTRACKING ADMIRE hand 1: hpm=1 -> shared=0
03-27 06:52:37.976 18091 18205 I [CT]    : HandPoseSampler: Filter reset
03-27 06:52:37.976 18091 18205 I InputDevice_Hand: HANDTRACKING ADMIRE hand 0: hpm=1 -> shared=0
03-27 06:52:37.976 18091 18205 I [CT]    : HandPoseSampler: Filter reset
03-27 06:52:37.976 18091 18205 I InputDevice_Hand: HANDTRACKING ADMIRE hand 1: hpm=1 -> shared=0
03-27 06:52:37.987 18091 18205 I [CT]    : HandPoseSampler: Filter reset
03-27 06:52:37.987 18091 18205 I InputDevice_Hand: HANDTRACKING ADMIRE hand 0: hpm=1 -> shared=0
03-27 06:52:37.987 18091 18205 I [CT]    : HandPoseSampler: Filter reset
03-27 06:52:37.988 18091 18205 I InputDevice_Hand: HANDTRACKING ADMIRE hand 1: hpm=1 -> shared=0
03-27 06:52:37.998 18091 18205 I [CT]    : HandPoseSampler: Filter reset
03-27 06:52:37.998 18091 18205 I InputDevice_Hand: HANDTRACKING ADMIRE hand 0: hpm=1 -> shared=0
03-27 06:52:37.998 18091 18205 I [CT]    : HandPoseSampler: Filter reset
03-27 06:52:37.998 18091 18205 I InputDevice_Hand: HANDTRACKING ADMIRE hand 1: hpm=1 -> shared=0
03-27 06:52:38.009 18091 18205 I [CT]    : HandPoseSampler: Filter reset
03-27 06:52:38.009 18091 18205 I InputDevice_Hand: HANDTRACKING ADMIRE hand 0: hpm=1 -> shared=0
03-27 06:52:38.010 18091 18205 I [CT]    : HandPoseSampler: Filter reset
03-27 06:52:38.010 18091 18205 I InputDevice_Hand: HANDTRACKING ADMIRE hand 1: hpm=1 -> shared=0
03-27 06:52:38.010 18091 14209 I VrApi   : FPS=91/90,Prd=24ms,Tear=0,Early=0,Stale=0,Stale2/5/10/max=0/0/0/0,VSnc=1,Lat=-4,Fov=3,CPU4/GPU=-1/-1,1920/545MHz,OC=3F,TA=0/0/0,SP=N/N/N,Mem=2092MHz,Free=4016MB,PLS=0,Temp=34.0C/0.0C,TW=0.68ms,App=1.62ms,GD=0.00ms,CPU&GPU=9.01ms,LCnt=1(DR90,LM0),GPU%=0.22,CPU%=0.25(W0.29),CFL=11.74/15.04,ICFLp95=13.74,LD=0,CABC=1,SF=0.78,LP=1,DVFS=0,Preempt=184,PoseAgeP95=0.00
03-27 06:52:38.010 18091 14209 I VrApi   : ASW=0,Type=PTWFromStereo,E=0.000/0.000,D=0.000/0.000
03-27 06:52:38.020 18091 18205 I [CT]    : HandPoseSampler: Filter reset
03-27 06:52:38.020 18091 18205 I InputDevice_Hand: HANDTRACKING ADMIRE hand 0: hpm=1 -> shared=0
03-27 06:52:38.020 18091 18205 I [CT]    : HandPoseSampler: Filter reset
03-27 06:52:38.020 18091 18205 I InputDevice_Hand: HANDTRACKING ADMIRE hand 1: hpm=1 -> shared=0
03-27 06:52:38.031 18091 18205 I [CT]    : HandPoseSampler: Filter reset
03-27 06:52:38.031 18091 18205 I InputDevice_Hand: HANDTRACKING ADMIRE hand 0: hpm=1 -> shared=0
03-27 06:52:38.031 18091 18205 I [CT]    : HandPoseSampler: Filter reset
03-27 06:52:38.031 18091 18205 I InputDevice_Hand: HANDTRACKING ADMIRE hand 1: hpm=1 -> shared=0
03-27 06:52:38.042 18091 18205 I [CT]    : HandPoseSampler: Filter reset
03-27 06:52:38.042 18091 18205 I InputDevice_Hand: HANDTRACKING ADMIRE hand 0: hpm=1 -> shared=0
03-27 06:52:38.042 18091 18205 I [CT]    : HandPoseSampler: Filter reset
03-27 06:52:38.042 18091 18205 I InputDevice_Hand: HANDTRACKING ADMIRE hand 1: hpm=1 -> shared=0
03-27 06:52:38.054 18091 18205 I [CT]    : HandPoseSampler: Filter reset
03-27 06:52:38.054 18091 18205 I InputDevice_Hand: HANDTRACKING ADMIRE hand 0: hpm=1 -> shared=0
03-27 06:52:38.054 18091 18205 I [CT]    : HandPoseSampler: Filter reset
03-27 06:52:38.054 18091 18205 I InputDevice_Hand: HANDTRACKING ADMIRE hand 1: hpm=1 -> shared=0
03-27 06:52:38.065 18091 18205 I [CT]    : HandPoseSampler: Filter reset
03-27 06:52:38.065 18091 18205 I InputDevice_Hand: HANDTRACKING ADMIRE hand 0: hpm=1 -> shared=0
03-27 06:52:38.065 18091 18205 I [CT]    : HandPoseSampler: Filter reset
03-27 06:52:38.065 18091 18205 I InputDevice_Hand: HANDTRACKING ADMIRE hand 1: hpm=1 -> shared=0
03-27 06:52:38.075 18091 18205 I [CT]    : HandPoseSampler: Filter reset
03-27 06:52:38.075 18091 18205 I InputDevice_Hand: HANDTRACKING ADMIRE hand 0: hpm=1 -> shared=0
03-27 06:52:38.075 18091 18205 I [CT]    : HandPoseSampler: Filter reset
03-27 06:52:38.075 18091 18205 I InputDevice_Hand: HANDTRACKING ADMIRE hand 1: hpm=1 -> shared=0
03-27 06:52:38.087 18091 18205 I [CT]    : HandPoseSampler: Filter reset
03-27 06:52:38.087 18091 18205 I InputDevice_Hand: HANDTRACKING ADMIRE hand 0: hpm=1 -> shared=0
03-27 06:52:38.087 18091 18205 I [CT]    : HandPoseSampler: Filter reset
03-27 06:52:38.087 18091 18205 I InputDevice_Hand: HANDTRACKING ADMIRE hand 1: hpm=1 -> shared=0
03-27 06:52:38.098 18091 18205 I [CT]    : HandPoseSampler: Filter reset
03-27 06:52:38.098 18091 18205 I InputDevice_Hand: HANDTRACKING ADMIRE hand 0: hpm=1 -> shared=0
03-27 06:52:38.098 18091 18205 I [CT]    : HandPoseSampler: Filter reset
03-27 06:52:38.098 18091 18205 I InputDevice_Hand: HANDTRACKING ADMIRE hand 1: hpm=1 -> shared=0
03-27 06:52:38.109 18091 18205 I [CT]    : HandPoseSampler: Filter reset
03-27 06:52:38.109 18091 18205 I InputDevice_Hand: HANDTRACKING ADMIRE hand 0: hpm=1 -> shared=0
03-27 06:52:38.109 18091 18205 I [CT]    : HandPoseSampler: Filter reset
03-27 06:52:38.109 18091 18205 I InputDevice_Hand: HANDTRACKING ADMIRE hand 1: hpm=1 -> shared=0
03-27 06:52:38.120 18091 18205 I [CT]    : HandPoseSampler: Filter reset
03-27 06:52:38.120 18091 18205 I InputDevice_Hand: HANDTRACKING ADMIRE hand 0: hpm=1 -> shared=0
03-27 06:52:38.120 18091 18205 I [CT]    : HandPoseSampler: Filter reset
03-27 06:52:38.120 18091 18205 I InputDevice_Hand: HANDTRACKING ADMIRE hand 1: hpm=1 -> shared=0
03-27 06:52:38.131 18091 18205 I [CT]    : HandPoseSampler: Filter reset
03-27 06:52:38.131 18091 18205 I InputDevice_Hand: HANDTRACKING ADMIRE hand 0: hpm=1 -> shared=0
03-27 06:52:38.131 18091 18205 I [CT]    : HandPoseSampler: Filter reset
03-27 06:52:38.131 18091 18205 I InputDevice_Hand: HANDTRACKING ADMIRE hand 1: hpm=1 -> shared=0
03-27 06:52:38.138   897  1854 I Tracking: CONSTELLATION_Right: [Throttled count=84] P+C Right: Applying Consistent Zero Velocity Update during slow motion.
03-27 06:52:38.142 18091 18205 I [CT]    : HandPoseSampler: Filter reset
03-27 06:52:38.142 18091 18205 I InputDevice_Hand: HANDTRACKING ADMIRE hand 0: hpm=1 -> shared=0
03-27 06:52:38.142 18091 18205 I [CT]    : HandPoseSampler: Filter reset
03-27 06:52:38.142 18091 18205 I InputDevice_Hand: HANDTRACKING ADMIRE hand 1: hpm=1 -> shared=0
03-27 06:52:38.154 18091 18205 I [CT]    : HandPoseSampler: Filter reset
03-27 06:52:38.154 18091 18205 I InputDevice_Hand: HANDTRACKING ADMIRE hand 0: hpm=1 -> shared=0
03-27 06:52:38.154 18091 18205 I [CT]    : HandPoseSampler: Filter reset
03-27 06:52:38.154 18091 18205 I InputDevice_Hand: HANDTRACKING ADMIRE hand 1: hpm=1 -> shared=0
03-27 06:52:38.165 18091 18205 I [CT]    : HandPoseSampler: Filter reset
03-27 06:52:38.165 18091 18205 I InputDevice_Hand: HANDTRACKING ADMIRE hand 0: hpm=1 -> shared=0
03-27 06:52:38.165 18091 18205 I [CT]    : HandPoseSampler: Filter reset
03-27 06:52:38.165 18091 18205 I InputDevice_Hand: HANDTRACKING ADMIRE hand 1: hpm=1 -> shared=0
03-27 06:52:38.176 18091 18205 I [CT]    : HandPoseSampler: Filter reset
03-27 06:52:38.176 18091 18205 I InputDevice_Hand: HANDTRACKING ADMIRE hand 0: hpm=1 -> shared=0
03-27 06:52:38.176 18091 18205 I [CT]    : HandPoseSampler: Filter reset
03-27 06:52:38.176 18091 18205 I InputDevice_Hand: HANDTRACKING ADMIRE hand 1: hpm=1 -> shared=0
03-27 06:52:38.187 18091 18205 I [CT]    : HandPoseSampler: Filter reset
03-27 06:52:38.187 18091 18205 I InputDevice_Hand: HANDTRACKING ADMIRE hand 0: hpm=1 -> shared=0
03-27 06:52:38.187 18091 18205 I [CT]    : HandPoseSampler: Filter reset
03-27 06:52:38.187 18091 18205 I InputDevice_Hand: HANDTRACKING ADMIRE hand 1: hpm=1 -> shared=0
03-27 06:52:38.198 18091 18205 I [CT]    : HandPoseSampler: Filter reset
03-27 06:52:38.198 18091 18205 I InputDevice_Hand: HANDTRACKING ADMIRE hand 0: hpm=1 -> shared=0
03-27 06:52:38.198 18091 18205 I [CT]    : HandPoseSampler: Filter reset
03-27 06:52:38.198 18091 18205 I InputDevice_Hand: HANDTRACKING ADMIRE hand 1: hpm=1 -> shared=0
03-27 06:52:38.209 18091 18205 I [CT]    : HandPoseSampler: Filter reset
03-27 06:52:38.209 18091 18205 I InputDevice_Hand: HANDTRACKING ADMIRE hand 0: hpm=1 -> shared=0
03-27 06:52:38.209 18091 18205 I [CT]    : HandPoseSampler: Filter reset
03-27 06:52:38.209 18091 18205 I InputDevice_Hand: HANDTRACKING ADMIRE hand 1: hpm=1 -> shared=0
03-27 06:52:38.220 18091 18205 I [CT]    : HandPoseSampler: Filter reset
03-27 06:52:38.220 18091 18205 I InputDevice_Hand: HANDTRACKING ADMIRE hand 0: hpm=1 -> shared=0
03-27 06:52:38.220 18091 18205 I [CT]    : HandPoseSampler: Filter reset
03-27 06:52:38.220 18091 18205 I InputDevice_Hand: HANDTRACKING ADMIRE hand 1: hpm=1 -> shared=0
03-27 06:52:38.231 18091 18205 I [CT]    : HandPoseSampler: Filter reset
03-27 06:52:38.231 18091 18205 I InputDevice_Hand: HANDTRACKING ADMIRE hand 0: hpm=1 -> shared=0
03-27 06:52:38.231 18091 18205 I [CT]    : HandPoseSampler: Filter reset
03-27 06:52:38.231 18091 18205 I InputDevice_Hand: HANDTRACKING ADMIRE hand 1: hpm=1 -> shared=0
03-27 06:52:38.242 18091 18205 I [CT]    : HandPoseSampler: Filter reset
03-27 06:52:38.242 18091 18205 I InputDevice_Hand: HANDTRACKING ADMIRE hand 0: hpm=1 -> shared=0
03-27 06:52:38.242 18091 18205 I [CT]    : HandPoseSampler: Filter reset
03-27 06:52:38.242 18091 18205 I InputDevice_Hand: HANDTRACKING ADMIRE hand 1: hpm=1 -> shared=0
03-27 06:52:38.254 18091 18205 I [CT]    : HandPoseSampler: Filter reset
03-27 06:52:38.254 18091 18205 I InputDevice_Hand: HANDTRACKING ADMIRE hand 0: hpm=1 -> shared=0
03-27 06:52:38.254 18091 18205 I [CT]    : HandPoseSampler: Filter reset
03-27 06:52:38.254 18091 18205 I InputDevice_Hand: HANDTRACKING ADMIRE hand 1: hpm=1 -> shared=0
03-27 06:52:38.265 18091 18205 I [CT]    : HandPoseSampler: Filter reset
03-27 06:52:38.265 18091 18205 I InputDevice_Hand: HANDTRACKING ADMIRE hand 0: hpm=1 -> shared=0
03-27 06:52:38.265 18091 18205 I [CT]    : HandPoseSampler: Filter reset
03-27 06:52:38.265 18091 18205 I InputDevice_Hand: HANDTRACKING ADMIRE hand 1: hpm=1 -> shared=0
03-27 06:52:38.275 18091 18205 I [CT]    : HandPoseSampler: Filter reset
03-27 06:52:38.275 18091 18205 I InputDevice_Hand: HANDTRACKING ADMIRE hand 0: hpm=1 -> shared=0
03-27 06:52:38.275 18091 18205 I [CT]    : HandPoseSampler: Filter reset
03-27 06:52:38.275 18091 18205 I InputDevice_Hand: HANDTRACKING ADMIRE hand 1: hpm=1 -> shared=0
03-27 06:52:38.287 18091 18205 I [CT]    : HandPoseSampler: Filter reset
03-27 06:52:38.287 18091 18205 I InputDevice_Hand: HANDTRACKING ADMIRE hand 0: hpm=1 -> shared=0
03-27 06:52:38.287 18091 18205 I [CT]    : HandPoseSampler: Filter reset
03-27 06:52:38.287 18091 18205 I InputDevice_Hand: HANDTRACKING ADMIRE hand 1: hpm=1 -> shared=0
03-27 06:52:38.298 18091 18205 I [CT]    : HandPoseSampler: Filter reset
03-27 06:52:38.298 18091 18205 I InputDevice_Hand: HANDTRACKING ADMIRE hand 0: hpm=1 -> shared=0
03-27 06:52:38.298 18091 18205 I [CT]    : HandPoseSampler: Filter reset
03-27 06:52:38.298 18091 18205 I InputDevice_Hand: HANDTRACKING ADMIRE hand 1: hpm=1 -> shared=0
03-27 06:52:38.310 18091 18205 I [CT]    : HandPoseSampler: Filter reset
03-27 06:52:38.310 18091 18205 I InputDevice_Hand: HANDTRACKING ADMIRE hand 0: hpm=1 -> shared=0
03-27 06:52:38.310 18091 18205 I [CT]    : HandPoseSampler: Filter reset
03-27 06:52:38.310 18091 18205 I InputDevice_Hand: HANDTRACKING ADMIRE hand 1: hpm=1 -> shared=0
03-27 06:52:38.320 18091 18205 I [CT]    : HandPoseSampler: Filter reset
03-27 06:52:38.320 18091 18205 I InputDevice_Hand: HANDTRACKING ADMIRE hand 0: hpm=1 -> shared=0
03-27 06:52:38.321 18091 18205 I [CT]    : HandPoseSampler: Filter reset
03-27 06:52:38.321 18091 18205 I InputDevice_Hand: HANDTRACKING ADMIRE hand 1: hpm=1 -> shared=0
03-27 06:52:38.331 18091 18205 I [CT]    : HandPoseSampler: Filter reset
03-27 06:52:38.331 18091 18205 I InputDevice_Hand: HANDTRACKING ADMIRE hand 0: hpm=1 -> shared=0
03-27 06:52:38.331 18091 18205 I [CT]    : HandPoseSampler: Filter reset
03-27 06:52:38.331 18091 18205 I InputDevice_Hand: HANDTRACKING ADMIRE hand 1: hpm=1 -> shared=0
03-27 06:52:38.342 18091 18205 I [CT]    : HandPoseSampler: Filter reset
03-27 06:52:38.342 18091 18205 I InputDevice_Hand: HANDTRACKING ADMIRE hand 0: hpm=1 -> shared=0
03-27 06:52:38.342 18091 18205 I [CT]    : HandPoseSampler: Filter reset
03-27 06:52:38.342 18091 18205 I InputDevice_Hand: HANDTRACKING ADMIRE hand 1: hpm=1 -> shared=0
03-27 06:52:38.346   897 14310 W Tracking: CONSTELLATION_Left: [Throttled count=503] P+C Left: Could not retrieve 3dof fallback pose.
03-27 06:52:38.353 18091 18205 I [CT]    : HandPoseSampler: Filter reset
03-27 06:52:38.353 18091 18205 I InputDevice_Hand: HANDTRACKING ADMIRE hand 0: hpm=1 -> shared=0
03-27 06:52:38.353 18091 18205 I [CT]    : HandPoseSampler: Filter reset
03-27 06:52:38.353 18091 18205 I InputDevice_Hand: HANDTRACKING ADMIRE hand 1: hpm=1 -> shared=0
03-27 06:52:38.365 18091 18205 I [CT]    : HandPoseSampler: Filter reset
03-27 06:52:38.365 18091 18205 I InputDevice_Hand: HANDTRACKING ADMIRE hand 0: hpm=1 -> shared=0
03-27 06:52:38.365 18091 18205 I [CT]    : HandPoseSampler: Filter reset
03-27 06:52:38.365 18091 18205 I InputDevice_Hand: HANDTRACKING ADMIRE hand 1: hpm=1 -> shared=0
03-27 06:52:38.371   897 14310 I Tracking: CONSTELLATION:IMU_STATUS: 0x9a0f3b964e7e111f (L): [#Samples=2516] 103.596s | [FusionTracked=0.000, OutputTracked=0.000, OutputValid=0.000] [AccelSat=0.000, GyroSat=0.000] [AccelMinMeanMax: X=-7.920|-7.818|-7.642, Y=5.125|5.224|5.352, Z=-2.642|-2.467|-2.309] [GyroMinMeanMax: X=-0.002|0.005|0.013, Y=-0.021|-0.012|-0.002, Z=-0.009|0.001|0.013] [AccelStuck: X=0|0.000, Y=0|0.000, Z=0|0.000] [GyroStuck: X=0|0.000, Y=0|0.000, Z=0|0.000]  [Current time=103.596s, last log time=98.594s]
03-27 06:52:38.375   897 14310 I Tracking: CONSTELLATION:IMU_STATUS: 0x2e7e5d32cf134aad (R): [#Samples=2515] 103.602s | [FusionTracked=1.000, OutputTracked=1.000, OutputValid=1.000] [AccelSat=0.000, GyroSat=0.000] [AccelMinMeanMax: X=4.033|4.224|4.480, Y=4.917|5.096|5.268, Z=-7.174|-6.991|-6.807] [GyroMinMeanMax: X=-0.009|0.007|0.032, Y=-0.053|-0.003|0.040, Z=-0.034|0.002|0.036] [AccelStuck: X=0|0.000, Y=0|0.000, Z=0|0.000] [GyroStuck: X=0|0.000, Y=0|0.000, Z=0|0.000]  [Current time=103.602s, last log time=98.600s]
03-27 06:52:38.376 18091 18205 I [CT]    : HandPoseSampler: Filter reset
03-27 06:52:38.376 18091 18205 I InputDevice_Hand: HANDTRACKING ADMIRE hand 0: hpm=1 -> shared=0
03-27 06:52:38.376 18091 18205 I [CT]    : HandPoseSampler: Filter reset
03-27 06:52:38.376 18091 18205 I InputDevice_Hand: HANDTRACKING ADMIRE hand 1: hpm=1 -> shared=0
03-27 06:52:38.387 18091 18205 I [CT]    : HandPoseSampler: Filter reset
03-27 06:52:38.387 18091 18205 I InputDevice_Hand: HANDTRACKING ADMIRE hand 0: hpm=1 -> shared=0
03-27 06:52:38.387 18091 18205 I [CT]    : HandPoseSampler: Filter reset
03-27 06:52:38.387 18091 18205 I InputDevice_Hand: HANDTRACKING ADMIRE hand 1: hpm=1 -> shared=0
03-27 06:52:38.398 18091 18205 I [CT]    : HandPoseSampler: Filter reset
03-27 06:52:38.398 18091 18205 I InputDevice_Hand: HANDTRACKING ADMIRE hand 0: hpm=1 -> shared=0
03-27 06:52:38.398 18091 18205 I [CT]    : HandPoseSampler: Filter reset
03-27 06:52:38.398 18091 18205 I InputDevice_Hand: HANDTRACKING ADMIRE hand 1: hpm=1 -> shared=0
03-27 06:52:38.409 18091 18205 I [CT]    : HandPoseSampler: Filter reset
03-27 06:52:38.409 18091 18205 I InputDevice_Hand: HANDTRACKING ADMIRE hand 0: hpm=1 -> shared=0
03-27 06:52:38.409 18091 18205 I [CT]    : HandPoseSampler: Filter reset
03-27 06:52:38.409 18091 18205 I InputDevice_Hand: HANDTRACKING ADMIRE hand 1: hpm=1 -> shared=0
03-27 06:52:38.421 18091 18205 I [CT]    : HandPoseSampler: Filter reset
03-27 06:52:38.421 18091 18205 I InputDevice_Hand: HANDTRACKING ADMIRE hand 0: hpm=1 -> shared=0
03-27 06:52:38.421 18091 18205 I [CT]    : HandPoseSampler: Filter reset
03-27 06:52:38.421 18091 18205 I InputDevice_Hand: HANDTRACKING ADMIRE hand 1: hpm=1 -> shared=0
03-27 06:52:38.425   920 14201 I VD628x  : Flicker results: freq 120.000000, max 119.910141, dcr 32.810509, pct 0.042090, idx 0.013140, conf 0.875998, snr 8.534805, svm 0.071596, sus 0
03-27 06:52:38.432 18091 18205 I [CT]    : HandPoseSampler: Filter reset
03-27 06:52:38.432 18091 18205 I InputDevice_Hand: HANDTRACKING ADMIRE hand 0: hpm=1 -> shared=0
03-27 06:52:38.432 18091 18205 I [CT]    : HandPoseSampler: Filter reset
03-27 06:52:38.432 18091 18205 I InputDevice_Hand: HANDTRACKING ADMIRE hand 1: hpm=1 -> shared=0
03-27 06:52:38.440 18224 18352 I AutoStationaryHelper: [AutoStationaryHelper::getGuardianDataFromNearbyRoomscale] Checking 1 existing guardian data
03-27 06:52:38.440 18224 18352 I GuardianMapDataMgr: [GuardianMapDataMgr::isValidTrackedRoomscale] [2575043440] Valid=yes, Roomscale=yes, Anchor [2cee9d32-7f24-ff1e-5555-ae309d8ea246] Tracked=yes
03-27 06:52:38.440 18224 18352 I AutoStationaryHelper: [AutoStationaryHelper::getGuardianDataFromNearbyRoomscale] [2575043440] Distance to HMD: 3.759113
03-27 06:52:38.442 18091 18205 I [CT]    : HandPoseSampler: Filter reset
03-27 06:52:38.442 18091 18205 I InputDevice_Hand: HANDTRACKING ADMIRE hand 0: hpm=1 -> shared=0
03-27 06:52:38.442 18091 18205 I [CT]    : HandPoseSampler: Filter reset
03-27 06:52:38.442 18091 18205 I InputDevice_Hand: HANDTRACKING ADMIRE hand 1: hpm=1 -> shared=0
03-27 06:52:38.453 18091 18205 I [CT]    : HandPoseSampler: Filter reset
03-27 06:52:38.453 18091 18205 I InputDevice_Hand: HANDTRACKING ADMIRE hand 0: hpm=1 -> shared=0
03-27 06:52:38.453 18091 18205 I [CT]    : HandPoseSampler: Filter reset
03-27 06:52:38.453 18091 18205 I InputDevice_Hand: HANDTRACKING ADMIRE hand 1: hpm=1 -> shared=0
03-27 06:52:38.464 18091 18205 I [CT]    : HandPoseSampler: Filter reset
03-27 06:52:38.464 18091 18205 I InputDevice_Hand: HANDTRACKING ADMIRE hand 0: hpm=1 -> shared=0
03-27 06:52:38.464 18091 18205 I [CT]    : HandPoseSampler: Filter reset
03-27 06:52:38.464 18091 18205 I InputDevice_Hand: HANDTRACKING ADMIRE hand 1: hpm=1 -> shared=0
03-27 06:52:38.475 18091 18205 I [CT]    : HandPoseSampler: Filter reset
03-27 06:52:38.475 18091 18205 I InputDevice_Hand: HANDTRACKING ADMIRE hand 0: hpm=1 -> shared=0
03-27 06:52:38.475 18091 18205 I [CT]    : HandPoseSampler: Filter reset
03-27 06:52:38.475 18091 18205 I InputDevice_Hand: HANDTRACKING ADMIRE hand 1: hpm=1 -> shared=0
03-27 06:52:38.487 18091 18205 I [CT]    : HandPoseSampler: Filter reset
03-27 06:52:38.487 18091 18205 I InputDevice_Hand: HANDTRACKING ADMIRE hand 0: hpm=1 -> shared=0
03-27 06:52:38.487 18091 18205 I [CT]    : HandPoseSampler: Filter reset
03-27 06:52:38.487 18091 18205 I InputDevice_Hand: HANDTRACKING ADMIRE hand 1: hpm=1 -> shared=0
03-27 06:52:38.498 18091 18205 I [CT]    : HandPoseSampler: Filter reset
03-27 06:52:38.498 18091 18205 I InputDevice_Hand: HANDTRACKING ADMIRE hand 0: hpm=1 -> shared=0
03-27 06:52:38.498 18091 18205 I [CT]    : HandPoseSampler: Filter reset
03-27 06:52:38.498 18091 18205 I InputDevice_Hand: HANDTRACKING ADMIRE hand 1: hpm=1 -> shared=0
03-27 06:52:38.510 18091 18205 I [CT]    : HandPoseSampler: Filter reset
03-27 06:52:38.510 18091 18205 I InputDevice_Hand: HANDTRACKING ADMIRE hand 0: hpm=1 -> shared=0
03-27 06:52:38.510 18091 18205 I [CT]    : HandPoseSampler: Filter reset
03-27 06:52:38.510 18091 18205 I InputDevice_Hand: HANDTRACKING ADMIRE hand 1: hpm=1 -> shared=0
03-27 06:52:38.520 18091 18205 I [CT]    : HandPoseSampler: Filter reset
03-27 06:52:38.520 18091 18205 I InputDevice_Hand: HANDTRACKING ADMIRE hand 0: hpm=1 -> shared=0
03-27 06:52:38.520 18091 18205 I [CT]    : HandPoseSampler: Filter reset
03-27 06:52:38.520 18091 18205 I InputDevice_Hand: HANDTRACKING ADMIRE hand 1: hpm=1 -> shared=0
03-27 06:52:38.531 18091 18205 I [CT]    : HandPoseSampler: Filter reset
03-27 06:52:38.531 18091 18205 I InputDevice_Hand: HANDTRACKING ADMIRE hand 0: hpm=1 -> shared=0
03-27 06:52:38.531 18091 18205 I [CT]    : HandPoseSampler: Filter reset
03-27 06:52:38.531 18091 18205 I InputDevice_Hand: HANDTRACKING ADMIRE hand 1: hpm=1 -> shared=0
03-27 06:52:38.542 18091 18205 I [CT]    : HandPoseSampler: Filter reset
03-27 06:52:38.542 18091 18205 I InputDevice_Hand: HANDTRACKING ADMIRE hand 0: hpm=1 -> shared=0
03-27 06:52:38.542 18091 18205 I [CT]    : HandPoseSampler: Filter reset
03-27 06:52:38.542 18091 18205 I InputDevice_Hand: HANDTRACKING ADMIRE hand 1: hpm=1 -> shared=0
03-27 06:52:38.553 18091 18205 I [CT]    : HandPoseSampler: Filter reset
03-27 06:52:38.553 18091 18205 I InputDevice_Hand: HANDTRACKING ADMIRE hand 0: hpm=1 -> shared=0
03-27 06:52:38.553 18091 18205 I [CT]    : HandPoseSampler: Filter reset
03-27 06:52:38.553 18091 18205 I InputDevice_Hand: HANDTRACKING ADMIRE hand 1: hpm=1 -> shared=0
03-27 06:52:38.564 18091 18205 I [CT]    : HandPoseSampler: Filter reset
03-27 06:52:38.565 18091 18205 I InputDevice_Hand: HANDTRACKING ADMIRE hand 0: hpm=1 -> shared=0
03-27 06:52:38.565 18091 18205 I [CT]    : HandPoseSampler: Filter reset
03-27 06:52:38.565 18091 18205 I InputDevice_Hand: HANDTRACKING ADMIRE hand 1: hpm=1 -> shared=0
03-27 06:52:38.576 18091 18205 I [CT]    : HandPoseSampler: Filter reset
03-27 06:52:38.576 18091 18205 I InputDevice_Hand: HANDTRACKING ADMIRE hand 0: hpm=1 -> shared=0
03-27 06:52:38.576 18091 18205 I [CT]    : HandPoseSampler: Filter reset
03-27 06:52:38.576 18091 18205 I InputDevice_Hand: HANDTRACKING ADMIRE hand 1: hpm=1 -> shared=0
03-27 06:52:38.587 18091 18205 I [CT]    : HandPoseSampler: Filter reset
03-27 06:52:38.587 18091 18205 I InputDevice_Hand: HANDTRACKING ADMIRE hand 0: hpm=1 -> shared=0
03-27 06:52:38.587 18091 18205 I [CT]    : HandPoseSampler: Filter reset
03-27 06:52:38.587 18091 18205 I InputDevice_Hand: HANDTRACKING ADMIRE hand 1: hpm=1 -> shared=0
03-27 06:52:38.598 18091 18205 I [CT]    : HandPoseSampler: Filter reset
03-27 06:52:38.598 18091 18205 I InputDevice_Hand: HANDTRACKING ADMIRE hand 0: hpm=1 -> shared=0
03-27 06:52:38.598 18091 18205 I [CT]    : HandPoseSampler: Filter reset
03-27 06:52:38.598 18091 18205 I InputDevice_Hand: HANDTRACKING ADMIRE hand 1: hpm=1 -> shared=0
03-27 06:52:38.609 18091 18205 I [CT]    : HandPoseSampler: Filter reset
03-27 06:52:38.609 18091 18205 I InputDevice_Hand: HANDTRACKING ADMIRE hand 0: hpm=1 -> shared=0
03-27 06:52:38.609 18091 18205 I [CT]    : HandPoseSampler: Filter reset
03-27 06:52:38.609 18091 18205 I InputDevice_Hand: HANDTRACKING ADMIRE hand 1: hpm=1 -> shared=0
03-27 06:52:38.620 18091 18205 I [CT]    : HandPoseSampler: Filter reset
03-27 06:52:38.620 18091 18205 I InputDevice_Hand: HANDTRACKING ADMIRE hand 0: hpm=1 -> shared=0
03-27 06:52:38.620 18091 18205 I [CT]    : HandPoseSampler: Filter reset
03-27 06:52:38.620 18091 18205 I InputDevice_Hand: HANDTRACKING ADMIRE hand 1: hpm=1 -> shared=0
03-27 06:52:38.631 18091 18205 I [CT]    : HandPoseSampler: Filter reset
03-27 06:52:38.631 18091 18205 I InputDevice_Hand: HANDTRACKING ADMIRE hand 0: hpm=1 -> shared=0
03-27 06:52:38.631 18091 18205 I [CT]    : HandPoseSampler: Filter reset
03-27 06:52:38.631 18091 18205 I InputDevice_Hand: HANDTRACKING ADMIRE hand 1: hpm=1 -> shared=0
03-27 06:52:38.642 18091 18205 I [CT]    : HandPoseSampler: Filter reset
03-27 06:52:38.642 18091 18205 I InputDevice_Hand: HANDTRACKING ADMIRE hand 0: hpm=1 -> shared=0
03-27 06:52:38.642 18091 18205 I [CT]    : HandPoseSampler: Filter reset
03-27 06:52:38.642 18091 18205 I InputDevice_Hand: HANDTRACKING ADMIRE hand 1: hpm=1 -> shared=0
03-27 06:52:38.653 18091 18205 I [CT]    : HandPoseSampler: Filter reset
03-27 06:52:38.653 18091 18205 I InputDevice_Hand: HANDTRACKING ADMIRE hand 0: hpm=1 -> shared=0
03-27 06:52:38.653 18091 18205 I [CT]    : HandPoseSampler: Filter reset
03-27 06:52:38.653 18091 18205 I InputDevice_Hand: HANDTRACKING ADMIRE hand 1: hpm=1 -> shared=0
03-27 06:52:38.665 18091 18205 I [CT]    : HandPoseSampler: Filter reset
03-27 06:52:38.665 18091 18205 I InputDevice_Hand: HANDTRACKING ADMIRE hand 0: hpm=1 -> shared=0
03-27 06:52:38.665 18091 18205 I [CT]    : HandPoseSampler: Filter reset
03-27 06:52:38.665 18091 18205 I InputDevice_Hand: HANDTRACKING ADMIRE hand 1: hpm=1 -> shared=0
03-27 06:52:38.671 18091 18457 W ShellHsr: Renderer: RenderableFilter has 108 tags, which is more than 10. This is expected to be rare. If this becomes common, consider changing RenderableFilter logic to use something other than linear searches for filtering renderable tags (like registered bitsets).
03-27 06:52:38.675 18091 18205 I [CT]    : HandPoseSampler: Filter reset
03-27 06:52:38.675 18091 18205 I InputDevice_Hand: HANDTRACKING ADMIRE hand 0: hpm=1 -> shared=0
03-27 06:52:38.675 18091 18205 I [CT]    : HandPoseSampler: Filter reset
03-27 06:52:38.676 18091 18205 I InputDevice_Hand: HANDTRACKING ADMIRE hand 1: hpm=1 -> shared=0
03-27 06:52:38.686 18091 18205 I [CT]    : HandPoseSampler: Filter reset
03-27 06:52:38.686 18091 18205 I InputDevice_Hand: HANDTRACKING ADMIRE hand 0: hpm=1 -> shared=0
03-27 06:52:38.686 18091 18205 I [CT]    : HandPoseSampler: Filter reset
03-27 06:52:38.686 18091 18205 I InputDevice_Hand: HANDTRACKING ADMIRE hand 1: hpm=1 -> shared=0
03-27 06:52:38.698 18091 18205 I [CT]    : HandPoseSampler: Filter reset
03-27 06:52:38.698 18091 18205 I InputDevice_Hand: HANDTRACKING ADMIRE hand 0: hpm=1 -> shared=0
03-27 06:52:38.698 18091 18205 I [CT]    : HandPoseSampler: Filter reset
03-27 06:52:38.698 18091 18205 I InputDevice_Hand: HANDTRACKING ADMIRE hand 1: hpm=1 -> shared=0
03-27 06:52:38.709 18091 18205 I [CT]    : HandPoseSampler: Filter reset
03-27 06:52:38.709 18091 18205 I InputDevice_Hand: HANDTRACKING ADMIRE hand 0: hpm=1 -> shared=0
03-27 06:52:38.709 18091 18205 I [CT]    : HandPoseSampler: Filter reset
03-27 06:52:38.709 18091 18205 I InputDevice_Hand: HANDTRACKING ADMIRE hand 1: hpm=1 -> shared=0
03-27 06:52:38.720 18091 18205 I [CT]    : HandPoseSampler: Filter reset
03-27 06:52:38.720 18091 18205 I InputDevice_Hand: HANDTRACKING ADMIRE hand 0: hpm=1 -> shared=0
03-27 06:52:38.720 18091 18205 I [CT]    : HandPoseSampler: Filter reset
03-27 06:52:38.720 18091 18205 I InputDevice_Hand: HANDTRACKING ADMIRE hand 1: hpm=1 -> shared=0
03-27 06:52:38.731 18091 18205 I [CT]    : HandPoseSampler: Filter reset
03-27 06:52:38.731 18091 18205 I InputDevice_Hand: HANDTRACKING ADMIRE hand 0: hpm=1 -> shared=0
03-27 06:52:38.731 18091 18205 I [CT]    : HandPoseSampler: Filter reset
03-27 06:52:38.731 18091 18205 I InputDevice_Hand: HANDTRACKING ADMIRE hand 1: hpm=1 -> shared=0
03-27 06:52:38.742 18091 18205 I [CT]    : HandPoseSampler: Filter reset
03-27 06:52:38.742 18091 18205 I InputDevice_Hand: HANDTRACKING ADMIRE hand 0: hpm=1 -> shared=0
03-27 06:52:38.742 18091 18205 I [CT]    : HandPoseSampler: Filter reset
03-27 06:52:38.742 18091 18205 I InputDevice_Hand: HANDTRACKING ADMIRE hand 1: hpm=1 -> shared=0
03-27 06:52:38.753 18091 18205 I [CT]    : HandPoseSampler: Filter reset
03-27 06:52:38.754 18091 18205 I InputDevice_Hand: HANDTRACKING ADMIRE hand 0: hpm=1 -> shared=0
03-27 06:52:38.754 18091 18205 I [CT]    : HandPoseSampler: Filter reset
03-27 06:52:38.754 18091 18205 I InputDevice_Hand: HANDTRACKING ADMIRE hand 1: hpm=1 -> shared=0
03-27 06:52:38.765 18091 18205 I [CT]    : HandPoseSampler: Filter reset
03-27 06:52:38.765 18091 18205 I InputDevice_Hand: HANDTRACKING ADMIRE hand 0: hpm=1 -> shared=0
03-27 06:52:38.765 18091 18205 I [CT]    : HandPoseSampler: Filter reset
03-27 06:52:38.765 18091 18205 I InputDevice_Hand: HANDTRACKING ADMIRE hand 1: hpm=1 -> shared=0
03-27 06:52:38.776 18091 18205 I [CT]    : HandPoseSampler: Filter reset
03-27 06:52:38.776 18091 18205 I InputDevice_Hand: HANDTRACKING ADMIRE hand 0: hpm=1 -> shared=0
03-27 06:52:38.776 18091 18205 I [CT]    : HandPoseSampler: Filter reset
03-27 06:52:38.776 18091 18205 I InputDevice_Hand: HANDTRACKING ADMIRE hand 1: hpm=1 -> shared=0
03-27 06:52:38.787 18091 18205 I [CT]    : HandPoseSampler: Filter reset
03-27 06:52:38.787 18091 18205 I InputDevice_Hand: HANDTRACKING ADMIRE hand 0: hpm=1 -> shared=0
03-27 06:52:38.787 18091 18205 I [CT]    : HandPoseSampler: Filter reset
03-27 06:52:38.787 18091 18205 I InputDevice_Hand: HANDTRACKING ADMIRE hand 1: hpm=1 -> shared=0
03-27 06:52:38.798 18091 18205 I [CT]    : HandPoseSampler: Filter reset
03-27 06:52:38.798 18091 18205 I InputDevice_Hand: HANDTRACKING ADMIRE hand 0: hpm=1 -> shared=0
03-27 06:52:38.798 18091 18205 I [CT]    : HandPoseSampler: Filter reset
03-27 06:52:38.798 18091 18205 I InputDevice_Hand: HANDTRACKING ADMIRE hand 1: hpm=1 -> shared=0
03-27 06:52:38.809 18091 18205 I [CT]    : HandPoseSampler: Filter reset
03-27 06:52:38.809 18091 18205 I InputDevice_Hand: HANDTRACKING ADMIRE hand 0: hpm=1 -> shared=0
03-27 06:52:38.809 18091 18205 I [CT]    : HandPoseSampler: Filter reset
03-27 06:52:38.809 18091 18205 I InputDevice_Hand: HANDTRACKING ADMIRE hand 1: hpm=1 -> shared=0
03-27 06:52:38.820 18091 18205 I [CT]    : HandPoseSampler: Filter reset
03-27 06:52:38.820 18091 18205 I InputDevice_Hand: HANDTRACKING ADMIRE hand 0: hpm=1 -> shared=0
03-27 06:52:38.820 18091 18205 I [CT]    : HandPoseSampler: Filter reset
03-27 06:52:38.820 18091 18205 I InputDevice_Hand: HANDTRACKING ADMIRE hand 1: hpm=1 -> shared=0
03-27 06:52:38.832 18091 18205 I [CT]    : HandPoseSampler: Filter reset
03-27 06:52:38.832 18091 18205 I InputDevice_Hand: HANDTRACKING ADMIRE hand 0: hpm=1 -> shared=0
03-27 06:52:38.832 18091 18205 I [CT]    : HandPoseSampler: Filter reset
03-27 06:52:38.832 18091 18205 I InputDevice_Hand: HANDTRACKING ADMIRE hand 1: hpm=1 -> shared=0
03-27 06:52:38.842 18091 18205 I [CT]    : HandPoseSampler: Filter reset
03-27 06:52:38.842 18091 18205 I InputDevice_Hand: HANDTRACKING ADMIRE hand 0: hpm=1 -> shared=0
03-27 06:52:38.842 18091 18205 I [CT]    : HandPoseSampler: Filter reset
03-27 06:52:38.842 18091 18205 I InputDevice_Hand: HANDTRACKING ADMIRE hand 1: hpm=1 -> shared=0
03-27 06:52:38.854 18091 18205 I [CT]    : HandPoseSampler: Filter reset
03-27 06:52:38.854 18091 18205 I InputDevice_Hand: HANDTRACKING ADMIRE hand 0: hpm=1 -> shared=0
03-27 06:52:38.854 18091 18205 I [CT]    : HandPoseSampler: Filter reset
03-27 06:52:38.854 18091 18205 I InputDevice_Hand: HANDTRACKING ADMIRE hand 1: hpm=1 -> shared=0
03-27 06:52:38.864 18091 18205 I [CT]    : HandPoseSampler: Filter reset
03-27 06:52:38.865 18091 18205 I InputDevice_Hand: HANDTRACKING ADMIRE hand 0: hpm=1 -> shared=0
03-27 06:52:38.865 18091 18205 I [CT]    : HandPoseSampler: Filter reset
03-27 06:52:38.865 18091 18205 I InputDevice_Hand: HANDTRACKING ADMIRE hand 1: hpm=1 -> shared=0
03-27 06:52:38.876 18091 18205 I [CT]    : HandPoseSampler: Filter reset
03-27 06:52:38.876 18091 18205 I InputDevice_Hand: HANDTRACKING ADMIRE hand 0: hpm=1 -> shared=0
03-27 06:52:38.876 18091 18205 I [CT]    : HandPoseSampler: Filter reset
03-27 06:52:38.876 18091 18205 I InputDevice_Hand: HANDTRACKING ADMIRE hand 1: hpm=1 -> shared=0
03-27 06:52:38.888 18091 18205 I [CT]    : HandPoseSampler: Filter reset
03-27 06:52:38.888 18091 18205 I InputDevice_Hand: HANDTRACKING ADMIRE hand 0: hpm=1 -> shared=0
03-27 06:52:38.888 18091 18205 I [CT]    : HandPoseSampler: Filter reset
03-27 06:52:38.888 18091 18205 I InputDevice_Hand: HANDTRACKING ADMIRE hand 1: hpm=1 -> shared=0
03-27 06:52:38.898 18091 18205 I [CT]    : HandPoseSampler: Filter reset
03-27 06:52:38.898 18091 18205 I InputDevice_Hand: HANDTRACKING ADMIRE hand 0: hpm=1 -> shared=0
03-27 06:52:38.898 18091 18205 I [CT]    : HandPoseSampler: Filter reset
03-27 06:52:38.898 18091 18205 I InputDevice_Hand: HANDTRACKING ADMIRE hand 1: hpm=1 -> shared=0
03-27 06:52:38.909 18091 18205 I [CT]    : HandPoseSampler: Filter reset
03-27 06:52:38.909 18091 18205 I InputDevice_Hand: HANDTRACKING ADMIRE hand 0: hpm=1 -> shared=0
03-27 06:52:38.909 18091 18205 I [CT]    : HandPoseSampler: Filter reset
03-27 06:52:38.909 18091 18205 I InputDevice_Hand: HANDTRACKING ADMIRE hand 1: hpm=1 -> shared=0
03-27 06:52:38.920 18091 18205 I [CT]    : HandPoseSampler: Filter reset
03-27 06:52:38.920 18091 18205 I InputDevice_Hand: HANDTRACKING ADMIRE hand 0: hpm=1 -> shared=0
03-27 06:52:38.920 18091 18205 I [CT]    : HandPoseSampler: Filter reset
03-27 06:52:38.920 18091 18205 I InputDevice_Hand: HANDTRACKING ADMIRE hand 1: hpm=1 -> shared=0
03-27 06:52:38.932 18091 18205 I [CT]    : HandPoseSampler: Filter reset
03-27 06:52:38.932 18091 18205 I InputDevice_Hand: HANDTRACKING ADMIRE hand 0: hpm=1 -> shared=0
03-27 06:52:38.932 18091 18205 I [CT]    : HandPoseSampler: Filter reset
03-27 06:52:38.932 18091 18205 I InputDevice_Hand: HANDTRACKING ADMIRE hand 1: hpm=1 -> shared=0
03-27 06:52:38.937   897  1854 I Tracking: CONSTELLATION_Left: [Throttled count=179] P+C Left: Imu state is invalid when querying vision state!
03-27 06:52:38.937   897  1854 I Tracking: CONSTELLATION_Left: [Throttled count=89] P+C Left: Not reinitializing 6DoF filter yet (no valid pose from vision).
03-27 06:52:38.943 18091 18205 I [CT]    : HandPoseSampler: Filter reset
03-27 06:52:38.943 18091 18205 I InputDevice_Hand: HANDTRACKING ADMIRE hand 0: hpm=1 -> shared=0
03-27 06:52:38.943 18091 18205 I [CT]    : HandPoseSampler: Filter reset
03-27 06:52:38.943 18091 18205 I InputDevice_Hand: HANDTRACKING ADMIRE hand 1: hpm=1 -> shared=0
03-27 06:52:38.954 18091 18205 I [CT]    : HandPoseSampler: Filter reset
03-27 06:52:38.954 18091 18205 I InputDevice_Hand: HANDTRACKING ADMIRE hand 0: hpm=1 -> shared=0
03-27 06:52:38.954 18091 18205 I [CT]    : HandPoseSampler: Filter reset
03-27 06:52:38.954 18091 18205 I InputDevice_Hand: HANDTRACKING ADMIRE hand 1: hpm=1 -> shared=0
03-27 06:52:38.965 18091 18205 I [CT]    : HandPoseSampler: Filter reset
03-27 06:52:38.965 18091 18205 I InputDevice_Hand: HANDTRACKING ADMIRE hand 0: hpm=1 -> shared=0
03-27 06:52:38.965 18091 18205 I [CT]    : HandPoseSampler: Filter reset
03-27 06:52:38.965 18091 18205 I InputDevice_Hand: HANDTRACKING ADMIRE hand 1: hpm=1 -> shared=0
03-27 06:52:38.976 18091 18205 I [CT]    : HandPoseSampler: Filter reset
03-27 06:52:38.976 18091 18205 I InputDevice_Hand: HANDTRACKING ADMIRE hand 0: hpm=1 -> shared=0
03-27 06:52:38.976 18091 18205 I [CT]    : HandPoseSampler: Filter reset
03-27 06:52:38.976 18091 18205 I InputDevice_Hand: HANDTRACKING ADMIRE hand 1: hpm=1 -> shared=0
03-27 06:52:38.987 18091 18205 I [CT]    : HandPoseSampler: Filter reset
03-27 06:52:38.987 18091 18205 I InputDevice_Hand: HANDTRACKING ADMIRE hand 0: hpm=1 -> shared=0
03-27 06:52:38.987 18091 18205 I [CT]    : HandPoseSampler: Filter reset
03-27 06:52:38.987 18091 18205 I InputDevice_Hand: HANDTRACKING ADMIRE hand 1: hpm=1 -> shared=0
03-27 06:52:38.998 18091 18205 I [CT]    : HandPoseSampler: Filter reset
03-27 06:52:38.998 18091 18205 I InputDevice_Hand: HANDTRACKING ADMIRE hand 0: hpm=1 -> shared=0
03-27 06:52:38.998 18091 18205 I [CT]    : HandPoseSampler: Filter reset
03-27 06:52:38.998 18091 18205 I InputDevice_Hand: HANDTRACKING ADMIRE hand 1: hpm=1 -> shared=0
03-27 06:52:39.009 18091 18205 I [CT]    : HandPoseSampler: Filter reset
03-27 06:52:39.009 18091 18205 I InputDevice_Hand: HANDTRACKING ADMIRE hand 0: hpm=1 -> shared=0
03-27 06:52:39.009 18091 18205 I [CT]    : HandPoseSampler: Filter reset
03-27 06:52:39.009 18091 18205 I InputDevice_Hand: HANDTRACKING ADMIRE hand 1: hpm=1 -> shared=0
03-27 06:52:39.010 18091 14209 I VrApi   : FPS=91/90,Prd=25ms,Tear=0,Early=0,Stale=0,Stale2/5/10/max=0/0/0/0,VSnc=1,Lat=-4,Fov=3,CPU4/GPU=-1/-1,1920/545MHz,OC=3F,TA=0/0/0,SP=N/N/N,Mem=2092MHz,Free=4016MB,PLS=0,Temp=34.0C/0.0C,TW=0.69ms,App=1.59ms,GD=0.00ms,CPU&GPU=9.56ms,LCnt=1(DR91,LM0),GPU%=0.22,CPU%=0.27(W0.31),CFL=11.71/15.45,ICFLp95=13.88,LD=0,CABC=1,SF=0.78,LP=1,DVFS=0,Preempt=192,PoseAgeP95=0.00
03-27 06:52:39.010 18091 14209 I VrApi   : ASW=0,Type=PTWFromStereo,E=0.000/0.000,D=0.000/0.000
03-27 06:52:39.021 18091 18205 I [CT]    : HandPoseSampler: Filter reset
03-27 06:52:39.021 18091 18205 I InputDevice_Hand: HANDTRACKING ADMIRE hand 0: hpm=1 -> shared=0
03-27 06:52:39.021 18091 18205 I [CT]    : HandPoseSampler: Filter reset
03-27 06:52:39.021 18091 18205 I InputDevice_Hand: HANDTRACKING ADMIRE hand 1: hpm=1 -> shared=0
03-27 06:52:39.032 18091 18205 I [CT]    : HandPoseSampler: Filter reset
03-27 06:52:39.032 18091 18205 I InputDevice_Hand: HANDTRACKING ADMIRE hand 0: hpm=1 -> shared=0
03-27 06:52:39.032 18091 18205 I [CT]    : HandPoseSampler: Filter reset
03-27 06:52:39.032 18091 18205 I InputDevice_Hand: HANDTRACKING ADMIRE hand 1: hpm=1 -> shared=0
03-27 06:52:39.043 18091 18205 I [CT]    : HandPoseSampler: Filter reset
03-27 06:52:39.043 18091 18205 I InputDevice_Hand: HANDTRACKING ADMIRE hand 0: hpm=1 -> shared=0
03-27 06:52:39.043 18091 18205 I [CT]    : HandPoseSampler: Filter reset
03-27 06:52:39.043 18091 18205 I InputDevice_Hand: HANDTRACKING ADMIRE hand 1: hpm=1 -> shared=0
03-27 06:52:39.054 18091 18205 I [CT]    : HandPoseSampler: Filter reset
03-27 06:52:39.054 18091 18205 I InputDevice_Hand: HANDTRACKING ADMIRE hand 0: hpm=1 -> shared=0
03-27 06:52:39.054 18091 18205 I [CT]    : HandPoseSampler: Filter reset
03-27 06:52:39.054 18091 18205 I InputDevice_Hand: HANDTRACKING ADMIRE hand 1: hpm=1 -> shared=0
03-27 06:52:39.065 18091 18205 I [CT]    : HandPoseSampler: Filter reset
03-27 06:52:39.065 18091 18205 I InputDevice_Hand: HANDTRACKING ADMIRE hand 0: hpm=1 -> shared=0
03-27 06:52:39.065 18091 18205 I [CT]    : HandPoseSampler: Filter reset
03-27 06:52:39.065 18091 18205 I InputDevice_Hand: HANDTRACKING ADMIRE hand 1: hpm=1 -> shared=0
03-27 06:52:39.077 18091 18205 I [CT]    : HandPoseSampler: Filter reset
03-27 06:52:39.077 18091 18205 I InputDevice_Hand: HANDTRACKING ADMIRE hand 0: hpm=1 -> shared=0
03-27 06:52:39.077 18091 18205 I [CT]    : HandPoseSampler: Filter reset
03-27 06:52:39.077 18091 18205 I InputDevice_Hand: HANDTRACKING ADMIRE hand 1: hpm=1 -> shared=0
03-27 06:52:39.087 18091 18205 I [CT]    : HandPoseSampler: Filter reset
03-27 06:52:39.087 18091 18205 I InputDevice_Hand: HANDTRACKING ADMIRE hand 0: hpm=1 -> shared=0
03-27 06:52:39.087 18091 18205 I [CT]    : HandPoseSampler: Filter reset
03-27 06:52:39.087 18091 18205 I InputDevice_Hand: HANDTRACKING ADMIRE hand 1: hpm=1 -> shared=0
03-27 06:52:39.098 18091 18205 I [CT]    : HandPoseSampler: Filter reset
03-27 06:52:39.098 18091 18205 I InputDevice_Hand: HANDTRACKING ADMIRE hand 0: hpm=1 -> shared=0
03-27 06:52:39.098 18091 18205 I [CT]    : HandPoseSampler: Filter reset
03-27 06:52:39.098 18091 18205 I InputDevice_Hand: HANDTRACKING ADMIRE hand 1: hpm=1 -> shared=0
03-27 06:52:39.110 18091 18205 I [CT]    : HandPoseSampler: Filter reset
03-27 06:52:39.110 18091 18205 I InputDevice_Hand: HANDTRACKING ADMIRE hand 0: hpm=1 -> shared=0
03-27 06:52:39.110 18091 18205 I [CT]    : HandPoseSampler: Filter reset
03-27 06:52:39.110 18091 18205 I InputDevice_Hand: HANDTRACKING ADMIRE hand 1: hpm=1 -> shared=0
03-27 06:52:39.121 18091 18205 I [CT]    : HandPoseSampler: Filter reset
03-27 06:52:39.121 18091 18205 I InputDevice_Hand: HANDTRACKING ADMIRE hand 0: hpm=1 -> shared=0
03-27 06:52:39.121 18091 18205 I [CT]    : HandPoseSampler: Filter reset
03-27 06:52:39.121 18091 18205 I InputDevice_Hand: HANDTRACKING ADMIRE hand 1: hpm=1 -> shared=0
03-27 06:52:39.132 18091 18205 I [CT]    : HandPoseSampler: Filter reset
03-27 06:52:39.132 18091 18205 I InputDevice_Hand: HANDTRACKING ADMIRE hand 0: hpm=1 -> shared=0
03-27 06:52:39.132 18091 18205 I [CT]    : HandPoseSampler: Filter reset
03-27 06:52:39.132 18091 18205 I InputDevice_Hand: HANDTRACKING ADMIRE hand 1: hpm=1 -> shared=0
03-27 06:52:39.143 18091 18205 I [CT]    : HandPoseSampler: Filter reset
03-27 06:52:39.143 18091 18205 I InputDevice_Hand: HANDTRACKING ADMIRE hand 0: hpm=1 -> shared=0
03-27 06:52:39.143 18091 18205 I [CT]    : HandPoseSampler: Filter reset
03-27 06:52:39.143 18091 18205 I InputDevice_Hand: HANDTRACKING ADMIRE hand 1: hpm=1 -> shared=0
03-27 06:52:39.154 18091 18205 I [CT]    : HandPoseSampler: Filter reset
03-27 06:52:39.154 18091 18205 I InputDevice_Hand: HANDTRACKING ADMIRE hand 0: hpm=1 -> shared=0
03-27 06:52:39.154 18091 18205 I [CT]    : HandPoseSampler: Filter reset
03-27 06:52:39.154 18091 18205 I InputDevice_Hand: HANDTRACKING ADMIRE hand 1: hpm=1 -> shared=0
03-27 06:52:39.165 18091 18205 I [CT]    : HandPoseSampler: Filter reset
03-27 06:52:39.165   920 14201 I VD628x  : Flicker results: freq 120.000000, max 119.916336, dcr 32.810509, pct 0.042090, idx 0.013140, conf 0.876226, snr 8.584288, svm 0.070666, sus 0
03-27 06:52:39.165 18091 18205 I InputDevice_Hand: HANDTRACKING ADMIRE hand 0: hpm=1 -> shared=0
03-27 06:52:39.165 18091 18205 I [CT]    : HandPoseSampler: Filter reset
03-27 06:52:39.165 18091 18205 I InputDevice_Hand: HANDTRACKING ADMIRE hand 1: hpm=1 -> shared=0
03-27 06:52:39.176 18091 18205 I [CT]    : HandPoseSampler: Filter reset
03-27 06:52:39.176 18091 18205 I InputDevice_Hand: HANDTRACKING ADMIRE hand 0: hpm=1 -> shared=0
03-27 06:52:39.176 18091 18205 I [CT]    : HandPoseSampler: Filter reset
03-27 06:52:39.176 18091 18205 I InputDevice_Hand: HANDTRACKING ADMIRE hand 1: hpm=1 -> shared=0
03-27 06:52:39.187 18091 18205 I [CT]    : HandPoseSampler: Filter reset
03-27 06:52:39.187 18091 18205 I InputDevice_Hand: HANDTRACKING ADMIRE hand 0: hpm=1 -> shared=0
03-27 06:52:39.187 18091 18205 I [CT]    : HandPoseSampler: Filter reset
03-27 06:52:39.187 18091 18205 I InputDevice_Hand: HANDTRACKING ADMIRE hand 1: hpm=1 -> shared=0
03-27 06:52:39.198 18091 18205 I [CT]    : HandPoseSampler: Filter reset
03-27 06:52:39.198 18091 18205 I InputDevice_Hand: HANDTRACKING ADMIRE hand 0: hpm=1 -> shared=0
03-27 06:52:39.198 18091 18205 I [CT]    : HandPoseSampler: Filter reset
03-27 06:52:39.198 18091 18205 I InputDevice_Hand: HANDTRACKING ADMIRE hand 1: hpm=1 -> shared=0
03-27 06:52:39.210 18091 18205 I [CT]    : HandPoseSampler: Filter reset
03-27 06:52:39.210 18091 18205 I InputDevice_Hand: HANDTRACKING ADMIRE hand 0: hpm=1 -> shared=0
03-27 06:52:39.210 18091 18205 I [CT]    : HandPoseSampler: Filter reset
03-27 06:52:39.210 18091 18205 I InputDevice_Hand: HANDTRACKING ADMIRE hand 1: hpm=1 -> shared=0
03-27 06:52:39.221 18091 18205 I [CT]    : HandPoseSampler: Filter reset
03-27 06:52:39.221 18091 18205 I InputDevice_Hand: HANDTRACKING ADMIRE hand 0: hpm=1 -> shared=0
03-27 06:52:39.221 18091 18205 I [CT]    : HandPoseSampler: Filter reset
03-27 06:52:39.221 18091 18205 I InputDevice_Hand: HANDTRACKING ADMIRE hand 1: hpm=1 -> shared=0
03-27 06:52:39.232 18091 18205 I [CT]    : HandPoseSampler: Filter reset
03-27 06:52:39.232 18091 18205 I InputDevice_Hand: HANDTRACKING ADMIRE hand 0: hpm=1 -> shared=0
03-27 06:52:39.232 18091 18205 I [CT]    : HandPoseSampler: Filter reset
03-27 06:52:39.232 18091 18205 I InputDevice_Hand: HANDTRACKING ADMIRE hand 1: hpm=1 -> shared=0
03-27 06:52:39.243 18091 18205 I [CT]    : HandPoseSampler: Filter reset
03-27 06:52:39.243 18091 18205 I InputDevice_Hand: HANDTRACKING ADMIRE hand 0: hpm=1 -> shared=0
03-27 06:52:39.243 18091 18205 I [CT]    : HandPoseSampler: Filter reset
03-27 06:52:39.243 18091 18205 I InputDevice_Hand: HANDTRACKING ADMIRE hand 1: hpm=1 -> shared=0
03-27 06:52:39.254 18091 18205 I [CT]    : HandPoseSampler: Filter reset
03-27 06:52:39.254 18091 18205 I InputDevice_Hand: HANDTRACKING ADMIRE hand 0: hpm=1 -> shared=0
03-27 06:52:39.254 18091 18205 I [CT]    : HandPoseSampler: Filter reset
03-27 06:52:39.254 18091 18205 I InputDevice_Hand: HANDTRACKING ADMIRE hand 1: hpm=1 -> shared=0
03-27 06:52:39.266 18091 18205 I [CT]    : HandPoseSampler: Filter reset
03-27 06:52:39.266 18091 18205 I InputDevice_Hand: HANDTRACKING ADMIRE hand 0: hpm=1 -> shared=0
03-27 06:52:39.266 18091 18205 I [CT]    : HandPoseSampler: Filter reset
03-27 06:52:39.266 18091 18205 I InputDevice_Hand: HANDTRACKING ADMIRE hand 1: hpm=1 -> shared=0
03-27 06:52:39.277 18091 18205 I [CT]    : HandPoseSampler: Filter reset
03-27 06:52:39.277 18091 18205 I InputDevice_Hand: HANDTRACKING ADMIRE hand 0: hpm=1 -> shared=0
03-27 06:52:39.277 18091 18205 I [CT]    : HandPoseSampler: Filter reset
03-27 06:52:39.277 18091 18205 I InputDevice_Hand: HANDTRACKING ADMIRE hand 1: hpm=1 -> shared=0
03-27 06:52:39.287 18091 18205 I [CT]    : HandPoseSampler: Filter reset
03-27 06:52:39.287 18091 18205 I InputDevice_Hand: HANDTRACKING ADMIRE hand 0: hpm=1 -> shared=0
03-27 06:52:39.287 18091 18205 I [CT]    : HandPoseSampler: Filter reset
03-27 06:52:39.287 18091 18205 I InputDevice_Hand: HANDTRACKING ADMIRE hand 1: hpm=1 -> shared=0
03-27 06:52:39.298 18091 18205 I [CT]    : HandPoseSampler: Filter reset
03-27 06:52:39.298 18091 18205 I InputDevice_Hand: HANDTRACKING ADMIRE hand 0: hpm=1 -> shared=0
03-27 06:52:39.298 18091 18205 I [CT]    : HandPoseSampler: Filter reset
03-27 06:52:39.298 18091 18205 I InputDevice_Hand: HANDTRACKING ADMIRE hand 1: hpm=1 -> shared=0
03-27 06:52:39.309 18091 18205 I [CT]    : HandPoseSampler: Filter reset
03-27 06:52:39.309 18091 18205 I InputDevice_Hand: HANDTRACKING ADMIRE hand 0: hpm=1 -> shared=0
03-27 06:52:39.309 18091 18205 I [CT]    : HandPoseSampler: Filter reset
03-27 06:52:39.309 18091 18205 I InputDevice_Hand: HANDTRACKING ADMIRE hand 1: hpm=1 -> shared=0
03-27 06:52:39.320 18091 18205 I [CT]    : HandPoseSampler: Filter reset
03-27 06:52:39.320 18091 18205 I InputDevice_Hand: HANDTRACKING ADMIRE hand 0: hpm=1 -> shared=0
03-27 06:52:39.320 18091 18205 I [CT]    : HandPoseSampler: Filter reset
03-27 06:52:39.320 18091 18205 I InputDevice_Hand: HANDTRACKING ADMIRE hand 1: hpm=1 -> shared=0
03-27 06:52:39.331 18091 18205 I [CT]    : HandPoseSampler: Filter reset
03-27 06:52:39.331 18091 18205 I InputDevice_Hand: HANDTRACKING ADMIRE hand 0: hpm=1 -> shared=0
03-27 06:52:39.331 18091 18205 I [CT]    : HandPoseSampler: Filter reset
03-27 06:52:39.331 18091 18205 I InputDevice_Hand: HANDTRACKING ADMIRE hand 1: hpm=1 -> shared=0
03-27 06:52:39.342 18091 18205 I [CT]    : HandPoseSampler: Filter reset
03-27 06:52:39.342 18091 18205 I InputDevice_Hand: HANDTRACKING ADMIRE hand 0: hpm=1 -> shared=0
03-27 06:52:39.342 18091 18205 I [CT]    : HandPoseSampler: Filter reset
03-27 06:52:39.342 18091 18205 I InputDevice_Hand: HANDTRACKING ADMIRE hand 1: hpm=1 -> shared=0
03-27 06:52:39.349   897 14310 W Tracking: CONSTELLATION_Left: [Throttled count=503] P+C Left: Could not retrieve 3dof fallback pose.
03-27 06:52:39.353 18091 18205 I [CT]    : HandPoseSampler: Filter reset
03-27 06:52:39.353 18091 18205 I InputDevice_Hand: HANDTRACKING ADMIRE hand 0: hpm=1 -> shared=0
03-27 06:52:39.353 18091 18205 I [CT]    : HandPoseSampler: Filter reset
03-27 06:52:39.354 18091 18205 I InputDevice_Hand: HANDTRACKING ADMIRE hand 1: hpm=1 -> shared=0
03-27 06:52:39.363   897 14271 W Tracking: IoteLogging: IMU Update exceeded imu sampling period: update=0.001405311 [sec], period=0.001250000 [sec].
03-27 06:52:39.364 18091 18205 I [CT]    : HandPoseSampler: Filter reset
03-27 06:52:39.364 18091 18205 I InputDevice_Hand: HANDTRACKING ADMIRE hand 0: hpm=1 -> shared=0
03-27 06:52:39.364 18091 18205 I [CT]    : HandPoseSampler: Filter reset
03-27 06:52:39.365 18091 18205 I InputDevice_Hand: HANDTRACKING ADMIRE hand 1: hpm=1 -> shared=0
03-27 06:52:39.376 18091 18205 I [CT]    : HandPoseSampler: Filter reset
03-27 06:52:39.376 18091 18205 I InputDevice_Hand: HANDTRACKING ADMIRE hand 0: hpm=1 -> shared=0
03-27 06:52:39.376 18091 18205 I [CT]    : HandPoseSampler: Filter reset
03-27 06:52:39.376 18091 18205 I InputDevice_Hand: HANDTRACKING ADMIRE hand 1: hpm=1 -> shared=0
03-27 06:52:39.387 18091 18205 I [CT]    : HandPoseSampler: Filter reset
03-27 06:52:39.387 18091 18205 I InputDevice_Hand: HANDTRACKING ADMIRE hand 0: hpm=1 -> shared=0
03-27 06:52:39.387 18091 18205 I [CT]    : HandPoseSampler: Filter reset
03-27 06:52:39.387 18091 18205 I InputDevice_Hand: HANDTRACKING ADMIRE hand 1: hpm=1 -> shared=0
03-27 06:52:39.398 18091 18205 I [CT]    : HandPoseSampler: Filter reset
03-27 06:52:39.398 18091 18205 I InputDevice_Hand: HANDTRACKING ADMIRE hand 0: hpm=1 -> shared=0
03-27 06:52:39.398 18091 18205 I [CT]    : HandPoseSampler: Filter reset
03-27 06:52:39.398 18091 18205 I InputDevice_Hand: HANDTRACKING ADMIRE hand 1: hpm=1 -> shared=0
03-27 06:52:39.409 18091 18205 I [CT]    : HandPoseSampler: Filter reset
03-27 06:52:39.409 18091 18205 I InputDevice_Hand: HANDTRACKING ADMIRE hand 0: hpm=1 -> shared=0
03-27 06:52:39.409 18091 18205 I [CT]    : HandPoseSampler: Filter reset
03-27 06:52:39.409 18091 18205 I InputDevice_Hand: HANDTRACKING ADMIRE hand 1: hpm=1 -> shared=0
03-27 06:52:39.412 18091 18205 I ShellHsr: Avatar: Invalid Pose Detected, player avatar is put into full animation state
03-27 06:52:39.420 18091 18205 I [CT]    : HandPoseSampler: Filter reset
03-27 06:52:39.420 18091 18205 I InputDevice_Hand: HANDTRACKING ADMIRE hand 0: hpm=1 -> shared=0
03-27 06:52:39.420 18091 18205 I [CT]    : HandPoseSampler: Filter reset
03-27 06:52:39.420 18091 18205 I InputDevice_Hand: HANDTRACKING ADMIRE hand 1: hpm=1 -> shared=0
03-27 06:52:39.432 18091 18205 I [CT]    : HandPoseSampler: Filter reset
03-27 06:52:39.432 18091 18205 I InputDevice_Hand: HANDTRACKING ADMIRE hand 0: hpm=1 -> shared=0
03-27 06:52:39.432 18091 18205 I [CT]    : HandPoseSampler: Filter reset
03-27 06:52:39.432 18091 18205 I InputDevice_Hand: HANDTRACKING ADMIRE hand 1: hpm=1 -> shared=0
03-27 06:52:39.443 18091 18205 I [CT]    : HandPoseSampler: Filter reset
03-27 06:52:39.443 18091 18205 I InputDevice_Hand: HANDTRACKING ADMIRE hand 0: hpm=1 -> shared=0
03-27 06:52:39.443 18091 18205 I [CT]    : HandPoseSampler: Filter reset
03-27 06:52:39.443 18091 18205 I InputDevice_Hand: HANDTRACKING ADMIRE hand 1: hpm=1 -> shared=0
03-27 06:52:39.451   927 19557 I libcamerahal: [INSIGHTS][2.00s] recv/ret/req heartbeat: cam0: 91/91/0, cam1: 91/91/0, cam2: 90/90/0, cam3: 90/90/0
03-27 06:52:39.453 18091 18205 I [CT]    : HandPoseSampler: Filter reset
03-27 06:52:39.453 18091 18205 I InputDevice_Hand: HANDTRACKING ADMIRE hand 0: hpm=1 -> shared=0
03-27 06:52:39.453 18091 18205 I [CT]    : HandPoseSampler: Filter reset
03-27 06:52:39.453 18091 18205 I InputDevice_Hand: HANDTRACKING ADMIRE hand 1: hpm=1 -> shared=0
03-27 06:52:39.465 18091 18205 I [CT]    : HandPoseSampler: Filter reset
03-27 06:52:39.465 18091 18205 I InputDevice_Hand: HANDTRACKING ADMIRE hand 0: hpm=1 -> shared=0
03-27 06:52:39.465 18091 18205 I [CT]    : HandPoseSampler: Filter reset
03-27 06:52:39.465 18091 18205 I InputDevice_Hand: HANDTRACKING ADMIRE hand 1: hpm=1 -> shared=0
03-27 06:52:39.472  1168  1840 I MRSS    : BOLT:HexagonTelemetry: Global DSP utilization: 7.08% (354 / 5002 ms), Scalar Util: 38.42%, HVX Util: 32.93%, HMX Util: 6.26%, DMA Active: 0.00%, Freq: 1171.2000000000003 MHz
03-27 06:52:39.472  1168  1840 I MRSS    : boltlib: DSP Rpc stats over 5002 ms: null
03-27 06:52:39.477 18091 18205 I [CT]    : HandPoseSampler: Filter reset
03-27 06:52:39.477 18091 18205 I InputDevice_Hand: HANDTRACKING ADMIRE hand 0: hpm=1 -> shared=0
03-27 06:52:39.477 18091 18205 I [CT]    : HandPoseSampler: Filter reset
03-27 06:52:39.477 18091 18205 I InputDevice_Hand: HANDTRACKING ADMIRE hand 1: hpm=1 -> shared=0
03-27 06:52:39.487 18091 18205 I [CT]    : HandPoseSampler: Filter reset
03-27 06:52:39.487 18091 18205 I InputDevice_Hand: HANDTRACKING ADMIRE hand 0: hpm=1 -> shared=0
03-27 06:52:39.487 18091 18205 I [CT]    : HandPoseSampler: Filter reset
03-27 06:52:39.487 18091 18205 I InputDevice_Hand: HANDTRACKING ADMIRE hand 1: hpm=1 -> shared=0
03-27 06:52:39.497 18091 18205 I [CT]    : HandPoseSampler: Filter reset
03-27 06:52:39.497 18091 18205 I InputDevice_Hand: HANDTRACKING ADMIRE hand 0: hpm=1 -> shared=0
03-27 06:52:39.497 18091 18205 I [CT]    : HandPoseSampler: Filter reset
03-27 06:52:39.497 18091 18205 I InputDevice_Hand: HANDTRACKING ADMIRE hand 1: hpm=1 -> shared=0
03-27 06:52:39.509 18091 18205 I [CT]    : HandPoseSampler: Filter reset
03-27 06:52:39.509 18091 18205 I InputDevice_Hand: HANDTRACKING ADMIRE hand 0: hpm=1 -> shared=0
03-27 06:52:39.509 18091 18205 I [CT]    : HandPoseSampler: Filter reset
03-27 06:52:39.509 18091 18205 I InputDevice_Hand: HANDTRACKING ADMIRE hand 1: hpm=1 -> shared=0
03-27 06:52:39.520 18091 18205 I [CT]    : HandPoseSampler: Filter reset
03-27 06:52:39.520 18091 18205 I InputDevice_Hand: HANDTRACKING ADMIRE hand 0: hpm=1 -> shared=0
03-27 06:52:39.520 18091 18205 I [CT]    : HandPoseSampler: Filter reset
03-27 06:52:39.520 18091 18205 I InputDevice_Hand: HANDTRACKING ADMIRE hand 1: hpm=1 -> shared=0
03-27 06:52:39.531 18091 18205 I [CT]    : HandPoseSampler: Filter reset
03-27 06:52:39.531 18091 18205 I InputDevice_Hand: HANDTRACKING ADMIRE hand 0: hpm=1 -> shared=0
03-27 06:52:39.531 18091 18205 I [CT]    : HandPoseSampler: Filter reset
03-27 06:52:39.531 18091 18205 I InputDevice_Hand: HANDTRACKING ADMIRE hand 1: hpm=1 -> shared=0
03-27 06:52:39.538   897  1854 I Tracking: CONSTELLATION:VISION_STATUS: 0x2e7e5d32cf134aad (R): [#Samples=76] 104.756s | BlobDetection:[#BlobsDetected=(7.22, 0.31)]Matching:[MatchSuccess=1.000, MatchCost=(0.00117, 0.00000), #MatchedBlobs=(6.99, 0.01), #MatchedLeds=(6.99, 0.01), RematchM=0.908, SkipRefine=0.000] MatchMethod:[Prox=0.092, ConstBrute=0.908, AttiBrute=0.000, UnconstBrute=0.000] MatchResets[AnomBlobSize=0.000, SharedMatch=0.000, DenseReacq=0.000] | Fusion:[FusionError=0.000, ImuFromCamMs=(-103255.710, 2138717.781), RematchF=0.000] FusionUpdates:[Successful=0.000, Reliable=0.000, TightFusion=0.000, FullPose=0.000, StaticPrior=0.000, StaticForHandTrans=0.000, PoseUpdateMD=(0.0000, 0.0000)] FusionResets[6DoFReset=0.000, ResetSuccess=0.000] FusionStatus[HasPosition=0.000, HasVelocity=0.000]  [Current time=104.756s, last log time=99.689s]
03-27 06:52:39.538   897  1854 I Tracking: CONSTELLATION:VISION_STATUS: 0x9a0f3b964e7e111f (L): [#Samples=76] 104.756s | BlobDetection:[#BlobsDetected=(7.22, 0.31)]Matching:[MatchSuccess=0.000, MatchCost=(0.00000, 0.00000), #MatchedBlobs=(0.00, 0.00), #MatchedLeds=(0.00, 0.00), RematchM=0.000, SkipRefine=0.000] MatchMethod:[Prox=0.000, ConstBrute=0.000, AttiBrute=0.000, UnconstBrute=0.000] MatchResets[AnomBlobSize=0.000, SharedMatch=0.000, DenseReacq=0.000] | Fusion:[FusionError=0.000, ImuFromCamMs=(-103255.710, 2138717.781), RematchF=0.000] FusionUpdates:[Successful=0.000, Reliable=0.000, TightFusion=0.000, FullPose=0.000, StaticPrior=0.000, StaticForHandTrans=0.000, PoseUpdateMD=(0.0000, 0.0000)] FusionResets[6DoFReset=0.000, ResetSuccess=0.000] FusionStatus[HasPosition=0.000, HasVelocity=0.000]  [Current time=104.756s, last log time=99.689s]
03-27 06:52:39.542 18091 18205 I [CT]    : HandPoseSampler: Filter reset
03-27 06:52:39.542 18091 18205 I InputDevice_Hand: HANDTRACKING ADMIRE hand 0: hpm=1 -> shared=0
03-27 06:52:39.542 18091 18205 I [CT]    : HandPoseSampler: Filter reset
03-27 06:52:39.542 18091 18205 I InputDevice_Hand: HANDTRACKING ADMIRE hand 1: hpm=1 -> shared=0
03-27 06:52:39.547 18224 18352 I AutoStationaryHelper: [AutoStationaryHelper::getGuardianDataFromNearbyRoomscale] Checking 1 existing guardian data
03-27 06:52:39.547 18224 18352 I GuardianMapDataMgr: [GuardianMapDataMgr::isValidTrackedRoomscale] [2575043440] Valid=yes, Roomscale=yes, Anchor [2cee9d32-7f24-ff1e-5555-ae309d8ea246] Tracked=yes
03-27 06:52:39.547 18224 18352 I AutoStationaryHelper: [AutoStationaryHelper::getGuardianDataFromNearbyRoomscale] [2575043440] Distance to HMD: 3.820207
03-27 06:52:39.554 18091 18205 I [CT]    : HandPoseSampler: Filter reset
03-27 06:52:39.554 18091 18205 I InputDevice_Hand: HANDTRACKING ADMIRE hand 0: hpm=1 -> shared=0
03-27 06:52:39.554 18091 18205 I [CT]    : HandPoseSampler: Filter reset
03-27 06:52:39.554 18091 18205 I InputDevice_Hand: HANDTRACKING ADMIRE hand 1: hpm=1 -> shared=0
03-27 06:52:39.565 18091 18205 I [CT]    : HandPoseSampler: Filter reset
03-27 06:52:39.565 18091 18205 I InputDevice_Hand: HANDTRACKING ADMIRE hand 0: hpm=1 -> shared=0
03-27 06:52:39.565 18091 18205 I [CT]    : HandPoseSampler: Filter reset
03-27 06:52:39.565 18091 18205 I InputDevice_Hand: HANDTRACKING ADMIRE hand 1: hpm=1 -> shared=0
03-27 06:52:39.575 18091 18205 I [CT]    : HandPoseSampler: Filter reset
03-27 06:52:39.575 18091 18205 I InputDevice_Hand: HANDTRACKING ADMIRE hand 0: hpm=1 -> shared=0
03-27 06:52:39.575 18091 18205 I [CT]    : HandPoseSampler: Filter reset
03-27 06:52:39.575 18091 18205 I InputDevice_Hand: HANDTRACKING ADMIRE hand 1: hpm=1 -> shared=0
03-27 06:52:39.586 18091 18205 I [CT]    : HandPoseSampler: Filter reset
03-27 06:52:39.586 18091 18205 I InputDevice_Hand: HANDTRACKING ADMIRE hand 0: hpm=1 -> shared=0
03-27 06:52:39.586 18091 18205 I [CT]    : HandPoseSampler: Filter reset
03-27 06:52:39.586 18091 18205 I InputDevice_Hand: HANDTRACKING ADMIRE hand 1: hpm=1 -> shared=0
03-27 06:52:39.598 18091 18205 I [CT]    : HandPoseSampler: Filter reset
03-27 06:52:39.598 18091 18205 I InputDevice_Hand: HANDTRACKING ADMIRE hand 0: hpm=1 -> shared=0
03-27 06:52:39.598 18091 18205 I [CT]    : HandPoseSampler: Filter reset
03-27 06:52:39.598 18091 18205 I InputDevice_Hand: HANDTRACKING ADMIRE hand 1: hpm=1 -> shared=0
03-27 06:52:39.609 18091 18205 I [CT]    : HandPoseSampler: Filter reset
03-27 06:52:39.610 18091 18205 I InputDevice_Hand: HANDTRACKING ADMIRE hand 0: hpm=1 -> shared=0
03-27 06:52:39.610 18091 18205 I [CT]    : HandPoseSampler: Filter reset
03-27 06:52:39.610 18091 18205 I InputDevice_Hand: HANDTRACKING ADMIRE hand 1: hpm=1 -> shared=0
03-27 06:52:39.620 18091 18205 I [CT]    : HandPoseSampler: Filter reset
03-27 06:52:39.620 18091 18205 I InputDevice_Hand: HANDTRACKING ADMIRE hand 0: hpm=1 -> shared=0
03-27 06:52:39.620 18091 18205 I [CT]    : HandPoseSampler: Filter reset
03-27 06:52:39.620 18091 18205 I InputDevice_Hand: HANDTRACKING ADMIRE hand 1: hpm=1 -> shared=0
03-27 06:52:39.625   897  1848 I Tracking: Vega: [INSIGHTS] Mode=DescriptorVega,6DoF,Agg=43s,Inl=16,24,40,Mem=94.6,FrameDur=6.4,14.2,PoseLat=1.5,8.5,CamImuLat=9.9,29.2,Jit=0.0,0.2,Drops(Cam=0,IMU=0),MeanIr=3055.2,Exp(5.3ms,g=5,I=61)(5.3ms,g=5,I=61)(5.8ms,g=6,I=60)(4.8ms,g=4,I=61)(0.0ms,g=0)(0.0ms,g=0),NonInertEnv=n
03-27 06:52:39.632 18091 18205 I [CT]    : HandPoseSampler: Filter reset
03-27 06:52:39.632 18091 18205 I InputDevice_Hand: HANDTRACKING ADMIRE hand 0: hpm=1 -> shared=0
03-27 06:52:39.632 18091 18205 I [CT]    : HandPoseSampler: Filter reset
03-27 06:52:39.632 18091 18205 I InputDevice_Hand: HANDTRACKING ADMIRE hand 1: hpm=1 -> shared=0
03-27 06:52:39.643 18091 18205 I [CT]    : HandPoseSampler: Filter reset
03-27 06:52:39.643 18091 18205 I InputDevice_Hand: HANDTRACKING ADMIRE hand 0: hpm=1 -> shared=0
03-27 06:52:39.643 18091 18205 I [CT]    : HandPoseSampler: Filter reset
03-27 06:52:39.643 18091 18205 I InputDevice_Hand: HANDTRACKING ADMIRE hand 1: hpm=1 -> shared=0
03-27 06:52:39.654 18091 18205 I [CT]    : HandPoseSampler: Filter reset
03-27 06:52:39.654 18091 18205 I InputDevice_Hand: HANDTRACKING ADMIRE hand 0: hpm=1 -> shared=0
03-27 06:52:39.654 18091 18205 I [CT]    : HandPoseSampler: Filter reset
03-27 06:52:39.654 18091 18205 I InputDevice_Hand: HANDTRACKING ADMIRE hand 1: hpm=1 -> shared=0
03-27 06:52:39.665 18091 18205 I [CT]    : HandPoseSampler: Filter reset
03-27 06:52:39.665 18091 18205 I InputDevice_Hand: HANDTRACKING ADMIRE hand 0: hpm=1 -> shared=0
03-27 06:52:39.665 18091 18205 I [CT]    : HandPoseSampler: Filter reset
03-27 06:52:39.665 18091 18205 I InputDevice_Hand: HANDTRACKING ADMIRE hand 1: hpm=1 -> shared=0
03-27 06:52:39.671 18091 18457 W ShellHsr: Renderer: RenderableFilter has 108 tags, which is more than 10. This is expected to be rare. If this becomes common, consider changing RenderableFilter logic to use something other than linear searches for filtering renderable tags (like registered bitsets).
03-27 06:52:39.676 18091 18205 I [CT]    : HandPoseSampler: Filter reset
03-27 06:52:39.676 18091 18205 I InputDevice_Hand: HANDTRACKING ADMIRE hand 0: hpm=1 -> shared=0
03-27 06:52:39.676 18091 18205 I [CT]    : HandPoseSampler: Filter reset
03-27 06:52:39.676 18091 18205 I InputDevice_Hand: HANDTRACKING ADMIRE hand 1: hpm=1 -> shared=0
03-27 06:52:39.687 18091 18205 I [CT]    : HandPoseSampler: Filter reset
03-27 06:52:39.687 18091 18205 I InputDevice_Hand: HANDTRACKING ADMIRE hand 0: hpm=1 -> shared=0
03-27 06:52:39.687 18091 18205 I [CT]    : HandPoseSampler: Filter reset
03-27 06:52:39.687 18091 18205 I InputDevice_Hand: HANDTRACKING ADMIRE hand 1: hpm=1 -> shared=0
03-27 06:52:39.698 18091 18205 I [CT]    : HandPoseSampler: Filter reset
03-27 06:52:39.698 18091 18205 I InputDevice_Hand: HANDTRACKING ADMIRE hand 0: hpm=1 -> shared=0
03-27 06:52:39.698 18091 18205 I [CT]    : HandPoseSampler: Filter reset
03-27 06:52:39.698 18091 18205 I InputDevice_Hand: HANDTRACKING ADMIRE hand 1: hpm=1 -> shared=0
03-27 06:52:39.708 18091 18205 I [CT]    : HandPoseSampler: Filter reset
03-27 06:52:39.708 18091 18205 I InputDevice_Hand: HANDTRACKING ADMIRE hand 0: hpm=1 -> shared=0
03-27 06:52:39.709 18091 18205 I [CT]    : HandPoseSampler: Filter reset
03-27 06:52:39.709 18091 18205 I InputDevice_Hand: HANDTRACKING ADMIRE hand 1: hpm=1 -> shared=0
03-27 06:52:39.731 18091 18205 I [CT]    : HandPoseSampler: Filter reset
03-27 06:52:39.731 18091 18205 I InputDevice_Hand: HANDTRACKING ADMIRE hand 0: hpm=1 -> shared=0
03-27 06:52:39.731 18091 18205 I [CT]    : HandPoseSampler: Filter reset
03-27 06:52:39.731 18091 18205 I InputDevice_Hand: HANDTRACKING ADMIRE hand 1: hpm=1 -> shared=0
03-27 06:52:39.742 18091 18205 I [CT]    : HandPoseSampler: Filter reset
03-27 06:52:39.742 18091 18205 I InputDevice_Hand: HANDTRACKING ADMIRE hand 0: hpm=1 -> shared=0
03-27 06:52:39.742 18091 18205 I [CT]    : HandPoseSampler: Filter reset
03-27 06:52:39.742 18091 18205 I InputDevice_Hand: HANDTRACKING ADMIRE hand 1: hpm=1 -> shared=0
03-27 06:52:39.753 18091 18205 I [CT]    : HandPoseSampler: Filter reset
03-27 06:52:39.753 18091 18205 I InputDevice_Hand: HANDTRACKING ADMIRE hand 0: hpm=1 -> shared=0
03-27 06:52:39.753 18091 18205 I [CT]    : HandPoseSampler: Filter reset
03-27 06:52:39.753 18091 18205 I InputDevice_Hand: HANDTRACKING ADMIRE hand 1: hpm=1 -> shared=0
03-27 06:52:39.765 18091 18205 I [CT]    : HandPoseSampler: Filter reset
03-27 06:52:39.765 18091 18205 I InputDevice_Hand: HANDTRACKING ADMIRE hand 0: hpm=1 -> shared=0
03-27 06:52:39.765 18091 18205 I [CT]    : HandPoseSampler: Filter reset
03-27 06:52:39.765 18091 18205 I InputDevice_Hand: HANDTRACKING ADMIRE hand 1: hpm=1 -> shared=0
03-27 06:52:39.776 18091 18205 I [CT]    : HandPoseSampler: Filter reset
03-27 06:52:39.776 18091 18205 I InputDevice_Hand: HANDTRACKING ADMIRE hand 0: hpm=1 -> shared=0
03-27 06:52:39.776 18091 18205 I [CT]    : HandPoseSampler: Filter reset
03-27 06:52:39.776 18091 18205 I InputDevice_Hand: HANDTRACKING ADMIRE hand 1: hpm=1 -> shared=0
03-27 06:52:39.787 18091 18205 I [CT]    : HandPoseSampler: Filter reset
03-27 06:52:39.787 18091 18205 I InputDevice_Hand: HANDTRACKING ADMIRE hand 0: hpm=1 -> shared=0
03-27 06:52:39.787 18091 18205 I [CT]    : HandPoseSampler: Filter reset
03-27 06:52:39.787 18091 18205 I InputDevice_Hand: HANDTRACKING ADMIRE hand 1: hpm=1 -> shared=0
03-27 06:52:39.798 18091 18205 I [CT]    : HandPoseSampler: Filter reset
03-27 06:52:39.798 18091 18205 I InputDevice_Hand: HANDTRACKING ADMIRE hand 0: hpm=1 -> shared=0
03-27 06:52:39.798 18091 18205 I [CT]    : HandPoseSampler: Filter reset
03-27 06:52:39.798 18091 18205 I InputDevice_Hand: HANDTRACKING ADMIRE hand 1: hpm=1 -> shared=0
03-27 06:52:39.809 18091 18205 I [CT]    : HandPoseSampler: Filter reset
03-27 06:52:39.809 18091 18205 I InputDevice_Hand: HANDTRACKING ADMIRE hand 0: hpm=1 -> shared=0
03-27 06:52:39.809 18091 18205 I [CT]    : HandPoseSampler: Filter reset
03-27 06:52:39.809 18091 18205 I InputDevice_Hand: HANDTRACKING ADMIRE hand 1: hpm=1 -> shared=0
03-27 06:52:39.810  2697 14219 I [CT]    : MIXEDREALITY: PassthroughApiManager: GetUpdatedLayerState: (every 2 seconds) PT is: ON numLayers: 0
03-27 06:52:39.820 18091 18205 I [CT]    : HandPoseSampler: Filter reset
03-27 06:52:39.820 18091 18205 I InputDevice_Hand: HANDTRACKING ADMIRE hand 0: hpm=1 -> shared=0
03-27 06:52:39.820 18091 18205 I [CT]    : HandPoseSampler: Filter reset
03-27 06:52:39.820 18091 18205 I InputDevice_Hand: HANDTRACKING ADMIRE hand 1: hpm=1 -> shared=0
03-27 06:52:39.831 18091 18205 I [CT]    : HandPoseSampler: Filter reset
03-27 06:52:39.831 18091 18205 I InputDevice_Hand: HANDTRACKING ADMIRE hand 0: hpm=1 -> shared=0
03-27 06:52:39.831 18091 18205 I [CT]    : HandPoseSampler: Filter reset
03-27 06:52:39.831 18091 18205 I InputDevice_Hand: HANDTRACKING ADMIRE hand 1: hpm=1 -> shared=0
03-27 06:52:39.844 18091 18205 I [CT]    : HandPoseSampler: Filter reset
03-27 06:52:39.844 18091 18205 I InputDevice_Hand: HANDTRACKING ADMIRE hand 0: hpm=1 -> shared=0
03-27 06:52:39.844 18091 18205 I [CT]    : HandPoseSampler: Filter reset
03-27 06:52:39.844 18091 18205 I InputDevice_Hand: HANDTRACKING ADMIRE hand 1: hpm=1 -> shared=0
03-27 06:52:39.854 18091 18205 I [CT]    : HandPoseSampler: Filter reset
03-27 06:52:39.854 18091 18205 I InputDevice_Hand: HANDTRACKING ADMIRE hand 0: hpm=1 -> shared=0
03-27 06:52:39.854 18091 18205 I [CT]    : HandPoseSampler: Filter reset
03-27 06:52:39.854 18091 18205 I InputDevice_Hand: HANDTRACKING ADMIRE hand 1: hpm=1 -> shared=0
03-27 06:52:39.865 18091 18205 I [CT]    : HandPoseSampler: Filter reset
03-27 06:52:39.865 18091 18205 I InputDevice_Hand: HANDTRACKING ADMIRE hand 0: hpm=1 -> shared=0
03-27 06:52:39.865 18091 18205 I [CT]    : HandPoseSampler: Filter reset
03-27 06:52:39.865 18091 18205 I InputDevice_Hand: HANDTRACKING ADMIRE hand 1: hpm=1 -> shared=0
03-27 06:52:39.876 18091 18205 I [CT]    : HandPoseSampler: Filter reset
03-27 06:52:39.876 18091 18205 I InputDevice_Hand: HANDTRACKING ADMIRE hand 0: hpm=1 -> shared=0
03-27 06:52:39.876 18091 18205 I [CT]    : HandPoseSampler: Filter reset
03-27 06:52:39.876 18091 18205 I InputDevice_Hand: HANDTRACKING ADMIRE hand 1: hpm=1 -> shared=0
03-27 06:52:39.888 18091 18205 I [CT]    : HandPoseSampler: Filter reset
03-27 06:52:39.888 18091 18205 I InputDevice_Hand: HANDTRACKING ADMIRE hand 0: hpm=1 -> shared=0
03-27 06:52:39.888 18091 18205 I [CT]    : HandPoseSampler: Filter reset
03-27 06:52:39.888 18091 18205 I InputDevice_Hand: HANDTRACKING ADMIRE hand 1: hpm=1 -> shared=0
03-27 06:52:39.899 18091 18205 I [CT]    : HandPoseSampler: Filter reset
03-27 06:52:39.899 18091 18205 I InputDevice_Hand: HANDTRACKING ADMIRE hand 0: hpm=1 -> shared=0
03-27 06:52:39.899 18091 18205 I [CT]    : HandPoseSampler: Filter reset
03-27 06:52:39.899 18091 18205 I InputDevice_Hand: HANDTRACKING ADMIRE hand 1: hpm=1 -> shared=0
03-27 06:52:39.909   920 14201 I VD628x  : Flicker results: freq 120.000000, max 119.916138, dcr 32.810509, pct 0.041838, idx 0.013140, conf 0.876979, snr 8.616940, svm 0.069930, sus 0
03-27 06:52:39.910 18091 18205 I [CT]    : HandPoseSampler: Filter reset
03-27 06:52:39.910 18091 18205 I InputDevice_Hand: HANDTRACKING ADMIRE hand 0: hpm=1 -> shared=0
03-27 06:52:39.910 18091 18205 I [CT]    : HandPoseSampler: Filter reset
03-27 06:52:39.910 18091 18205 I InputDevice_Hand: HANDTRACKING ADMIRE hand 1: hpm=1 -> shared=0
03-27 06:52:39.920 18091 18205 I [CT]    : HandPoseSampler: Filter reset
03-27 06:52:39.920 18091 18205 I InputDevice_Hand: HANDTRACKING ADMIRE hand 0: hpm=1 -> shared=0
03-27 06:52:39.921 18091 18205 I [CT]    : HandPoseSampler: Filter reset
03-27 06:52:39.921 18091 18205 I InputDevice_Hand: HANDTRACKING ADMIRE hand 1: hpm=1 -> shared=0
03-27 06:52:39.888     0     0 W healthd : battery l=91 v=4194 t=34.0 h=2 st=3 c=-1408482 fc=4476000 cc=54 chg=
03-27 06:52:39.932 18091 18205 I [CT]    : HandPoseSampler: Filter reset
03-27 06:52:39.932 18091 18205 I InputDevice_Hand: HANDTRACKING ADMIRE hand 0: hpm=1 -> shared=0
03-27 06:52:39.932 18091 18205 I [CT]    : HandPoseSampler: Filter reset
03-27 06:52:39.932 18091 18205 I InputDevice_Hand: HANDTRACKING ADMIRE hand 1: hpm=1 -> shared=0
03-27 06:52:39.943 18091 18205 I [CT]    : HandPoseSampler: Filter reset
03-27 06:52:39.943 18091 18205 I InputDevice_Hand: HANDTRACKING ADMIRE hand 0: hpm=1 -> shared=0
03-27 06:52:39.943 18091 18205 I [CT]    : HandPoseSampler: Filter reset
03-27 06:52:39.943 18091 18205 I InputDevice_Hand: HANDTRACKING ADMIRE hand 1: hpm=1 -> shared=0
03-27 06:52:39.953 18091 18205 I [CT]    : HandPoseSampler: Filter reset
03-27 06:52:39.953 18091 18205 I InputDevice_Hand: HANDTRACKING ADMIRE hand 0: hpm=1 -> shared=0
03-27 06:52:39.953 18091 18205 I [CT]    : HandPoseSampler: Filter reset
03-27 06:52:39.953 18091 18205 I InputDevice_Hand: HANDTRACKING ADMIRE hand 1: hpm=1 -> shared=0
03-27 06:52:39.965 18091 18205 I [CT]    : HandPoseSampler: Filter reset
03-27 06:52:39.965 18091 18205 I InputDevice_Hand: HANDTRACKING ADMIRE hand 0: hpm=1 -> shared=0
03-27 06:52:39.965 18091 18205 I [CT]    : HandPoseSampler: Filter reset
03-27 06:52:39.965 18091 18205 I InputDevice_Hand: HANDTRACKING ADMIRE hand 1: hpm=1 -> shared=0
03-27 06:52:39.976 18091 18205 I [CT]    : HandPoseSampler: Filter reset
03-27 06:52:39.976 18091 18205 I InputDevice_Hand: HANDTRACKING ADMIRE hand 0: hpm=1 -> shared=0
03-27 06:52:39.976 18091 18205 I [CT]    : HandPoseSampler: Filter reset
03-27 06:52:39.976 18091 18205 I InputDevice_Hand: HANDTRACKING ADMIRE hand 1: hpm=1 -> shared=0
03-27 06:52:39.980   897 14190 I Tracking: BOLT:HexagonTelemetry: Global DSP utilization: 6.61% (330 / 5001 ms), Scalar Util: 37.78%, HVX Util: 32.71%, HMX Util: 5.99%, DMA Active: 25.37%, Freq: 1171.1999999999998 MHz
03-27 06:52:39.980   897 14190 I Tracking: boltlib: DSP Rpc stats over 5001 ms: {"HexagonCornerHarrisEdgeIndexedSlicesAsync":1,"HexagonPyramid3x3Async":50,"a2e_boltnn_delegate":125,"controller_inference":25,"dd_boltnn_delegate_batch_128":1,"dpr_lite_boltnn_delegate":42}
03-27 06:52:39.985   897  1854 I Tracking: CONSTELLATION_Right: P+C Right: : Pushing zero velocity update
03-27 06:52:39.987 18091 18205 I [CT]    : HandPoseSampler: Filter reset
03-27 06:52:39.988 18091 18205 I InputDevice_Hand: HANDTRACKING ADMIRE hand 0: hpm=1 -> shared=0
03-27 06:52:39.988 18091 18205 I [CT]    : HandPoseSampler: Filter reset
03-27 06:52:39.988 18091 18205 I InputDevice_Hand: HANDTRACKING ADMIRE hand 1: hpm=1 -> shared=0
03-27 06:52:39.999 18091 18205 I [CT]    : HandPoseSampler: Filter reset
03-27 06:52:39.999 18091 18205 I InputDevice_Hand: HANDTRACKING ADMIRE hand 0: hpm=1 -> shared=0
03-27 06:52:39.999 18091 18205 I [CT]    : HandPoseSampler: Filter reset
03-27 06:52:39.999 18091 18205 I InputDevice_Hand: HANDTRACKING ADMIRE hand 1: hpm=1 -> shared=0
03-27 06:52:40.009 18091 18205 I [CT]    : HandPoseSampler: Filter reset
03-27 06:52:40.009 18091 18205 I InputDevice_Hand: HANDTRACKING ADMIRE hand 0: hpm=1 -> shared=0
03-27 06:52:40.009 18091 18205 I [CT]    : HandPoseSampler: Filter reset
03-27 06:52:40.009 18091 18205 I InputDevice_Hand: HANDTRACKING ADMIRE hand 1: hpm=1 -> shared=0
03-27 06:52:40.010 18091 14209 I VrApi   : FPS=90/90,Prd=25ms,Tear=0,Early=0,Stale=0,Stale2/5/10/max=0/0/0/0,VSnc=1,Lat=-4,Fov=3,CPU4/GPU=-1/-1,1920/545MHz,OC=3F,TA=0/0/0,SP=N/N/N,Mem=2092MHz,Free=4016MB,PLS=0,Temp=34.0C/0.0C,TW=0.69ms,App=1.65ms,GD=0.00ms,CPU&GPU=9.97ms,LCnt=1(DR91,LM0),GPU%=0.22,CPU%=0.27(W0.29),CFL=11.81/15.62,ICFLp95=13.94,LD=0,CABC=1,SF=0.78,LP=1,DVFS=0,Preempt=190,PoseAgeP95=0.00
03-27 06:52:40.010 18091 14209 I VrApi   : ASW=0,Type=PTWFromStereo,E=0.000/0.000,D=0.000/0.000
03-27 06:52:40.020 18091 18205 I [CT]    : HandPoseSampler: Filter reset
03-27 06:52:40.020 18091 18205 I InputDevice_Hand: HANDTRACKING ADMIRE hand 0: hpm=1 -> shared=0
03-27 06:52:40.020 18091 18205 I [CT]    : HandPoseSampler: Filter reset
03-27 06:52:40.020 18091 18205 I InputDevice_Hand: HANDTRACKING ADMIRE hand 1: hpm=1 -> shared=0
03-27 06:52:40.032 18091 18205 I [CT]    : HandPoseSampler: Filter reset
03-27 06:52:40.032 18091 18205 I InputDevice_Hand: HANDTRACKING ADMIRE hand 0: hpm=1 -> shared=0
03-27 06:52:40.032 18091 18205 I [CT]    : HandPoseSampler: Filter reset
03-27 06:52:40.032 18091 18205 I InputDevice_Hand: HANDTRACKING ADMIRE hand 1: hpm=1 -> shared=0
03-27 06:52:40.043 18091 18205 I [CT]    : HandPoseSampler: Filter reset
03-27 06:52:40.043 18091 18205 I InputDevice_Hand: HANDTRACKING ADMIRE hand 0: hpm=1 -> shared=0
03-27 06:52:40.043 18091 18205 I [CT]    : HandPoseSampler: Filter reset
03-27 06:52:40.043 18091 18205 I InputDevice_Hand: HANDTRACKING ADMIRE hand 1: hpm=1 -> shared=0
03-27 06:52:40.054 18091 18205 I [CT]    : HandPoseSampler: Filter reset
03-27 06:52:40.054 18091 18205 I InputDevice_Hand: HANDTRACKING ADMIRE hand 0: hpm=1 -> shared=0
03-27 06:52:40.054 18091 18205 I [CT]    : HandPoseSampler: Filter reset
03-27 06:52:40.054 18091 18205 I InputDevice_Hand: HANDTRACKING ADMIRE hand 1: hpm=1 -> shared=0
03-27 06:52:40.065 18091 18205 I [CT]    : HandPoseSampler: Filter reset
03-27 06:52:40.065 18091 18205 I InputDevice_Hand: HANDTRACKING ADMIRE hand 0: hpm=1 -> shared=0
03-27 06:52:40.065 18091 18205 I [CT]    : HandPoseSampler: Filter reset
03-27 06:52:40.065 18091 18205 I InputDevice_Hand: HANDTRACKING ADMIRE hand 1: hpm=1 -> shared=0
03-27 06:52:40.076 18091 18205 I [CT]    : HandPoseSampler: Filter reset
03-27 06:52:40.076 18091 18205 I InputDevice_Hand: HANDTRACKING ADMIRE hand 0: hpm=1 -> shared=0
03-27 06:52:40.076 18091 18205 I [CT]    : HandPoseSampler: Filter reset
03-27 06:52:40.076 18091 18205 I InputDevice_Hand: HANDTRACKING ADMIRE hand 1: hpm=1 -> shared=0
03-27 06:52:40.087 18091 18205 I [CT]    : HandPoseSampler: Filter reset
03-27 06:52:40.087 18091 18205 I InputDevice_Hand: HANDTRACKING ADMIRE hand 0: hpm=1 -> shared=0
03-27 06:52:40.087 18091 18205 I [CT]    : HandPoseSampler: Filter reset
03-27 06:52:40.087 18091 18205 I InputDevice_Hand: HANDTRACKING ADMIRE hand 1: hpm=1 -> shared=0
03-27 06:52:40.098 18091 18205 I [CT]    : HandPoseSampler: Filter reset
03-27 06:52:40.098 18091 18205 I InputDevice_Hand: HANDTRACKING ADMIRE hand 0: hpm=1 -> shared=0
03-27 06:52:40.098 18091 18205 I [CT]    : HandPoseSampler: Filter reset
03-27 06:52:40.098 18091 18205 I InputDevice_Hand: HANDTRACKING ADMIRE hand 1: hpm=1 -> shared=0
03-27 06:52:40.109 18091 18205 I [CT]    : HandPoseSampler: Filter reset
03-27 06:52:40.109 18091 18205 I InputDevice_Hand: HANDTRACKING ADMIRE hand 0: hpm=1 -> shared=0
03-27 06:52:40.109 18091 18205 I [CT]    : HandPoseSampler: Filter reset
03-27 06:52:40.109 18091 18205 I InputDevice_Hand: HANDTRACKING ADMIRE hand 1: hpm=1 -> shared=0
03-27 06:52:40.120 18091 18205 I [CT]    : HandPoseSampler: Filter reset
03-27 06:52:40.120 18091 18205 I InputDevice_Hand: HANDTRACKING ADMIRE hand 0: hpm=1 -> shared=0
03-27 06:52:40.120 18091 18205 I [CT]    : HandPoseSampler: Filter reset
03-27 06:52:40.120 18091 18205 I InputDevice_Hand: HANDTRACKING ADMIRE hand 1: hpm=1 -> shared=0
03-27 06:52:40.131 18091 18205 I [CT]    : HandPoseSampler: Filter reset
03-27 06:52:40.131 18091 18205 I InputDevice_Hand: HANDTRACKING ADMIRE hand 0: hpm=1 -> shared=0
03-27 06:52:40.131 18091 18205 I [CT]    : HandPoseSampler: Filter reset
03-27 06:52:40.131 18091 18205 I InputDevice_Hand: HANDTRACKING ADMIRE hand 1: hpm=1 -> shared=0
03-27 06:52:40.142 18091 18205 I [CT]    : HandPoseSampler: Filter reset
03-27 06:52:40.142 18091 18205 I InputDevice_Hand: HANDTRACKING ADMIRE hand 0: hpm=1 -> shared=0
03-27 06:52:40.142 18091 18205 I [CT]    : HandPoseSampler: Filter reset
03-27 06:52:40.142 18091 18205 I InputDevice_Hand: HANDTRACKING ADMIRE hand 1: hpm=1 -> shared=0
03-27 06:52:40.154 18091 18205 I [CT]    : HandPoseSampler: Filter reset
03-27 06:52:40.154 18091 18205 I InputDevice_Hand: HANDTRACKING ADMIRE hand 0: hpm=1 -> shared=0
03-27 06:52:40.154 18091 18205 I [CT]    : HandPoseSampler: Filter reset
03-27 06:52:40.154 18091 18205 I InputDevice_Hand: HANDTRACKING ADMIRE hand 1: hpm=1 -> shared=0
03-27 06:52:40.164 18091 18205 I [CT]    : HandPoseSampler: Filter reset
03-27 06:52:40.164 18091 18205 I InputDevice_Hand: HANDTRACKING ADMIRE hand 0: hpm=1 -> shared=0
03-27 06:52:40.164 18091 18205 I [CT]    : HandPoseSampler: Filter reset
03-27 06:52:40.164 18091 18205 I InputDevice_Hand: HANDTRACKING ADMIRE hand 1: hpm=1 -> shared=0
03-27 06:52:40.176 18091 18205 I [CT]    : HandPoseSampler: Filter reset
03-27 06:52:40.176 18091 18205 I InputDevice_Hand: HANDTRACKING ADMIRE hand 0: hpm=1 -> shared=0
03-27 06:52:40.176 18091 18205 I [CT]    : HandPoseSampler: Filter reset
03-27 06:52:40.176 18091 18205 I InputDevice_Hand: HANDTRACKING ADMIRE hand 1: hpm=1 -> shared=0
03-27 06:52:40.187 18091 18205 I [CT]    : HandPoseSampler: Filter reset
03-27 06:52:40.187 18091 18205 I InputDevice_Hand: HANDTRACKING ADMIRE hand 0: hpm=1 -> shared=0
03-27 06:52:40.187 18091 18205 I [CT]    : HandPoseSampler: Filter reset
03-27 06:52:40.187 18091 18205 I InputDevice_Hand: HANDTRACKING ADMIRE hand 1: hpm=1 -> shared=0
03-27 06:52:40.198 18091 18205 I [CT]    : HandPoseSampler: Filter reset
03-27 06:52:40.199 18091 18205 I InputDevice_Hand: HANDTRACKING ADMIRE hand 0: hpm=1 -> shared=0
03-27 06:52:40.199 18091 18205 I [CT]    : HandPoseSampler: Filter reset
03-27 06:52:40.199 18091 18205 I InputDevice_Hand: HANDTRACKING ADMIRE hand 1: hpm=1 -> shared=0
03-27 06:52:40.201   897  1854 I Tracking: CONSTELLATION_Right: [Throttled count=86] P+C Right: Applying Consistent Zero Velocity Update during slow motion.
03-27 06:52:40.210 18091 18205 I [CT]    : HandPoseSampler: Filter reset
03-27 06:52:40.210 18091 18205 I InputDevice_Hand: HANDTRACKING ADMIRE hand 0: hpm=1 -> shared=0
03-27 06:52:40.210 18091 18205 I [CT]    : HandPoseSampler: Filter reset
03-27 06:52:40.210 18091 18205 I InputDevice_Hand: HANDTRACKING ADMIRE hand 1: hpm=1 -> shared=0
03-27 06:52:40.221 18091 18205 I [CT]    : HandPoseSampler: Filter reset
03-27 06:52:40.221 18091 18205 I InputDevice_Hand: HANDTRACKING ADMIRE hand 0: hpm=1 -> shared=0
03-27 06:52:40.221 18091 18205 I [CT]    : HandPoseSampler: Filter reset
03-27 06:52:40.221 18091 18205 I InputDevice_Hand: HANDTRACKING ADMIRE hand 1: hpm=1 -> shared=0
03-27 06:52:40.231 18091 18205 I [CT]    : HandPoseSampler: Filter reset
03-27 06:52:40.232 18091 18205 I InputDevice_Hand: HANDTRACKING ADMIRE hand 0: hpm=1 -> shared=0
03-27 06:52:40.232 18091 18205 I [CT]    : HandPoseSampler: Filter reset
03-27 06:52:40.232 18091 18205 I InputDevice_Hand: HANDTRACKING ADMIRE hand 1: hpm=1 -> shared=0
03-27 06:52:40.243 18091 18205 I [CT]    : HandPoseSampler: Filter reset
03-27 06:52:40.243 18091 18205 I InputDevice_Hand: HANDTRACKING ADMIRE hand 0: hpm=1 -> shared=0
03-27 06:52:40.243 18091 18205 I [CT]    : HandPoseSampler: Filter reset
03-27 06:52:40.243 18091 18205 I InputDevice_Hand: HANDTRACKING ADMIRE hand 1: hpm=1 -> shared=0
03-27 06:52:40.254 18091 18205 I [CT]    : HandPoseSampler: Filter reset
03-27 06:52:40.254 18091 18205 I InputDevice_Hand: HANDTRACKING ADMIRE hand 0: hpm=1 -> shared=0
03-27 06:52:40.254 18091 18205 I [CT]    : HandPoseSampler: Filter reset
03-27 06:52:40.254 18091 18205 I InputDevice_Hand: HANDTRACKING ADMIRE hand 1: hpm=1 -> shared=0
03-27 06:52:40.265 18091 18205 I [CT]    : HandPoseSampler: Filter reset
03-27 06:52:40.265 18091 18205 I InputDevice_Hand: HANDTRACKING ADMIRE hand 0: hpm=1 -> shared=0
03-27 06:52:40.265 18091 18205 I [CT]    : HandPoseSampler: Filter reset
03-27 06:52:40.265 18091 18205 I InputDevice_Hand: HANDTRACKING ADMIRE hand 1: hpm=1 -> shared=0
03-27 06:52:40.275  5144 24453 W MetaCamNative (streaming_cast_agent): StreamingCastAgent::SendPingMessage() - socket_id=11
03-27 06:52:40.275  5144 24453 W MetaCamNative (streaming_cast_agent): StreamingCastAgent::SendPingMessage() - socket_id=11
03-27 06:52:40.276 18091 18205 I [CT]    : HandPoseSampler: Filter reset
03-27 06:52:40.276 18091 18205 I InputDevice_Hand: HANDTRACKING ADMIRE hand 0: hpm=1 -> shared=0
03-27 06:52:40.276 18091 18205 I [CT]    : HandPoseSampler: Filter reset
03-27 06:52:40.276 18091 18205 I InputDevice_Hand: HANDTRACKING ADMIRE hand 1: hpm=1 -> shared=0
03-27 06:52:40.287 18091 18205 I [CT]    : HandPoseSampler: Filter reset
03-27 06:52:40.287 18091 18205 I InputDevice_Hand: HANDTRACKING ADMIRE hand 0: hpm=1 -> shared=0
03-27 06:52:40.287 18091 18205 I [CT]    : HandPoseSampler: Filter reset
03-27 06:52:40.287 18091 18205 I InputDevice_Hand: HANDTRACKING ADMIRE hand 1: hpm=1 -> shared=0
03-27 06:52:40.298 18091 18205 I [CT]    : HandPoseSampler: Filter reset
03-27 06:52:40.298 18091 18205 I InputDevice_Hand: HANDTRACKING ADMIRE hand 0: hpm=1 -> shared=0
03-27 06:52:40.298 18091 18205 I [CT]    : HandPoseSampler: Filter reset
03-27 06:52:40.298 18091 18205 I InputDevice_Hand: HANDTRACKING ADMIRE hand 1: hpm=1 -> shared=0
03-27 06:52:40.309 18091 18205 I [CT]    : HandPoseSampler: Filter reset
03-27 06:52:40.309 18091 18205 I InputDevice_Hand: HANDTRACKING ADMIRE hand 0: hpm=1 -> shared=0
03-27 06:52:40.309 18091 18205 I [CT]    : HandPoseSampler: Filter reset
03-27 06:52:40.309 18091 18205 I InputDevice_Hand: HANDTRACKING ADMIRE hand 1: hpm=1 -> shared=0
03-27 06:52:40.321 18091 18205 I [CT]    : HandPoseSampler: Filter reset
03-27 06:52:40.321 18091 18205 I InputDevice_Hand: HANDTRACKING ADMIRE hand 0: hpm=1 -> shared=0
03-27 06:52:40.321 18091 18205 I [CT]    : HandPoseSampler: Filter reset
03-27 06:52:40.321 18091 18205 I InputDevice_Hand: HANDTRACKING ADMIRE hand 1: hpm=1 -> shared=0
03-27 06:52:40.332 18091 18205 I [CT]    : HandPoseSampler: Filter reset
03-27 06:52:40.332 18091 18205 I InputDevice_Hand: HANDTRACKING ADMIRE hand 0: hpm=1 -> shared=0
03-27 06:52:40.332 18091 18205 I [CT]    : HandPoseSampler: Filter reset
03-27 06:52:40.332 18091 18205 I InputDevice_Hand: HANDTRACKING ADMIRE hand 1: hpm=1 -> shared=0
03-27 06:52:40.342 18091 18205 I [CT]    : HandPoseSampler: Filter reset
03-27 06:52:40.342 18091 18205 I InputDevice_Hand: HANDTRACKING ADMIRE hand 0: hpm=1 -> shared=0
03-27 06:52:40.343 18091 18205 I [CT]    : HandPoseSampler: Filter reset
03-27 06:52:40.343 18091 18205 I InputDevice_Hand: HANDTRACKING ADMIRE hand 1: hpm=1 -> shared=0
03-27 06:52:40.350   897 14310 W Tracking: CONSTELLATION_Left: [Throttled count=503] P+C Left: Could not retrieve 3dof fallback pose.
03-27 06:52:40.353 18091 18205 I [CT]    : HandPoseSampler: Filter reset
03-27 06:52:40.354 18091 18205 I InputDevice_Hand: HANDTRACKING ADMIRE hand 0: hpm=1 -> shared=0
03-27 06:52:40.354 18091 18205 I [CT]    : HandPoseSampler: Filter reset
03-27 06:52:40.354 18091 18205 I InputDevice_Hand: HANDTRACKING ADMIRE hand 1: hpm=1 -> shared=0
03-27 06:52:40.364 18091 18205 I [CT]    : HandPoseSampler: Filter reset
03-27 06:52:40.364 18091 18205 I InputDevice_Hand: HANDTRACKING ADMIRE hand 0: hpm=1 -> shared=0
03-27 06:52:40.364 18091 18205 I [CT]    : HandPoseSampler: Filter reset
03-27 06:52:40.364 18091 18205 I InputDevice_Hand: HANDTRACKING ADMIRE hand 1: hpm=1 -> shared=0
03-27 06:52:40.376 18091 18205 I [CT]    : HandPoseSampler: Filter reset
03-27 06:52:40.376 18091 18205 I InputDevice_Hand: HANDTRACKING ADMIRE hand 0: hpm=1 -> shared=0
03-27 06:52:40.376 18091 18205 I [CT]    : HandPoseSampler: Filter reset
03-27 06:52:40.376 18091 18205 I InputDevice_Hand: HANDTRACKING ADMIRE hand 1: hpm=1 -> shared=0
03-27 06:52:40.388 18091 18205 I [CT]    : HandPoseSampler: Filter reset
03-27 06:52:40.388 18091 18205 I InputDevice_Hand: HANDTRACKING ADMIRE hand 0: hpm=1 -> shared=0
03-27 06:52:40.388 18091 18205 I [CT]    : HandPoseSampler: Filter reset
03-27 06:52:40.388 18091 18205 I InputDevice_Hand: HANDTRACKING ADMIRE hand 1: hpm=1 -> shared=0
03-27 06:52:40.398 18091 18205 I [CT]    : HandPoseSampler: Filter reset
03-27 06:52:40.398 18091 18205 I InputDevice_Hand: HANDTRACKING ADMIRE hand 0: hpm=1 -> shared=0
03-27 06:52:40.398 18091 18205 I [CT]    : HandPoseSampler: Filter reset
03-27 06:52:40.398 18091 18205 I InputDevice_Hand: HANDTRACKING ADMIRE hand 1: hpm=1 -> shared=0
03-27 06:52:40.409 18091 18205 I [CT]    : HandPoseSampler: Filter reset
03-27 06:52:40.409 18091 18205 I InputDevice_Hand: HANDTRACKING ADMIRE hand 0: hpm=1 -> shared=0
03-27 06:52:40.409 18091 18205 I [CT]    : HandPoseSampler: Filter reset
03-27 06:52:40.409 18091 18205 I InputDevice_Hand: HANDTRACKING ADMIRE hand 1: hpm=1 -> shared=0
03-27 06:52:40.420 18091 18205 I [CT]    : HandPoseSampler: Filter reset
03-27 06:52:40.420 18091 18205 I InputDevice_Hand: HANDTRACKING ADMIRE hand 0: hpm=1 -> shared=0
03-27 06:52:40.420 18091 18205 I [CT]    : HandPoseSampler: Filter reset
03-27 06:52:40.420 18091 18205 I InputDevice_Hand: HANDTRACKING ADMIRE hand 1: hpm=1 -> shared=0
03-27 06:52:40.431 18091 18205 I [CT]    : HandPoseSampler: Filter reset
03-27 06:52:40.431 18091 18205 I InputDevice_Hand: HANDTRACKING ADMIRE hand 0: hpm=1 -> shared=0
03-27 06:52:40.431 18091 18205 I [CT]    : HandPoseSampler: Filter reset
03-27 06:52:40.431 18091 18205 I InputDevice_Hand: HANDTRACKING ADMIRE hand 1: hpm=1 -> shared=0
03-27 06:52:40.435  3257  3566 E HighPowerUsageNotificationListener: Average Power: -6.88083227345833, threshold: 12.0
03-27 06:52:40.442 18091 18205 I [CT]    : HandPoseSampler: Filter reset
03-27 06:52:40.442 18091 18205 I InputDevice_Hand: HANDTRACKING ADMIRE hand 0: hpm=1 -> shared=0
03-27 06:52:40.442 18091 18205 I [CT]    : HandPoseSampler: Filter reset
03-27 06:52:40.442 18091 18205 I InputDevice_Hand: HANDTRACKING ADMIRE hand 1: hpm=1 -> shared=0
03-27 06:52:40.453 18091 18205 I [CT]    : HandPoseSampler: Filter reset
03-27 06:52:40.453 18091 18205 I InputDevice_Hand: HANDTRACKING ADMIRE hand 0: hpm=1 -> shared=0
03-27 06:52:40.453 18091 18205 I [CT]    : HandPoseSampler: Filter reset
03-27 06:52:40.453 18091 18205 I InputDevice_Hand: HANDTRACKING ADMIRE hand 1: hpm=1 -> shared=0
03-27 06:52:40.464 18091 18205 I [CT]    : HandPoseSampler: Filter reset
03-27 06:52:40.464 18091 18205 I InputDevice_Hand: HANDTRACKING ADMIRE hand 0: hpm=1 -> shared=0
03-27 06:52:40.464 18091 18205 I [CT]    : HandPoseSampler: Filter reset
03-27 06:52:40.464 18091 18205 I InputDevice_Hand: HANDTRACKING ADMIRE hand 1: hpm=1 -> shared=0
03-27 06:52:40.475 18091 18205 I [CT]    : HandPoseSampler: Filter reset
03-27 06:52:40.475 18091 18205 I InputDevice_Hand: HANDTRACKING ADMIRE hand 0: hpm=1 -> shared=0
03-27 06:52:40.475 18091 18205 I [CT]    : HandPoseSampler: Filter reset
03-27 06:52:40.475 18091 18205 I InputDevice_Hand: HANDTRACKING ADMIRE hand 1: hpm=1 -> shared=0
03-27 06:52:40.488 18091 18205 I [CT]    : HandPoseSampler: Filter reset
03-27 06:52:40.488 18091 18205 I InputDevice_Hand: HANDTRACKING ADMIRE hand 0: hpm=1 -> shared=0
03-27 06:52:40.488 18091 18205 I [CT]    : HandPoseSampler: Filter reset
03-27 06:52:40.488 18091 18205 I InputDevice_Hand: HANDTRACKING ADMIRE hand 1: hpm=1 -> shared=0
03-27 06:52:40.498 18091 18205 I [CT]    : HandPoseSampler: Filter reset
03-27 06:52:40.498 18091 18205 I InputDevice_Hand: HANDTRACKING ADMIRE hand 0: hpm=1 -> shared=0
03-27 06:52:40.498 18091 18205 I [CT]    : HandPoseSampler: Filter reset
03-27 06:52:40.498 18091 18205 I InputDevice_Hand: HANDTRACKING ADMIRE hand 1: hpm=1 -> shared=0
03-27 06:52:40.509 18091 18205 I [CT]    : HandPoseSampler: Filter reset
03-27 06:52:40.510 18091 18205 I InputDevice_Hand: HANDTRACKING ADMIRE hand 0: hpm=1 -> shared=0
03-27 06:52:40.510 18091 18205 I [CT]    : HandPoseSampler: Filter reset
03-27 06:52:40.510 18091 18205 I InputDevice_Hand: HANDTRACKING ADMIRE hand 1: hpm=1 -> shared=0
03-27 06:52:40.521 18091 18205 I [CT]    : HandPoseSampler: Filter reset
03-27 06:52:40.521 18091 18205 I InputDevice_Hand: HANDTRACKING ADMIRE hand 0: hpm=1 -> shared=0
03-27 06:52:40.521 18091 18205 I [CT]    : HandPoseSampler: Filter reset
03-27 06:52:40.521 18091 18205 I InputDevice_Hand: HANDTRACKING ADMIRE hand 1: hpm=1 -> shared=0
03-27 06:52:40.532 18091 18205 I [CT]    : HandPoseSampler: Filter reset
03-27 06:52:40.532 18091 18205 I InputDevice_Hand: HANDTRACKING ADMIRE hand 0: hpm=1 -> shared=0
03-27 06:52:40.532 18091 18205 I [CT]    : HandPoseSampler: Filter reset
03-27 06:52:40.532 18091 18205 I InputDevice_Hand: HANDTRACKING ADMIRE hand 1: hpm=1 -> shared=0
03-27 06:52:40.542 18091 18205 I [CT]    : HandPoseSampler: Filter reset
03-27 06:52:40.542 18091 18205 I InputDevice_Hand: HANDTRACKING ADMIRE hand 0: hpm=1 -> shared=0
03-27 06:52:40.542 18091 18205 I [CT]    : HandPoseSampler: Filter reset
03-27 06:52:40.542 18091 18205 I InputDevice_Hand: HANDTRACKING ADMIRE hand 1: hpm=1 -> shared=0
03-27 06:52:40.554 18091 18205 I [CT]    : HandPoseSampler: Filter reset
03-27 06:52:40.554 18091 18205 I InputDevice_Hand: HANDTRACKING ADMIRE hand 0: hpm=1 -> shared=0
03-27 06:52:40.554 18091 18205 I [CT]    : HandPoseSampler: Filter reset
03-27 06:52:40.554 18091 18205 I InputDevice_Hand: HANDTRACKING ADMIRE hand 1: hpm=1 -> shared=0
03-27 06:52:40.564 18091 18205 I [CT]    : HandPoseSampler: Filter reset
03-27 06:52:40.564 18091 18205 I InputDevice_Hand: HANDTRACKING ADMIRE hand 0: hpm=1 -> shared=0
03-27 06:52:40.564 18091 18205 I [CT]    : HandPoseSampler: Filter reset
03-27 06:52:40.564 18091 18205 I InputDevice_Hand: HANDTRACKING ADMIRE hand 1: hpm=1 -> shared=0
03-27 06:52:40.576 18091 18205 I [CT]    : HandPoseSampler: Filter reset
03-27 06:52:40.576 18091 18205 I InputDevice_Hand: HANDTRACKING ADMIRE hand 0: hpm=1 -> shared=0
03-27 06:52:40.576 18091 18205 I [CT]    : HandPoseSampler: Filter reset
03-27 06:52:40.576 18091 18205 I InputDevice_Hand: HANDTRACKING ADMIRE hand 1: hpm=1 -> shared=0
03-27 06:52:40.588 18091 18205 I [CT]    : HandPoseSampler: Filter reset
03-27 06:52:40.588 18091 18205 I InputDevice_Hand: HANDTRACKING ADMIRE hand 0: hpm=1 -> shared=0
03-27 06:52:40.588 18091 18205 I [CT]    : HandPoseSampler: Filter reset
03-27 06:52:40.588 18091 18205 I InputDevice_Hand: HANDTRACKING ADMIRE hand 1: hpm=1 -> shared=0
03-27 06:52:40.598 18091 18205 I [CT]    : HandPoseSampler: Filter reset
03-27 06:52:40.598 18091 18205 I InputDevice_Hand: HANDTRACKING ADMIRE hand 0: hpm=1 -> shared=0
03-27 06:52:40.598 18091 18205 I [CT]    : HandPoseSampler: Filter reset
03-27 06:52:40.598 18091 18205 I InputDevice_Hand: HANDTRACKING ADMIRE hand 1: hpm=1 -> shared=0
03-27 06:52:40.610 18091 18205 I [CT]    : HandPoseSampler: Filter reset
03-27 06:52:40.610 18091 18205 I InputDevice_Hand: HANDTRACKING ADMIRE hand 0: hpm=1 -> shared=0
03-27 06:52:40.610 18091 18205 I [CT]    : HandPoseSampler: Filter reset
03-27 06:52:40.610 18091 18205 I InputDevice_Hand: HANDTRACKING ADMIRE hand 1: hpm=1 -> shared=0
03-27 06:52:40.620 18091 18205 I [CT]    : HandPoseSampler: Filter reset
03-27 06:52:40.620 18091 18205 I InputDevice_Hand: HANDTRACKING ADMIRE hand 0: hpm=1 -> shared=0
03-27 06:52:40.620 18091 18205 I [CT]    : HandPoseSampler: Filter reset
03-27 06:52:40.620 18091 18205 I InputDevice_Hand: HANDTRACKING ADMIRE hand 1: hpm=1 -> shared=0
03-27 06:52:40.632 18091 18205 I [CT]    : HandPoseSampler: Filter reset
03-27 06:52:40.632 18091 18205 I InputDevice_Hand: HANDTRACKING ADMIRE hand 0: hpm=1 -> shared=0
03-27 06:52:40.632 18091 18205 I [CT]    : HandPoseSampler: Filter reset
03-27 06:52:40.632 18091 18205 I InputDevice_Hand: HANDTRACKING ADMIRE hand 1: hpm=1 -> shared=0
03-27 06:52:40.641   920 14201 I VD628x  : Flicker results: freq 120.000000, max 119.909492, dcr 32.831528, pct 0.040152, idx 0.012602, conf 0.877614, snr 8.628463, svm 0.068885, sus 0
03-27 06:52:40.643 18091 18205 I [CT]    : HandPoseSampler: Filter reset
03-27 06:52:40.643 18091 18205 I InputDevice_Hand: HANDTRACKING ADMIRE hand 0: hpm=1 -> shared=0
03-27 06:52:40.643 18091 18205 I [CT]    : HandPoseSampler: Filter reset
03-27 06:52:40.643 18091 18205 I InputDevice_Hand: HANDTRACKING ADMIRE hand 1: hpm=1 -> shared=0
03-27 06:52:40.643  2697 14219 I [CT]    : PTApiClients: 1/1:com.oculus.vrshell,PT=1,EnvDepth=0,VrMode=1,LCnt=0/2(rec=0,proj=0,bg=0),SppMeshes=1(vs=4,ts=2),SppInst=1(vs=4,ts=2),NS=0,Sty=0
03-27 06:52:40.654 18091 18205 I [CT]    : HandPoseSampler: Filter reset
03-27 06:52:40.654 18091 18205 I InputDevice_Hand: HANDTRACKING ADMIRE hand 0: hpm=1 -> shared=0
03-27 06:52:40.654 18091 18205 I [CT]    : HandPoseSampler: Filter reset
03-27 06:52:40.654 18091 18205 I InputDevice_Hand: HANDTRACKING ADMIRE hand 1: hpm=1 -> shared=0
03-27 06:52:40.655 18224 18352 I AutoStationaryHelper: [AutoStationaryHelper::getGuardianDataFromNearbyRoomscale] Checking 1 existing guardian data
03-27 06:52:40.655 18224 18352 I GuardianMapDataMgr: [GuardianMapDataMgr::isValidTrackedRoomscale] [2575043440] Valid=yes, Roomscale=yes, Anchor [2cee9d32-7f24-ff1e-5555-ae309d8ea246] Tracked=yes
03-27 06:52:40.655 18224 18352 I AutoStationaryHelper: [AutoStationaryHelper::getGuardianDataFromNearbyRoomscale] [2575043440] Distance to HMD: 3.762083
03-27 06:52:40.664  2697  3402 I FaceEyeTrackingServerManager_Impl: [FaceEyeTrackingServerManager] - orthofitManager is NULL.
03-27 06:52:40.665 18091 18205 I [CT]    : HandPoseSampler: Filter reset
03-27 06:52:40.665 18091 18205 I InputDevice_Hand: HANDTRACKING ADMIRE hand 0: hpm=1 -> shared=0
03-27 06:52:40.665 18091 18205 I [CT]    : HandPoseSampler: Filter reset
03-27 06:52:40.665 18091 18205 I InputDevice_Hand: HANDTRACKING ADMIRE hand 1: hpm=1 -> shared=0
03-27 06:52:40.676 18091 18205 I [CT]    : HandPoseSampler: Filter reset
03-27 06:52:40.676 18091 18205 I InputDevice_Hand: HANDTRACKING ADMIRE hand 0: hpm=1 -> shared=0
03-27 06:52:40.676 18091 18205 I [CT]    : HandPoseSampler: Filter reset
03-27 06:52:40.676 18091 18205 I InputDevice_Hand: HANDTRACKING ADMIRE hand 1: hpm=1 -> shared=0
03-27 06:52:40.681 18091 18457 W ShellHsr: Renderer: RenderableFilter has 108 tags, which is more than 10. This is expected to be rare. If this becomes common, consider changing RenderableFilter logic to use something other than linear searches for filtering renderable tags (like registered bitsets).
03-27 06:52:40.688 18091 18205 I [CT]    : HandPoseSampler: Filter reset
03-27 06:52:40.688 27417 27599 V DGW     : V[sendPing:129] StreamGroupPinger[rpsignaling]: send ping timeout: 10
03-27 06:52:40.688 27417 27599 V DGW     : V[sendPing:2089] StreamGroupTransport[rpsignaling] send ping state:3
03-27 06:52:40.688 18091 18205 I InputDevice_Hand: HANDTRACKING ADMIRE hand 0: hpm=1 -> shared=0
03-27 06:52:40.688 18091 18205 I [CT]    : HandPoseSampler: Filter reset
03-27 06:52:40.688 18091 18205 I InputDevice_Hand: HANDTRACKING ADMIRE hand 1: hpm=1 -> shared=0
03-27 06:52:40.698 18091 18205 I [CT]    : HandPoseSampler: Filter reset
03-27 06:52:40.698 18091 18205 I InputDevice_Hand: HANDTRACKING ADMIRE hand 0: hpm=1 -> shared=0
03-27 06:52:40.698 18091 18205 I [CT]    : HandPoseSampler: Filter reset
03-27 06:52:40.699 18091 18205 I InputDevice_Hand: HANDTRACKING ADMIRE hand 1: hpm=1 -> shared=0
03-27 06:52:40.709 18091 18205 I [CT]    : HandPoseSampler: Filter reset
03-27 06:52:40.709 18091 18205 I InputDevice_Hand: HANDTRACKING ADMIRE hand 0: hpm=1 -> shared=0
03-27 06:52:40.709 18091 18205 I [CT]    : HandPoseSampler: Filter reset
03-27 06:52:40.709 18091 18205 I InputDevice_Hand: HANDTRACKING ADMIRE hand 1: hpm=1 -> shared=0
03-27 06:52:40.720 18091 18205 I [CT]    : HandPoseSampler: Filter reset
03-27 06:52:40.720 18091 18205 I InputDevice_Hand: HANDTRACKING ADMIRE hand 0: hpm=1 -> shared=0
03-27 06:52:40.720 18091 18205 I [CT]    : HandPoseSampler: Filter reset
03-27 06:52:40.720 18091 18205 I InputDevice_Hand: HANDTRACKING ADMIRE hand 1: hpm=1 -> shared=0
03-27 06:52:40.722 27417 27599 V DGW     : V[hasIngressTraffic:391] ConnectivityManager has ingress traffic.
03-27 06:52:40.722 27417 27599 V DGW     : V[onIngress:99] StreamGroupPinger[rpsignaling]: onIngress
03-27 06:52:40.723 27417 27599 V DGW     : V[cancelPing:91] StreamGroupPinger[rpsignaling]: cancel pings
03-27 06:52:40.723 27417 27599 V DGW     : V[schedulePing:71] StreamGroupPinger[rpsignaling]: schedule pings
03-27 06:52:40.723 27417 27599 V DGW     : V[handleFrame:889] StreamGroupRetriableNetworkLayer[rpsignaling] handle frame
03-27 06:52:40.731 18091 18205 I [CT]    : HandPoseSampler: Filter reset
03-27 06:52:40.731 18091 18205 I InputDevice_Hand: HANDTRACKING ADMIRE hand 0: hpm=1 -> shared=0
03-27 06:52:40.731 18091 18205 I [CT]    : HandPoseSampler: Filter reset
03-27 06:52:40.731 18091 18205 I InputDevice_Hand: HANDTRACKING ADMIRE hand 1: hpm=1 -> shared=0
03-27 06:52:40.742 18091 18205 I [CT]    : HandPoseSampler: Filter reset
03-27 06:52:40.742 18091 18205 I InputDevice_Hand: HANDTRACKING ADMIRE hand 0: hpm=1 -> shared=0
03-27 06:52:40.742 18091 18205 I [CT]    : HandPoseSampler: Filter reset
03-27 06:52:40.742 18091 18205 I InputDevice_Hand: HANDTRACKING ADMIRE hand 1: hpm=1 -> shared=0
03-27 06:52:40.753 18091 18205 I [CT]    : HandPoseSampler: Filter reset
03-27 06:52:40.753 18091 18205 I InputDevice_Hand: HANDTRACKING ADMIRE hand 0: hpm=1 -> shared=0
03-27 06:52:40.753 18091 18205 I [CT]    : HandPoseSampler: Filter reset
03-27 06:52:40.753 18091 18205 I InputDevice_Hand: HANDTRACKING ADMIRE hand 1: hpm=1 -> shared=0
03-27 06:52:40.764 18091 18205 I [CT]    : HandPoseSampler: Filter reset
03-27 06:52:40.765 18091 18205 I InputDevice_Hand: HANDTRACKING ADMIRE hand 0: hpm=1 -> shared=0
03-27 06:52:40.765 18091 18205 I [CT]    : HandPoseSampler: Filter reset
03-27 06:52:40.765 18091 18205 I InputDevice_Hand: HANDTRACKING ADMIRE hand 1: hpm=1 -> shared=0
03-27 06:52:40.775 18091 18205 I [CT]    : HandPoseSampler: Filter reset
03-27 06:52:40.775 18091 18205 I InputDevice_Hand: HANDTRACKING ADMIRE hand 0: hpm=1 -> shared=0
03-27 06:52:40.775 18091 18205 I [CT]    : HandPoseSampler: Filter reset
03-27 06:52:40.775 18091 18205 I InputDevice_Hand: HANDTRACKING ADMIRE hand 1: hpm=1 -> shared=0
03-27 06:52:40.787 18091 18205 I [CT]    : HandPoseSampler: Filter reset
03-27 06:52:40.787 18091 18205 I InputDevice_Hand: HANDTRACKING ADMIRE hand 0: hpm=1 -> shared=0
03-27 06:52:40.787 18091 18205 I [CT]    : HandPoseSampler: Filter reset
03-27 06:52:40.787 18091 18205 I InputDevice_Hand: HANDTRACKING ADMIRE hand 1: hpm=1 -> shared=0
03-27 06:52:40.799 18091 18205 I [CT]    : HandPoseSampler: Filter reset
03-27 06:52:40.799 18091 18205 I InputDevice_Hand: HANDTRACKING ADMIRE hand 0: hpm=1 -> shared=0
03-27 06:52:40.799 18091 18205 I [CT]    : HandPoseSampler: Filter reset
03-27 06:52:40.799 18091 18205 I InputDevice_Hand: HANDTRACKING ADMIRE hand 1: hpm=1 -> shared=0
03-27 06:52:40.809 18091 18205 I [CT]    : HandPoseSampler: Filter reset
03-27 06:52:40.809 18091 18205 I InputDevice_Hand: HANDTRACKING ADMIRE hand 0: hpm=1 -> shared=0
03-27 06:52:40.809 18091 18205 I [CT]    : HandPoseSampler: Filter reset
03-27 06:52:40.809 18091 18205 I InputDevice_Hand: HANDTRACKING ADMIRE hand 1: hpm=1 -> shared=0
03-27 06:52:40.820 18091 18205 I [CT]    : HandPoseSampler: Filter reset
03-27 06:52:40.820 18091 18205 I InputDevice_Hand: HANDTRACKING ADMIRE hand 0: hpm=1 -> shared=0
03-27 06:52:40.820 18091 18205 I [CT]    : HandPoseSampler: Filter reset
03-27 06:52:40.820 18091 18205 I InputDevice_Hand: HANDTRACKING ADMIRE hand 1: hpm=1 -> shared=0
03-27 06:52:40.831 18091 18205 I [CT]    : HandPoseSampler: Filter reset
03-27 06:52:40.831 18091 18205 I InputDevice_Hand: HANDTRACKING ADMIRE hand 0: hpm=1 -> shared=0
03-27 06:52:40.831 18091 18205 I [CT]    : HandPoseSampler: Filter reset
03-27 06:52:40.831 18091 18205 I InputDevice_Hand: HANDTRACKING ADMIRE hand 1: hpm=1 -> shared=0
03-27 06:52:40.843 18091 18205 I [CT]    : HandPoseSampler: Filter reset
03-27 06:52:40.843 18091 18205 I InputDevice_Hand: HANDTRACKING ADMIRE hand 0: hpm=1 -> shared=0
03-27 06:52:40.843 18091 18205 I [CT]    : HandPoseSampler: Filter reset
03-27 06:52:40.843 18091 18205 I InputDevice_Hand: HANDTRACKING ADMIRE hand 1: hpm=1 -> shared=0
03-27 06:52:40.854 18091 18205 I [CT]    : HandPoseSampler: Filter reset
03-27 06:52:40.854 18091 18205 I InputDevice_Hand: HANDTRACKING ADMIRE hand 0: hpm=1 -> shared=0
03-27 06:52:40.854 18091 18205 I [CT]    : HandPoseSampler: Filter reset
03-27 06:52:40.854 18091 18205 I InputDevice_Hand: HANDTRACKING ADMIRE hand 1: hpm=1 -> shared=0
03-27 06:52:40.865 18091 18205 I [CT]    : HandPoseSampler: Filter reset
03-27 06:52:40.865 18091 18205 I InputDevice_Hand: HANDTRACKING ADMIRE hand 0: hpm=1 -> shared=0
03-27 06:52:40.865 18091 18205 I [CT]    : HandPoseSampler: Filter reset
03-27 06:52:40.865 18091 18205 I InputDevice_Hand: HANDTRACKING ADMIRE hand 1: hpm=1 -> shared=0
03-27 06:52:40.876 18091 18205 I [CT]    : HandPoseSampler: Filter reset
03-27 06:52:40.876 18091 18205 I InputDevice_Hand: HANDTRACKING ADMIRE hand 0: hpm=1 -> shared=0
03-27 06:52:40.876 18091 18205 I [CT]    : HandPoseSampler: Filter reset
03-27 06:52:40.876 18091 18205 I InputDevice_Hand: HANDTRACKING ADMIRE hand 1: hpm=1 -> shared=0
03-27 06:52:40.887 18091 18205 I [CT]    : HandPoseSampler: Filter reset
03-27 06:52:40.887 18091 18205 I InputDevice_Hand: HANDTRACKING ADMIRE hand 0: hpm=1 -> shared=0
03-27 06:52:40.887 18091 18205 I [CT]    : HandPoseSampler: Filter reset
03-27 06:52:40.887 18091 18205 I InputDevice_Hand: HANDTRACKING ADMIRE hand 1: hpm=1 -> shared=0
03-27 06:52:40.898 18091 18205 I [CT]    : HandPoseSampler: Filter reset
03-27 06:52:40.898 18091 18205 I InputDevice_Hand: HANDTRACKING ADMIRE hand 0: hpm=1 -> shared=0
03-27 06:52:40.898 18091 18205 I [CT]    : HandPoseSampler: Filter reset
03-27 06:52:40.898 18091 18205 I InputDevice_Hand: HANDTRACKING ADMIRE hand 1: hpm=1 -> shared=0
03-27 06:52:40.906   927 14165 W SensorService: Unknown packet type (32) received
03-27 06:52:40.909 18091 18205 I [CT]    : HandPoseSampler: Filter reset
03-27 06:52:40.909 18091 18205 I InputDevice_Hand: HANDTRACKING ADMIRE hand 0: hpm=1 -> shared=0
03-27 06:52:40.909 18091 18205 I [CT]    : HandPoseSampler: Filter reset
03-27 06:52:40.909 18091 18205 I InputDevice_Hand: HANDTRACKING ADMIRE hand 1: hpm=1 -> shared=0
03-27 06:52:40.921 18091 18205 I [CT]    : HandPoseSampler: Filter reset
03-27 06:52:40.921 18091 18205 I InputDevice_Hand: HANDTRACKING ADMIRE hand 0: hpm=1 -> shared=0
03-27 06:52:40.921 18091 18205 I [CT]    : HandPoseSampler: Filter reset
03-27 06:52:40.921 18091 18205 I InputDevice_Hand: HANDTRACKING ADMIRE hand 1: hpm=1 -> shared=0
03-27 06:52:40.932 18091 18205 I [CT]    : HandPoseSampler: Filter reset
03-27 06:52:40.932 18091 18205 I InputDevice_Hand: HANDTRACKING ADMIRE hand 0: hpm=1 -> shared=0
03-27 06:52:40.932 18091 18205 I [CT]    : HandPoseSampler: Filter reset
03-27 06:52:40.932 18091 18205 I InputDevice_Hand: HANDTRACKING ADMIRE hand 1: hpm=1 -> shared=0
03-27 06:52:40.943 18091 18205 I [CT]    : HandPoseSampler: Filter reset
03-27 06:52:40.943 18091 18205 I InputDevice_Hand: HANDTRACKING ADMIRE hand 0: hpm=1 -> shared=0
03-27 06:52:40.943 18091 18205 I [CT]    : HandPoseSampler: Filter reset
03-27 06:52:40.943 18091 18205 I InputDevice_Hand: HANDTRACKING ADMIRE hand 1: hpm=1 -> shared=0
03-27 06:52:40.952   897  1854 I Tracking: CONSTELLATION_Left: [Throttled count=181] P+C Left: Imu state is invalid when querying vision state!
03-27 06:52:40.952   897  1854 I Tracking: CONSTELLATION_Left: [Throttled count=90] P+C Left: Not reinitializing 6DoF filter yet (no valid pose from vision).
03-27 06:52:40.954 18091 18205 I [CT]    : HandPoseSampler: Filter reset
03-27 06:52:40.954 18091 18205 I InputDevice_Hand: HANDTRACKING ADMIRE hand 0: hpm=1 -> shared=0
03-27 06:52:40.954 18091 18205 I [CT]    : HandPoseSampler: Filter reset
03-27 06:52:40.954 18091 18205 I InputDevice_Hand: HANDTRACKING ADMIRE hand 1: hpm=1 -> shared=0
03-27 06:52:40.966 18091 18205 I [CT]    : HandPoseSampler: Filter reset
03-27 06:52:40.966 18091 18205 I InputDevice_Hand: HANDTRACKING ADMIRE hand 0: hpm=1 -> shared=0
03-27 06:52:40.966 18091 18205 I [CT]    : HandPoseSampler: Filter reset
03-27 06:52:40.966 18091 18205 I InputDevice_Hand: HANDTRACKING ADMIRE hand 1: hpm=1 -> shared=0
03-27 06:52:40.977 18091 18205 I [CT]    : HandPoseSampler: Filter reset
03-27 06:52:40.977 18091 18205 I InputDevice_Hand: HANDTRACKING ADMIRE hand 0: hpm=1 -> shared=0
03-27 06:52:40.977 18091 18205 I [CT]    : HandPoseSampler: Filter reset
03-27 06:52:40.977 18091 18205 I InputDevice_Hand: HANDTRACKING ADMIRE hand 1: hpm=1 -> shared=0
