--------- beginning of main
03-27 06:57:46.246 18091 18205 I InputDevice_Hand: HANDTRACKING ADMIRE hand 1: hpm=1 -> shared=0
03-27 06:57:46.257 18091 18205 I [CT]    : HandPoseSampler: Filter reset
03-27 06:57:46.257 18091 18205 I InputDevice_Hand: HANDTRACKING ADMIRE hand 0: hpm=1 -> shared=0
03-27 06:57:46.257 18091 18205 I [CT]    : HandPoseSampler: Filter reset
03-27 06:57:46.257 18091 18205 I InputDevice_Hand: HANDTRACKING ADMIRE hand 1: hpm=1 -> shared=0
03-27 06:57:46.267 18091 18205 I [CT]    : HandPoseSampler: Filter reset
03-27 06:57:46.267 18091 18205 I InputDevice_Hand: HANDTRACKING ADMIRE hand 0: hpm=1 -> shared=0
03-27 06:57:46.267 18091 18205 I [CT]    : HandPoseSampler: Filter reset
03-27 06:57:46.267 18091 18205 I InputDevice_Hand: HANDTRACKING ADMIRE hand 1: hpm=1 -> shared=0
03-27 06:57:46.279 18091 18205 I [CT]    : HandPoseSampler: Filter reset
03-27 06:57:46.279 18091 18205 I InputDevice_Hand: HANDTRACKING ADMIRE hand 0: hpm=1 -> shared=0
03-27 06:57:46.279 18091 18205 I [CT]    : HandPoseSampler: Filter reset
03-27 06:57:46.279 18091 18205 I InputDevice_Hand: HANDTRACKING ADMIRE hand 1: hpm=1 -> shared=0
03-27 06:57:46.290 18091 18205 I [CT]    : HandPoseSampler: Filter reset
03-27 06:57:46.290 18091 18205 I InputDevice_Hand: HANDTRACKING ADMIRE hand 0: hpm=1 -> shared=0
03-27 06:57:46.290 18091 18205 I [CT]    : HandPoseSampler: Filter reset
03-27 06:57:46.290 18091 18205 I InputDevice_Hand: HANDTRACKING ADMIRE hand 1: hpm=1 -> shared=0
03-27 06:57:46.301 18091 18205 I [CT]    : HandPoseSampler: Filter reset
03-27 06:57:46.301 18091 18205 I InputDevice_Hand: HANDTRACKING ADMIRE hand 0: hpm=1 -> shared=0
03-27 06:57:46.301 18091 18205 I [CT]    : HandPoseSampler: Filter reset
03-27 06:57:46.301 18091 18205 I InputDevice_Hand: HANDTRACKING ADMIRE hand 1: hpm=1 -> shared=0
03-27 06:57:46.312 18091 18205 I [CT]    : HandPoseSampler: Filter reset
03-27 06:57:46.312 18091 18205 I InputDevice_Hand: HANDTRACKING ADMIRE hand 0: hpm=1 -> shared=0
03-27 06:57:46.313 18091 18205 I [CT]    : HandPoseSampler: Filter reset
03-27 06:57:46.313 18091 18205 I InputDevice_Hand: HANDTRACKING ADMIRE hand 1: hpm=1 -> shared=0
03-27 06:57:46.323 18091 18205 I [CT]    : HandPoseSampler: Filter reset
03-27 06:57:46.323 18091 18205 I InputDevice_Hand: HANDTRACKING ADMIRE hand 0: hpm=1 -> shared=0
03-27 06:57:46.323 18091 18205 I [CT]    : HandPoseSampler: Filter reset
03-27 06:57:46.323 18091 18205 I InputDevice_Hand: HANDTRACKING ADMIRE hand 1: hpm=1 -> shared=0
03-27 06:57:46.334 18091 18205 I [CT]    : HandPoseSampler: Filter reset
03-27 06:57:46.334 18091 18205 I InputDevice_Hand: HANDTRACKING ADMIRE hand 0: hpm=1 -> shared=0
03-27 06:57:46.334 18091 18205 I [CT]    : HandPoseSampler: Filter reset
03-27 06:57:46.334 18091 18205 I InputDevice_Hand: HANDTRACKING ADMIRE hand 1: hpm=1 -> shared=0
03-27 06:57:46.346 18091 18205 I [CT]    : HandPoseSampler: Filter reset
03-27 06:57:46.346 18091 18205 I InputDevice_Hand: HANDTRACKING ADMIRE hand 0: hpm=1 -> shared=0
03-27 06:57:46.346 18091 18205 I [CT]    : HandPoseSampler: Filter reset
03-27 06:57:46.346 18091 18205 I InputDevice_Hand: HANDTRACKING ADMIRE hand 1: hpm=1 -> shared=0
03-27 06:57:46.357 18091 18205 I [CT]    : HandPoseSampler: Filter reset
03-27 06:57:46.357 18091 18205 I InputDevice_Hand: HANDTRACKING ADMIRE hand 0: hpm=1 -> shared=0
03-27 06:57:46.357 18091 18205 I [CT]    : HandPoseSampler: Filter reset
03-27 06:57:46.357 18091 18205 I InputDevice_Hand: HANDTRACKING ADMIRE hand 1: hpm=1 -> shared=0
03-27 06:57:46.368 18091 18205 I [CT]    : HandPoseSampler: Filter reset
03-27 06:57:46.368 18091 18205 I InputDevice_Hand: HANDTRACKING ADMIRE hand 0: hpm=1 -> shared=0
03-27 06:57:46.368 18091 18205 I [CT]    : HandPoseSampler: Filter reset
03-27 06:57:46.368 18091 18205 I InputDevice_Hand: HANDTRACKING ADMIRE hand 1: hpm=1 -> shared=0
03-27 06:57:46.379 18091 18205 I [CT]    : HandPoseSampler: Filter reset
03-27 06:57:46.379 18091 18205 I InputDevice_Hand: HANDTRACKING ADMIRE hand 0: hpm=1 -> shared=0
03-27 06:57:46.380 18091 18205 I [CT]    : HandPoseSampler: Filter reset
03-27 06:57:46.380 18091 18205 I InputDevice_Hand: HANDTRACKING ADMIRE hand 1: hpm=1 -> shared=0
03-27 06:57:46.389 18091 18205 I [CT]    : HandPoseSampler: Filter reset
03-27 06:57:46.389 18091 18205 I InputDevice_Hand: HANDTRACKING ADMIRE hand 0: hpm=1 -> shared=0
03-27 06:57:46.389 18091 18205 I [CT]    : HandPoseSampler: Filter reset
03-27 06:57:46.389 18091 18205 I InputDevice_Hand: HANDTRACKING ADMIRE hand 1: hpm=1 -> shared=0
03-27 06:57:46.400 18091 18205 I [CT]    : HandPoseSampler: Filter reset
03-27 06:57:46.400 18091 18205 I InputDevice_Hand: HANDTRACKING ADMIRE hand 0: hpm=1 -> shared=0
03-27 06:57:46.400 18091 18205 I [CT]    : HandPoseSampler: Filter reset
03-27 06:57:46.400 18091 18205 I InputDevice_Hand: HANDTRACKING ADMIRE hand 1: hpm=1 -> shared=0
03-27 06:57:46.412 18091 18205 I [CT]    : HandPoseSampler: Filter reset
03-27 06:57:46.412 18091 18205 I InputDevice_Hand: HANDTRACKING ADMIRE hand 0: hpm=1 -> shared=0
03-27 06:57:46.412 18091 18205 I [CT]    : HandPoseSampler: Filter reset
03-27 06:57:46.412 18091 18205 I InputDevice_Hand: HANDTRACKING ADMIRE hand 1: hpm=1 -> shared=0
03-27 06:57:46.423 18091 18205 I [CT]    : HandPoseSampler: Filter reset
03-27 06:57:46.423 18091 18205 I InputDevice_Hand: HANDTRACKING ADMIRE hand 0: hpm=1 -> shared=0
03-27 06:57:46.423 18091 18205 I [CT]    : HandPoseSampler: Filter reset
03-27 06:57:46.423 18091 18205 I InputDevice_Hand: HANDTRACKING ADMIRE hand 1: hpm=1 -> shared=0
03-27 06:57:46.434 18091 18205 I [CT]    : HandPoseSampler: Filter reset
03-27 06:57:46.434 18091 18205 I InputDevice_Hand: HANDTRACKING ADMIRE hand 0: hpm=1 -> shared=0
03-27 06:57:46.434 18091 18205 I [CT]    : HandPoseSampler: Filter reset
03-27 06:57:46.434 18091 18205 I InputDevice_Hand: HANDTRACKING ADMIRE hand 1: hpm=1 -> shared=0
03-27 06:57:46.445 18091 18205 I [CT]    : HandPoseSampler: Filter reset
03-27 06:57:46.445 18091 18205 I InputDevice_Hand: HANDTRACKING ADMIRE hand 0: hpm=1 -> shared=0
03-27 06:57:46.445 18091 18205 I [CT]    : HandPoseSampler: Filter reset
03-27 06:57:46.445 18091 18205 I InputDevice_Hand: HANDTRACKING ADMIRE hand 1: hpm=1 -> shared=0
03-27 06:57:46.457 18091 18205 I [CT]    : HandPoseSampler: Filter reset
03-27 06:57:46.457 18091 18205 I InputDevice_Hand: HANDTRACKING ADMIRE hand 0: hpm=1 -> shared=0
03-27 06:57:46.457 18091 18205 I [CT]    : HandPoseSampler: Filter reset
03-27 06:57:46.457 18091 18205 I InputDevice_Hand: HANDTRACKING ADMIRE hand 1: hpm=1 -> shared=0
03-27 06:57:46.468 18091 18205 I [CT]    : HandPoseSampler: Filter reset
03-27 06:57:46.468 18091 18205 I InputDevice_Hand: HANDTRACKING ADMIRE hand 0: hpm=1 -> shared=0
03-27 06:57:46.468 18091 18205 I [CT]    : HandPoseSampler: Filter reset
03-27 06:57:46.468 18091 18205 I InputDevice_Hand: HANDTRACKING ADMIRE hand 1: hpm=1 -> shared=0
03-27 06:57:46.479 18091 18205 I [CT]    : HandPoseSampler: Filter reset
03-27 06:57:46.479 18091 18205 I InputDevice_Hand: HANDTRACKING ADMIRE hand 0: hpm=1 -> shared=0
03-27 06:57:46.479 18091 18205 I [CT]    : HandPoseSampler: Filter reset
03-27 06:57:46.479 18091 18205 I InputDevice_Hand: HANDTRACKING ADMIRE hand 1: hpm=1 -> shared=0
03-27 06:57:46.491 18091 18205 I [CT]    : HandPoseSampler: Filter reset
03-27 06:57:46.491 18091 18205 I InputDevice_Hand: HANDTRACKING ADMIRE hand 0: hpm=1 -> shared=0
03-27 06:57:46.491 18091 18205 I [CT]    : HandPoseSampler: Filter reset
03-27 06:57:46.491 18091 18205 I InputDevice_Hand: HANDTRACKING ADMIRE hand 1: hpm=1 -> shared=0
03-27 06:57:46.501 18091 18205 I [CT]    : HandPoseSampler: Filter reset
03-27 06:57:46.501 18091 18205 I InputDevice_Hand: HANDTRACKING ADMIRE hand 0: hpm=1 -> shared=0
03-27 06:57:46.501 18091 18205 I [CT]    : HandPoseSampler: Filter reset
03-27 06:57:46.501 18091 18205 I InputDevice_Hand: HANDTRACKING ADMIRE hand 1: hpm=1 -> shared=0
03-27 06:57:46.511 18091 18205 I [CT]    : HandPoseSampler: Filter reset
03-27 06:57:46.511 18091 18205 I InputDevice_Hand: HANDTRACKING ADMIRE hand 0: hpm=1 -> shared=0
03-27 06:57:46.512 18091 18205 I [CT]    : HandPoseSampler: Filter reset
03-27 06:57:46.512 18091 18205 I InputDevice_Hand: HANDTRACKING ADMIRE hand 1: hpm=1 -> shared=0
03-27 06:57:46.519   897  1854 I Tracking: CONSTELLATION_Right: [Throttled count=89] P+C Right: Applying Consistent Zero Velocity Update during slow motion.
03-27 06:57:46.523 18091 18205 I [CT]    : HandPoseSampler: Filter reset
03-27 06:57:46.523 18091 18205 I InputDevice_Hand: HANDTRACKING ADMIRE hand 0: hpm=1 -> shared=0
03-27 06:57:46.523 18091 18205 I [CT]    : HandPoseSampler: Filter reset
03-27 06:57:46.523 18091 18205 I InputDevice_Hand: HANDTRACKING ADMIRE hand 1: hpm=1 -> shared=0
03-27 06:57:46.534 18091 18205 I [CT]    : HandPoseSampler: Filter reset
03-27 06:57:46.534 18091 18205 I InputDevice_Hand: HANDTRACKING ADMIRE hand 0: hpm=1 -> shared=0
03-27 06:57:46.534 18091 18205 I [CT]    : HandPoseSampler: Filter reset
03-27 06:57:46.534 18091 18205 I InputDevice_Hand: HANDTRACKING ADMIRE hand 1: hpm=1 -> shared=0
03-27 06:57:46.545 18091 18205 I [CT]    : HandPoseSampler: Filter reset
03-27 06:57:46.545 18091 18205 I InputDevice_Hand: HANDTRACKING ADMIRE hand 0: hpm=1 -> shared=0
03-27 06:57:46.545 18091 18205 I [CT]    : HandPoseSampler: Filter reset
03-27 06:57:46.545 18091 18205 I InputDevice_Hand: HANDTRACKING ADMIRE hand 1: hpm=1 -> shared=0
03-27 06:57:46.557 18091 18205 I [CT]    : HandPoseSampler: Filter reset
03-27 06:57:46.557 18091 18205 I InputDevice_Hand: HANDTRACKING ADMIRE hand 0: hpm=1 -> shared=0
03-27 06:57:46.557 18091 18205 I [CT]    : HandPoseSampler: Filter reset
03-27 06:57:46.557 18091 18205 I InputDevice_Hand: HANDTRACKING ADMIRE hand 1: hpm=1 -> shared=0
03-27 06:57:46.568 18091 18205 I [CT]    : HandPoseSampler: Filter reset
03-27 06:57:46.568 18091 18205 I InputDevice_Hand: HANDTRACKING ADMIRE hand 0: hpm=1 -> shared=0
03-27 06:57:46.568 18091 18205 I [CT]    : HandPoseSampler: Filter reset
03-27 06:57:46.568 18091 18205 I InputDevice_Hand: HANDTRACKING ADMIRE hand 1: hpm=1 -> shared=0
03-27 06:57:46.571 18091 18457 W ShellHsr: Renderer: RenderableFilter has 108 tags, which is more than 10. This is expected to be rare. If this becomes common, consider changing RenderableFilter logic to use something other than linear searches for filtering renderable tags (like registered bitsets).
03-27 06:57:46.579 18091 18205 I [CT]    : HandPoseSampler: Filter reset
03-27 06:57:46.579 18091 18205 I InputDevice_Hand: HANDTRACKING ADMIRE hand 0: hpm=1 -> shared=0
03-27 06:57:46.579 18091 18205 I [CT]    : HandPoseSampler: Filter reset
03-27 06:57:46.579 18091 18205 I InputDevice_Hand: HANDTRACKING ADMIRE hand 1: hpm=1 -> shared=0
03-27 06:57:46.591 18091 18205 I [CT]    : HandPoseSampler: Filter reset
03-27 06:57:46.591 18091 18205 I InputDevice_Hand: HANDTRACKING ADMIRE hand 0: hpm=1 -> shared=0
03-27 06:57:46.591 18091 18205 I [CT]    : HandPoseSampler: Filter reset
03-27 06:57:46.591 18091 18205 I InputDevice_Hand: HANDTRACKING ADMIRE hand 1: hpm=1 -> shared=0
03-27 06:57:46.601 18091 18205 I [CT]    : HandPoseSampler: Filter reset
03-27 06:57:46.601 18091 18205 I InputDevice_Hand: HANDTRACKING ADMIRE hand 0: hpm=1 -> shared=0
03-27 06:57:46.601 18091 18205 I [CT]    : HandPoseSampler: Filter reset
03-27 06:57:46.601 18091 18205 I InputDevice_Hand: HANDTRACKING ADMIRE hand 1: hpm=1 -> shared=0
03-27 06:57:46.612 18091 18205 I [CT]    : HandPoseSampler: Filter reset
03-27 06:57:46.612 18091 18205 I InputDevice_Hand: HANDTRACKING ADMIRE hand 0: hpm=1 -> shared=0
03-27 06:57:46.612 18091 18205 I [CT]    : HandPoseSampler: Filter reset
03-27 06:57:46.612 18091 18205 I InputDevice_Hand: HANDTRACKING ADMIRE hand 1: hpm=1 -> shared=0
03-27 06:57:46.614   920 14201 I VD628x  : Flicker results: freq 120.000000, max 119.919571, dcr 32.920822, pct 0.041016, idx 0.013007, conf 0.896300, snr 9.348852, svm 0.069868, sus 0
03-27 06:57:46.621  2697 14219 I [CT]    : MIXEDREALITY: PassthroughApiManager: GetUpdatedLayerState: (every 2 seconds) PT is: ON numLayers: 0
03-27 06:57:46.623 18091 18205 I [CT]    : HandPoseSampler: Filter reset
03-27 06:57:46.623 18091 18205 I InputDevice_Hand: HANDTRACKING ADMIRE hand 0: hpm=1 -> shared=0
03-27 06:57:46.623 18091 18205 I [CT]    : HandPoseSampler: Filter reset
03-27 06:57:46.623 18091 18205 I InputDevice_Hand: HANDTRACKING ADMIRE hand 1: hpm=1 -> shared=0
03-27 06:57:46.634 18091 18205 I [CT]    : HandPoseSampler: Filter reset
03-27 06:57:46.634 18091 18205 I InputDevice_Hand: HANDTRACKING ADMIRE hand 0: hpm=1 -> shared=0
03-27 06:57:46.634 18091 18205 I [CT]    : HandPoseSampler: Filter reset
03-27 06:57:46.634 18091 18205 I InputDevice_Hand: HANDTRACKING ADMIRE hand 1: hpm=1 -> shared=0
03-27 06:57:46.646 18091 18205 I [CT]    : HandPoseSampler: Filter reset
03-27 06:57:46.646 18091 18205 I InputDevice_Hand: HANDTRACKING ADMIRE hand 0: hpm=1 -> shared=0
03-27 06:57:46.646 18091 18205 I [CT]    : HandPoseSampler: Filter reset
03-27 06:57:46.646 18091 18205 I InputDevice_Hand: HANDTRACKING ADMIRE hand 1: hpm=1 -> shared=0
03-27 06:57:46.657 18091 18205 I [CT]    : HandPoseSampler: Filter reset
03-27 06:57:46.657 18091 18205 I InputDevice_Hand: HANDTRACKING ADMIRE hand 0: hpm=1 -> shared=0
03-27 06:57:46.657 18091 18205 I [CT]    : HandPoseSampler: Filter reset
03-27 06:57:46.657 18091 18205 I InputDevice_Hand: HANDTRACKING ADMIRE hand 1: hpm=1 -> shared=0
03-27 06:57:46.667 18091 18205 I [CT]    : HandPoseSampler: Filter reset
03-27 06:57:46.667 18091 18205 I InputDevice_Hand: HANDTRACKING ADMIRE hand 0: hpm=1 -> shared=0
03-27 06:57:46.667 18091 18205 I [CT]    : HandPoseSampler: Filter reset
03-27 06:57:46.667 18091 18205 I InputDevice_Hand: HANDTRACKING ADMIRE hand 1: hpm=1 -> shared=0
03-27 06:57:46.673 18224 18352 I AutoStationaryHelper: [AutoStationaryHelper::getGuardianDataFromNearbyRoomscale] Checking 1 existing guardian data
03-27 06:57:46.673 18224 18352 I GuardianMapDataMgr: [GuardianMapDataMgr::isValidTrackedRoomscale] [2575043440] Valid=yes, Roomscale=yes, Anchor [2cee9d32-7f24-ff1e-5555-ae309d8ea246] Tracked=yes
03-27 06:57:46.673 18224 18352 I AutoStationaryHelper: [AutoStationaryHelper::getGuardianDataFromNearbyRoomscale] [2575043440] Distance to HMD: 3.778620
03-27 06:57:46.678 18091 18205 I [CT]    : HandPoseSampler: Filter reset
03-27 06:57:46.678 18091 18205 I InputDevice_Hand: HANDTRACKING ADMIRE hand 0: hpm=1 -> shared=0
03-27 06:57:46.678 18091 18205 I [CT]    : HandPoseSampler: Filter reset
03-27 06:57:46.678 18091 18205 I InputDevice_Hand: HANDTRACKING ADMIRE hand 1: hpm=1 -> shared=0
03-27 06:57:46.689 18091 18205 I [CT]    : HandPoseSampler: Filter reset
03-27 06:57:46.689 18091 18205 I InputDevice_Hand: HANDTRACKING ADMIRE hand 0: hpm=1 -> shared=0
03-27 06:57:46.689 18091 18205 I [CT]    : HandPoseSampler: Filter reset
03-27 06:57:46.689 18091 18205 I InputDevice_Hand: HANDTRACKING ADMIRE hand 1: hpm=1 -> shared=0
03-27 06:57:46.700 18091 18205 I [CT]    : HandPoseSampler: Filter reset
03-27 06:57:46.700 18091 18205 I InputDevice_Hand: HANDTRACKING ADMIRE hand 0: hpm=1 -> shared=0
03-27 06:57:46.700 18091 18205 I [CT]    : HandPoseSampler: Filter reset
03-27 06:57:46.700 18091 18205 I InputDevice_Hand: HANDTRACKING ADMIRE hand 1: hpm=1 -> shared=0
03-27 06:57:46.712 18091 18205 I [CT]    : HandPoseSampler: Filter reset
03-27 06:57:46.712 18091 18205 I InputDevice_Hand: HANDTRACKING ADMIRE hand 0: hpm=1 -> shared=0
03-27 06:57:46.712 18091 18205 I [CT]    : HandPoseSampler: Filter reset
03-27 06:57:46.712 18091 18205 I InputDevice_Hand: HANDTRACKING ADMIRE hand 1: hpm=1 -> shared=0
03-27 06:57:46.723 18091 18205 I [CT]    : HandPoseSampler: Filter reset
03-27 06:57:46.723 18091 18205 I InputDevice_Hand: HANDTRACKING ADMIRE hand 0: hpm=1 -> shared=0
03-27 06:57:46.723 18091 18205 I [CT]    : HandPoseSampler: Filter reset
03-27 06:57:46.723 18091 18205 I InputDevice_Hand: HANDTRACKING ADMIRE hand 1: hpm=1 -> shared=0
03-27 06:57:46.734 18091 18205 I [CT]    : HandPoseSampler: Filter reset
03-27 06:57:46.734 18091 18205 I InputDevice_Hand: HANDTRACKING ADMIRE hand 0: hpm=1 -> shared=0
03-27 06:57:46.734 18091 18205 I [CT]    : HandPoseSampler: Filter reset
03-27 06:57:46.734 18091 18205 I InputDevice_Hand: HANDTRACKING ADMIRE hand 1: hpm=1 -> shared=0
03-27 06:57:46.745 18091 18205 I [CT]    : HandPoseSampler: Filter reset
03-27 06:57:46.745 18091 18205 I InputDevice_Hand: HANDTRACKING ADMIRE hand 0: hpm=1 -> shared=0
03-27 06:57:46.745 18091 18205 I [CT]    : HandPoseSampler: Filter reset
03-27 06:57:46.745 18091 18205 I InputDevice_Hand: HANDTRACKING ADMIRE hand 1: hpm=1 -> shared=0
03-27 06:57:46.757 18091 18205 I [CT]    : HandPoseSampler: Filter reset
03-27 06:57:46.757 18091 18205 I InputDevice_Hand: HANDTRACKING ADMIRE hand 0: hpm=1 -> shared=0
03-27 06:57:46.757 18091 18205 I [CT]    : HandPoseSampler: Filter reset
03-27 06:57:46.757 18091 18205 I InputDevice_Hand: HANDTRACKING ADMIRE hand 1: hpm=1 -> shared=0
03-27 06:57:46.767 18091 18205 I [CT]    : HandPoseSampler: Filter reset
03-27 06:57:46.767 18091 18205 I InputDevice_Hand: HANDTRACKING ADMIRE hand 0: hpm=1 -> shared=0
03-27 06:57:46.767 18091 18205 I [CT]    : HandPoseSampler: Filter reset
03-27 06:57:46.767 18091 18205 I InputDevice_Hand: HANDTRACKING ADMIRE hand 1: hpm=1 -> shared=0
03-27 06:57:46.779 18091 18205 I [CT]    : HandPoseSampler: Filter reset
03-27 06:57:46.779 18091 18205 I InputDevice_Hand: HANDTRACKING ADMIRE hand 0: hpm=1 -> shared=0
03-27 06:57:46.779 18091 18205 I [CT]    : HandPoseSampler: Filter reset
03-27 06:57:46.779 18091 18205 I InputDevice_Hand: HANDTRACKING ADMIRE hand 1: hpm=1 -> shared=0
03-27 06:57:46.790 18091 18205 I [CT]    : HandPoseSampler: Filter reset
03-27 06:57:46.790 18091 18205 I InputDevice_Hand: HANDTRACKING ADMIRE hand 0: hpm=1 -> shared=0
03-27 06:57:46.790 18091 18205 I [CT]    : HandPoseSampler: Filter reset
03-27 06:57:46.790 18091 18205 I InputDevice_Hand: HANDTRACKING ADMIRE hand 1: hpm=1 -> shared=0
03-27 06:57:46.801 18091 18205 I [CT]    : HandPoseSampler: Filter reset
03-27 06:57:46.801 18091 18205 I InputDevice_Hand: HANDTRACKING ADMIRE hand 0: hpm=1 -> shared=0
03-27 06:57:46.801 18091 18205 I [CT]    : HandPoseSampler: Filter reset
03-27 06:57:46.801 18091 18205 I InputDevice_Hand: HANDTRACKING ADMIRE hand 1: hpm=1 -> shared=0
03-27 06:57:46.812 18091 18205 I [CT]    : HandPoseSampler: Filter reset
03-27 06:57:46.812 18091 18205 I InputDevice_Hand: HANDTRACKING ADMIRE hand 0: hpm=1 -> shared=0
03-27 06:57:46.812 18091 18205 I [CT]    : HandPoseSampler: Filter reset
03-27 06:57:46.812 18091 18205 I InputDevice_Hand: HANDTRACKING ADMIRE hand 1: hpm=1 -> shared=0
03-27 06:57:46.824 18091 18205 I [CT]    : HandPoseSampler: Filter reset
03-27 06:57:46.824 18091 18205 I InputDevice_Hand: HANDTRACKING ADMIRE hand 0: hpm=1 -> shared=0
03-27 06:57:46.824 18091 18205 I [CT]    : HandPoseSampler: Filter reset
03-27 06:57:46.824 18091 18205 I InputDevice_Hand: HANDTRACKING ADMIRE hand 1: hpm=1 -> shared=0
03-27 06:57:46.835 18091 18205 I [CT]    : HandPoseSampler: Filter reset
03-27 06:57:46.835 18091 18205 I InputDevice_Hand: HANDTRACKING ADMIRE hand 0: hpm=1 -> shared=0
03-27 06:57:46.835 18091 18205 I [CT]    : HandPoseSampler: Filter reset
03-27 06:57:46.835 18091 18205 I InputDevice_Hand: HANDTRACKING ADMIRE hand 1: hpm=1 -> shared=0
03-27 06:57:46.846 18091 18205 I [CT]    : HandPoseSampler: Filter reset
03-27 06:57:46.846 18091 18205 I InputDevice_Hand: HANDTRACKING ADMIRE hand 0: hpm=1 -> shared=0
03-27 06:57:46.846 18091 18205 I [CT]    : HandPoseSampler: Filter reset
03-27 06:57:46.846 18091 18205 I InputDevice_Hand: HANDTRACKING ADMIRE hand 1: hpm=1 -> shared=0
03-27 06:57:46.857 18091 18205 I [CT]    : HandPoseSampler: Filter reset
03-27 06:57:46.857 18091 18205 I InputDevice_Hand: HANDTRACKING ADMIRE hand 0: hpm=1 -> shared=0
03-27 06:57:46.857 18091 18205 I [CT]    : HandPoseSampler: Filter reset
03-27 06:57:46.857 18091 18205 I InputDevice_Hand: HANDTRACKING ADMIRE hand 1: hpm=1 -> shared=0
03-27 06:57:46.868   897 14310 W Tracking: CONSTELLATION_Left: [Throttled count=503] P+C Left: Could not retrieve 3dof fallback pose.
03-27 06:57:46.868 18091 18205 I [CT]    : HandPoseSampler: Filter reset
03-27 06:57:46.868 18091 18205 I InputDevice_Hand: HANDTRACKING ADMIRE hand 0: hpm=1 -> shared=0
03-27 06:57:46.868 18091 18205 I [CT]    : HandPoseSampler: Filter reset
03-27 06:57:46.868 18091 18205 I InputDevice_Hand: HANDTRACKING ADMIRE hand 1: hpm=1 -> shared=0
03-27 06:57:46.880 18091 18205 I [CT]    : HandPoseSampler: Filter reset
03-27 06:57:46.880 18091 18205 I InputDevice_Hand: HANDTRACKING ADMIRE hand 0: hpm=1 -> shared=0
03-27 06:57:46.880 18091 18205 I [CT]    : HandPoseSampler: Filter reset
03-27 06:57:46.880 18091 18205 I InputDevice_Hand: HANDTRACKING ADMIRE hand 1: hpm=1 -> shared=0
03-27 06:57:46.890 18091 18205 I [CT]    : HandPoseSampler: Filter reset
03-27 06:57:46.890 18091 18205 I InputDevice_Hand: HANDTRACKING ADMIRE hand 0: hpm=1 -> shared=0
03-27 06:57:46.890 18091 18205 I [CT]    : HandPoseSampler: Filter reset
03-27 06:57:46.890 18091 18205 I InputDevice_Hand: HANDTRACKING ADMIRE hand 1: hpm=1 -> shared=0
03-27 06:57:46.900 18091 18205 I [CT]    : HandPoseSampler: Filter reset
03-27 06:57:46.900 18091 18205 I InputDevice_Hand: HANDTRACKING ADMIRE hand 0: hpm=1 -> shared=0
03-27 06:57:46.900 18091 18205 I [CT]    : HandPoseSampler: Filter reset
03-27 06:57:46.901 18091 18205 I InputDevice_Hand: HANDTRACKING ADMIRE hand 1: hpm=1 -> shared=0
03-27 06:57:46.912 18091 18205 I [CT]    : HandPoseSampler: Filter reset
03-27 06:57:46.912 18091 18205 I InputDevice_Hand: HANDTRACKING ADMIRE hand 0: hpm=1 -> shared=0
03-27 06:57:46.912 18091 18205 I [CT]    : HandPoseSampler: Filter reset
03-27 06:57:46.912 18091 18205 I InputDevice_Hand: HANDTRACKING ADMIRE hand 1: hpm=1 -> shared=0
03-27 06:57:46.923 18091 18205 I [CT]    : HandPoseSampler: Filter reset
03-27 06:57:46.923 18091 18205 I InputDevice_Hand: HANDTRACKING ADMIRE hand 0: hpm=1 -> shared=0
03-27 06:57:46.923 18091 18205 I [CT]    : HandPoseSampler: Filter reset
03-27 06:57:46.923 18091 18205 I InputDevice_Hand: HANDTRACKING ADMIRE hand 1: hpm=1 -> shared=0
03-27 06:57:46.934 18091 18205 I [CT]    : HandPoseSampler: Filter reset
03-27 06:57:46.934 18091 18205 I InputDevice_Hand: HANDTRACKING ADMIRE hand 0: hpm=1 -> shared=0
03-27 06:57:46.934 18091 18205 I [CT]    : HandPoseSampler: Filter reset
03-27 06:57:46.934 18091 18205 I InputDevice_Hand: HANDTRACKING ADMIRE hand 1: hpm=1 -> shared=0
03-27 06:57:46.935   897  1854 I Tracking: CONSTELLATION_Left: [Throttled count=181] P+C Left: Imu state is invalid when querying vision state!
03-27 06:57:46.944 18091 18205 I [CT]    : HandPoseSampler: Filter reset
03-27 06:57:46.944 18091 18205 I InputDevice_Hand: HANDTRACKING ADMIRE hand 0: hpm=1 -> shared=0
03-27 06:57:46.944 18091 18205 I [CT]    : HandPoseSampler: Filter reset
03-27 06:57:46.944 18091 18205 I InputDevice_Hand: HANDTRACKING ADMIRE hand 1: hpm=1 -> shared=0
03-27 06:57:46.956 18091 18205 I [CT]    : HandPoseSampler: Filter reset
03-27 06:57:46.956 18091 18205 I InputDevice_Hand: HANDTRACKING ADMIRE hand 0: hpm=1 -> shared=0
03-27 06:57:46.956 18091 18205 I [CT]    : HandPoseSampler: Filter reset
03-27 06:57:46.956 18091 18205 I InputDevice_Hand: HANDTRACKING ADMIRE hand 1: hpm=1 -> shared=0
03-27 06:57:46.968 18091 18205 I [CT]    : HandPoseSampler: Filter reset
03-27 06:57:46.968 18091 18205 I InputDevice_Hand: HANDTRACKING ADMIRE hand 0: hpm=1 -> shared=0
03-27 06:57:46.968 18091 18205 I [CT]    : HandPoseSampler: Filter reset
03-27 06:57:46.968 18091 18205 I InputDevice_Hand: HANDTRACKING ADMIRE hand 1: hpm=1 -> shared=0
03-27 06:57:46.979 18091 18205 I [CT]    : HandPoseSampler: Filter reset
03-27 06:57:46.979 18091 18205 I InputDevice_Hand: HANDTRACKING ADMIRE hand 0: hpm=1 -> shared=0
03-27 06:57:46.979 18091 18205 I [CT]    : HandPoseSampler: Filter reset
03-27 06:57:46.979 18091 18205 I InputDevice_Hand: HANDTRACKING ADMIRE hand 1: hpm=1 -> shared=0
03-27 06:57:46.990 18091 18205 I [CT]    : HandPoseSampler: Filter reset
03-27 06:57:46.990 18091 18205 I InputDevice_Hand: HANDTRACKING ADMIRE hand 0: hpm=1 -> shared=0
03-27 06:57:46.990 18091 18205 I [CT]    : HandPoseSampler: Filter reset
03-27 06:57:46.990 18091 18205 I InputDevice_Hand: HANDTRACKING ADMIRE hand 1: hpm=1 -> shared=0
03-27 06:57:47.001 18091 18205 I [CT]    : HandPoseSampler: Filter reset
03-27 06:57:47.001 18091 18205 I InputDevice_Hand: HANDTRACKING ADMIRE hand 0: hpm=1 -> shared=0
03-27 06:57:47.001 18091 18205 I [CT]    : HandPoseSampler: Filter reset
03-27 06:57:47.001 18091 18205 I InputDevice_Hand: HANDTRACKING ADMIRE hand 1: hpm=1 -> shared=0
03-27 06:57:47.002   897  1854 I Tracking: CONSTELLATION_Left: [Throttled count=89] P+C Left: Not reinitializing 6DoF filter yet (no valid pose from vision).
03-27 06:57:47.012 18091 18205 I [CT]    : HandPoseSampler: Filter reset
03-27 06:57:47.012 18091 18205 I InputDevice_Hand: HANDTRACKING ADMIRE hand 0: hpm=1 -> shared=0
03-27 06:57:47.012 18091 18205 I [CT]    : HandPoseSampler: Filter reset
03-27 06:57:47.012 18091 18205 I InputDevice_Hand: HANDTRACKING ADMIRE hand 1: hpm=1 -> shared=0
03-27 06:57:47.023 18091 18205 I [CT]    : HandPoseSampler: Filter reset
03-27 06:57:47.023 18091 18205 I InputDevice_Hand: HANDTRACKING ADMIRE hand 0: hpm=1 -> shared=0
03-27 06:57:47.023 18091 18205 I [CT]    : HandPoseSampler: Filter reset
03-27 06:57:47.023 18091 18205 I InputDevice_Hand: HANDTRACKING ADMIRE hand 1: hpm=1 -> shared=0
03-27 06:57:47.032 18091 14209 I VrApi   : FPS=90/90,Prd=23ms,Tear=0,Early=0,Stale=0,Stale2/5/10/max=0/0/0/0,VSnc=1,Lat=-4,Fov=3,CPU4/GPU=-1/-1,1920/545MHz,OC=3F,TA=0/0/0,SP=N/N/N,Mem=2092MHz,Free=3991MB,PLS=0,Temp=34.0C/0.0C,TW=0.54ms,App=1.34ms,GD=0.00ms,CPU&GPU=7.31ms,LCnt=1(DR90,LM0),GPU%=0.19,CPU%=0.22(W0.37),CFL=11.30/14.73,ICFLp95=13.28,LD=0,CABC=1,SF=0.78,LP=1,DVFS=0,Preempt=180,PoseAgeP95=0.00
03-27 06:57:47.032 18091 14209 I VrApi   : ASW=0,Type=PTWFromStereo,E=0.000/0.000,D=0.000/0.000
03-27 06:57:47.034 18091 18205 I [CT]    : HandPoseSampler: Filter reset
03-27 06:57:47.035 18091 18205 I InputDevice_Hand: HANDTRACKING ADMIRE hand 0: hpm=1 -> shared=0
03-27 06:57:47.035 18091 18205 I [CT]    : HandPoseSampler: Filter reset
03-27 06:57:47.035 18091 18205 I InputDevice_Hand: HANDTRACKING ADMIRE hand 1: hpm=1 -> shared=0
03-27 06:57:47.046 18091 18205 I [CT]    : HandPoseSampler: Filter reset
03-27 06:57:47.046 18091 18205 I InputDevice_Hand: HANDTRACKING ADMIRE hand 0: hpm=1 -> shared=0
03-27 06:57:47.046 18091 18205 I [CT]    : HandPoseSampler: Filter reset
03-27 06:57:47.046 18091 18205 I InputDevice_Hand: HANDTRACKING ADMIRE hand 1: hpm=1 -> shared=0
03-27 06:57:47.056 18091 18205 I [CT]    : HandPoseSampler: Filter reset
03-27 06:57:47.056 18091 18205 I InputDevice_Hand: HANDTRACKING ADMIRE hand 0: hpm=1 -> shared=0
03-27 06:57:47.056 18091 18205 I [CT]    : HandPoseSampler: Filter reset
03-27 06:57:47.056 18091 18205 I InputDevice_Hand: HANDTRACKING ADMIRE hand 1: hpm=1 -> shared=0
03-27 06:57:47.068 18091 18205 I [CT]    : HandPoseSampler: Filter reset
03-27 06:57:47.068 18091 18205 I InputDevice_Hand: HANDTRACKING ADMIRE hand 0: hpm=1 -> shared=0
03-27 06:57:47.068 18091 18205 I [CT]    : HandPoseSampler: Filter reset
03-27 06:57:47.068 18091 18205 I InputDevice_Hand: HANDTRACKING ADMIRE hand 1: hpm=1 -> shared=0
03-27 06:57:47.079 18091 18205 I [CT]    : HandPoseSampler: Filter reset
03-27 06:57:47.079 18091 18205 I InputDevice_Hand: HANDTRACKING ADMIRE hand 0: hpm=1 -> shared=0
03-27 06:57:47.079 18091 18205 I [CT]    : HandPoseSampler: Filter reset
03-27 06:57:47.079 18091 18205 I InputDevice_Hand: HANDTRACKING ADMIRE hand 1: hpm=1 -> shared=0
03-27 06:57:47.090 18091 18205 I [CT]    : HandPoseSampler: Filter reset
03-27 06:57:47.090 18091 18205 I InputDevice_Hand: HANDTRACKING ADMIRE hand 0: hpm=1 -> shared=0
03-27 06:57:47.090 18091 18205 I [CT]    : HandPoseSampler: Filter reset
03-27 06:57:47.090 18091 18205 I InputDevice_Hand: HANDTRACKING ADMIRE hand 1: hpm=1 -> shared=0
03-27 06:57:47.101 18091 18205 I [CT]    : HandPoseSampler: Filter reset
03-27 06:57:47.101 18091 18205 I InputDevice_Hand: HANDTRACKING ADMIRE hand 0: hpm=1 -> shared=0
03-27 06:57:47.101 18091 18205 I [CT]    : HandPoseSampler: Filter reset
03-27 06:57:47.101 18091 18205 I InputDevice_Hand: HANDTRACKING ADMIRE hand 1: hpm=1 -> shared=0
03-27 06:57:47.112 18091 18205 I [CT]    : HandPoseSampler: Filter reset
03-27 06:57:47.112 18091 18205 I InputDevice_Hand: HANDTRACKING ADMIRE hand 0: hpm=1 -> shared=0
03-27 06:57:47.112 18091 18205 I [CT]    : HandPoseSampler: Filter reset
03-27 06:57:47.112 18091 18205 I InputDevice_Hand: HANDTRACKING ADMIRE hand 1: hpm=1 -> shared=0
03-27 06:57:47.123 18091 18205 I [CT]    : HandPoseSampler: Filter reset
03-27 06:57:47.123 18091 18205 I InputDevice_Hand: HANDTRACKING ADMIRE hand 0: hpm=1 -> shared=0
03-27 06:57:47.123 18091 18205 I [CT]    : HandPoseSampler: Filter reset
03-27 06:57:47.123 18091 18205 I InputDevice_Hand: HANDTRACKING ADMIRE hand 1: hpm=1 -> shared=0
03-27 06:57:47.134 18091 18205 I [CT]    : HandPoseSampler: Filter reset
03-27 06:57:47.134 18091 18205 I InputDevice_Hand: HANDTRACKING ADMIRE hand 0: hpm=1 -> shared=0
03-27 06:57:47.134 18091 18205 I [CT]    : HandPoseSampler: Filter reset
03-27 06:57:47.134 18091 18205 I InputDevice_Hand: HANDTRACKING ADMIRE hand 1: hpm=1 -> shared=0
03-27 06:57:47.146 18091 18205 I [CT]    : HandPoseSampler: Filter reset
03-27 06:57:47.146 18091 18205 I InputDevice_Hand: HANDTRACKING ADMIRE hand 0: hpm=1 -> shared=0
03-27 06:57:47.146 18091 18205 I [CT]    : HandPoseSampler: Filter reset
03-27 06:57:47.146 18091 18205 I InputDevice_Hand: HANDTRACKING ADMIRE hand 1: hpm=1 -> shared=0
03-27 06:57:47.157 18091 18205 I [CT]    : HandPoseSampler: Filter reset
03-27 06:57:47.157 18091 18205 I InputDevice_Hand: HANDTRACKING ADMIRE hand 0: hpm=1 -> shared=0
03-27 06:57:47.157 18091 18205 I [CT]    : HandPoseSampler: Filter reset
03-27 06:57:47.157 18091 18205 I InputDevice_Hand: HANDTRACKING ADMIRE hand 1: hpm=1 -> shared=0
03-27 06:57:47.168 18091 18205 I [CT]    : HandPoseSampler: Filter reset
03-27 06:57:47.168 18091 18205 I InputDevice_Hand: HANDTRACKING ADMIRE hand 0: hpm=1 -> shared=0
03-27 06:57:47.168 18091 18205 I [CT]    : HandPoseSampler: Filter reset
03-27 06:57:47.168 18091 18205 I InputDevice_Hand: HANDTRACKING ADMIRE hand 1: hpm=1 -> shared=0
03-27 06:57:47.179 18091 18205 I [CT]    : HandPoseSampler: Filter reset
03-27 06:57:47.179 18091 18205 I InputDevice_Hand: HANDTRACKING ADMIRE hand 0: hpm=1 -> shared=0
03-27 06:57:47.179 18091 18205 I [CT]    : HandPoseSampler: Filter reset
03-27 06:57:47.179 18091 18205 I InputDevice_Hand: HANDTRACKING ADMIRE hand 1: hpm=1 -> shared=0
03-27 06:57:47.190 18091 18205 I [CT]    : HandPoseSampler: Filter reset
03-27 06:57:47.190 18091 18205 I InputDevice_Hand: HANDTRACKING ADMIRE hand 0: hpm=1 -> shared=0
03-27 06:57:47.190 18091 18205 I [CT]    : HandPoseSampler: Filter reset
03-27 06:57:47.190 18091 18205 I InputDevice_Hand: HANDTRACKING ADMIRE hand 1: hpm=1 -> shared=0
03-27 06:57:47.201 18091 18205 I [CT]    : HandPoseSampler: Filter reset
03-27 06:57:47.201 18091 18205 I InputDevice_Hand: HANDTRACKING ADMIRE hand 0: hpm=1 -> shared=0
03-27 06:57:47.201 18091 18205 I [CT]    : HandPoseSampler: Filter reset
03-27 06:57:47.201 18091 18205 I InputDevice_Hand: HANDTRACKING ADMIRE hand 1: hpm=1 -> shared=0
03-27 06:57:47.212 18091 18205 I [CT]    : HandPoseSampler: Filter reset
03-27 06:57:47.212 18091 18205 I InputDevice_Hand: HANDTRACKING ADMIRE hand 0: hpm=1 -> shared=0
03-27 06:57:47.212 18091 18205 I [CT]    : HandPoseSampler: Filter reset
03-27 06:57:47.212 18091 18205 I InputDevice_Hand: HANDTRACKING ADMIRE hand 1: hpm=1 -> shared=0
03-27 06:57:47.224 18091 18205 I [CT]    : HandPoseSampler: Filter reset
03-27 06:57:47.224 18091 18205 I InputDevice_Hand: HANDTRACKING ADMIRE hand 0: hpm=1 -> shared=0
03-27 06:57:47.224 18091 18205 I [CT]    : HandPoseSampler: Filter reset
03-27 06:57:47.224 18091 18205 I InputDevice_Hand: HANDTRACKING ADMIRE hand 1: hpm=1 -> shared=0
03-27 06:57:47.235 18091 18205 I [CT]    : HandPoseSampler: Filter reset
03-27 06:57:47.235 18091 18205 I InputDevice_Hand: HANDTRACKING ADMIRE hand 0: hpm=1 -> shared=0
03-27 06:57:47.235 18091 18205 I [CT]    : HandPoseSampler: Filter reset
03-27 06:57:47.235 18091 18205 I InputDevice_Hand: HANDTRACKING ADMIRE hand 1: hpm=1 -> shared=0
03-27 06:57:47.245 18091 18205 I [CT]    : HandPoseSampler: Filter reset
03-27 06:57:47.245 18091 18205 I InputDevice_Hand: HANDTRACKING ADMIRE hand 0: hpm=1 -> shared=0
03-27 06:57:47.245 18091 18205 I [CT]    : HandPoseSampler: Filter reset
03-27 06:57:47.246 18091 18205 I InputDevice_Hand: HANDTRACKING ADMIRE hand 1: hpm=1 -> shared=0
03-27 06:57:47.256 18091 18205 I [CT]    : HandPoseSampler: Filter reset
03-27 06:57:47.256 18091 18205 I InputDevice_Hand: HANDTRACKING ADMIRE hand 0: hpm=1 -> shared=0
03-27 06:57:47.256 18091 18205 I [CT]    : HandPoseSampler: Filter reset
03-27 06:57:47.256 18091 18205 I InputDevice_Hand: HANDTRACKING ADMIRE hand 1: hpm=1 -> shared=0
03-27 06:57:47.268 18091 18205 I [CT]    : HandPoseSampler: Filter reset
03-27 06:57:47.268 18091 18205 I InputDevice_Hand: HANDTRACKING ADMIRE hand 0: hpm=1 -> shared=0
03-27 06:57:47.268 18091 18205 I [CT]    : HandPoseSampler: Filter reset
03-27 06:57:47.268 18091 18205 I InputDevice_Hand: HANDTRACKING ADMIRE hand 1: hpm=1 -> shared=0
03-27 06:57:47.279 18091 18205 I [CT]    : HandPoseSampler: Filter reset
03-27 06:57:47.279 18091 18205 I InputDevice_Hand: HANDTRACKING ADMIRE hand 0: hpm=1 -> shared=0
03-27 06:57:47.279 18091 18205 I [CT]    : HandPoseSampler: Filter reset
03-27 06:57:47.279 18091 18205 I InputDevice_Hand: HANDTRACKING ADMIRE hand 1: hpm=1 -> shared=0
03-27 06:57:47.290 18091 18205 I [CT]    : HandPoseSampler: Filter reset
03-27 06:57:47.290 18091 18205 I InputDevice_Hand: HANDTRACKING ADMIRE hand 0: hpm=1 -> shared=0
03-27 06:57:47.290 18091 18205 I [CT]    : HandPoseSampler: Filter reset
03-27 06:57:47.290 18091 18205 I InputDevice_Hand: HANDTRACKING ADMIRE hand 1: hpm=1 -> shared=0
03-27 06:57:47.301 18091 18205 I [CT]    : HandPoseSampler: Filter reset
03-27 06:57:47.301 18091 18205 I InputDevice_Hand: HANDTRACKING ADMIRE hand 0: hpm=1 -> shared=0
03-27 06:57:47.301 18091 18205 I [CT]    : HandPoseSampler: Filter reset
03-27 06:57:47.301 18091 18205 I InputDevice_Hand: HANDTRACKING ADMIRE hand 1: hpm=1 -> shared=0
03-27 06:57:47.313 18091 18205 I [CT]    : HandPoseSampler: Filter reset
03-27 06:57:47.313 18091 18205 I InputDevice_Hand: HANDTRACKING ADMIRE hand 0: hpm=1 -> shared=0
03-27 06:57:47.313 18091 18205 I [CT]    : HandPoseSampler: Filter reset
03-27 06:57:47.313 18091 18205 I InputDevice_Hand: HANDTRACKING ADMIRE hand 1: hpm=1 -> shared=0
03-27 06:57:47.324 18091 18205 I [CT]    : HandPoseSampler: Filter reset
03-27 06:57:47.324 18091 18205 I InputDevice_Hand: HANDTRACKING ADMIRE hand 0: hpm=1 -> shared=0
03-27 06:57:47.324 18091 18205 I [CT]    : HandPoseSampler: Filter reset
03-27 06:57:47.324 18091 18205 I InputDevice_Hand: HANDTRACKING ADMIRE hand 1: hpm=1 -> shared=0
03-27 06:57:47.334 18091 18205 I [CT]    : HandPoseSampler: Filter reset
03-27 06:57:47.334 18091 18205 I InputDevice_Hand: HANDTRACKING ADMIRE hand 0: hpm=1 -> shared=0
03-27 06:57:47.334 18091 18205 I [CT]    : HandPoseSampler: Filter reset
03-27 06:57:47.334 18091 18205 I InputDevice_Hand: HANDTRACKING ADMIRE hand 1: hpm=1 -> shared=0
03-27 06:57:47.346 18091 18205 I [CT]    : HandPoseSampler: Filter reset
03-27 06:57:47.346 18091 18205 I InputDevice_Hand: HANDTRACKING ADMIRE hand 0: hpm=1 -> shared=0
03-27 06:57:47.346 18091 18205 I [CT]    : HandPoseSampler: Filter reset
03-27 06:57:47.346 18091 18205 I InputDevice_Hand: HANDTRACKING ADMIRE hand 1: hpm=1 -> shared=0
03-27 06:57:47.351   920 14201 I VD628x  : Flicker results: freq 120.000000, max 119.925377, dcr 32.920822, pct 0.041016, idx 0.012881, conf 0.897691, snr 9.428447, svm 0.069139, sus 0
03-27 06:57:47.357 18091 18205 I [CT]    : HandPoseSampler: Filter reset
03-27 06:57:47.357 18091 18205 I InputDevice_Hand: HANDTRACKING ADMIRE hand 0: hpm=1 -> shared=0
03-27 06:57:47.357 18091 18205 I [CT]    : HandPoseSampler: Filter reset
03-27 06:57:47.357 18091 18205 I InputDevice_Hand: HANDTRACKING ADMIRE hand 1: hpm=1 -> shared=0
03-27 06:57:47.368 18091 18205 I [CT]    : HandPoseSampler: Filter reset
03-27 06:57:47.368 18091 18205 I InputDevice_Hand: HANDTRACKING ADMIRE hand 0: hpm=1 -> shared=0
03-27 06:57:47.368 18091 18205 I [CT]    : HandPoseSampler: Filter reset
03-27 06:57:47.368 18091 18205 I InputDevice_Hand: HANDTRACKING ADMIRE hand 1: hpm=1 -> shared=0
03-27 06:57:47.379 18091 18205 I [CT]    : HandPoseSampler: Filter reset
03-27 06:57:47.379 18091 18205 I InputDevice_Hand: HANDTRACKING ADMIRE hand 0: hpm=1 -> shared=0
03-27 06:57:47.379 18091 18205 I [CT]    : HandPoseSampler: Filter reset
03-27 06:57:47.379 18091 18205 I InputDevice_Hand: HANDTRACKING ADMIRE hand 1: hpm=1 -> shared=0
03-27 06:57:47.390 18091 18205 I [CT]    : HandPoseSampler: Filter reset
03-27 06:57:47.390 18091 18205 I InputDevice_Hand: HANDTRACKING ADMIRE hand 0: hpm=1 -> shared=0
03-27 06:57:47.390 18091 18205 I [CT]    : HandPoseSampler: Filter reset
03-27 06:57:47.390 18091 18205 I InputDevice_Hand: HANDTRACKING ADMIRE hand 1: hpm=1 -> shared=0
03-27 06:57:47.401 18091 18205 I [CT]    : HandPoseSampler: Filter reset
03-27 06:57:47.401 18091 18205 I InputDevice_Hand: HANDTRACKING ADMIRE hand 0: hpm=1 -> shared=0
03-27 06:57:47.401 18091 18205 I [CT]    : HandPoseSampler: Filter reset
03-27 06:57:47.401 18091 18205 I InputDevice_Hand: HANDTRACKING ADMIRE hand 1: hpm=1 -> shared=0
03-27 06:57:47.406   897 14271 W Tracking: IoteLogging: IMU Update exceeded imu sampling period: update=0.001383935 [sec], period=0.001250000 [sec].
03-27 06:57:47.412 18091 18205 I [CT]    : HandPoseSampler: Filter reset
03-27 06:57:47.412 18091 18205 I InputDevice_Hand: HANDTRACKING ADMIRE hand 0: hpm=1 -> shared=0
03-27 06:57:47.412 18091 18205 I [CT]    : HandPoseSampler: Filter reset
03-27 06:57:47.412 18091 18205 I InputDevice_Hand: HANDTRACKING ADMIRE hand 1: hpm=1 -> shared=0
03-27 06:57:47.423 18091 18205 I [CT]    : HandPoseSampler: Filter reset
03-27 06:57:47.423 18091 18205 I InputDevice_Hand: HANDTRACKING ADMIRE hand 0: hpm=1 -> shared=0
03-27 06:57:47.423 18091 18205 I [CT]    : HandPoseSampler: Filter reset
03-27 06:57:47.423 18091 18205 I InputDevice_Hand: HANDTRACKING ADMIRE hand 1: hpm=1 -> shared=0
03-27 06:57:47.434 18091 18205 I [CT]    : HandPoseSampler: Filter reset
03-27 06:57:47.434 18091 18205 I InputDevice_Hand: HANDTRACKING ADMIRE hand 0: hpm=1 -> shared=0
03-27 06:57:47.434 18091 18205 I [CT]    : HandPoseSampler: Filter reset
03-27 06:57:47.434 18091 18205 I InputDevice_Hand: HANDTRACKING ADMIRE hand 1: hpm=1 -> shared=0
03-27 06:57:47.445 18091 18205 I [CT]    : HandPoseSampler: Filter reset
03-27 06:57:47.445 18091 18205 I InputDevice_Hand: HANDTRACKING ADMIRE hand 0: hpm=1 -> shared=0
03-27 06:57:47.445 18091 18205 I [CT]    : HandPoseSampler: Filter reset
03-27 06:57:47.445 18091 18205 I InputDevice_Hand: HANDTRACKING ADMIRE hand 1: hpm=1 -> shared=0
03-27 06:57:47.457 18091 18205 I [CT]    : HandPoseSampler: Filter reset
03-27 06:57:47.457 18091 18205 I InputDevice_Hand: HANDTRACKING ADMIRE hand 0: hpm=1 -> shared=0
03-27 06:57:47.457 18091 18205 I [CT]    : HandPoseSampler: Filter reset
03-27 06:57:47.457 18091 18205 I InputDevice_Hand: HANDTRACKING ADMIRE hand 1: hpm=1 -> shared=0
03-27 06:57:47.468 18091 18205 I [CT]    : HandPoseSampler: Filter reset
03-27 06:57:47.468 18091 18205 I InputDevice_Hand: HANDTRACKING ADMIRE hand 0: hpm=1 -> shared=0
03-27 06:57:47.468 18091 18205 I [CT]    : HandPoseSampler: Filter reset
03-27 06:57:47.468 18091 18205 I InputDevice_Hand: HANDTRACKING ADMIRE hand 1: hpm=1 -> shared=0
03-27 06:57:47.479 18091 18205 I [CT]    : HandPoseSampler: Filter reset
03-27 06:57:47.479 18091 18205 I InputDevice_Hand: HANDTRACKING ADMIRE hand 0: hpm=1 -> shared=0
03-27 06:57:47.479 18091 18205 I [CT]    : HandPoseSampler: Filter reset
03-27 06:57:47.479 18091 18205 I InputDevice_Hand: HANDTRACKING ADMIRE hand 1: hpm=1 -> shared=0
03-27 06:57:47.490 18091 18205 I [CT]    : HandPoseSampler: Filter reset
03-27 06:57:47.490 18091 18205 I InputDevice_Hand: HANDTRACKING ADMIRE hand 0: hpm=1 -> shared=0
03-27 06:57:47.490 18091 18205 I [CT]    : HandPoseSampler: Filter reset
03-27 06:57:47.490 18091 18205 I InputDevice_Hand: HANDTRACKING ADMIRE hand 1: hpm=1 -> shared=0
--------- beginning of tracking
03-27 06:57:47.497   897 14310 D TrackingService: 2e7e5d32cf134aad: isControllerInHand(130039.88s): 1 ctEnabled: 1 btnPress(129651.07s): 0 *btnOrTpdTouch(129661.93s): 0 *btnOrTpdProx(129662.01s): 0 static(130039.88s): 1 thbstkOffCenter(129643.30s): 0 
03-27 06:57:47.497   897 14310 D TrackingService: [HANDTRACKING] Controller 2e7e5d32cf134aad in hand: Y, valid: Y
03-27 06:57:47.497  2391 14195 D ControllerManagement: RemoteService::recordControllerStatusUpdate: device 2e7e5d32cf134aad: status: CONNECTED_ACTIVE tracking: POSITION, errors: --
03-27 06:57:47.501 18091 18205 I [CT]    : HandPoseSampler: Filter reset
03-27 06:57:47.501 18091 18205 I InputDevice_Hand: HANDTRACKING ADMIRE hand 0: hpm=1 -> shared=0
03-27 06:57:47.501 18091 18205 I [CT]    : HandPoseSampler: Filter reset
03-27 06:57:47.501 18091 18205 I InputDevice_Hand: HANDTRACKING ADMIRE hand 1: hpm=1 -> shared=0
03-27 06:57:47.501 18091 18205 I OpenXR_ClientState: [OATS]: IP changed: /user/hand/right/interaction_profiles/meta/touch_controller_plus, 7
03-27 06:57:47.501 18091 18205 I OpenXR_ClientState: [OATS]: IP changed: unknown/interaction_profiles/meta/touch_controller_plus, -1
03-27 06:57:47.505 18091 18205 W [SEO] InputOpenXr: Interaction Profile retrieval failed: /user/eyes_ext
03-27 06:57:47.512 18091 18205 I [CT]    : HandPoseSampler: Filter reset
03-27 06:57:47.512 18091 18205 I InputDevice_Hand: HANDTRACKING ADMIRE hand 0: hpm=1 -> shared=0
03-27 06:57:47.512 18091 18205 I [CT]    : HandPoseSampler: Filter reset
03-27 06:57:47.512 18091 18205 I InputDevice_Hand: HANDTRACKING ADMIRE hand 1: hpm=1 -> shared=0
03-27 06:57:47.513 18091 18205 I [SEO] ShellInputConfigurationDataProvider: InteractionMode changed, mode: HybridChiral activation method: Controller Presence displayTimeActivated 130039.908290
03-27 06:57:47.514 18091 18205 I ShellHsr: Input: Creating hand instance: hand=Right
03-27 06:57:47.522   927 19557 I libcamerahal: [INSIGHTS][2.00s] recv/ret/req heartbeat: cam0: 90/90/0, cam1: 90/90/0, cam2: 90/90/0, cam3: 90/90/0
03-27 06:57:47.523 18091 18205 I [CT]    : HandPoseSampler: Filter reset
03-27 06:57:47.523 18091 18205 I InputDevice_Hand: HANDTRACKING ADMIRE hand 0: hpm=1 -> shared=0
03-27 06:57:47.523 18091 18205 I [CT]    : HandPoseSampler: Filter reset
03-27 06:57:47.523 18091 18205 I InputDevice_Hand: HANDTRACKING ADMIRE hand 1: hpm=1 -> shared=0
03-27 06:57:47.534 18091 18205 I [CT]    : HandPoseSampler: Filter reset
03-27 06:57:47.534 18091 18205 I InputDevice_Hand: HANDTRACKING ADMIRE hand 0: hpm=1 -> shared=0
03-27 06:57:47.534 18091 18205 I [CT]    : HandPoseSampler: Filter reset
03-27 06:57:47.534 18091 18205 I InputDevice_Hand: HANDTRACKING ADMIRE hand 1: hpm=1 -> shared=0
03-27 06:57:47.545 18091 18205 I [CT]    : HandPoseSampler: Filter reset
03-27 06:57:47.545 18091 18205 I InputDevice_Hand: HANDTRACKING ADMIRE hand 0: hpm=1 -> shared=0
03-27 06:57:47.545 18091 18205 I [CT]    : HandPoseSampler: Filter reset
03-27 06:57:47.545 18091 18205 I InputDevice_Hand: HANDTRACKING ADMIRE hand 1: hpm=1 -> shared=0
03-27 06:57:47.556 18091 18205 I [CT]    : HandPoseSampler: Filter reset
03-27 06:57:47.557 18091 18205 I InputDevice_Hand: HANDTRACKING ADMIRE hand 0: hpm=1 -> shared=0
03-27 06:57:47.557 18091 18205 I [CT]    : HandPoseSampler: Filter reset
03-27 06:57:47.557 18091 18205 I InputDevice_Hand: HANDTRACKING ADMIRE hand 1: hpm=1 -> shared=0
03-27 06:57:47.557  5144 24453 W MetaCamNative (streaming_cast_agent): StreamingCastAgent::SendPingMessage() - socket_id=11
03-27 06:57:47.567 18091 18205 I [CT]    : HandPoseSampler: Filter reset
03-27 06:57:47.567 18091 18205 I InputDevice_Hand: HANDTRACKING ADMIRE hand 0: hpm=1 -> shared=0
03-27 06:57:47.567 18091 18205 I [CT]    : HandPoseSampler: Filter reset
03-27 06:57:47.567 18091 18205 I InputDevice_Hand: HANDTRACKING ADMIRE hand 1: hpm=1 -> shared=0
03-27 06:57:47.579 18091 18205 I [CT]    : HandPoseSampler: Filter reset
03-27 06:57:47.579 18091 18205 I InputDevice_Hand: HANDTRACKING ADMIRE hand 0: hpm=1 -> shared=0
03-27 06:57:47.579 18091 18205 I [CT]    : HandPoseSampler: Filter reset
03-27 06:57:47.579 18091 18205 I InputDevice_Hand: HANDTRACKING ADMIRE hand 1: hpm=1 -> shared=0
03-27 06:57:47.583 18091 18457 W ShellHsr: Renderer: RenderableFilter has 108 tags, which is more than 10. This is expected to be rare. If this becomes common, consider changing RenderableFilter logic to use something other than linear searches for filtering renderable tags (like registered bitsets).
03-27 06:57:47.590 18091 18205 I [CT]    : HandPoseSampler: Filter reset
03-27 06:57:47.590 18091 18205 I InputDevice_Hand: HANDTRACKING ADMIRE hand 0: hpm=1 -> shared=0
03-27 06:57:47.590 18091 18205 I [CT]    : HandPoseSampler: Filter reset
03-27 06:57:47.590 18091 18205 I InputDevice_Hand: HANDTRACKING ADMIRE hand 1: hpm=1 -> shared=0
03-27 06:57:47.601 18091 18205 I [CT]    : HandPoseSampler: Filter reset
03-27 06:57:47.601 18091 18205 I InputDevice_Hand: HANDTRACKING ADMIRE hand 0: hpm=1 -> shared=0
03-27 06:57:47.601 18091 18205 I [CT]    : HandPoseSampler: Filter reset
03-27 06:57:47.601 18091 18205 I InputDevice_Hand: HANDTRACKING ADMIRE hand 1: hpm=1 -> shared=0
03-27 06:57:47.612 18091 18205 I [CT]    : HandPoseSampler: Filter reset
03-27 06:57:47.612 18091 18205 I InputDevice_Hand: HANDTRACKING ADMIRE hand 0: hpm=1 -> shared=0
03-27 06:57:47.612 18091 18205 I [CT]    : HandPoseSampler: Filter reset
03-27 06:57:47.612 18091 18205 I InputDevice_Hand: HANDTRACKING ADMIRE hand 1: hpm=1 -> shared=0
03-27 06:57:47.623 18091 18205 I [CT]    : HandPoseSampler: Filter reset
03-27 06:57:47.624 18091 18205 I InputDevice_Hand: HANDTRACKING ADMIRE hand 0: hpm=1 -> shared=0
03-27 06:57:47.624 18091 18205 I [CT]    : HandPoseSampler: Filter reset
03-27 06:57:47.624 18091 18205 I InputDevice_Hand: HANDTRACKING ADMIRE hand 1: hpm=1 -> shared=0
03-27 06:57:47.634 18091 18205 I [CT]    : HandPoseSampler: Filter reset
03-27 06:57:47.634 18091 18205 I InputDevice_Hand: HANDTRACKING ADMIRE hand 0: hpm=1 -> shared=0
03-27 06:57:47.634 18091 18205 I [CT]    : HandPoseSampler: Filter reset
03-27 06:57:47.634 18091 18205 I InputDevice_Hand: HANDTRACKING ADMIRE hand 1: hpm=1 -> shared=0
03-27 06:57:47.646 18091 18205 I [CT]    : HandPoseSampler: Filter reset
03-27 06:57:47.646 18091 18205 I InputDevice_Hand: HANDTRACKING ADMIRE hand 0: hpm=1 -> shared=0
03-27 06:57:47.646 18091 18205 I [CT]    : HandPoseSampler: Filter reset
03-27 06:57:47.646 18091 18205 I InputDevice_Hand: HANDTRACKING ADMIRE hand 1: hpm=1 -> shared=0
03-27 06:57:47.657 18091 18205 I [CT]    : HandPoseSampler: Filter reset
03-27 06:57:47.657 18091 18205 I InputDevice_Hand: HANDTRACKING ADMIRE hand 0: hpm=1 -> shared=0
03-27 06:57:47.657 18091 18205 I [CT]    : HandPoseSampler: Filter reset
03-27 06:57:47.657 18091 18205 I InputDevice_Hand: HANDTRACKING ADMIRE hand 1: hpm=1 -> shared=0
03-27 06:57:47.668 18091 18205 I [CT]    : HandPoseSampler: Filter reset
03-27 06:57:47.668 18091 18205 I InputDevice_Hand: HANDTRACKING ADMIRE hand 0: hpm=1 -> shared=0
03-27 06:57:47.668 18091 18205 I [CT]    : HandPoseSampler: Filter reset
03-27 06:57:47.668 18091 18205 I InputDevice_Hand: HANDTRACKING ADMIRE hand 1: hpm=1 -> shared=0
03-27 06:57:47.679 18091 18205 I [CT]    : HandPoseSampler: Filter reset
03-27 06:57:47.679 18091 18205 I InputDevice_Hand: HANDTRACKING ADMIRE hand 0: hpm=1 -> shared=0
03-27 06:57:47.679 18091 18205 I [CT]    : HandPoseSampler: Filter reset
03-27 06:57:47.679 18091 18205 I InputDevice_Hand: HANDTRACKING ADMIRE hand 1: hpm=1 -> shared=0
03-27 06:57:47.690 18091 18205 I [CT]    : HandPoseSampler: Filter reset
03-27 06:57:47.690 18091 18205 I InputDevice_Hand: HANDTRACKING ADMIRE hand 0: hpm=1 -> shared=0
03-27 06:57:47.690 18091 18205 I [CT]    : HandPoseSampler: Filter reset
03-27 06:57:47.690 18091 18205 I InputDevice_Hand: HANDTRACKING ADMIRE hand 1: hpm=1 -> shared=0
03-27 06:57:47.701 18091 18205 I [CT]    : HandPoseSampler: Filter reset
03-27 06:57:47.701 18091 18205 I InputDevice_Hand: HANDTRACKING ADMIRE hand 0: hpm=1 -> shared=0
03-27 06:57:47.701 18091 18205 I [CT]    : HandPoseSampler: Filter reset
03-27 06:57:47.701 18091 18205 I InputDevice_Hand: HANDTRACKING ADMIRE hand 1: hpm=1 -> shared=0
03-27 06:57:47.712 18091 18205 I [CT]    : HandPoseSampler: Filter reset
03-27 06:57:47.712 18091 18205 I InputDevice_Hand: HANDTRACKING ADMIRE hand 0: hpm=1 -> shared=0
03-27 06:57:47.712 18091 18205 I [CT]    : HandPoseSampler: Filter reset
03-27 06:57:47.712 18091 18205 I InputDevice_Hand: HANDTRACKING ADMIRE hand 1: hpm=1 -> shared=0
03-27 06:57:47.723 18091 18205 I [CT]    : HandPoseSampler: Filter reset
03-27 06:57:47.723 18091 18205 I InputDevice_Hand: HANDTRACKING ADMIRE hand 0: hpm=1 -> shared=0
03-27 06:57:47.723 18091 18205 I [CT]    : HandPoseSampler: Filter reset
03-27 06:57:47.723 18091 18205 I InputDevice_Hand: HANDTRACKING ADMIRE hand 1: hpm=1 -> shared=0
03-27 06:57:47.734 18091 18205 I [CT]    : HandPoseSampler: Filter reset
03-27 06:57:47.734 18091 18205 I InputDevice_Hand: HANDTRACKING ADMIRE hand 0: hpm=1 -> shared=0
03-27 06:57:47.734 18091 18205 I [CT]    : HandPoseSampler: Filter reset
03-27 06:57:47.734 18091 18205 I InputDevice_Hand: HANDTRACKING ADMIRE hand 1: hpm=1 -> shared=0
03-27 06:57:47.746 18091 18205 I [CT]    : HandPoseSampler: Filter reset
03-27 06:57:47.746 18091 18205 I InputDevice_Hand: HANDTRACKING ADMIRE hand 0: hpm=1 -> shared=0
03-27 06:57:47.746 18091 18205 I [CT]    : HandPoseSampler: Filter reset
03-27 06:57:47.746 18091 18205 I InputDevice_Hand: HANDTRACKING ADMIRE hand 1: hpm=1 -> shared=0
03-27 06:57:47.757 18091 18205 I [CT]    : HandPoseSampler: Filter reset
03-27 06:57:47.757 18091 18205 I InputDevice_Hand: HANDTRACKING ADMIRE hand 0: hpm=1 -> shared=0
03-27 06:57:47.757 18091 18205 I [CT]    : HandPoseSampler: Filter reset
03-27 06:57:47.757 18091 18205 I InputDevice_Hand: HANDTRACKING ADMIRE hand 1: hpm=1 -> shared=0
03-27 06:57:47.768 18091 18205 I [CT]    : HandPoseSampler: Filter reset
03-27 06:57:47.768 18091 18205 I InputDevice_Hand: HANDTRACKING ADMIRE hand 0: hpm=1 -> shared=0
03-27 06:57:47.768 18091 18205 I [CT]    : HandPoseSampler: Filter reset
03-27 06:57:47.768 18091 18205 I InputDevice_Hand: HANDTRACKING ADMIRE hand 1: hpm=1 -> shared=0
03-27 06:57:47.773 18224 18352 I AutoStationaryHelper: [AutoStationaryHelper::getGuardianDataFromNearbyRoomscale] Checking 1 existing guardian data
03-27 06:57:47.773 18224 18352 I GuardianMapDataMgr: [GuardianMapDataMgr::isValidTrackedRoomscale] [2575043440] Valid=yes, Roomscale=yes, Anchor [2cee9d32-7f24-ff1e-5555-ae309d8ea246] Tracked=yes
03-27 06:57:47.773 18224 18352 I AutoStationaryHelper: [AutoStationaryHelper::getGuardianDataFromNearbyRoomscale] [2575043440] Distance to HMD: 3.781882
03-27 06:57:47.779 18091 18205 I [CT]    : HandPoseSampler: Filter reset
03-27 06:57:47.779 18091 18205 I InputDevice_Hand: HANDTRACKING ADMIRE hand 0: hpm=1 -> shared=0
03-27 06:57:47.779 18091 18205 I [CT]    : HandPoseSampler: Filter reset
03-27 06:57:47.779 18091 18205 I InputDevice_Hand: HANDTRACKING ADMIRE hand 1: hpm=1 -> shared=0
03-27 06:57:47.790 18091 18205 I [CT]    : HandPoseSampler: Filter reset
03-27 06:57:47.790 18091 18205 I InputDevice_Hand: HANDTRACKING ADMIRE hand 0: hpm=1 -> shared=0
03-27 06:57:47.790 18091 18205 I [CT]    : HandPoseSampler: Filter reset
03-27 06:57:47.790 18091 18205 I InputDevice_Hand: HANDTRACKING ADMIRE hand 1: hpm=1 -> shared=0
03-27 06:57:47.801 18091 18205 I [CT]    : HandPoseSampler: Filter reset
03-27 06:57:47.801 18091 18205 I InputDevice_Hand: HANDTRACKING ADMIRE hand 0: hpm=1 -> shared=0
03-27 06:57:47.801 18091 18205 I [CT]    : HandPoseSampler: Filter reset
03-27 06:57:47.801 18091 18205 I InputDevice_Hand: HANDTRACKING ADMIRE hand 1: hpm=1 -> shared=0
03-27 06:57:47.812 18091 18205 I [CT]    : HandPoseSampler: Filter reset
03-27 06:57:47.812 18091 18205 I InputDevice_Hand: HANDTRACKING ADMIRE hand 0: hpm=1 -> shared=0
03-27 06:57:47.812 18091 18205 I [CT]    : HandPoseSampler: Filter reset
03-27 06:57:47.812 18091 18205 I InputDevice_Hand: HANDTRACKING ADMIRE hand 1: hpm=1 -> shared=0
03-27 06:57:47.823 18091 18205 I [CT]    : HandPoseSampler: Filter reset
03-27 06:57:47.823 18091 18205 I InputDevice_Hand: HANDTRACKING ADMIRE hand 0: hpm=1 -> shared=0
03-27 06:57:47.823 18091 18205 I [CT]    : HandPoseSampler: Filter reset
03-27 06:57:47.823 18091 18205 I InputDevice_Hand: HANDTRACKING ADMIRE hand 1: hpm=1 -> shared=0
03-27 06:57:47.834 18091 18205 I [CT]    : HandPoseSampler: Filter reset
03-27 06:57:47.834 18091 18205 I InputDevice_Hand: HANDTRACKING ADMIRE hand 0: hpm=1 -> shared=0
03-27 06:57:47.834 18091 18205 I [CT]    : HandPoseSampler: Filter reset
03-27 06:57:47.834 18091 18205 I InputDevice_Hand: HANDTRACKING ADMIRE hand 1: hpm=1 -> shared=0
03-27 06:57:47.845 18091 18205 I [CT]    : HandPoseSampler: Filter reset
03-27 06:57:47.845 18091 18205 I InputDevice_Hand: HANDTRACKING ADMIRE hand 0: hpm=1 -> shared=0
03-27 06:57:47.845 18091 18205 I [CT]    : HandPoseSampler: Filter reset
03-27 06:57:47.845 18091 18205 I InputDevice_Hand: HANDTRACKING ADMIRE hand 1: hpm=1 -> shared=0
03-27 06:57:47.856 18091 18205 I [CT]    : HandPoseSampler: Filter reset
03-27 06:57:47.856 18091 18205 I InputDevice_Hand: HANDTRACKING ADMIRE hand 0: hpm=1 -> shared=0
03-27 06:57:47.856 18091 18205 I [CT]    : HandPoseSampler: Filter reset
03-27 06:57:47.856 18091 18205 I InputDevice_Hand: HANDTRACKING ADMIRE hand 1: hpm=1 -> shared=0
03-27 06:57:47.867 18091 18205 I [CT]    : HandPoseSampler: Filter reset
03-27 06:57:47.867 18091 18205 I InputDevice_Hand: HANDTRACKING ADMIRE hand 0: hpm=1 -> shared=0
03-27 06:57:47.867 18091 18205 I [CT]    : HandPoseSampler: Filter reset
03-27 06:57:47.867 18091 18205 I InputDevice_Hand: HANDTRACKING ADMIRE hand 1: hpm=1 -> shared=0
03-27 06:57:47.868   897 14310 W Tracking: CONSTELLATION_Left: [Throttled count=502] P+C Left: Could not retrieve 3dof fallback pose.
03-27 06:57:47.878 18091 18205 I [CT]    : HandPoseSampler: Filter reset
03-27 06:57:47.878 18091 18205 I InputDevice_Hand: HANDTRACKING ADMIRE hand 0: hpm=1 -> shared=0
03-27 06:57:47.878 18091 18205 I [CT]    : HandPoseSampler: Filter reset
03-27 06:57:47.878 18091 18205 I InputDevice_Hand: HANDTRACKING ADMIRE hand 1: hpm=1 -> shared=0
03-27 06:57:47.887 18091 18205 I [CT]    : HandPoseSampler: Filter reset
03-27 06:57:47.888 18091 18205 I InputDevice_Hand: HANDTRACKING ADMIRE hand 0: hpm=1 -> shared=0
03-27 06:57:47.888 18091 18205 I [CT]    : HandPoseSampler: Filter reset
03-27 06:57:47.888 18091 18205 I InputDevice_Hand: HANDTRACKING ADMIRE hand 1: hpm=1 -> shared=0
03-27 06:57:47.899 18091 18205 I [CT]    : HandPoseSampler: Filter reset
03-27 06:57:47.899 18091 18205 I InputDevice_Hand: HANDTRACKING ADMIRE hand 0: hpm=1 -> shared=0
03-27 06:57:47.899 18091 18205 I [CT]    : HandPoseSampler: Filter reset
03-27 06:57:47.899 18091 18205 I InputDevice_Hand: HANDTRACKING ADMIRE hand 1: hpm=1 -> shared=0
03-27 06:57:47.910 18091 18205 I [CT]    : HandPoseSampler: Filter reset
03-27 06:57:47.910 18091 18205 I InputDevice_Hand: HANDTRACKING ADMIRE hand 0: hpm=1 -> shared=0
03-27 06:57:47.910 18091 18205 I [CT]    : HandPoseSampler: Filter reset
03-27 06:57:47.910 18091 18205 I InputDevice_Hand: HANDTRACKING ADMIRE hand 1: hpm=1 -> shared=0
03-27 06:57:47.921 18091 18205 I [CT]    : HandPoseSampler: Filter reset
03-27 06:57:47.921 18091 18205 I InputDevice_Hand: HANDTRACKING ADMIRE hand 0: hpm=1 -> shared=0
03-27 06:57:47.921 18091 18205 I [CT]    : HandPoseSampler: Filter reset
03-27 06:57:47.921 18091 18205 I InputDevice_Hand: HANDTRACKING ADMIRE hand 1: hpm=1 -> shared=0
03-27 06:57:47.932 18091 18205 I [CT]    : HandPoseSampler: Filter reset
03-27 06:57:47.932 18091 18205 I InputDevice_Hand: HANDTRACKING ADMIRE hand 0: hpm=1 -> shared=0
03-27 06:57:47.932 18091 18205 I [CT]    : HandPoseSampler: Filter reset
03-27 06:57:47.932 18091 18205 I InputDevice_Hand: HANDTRACKING ADMIRE hand 1: hpm=1 -> shared=0
03-27 06:57:47.944 18091 18205 I [CT]    : HandPoseSampler: Filter reset
03-27 06:57:47.944 18091 18205 I InputDevice_Hand: HANDTRACKING ADMIRE hand 0: hpm=1 -> shared=0
03-27 06:57:47.944 18091 18205 I [CT]    : HandPoseSampler: Filter reset
03-27 06:57:47.944 18091 18205 I InputDevice_Hand: HANDTRACKING ADMIRE hand 1: hpm=1 -> shared=0
03-27 06:57:47.955 18091 18205 I [CT]    : HandPoseSampler: Filter reset
03-27 06:57:47.955 18091 18205 I InputDevice_Hand: HANDTRACKING ADMIRE hand 0: hpm=1 -> shared=0
03-27 06:57:47.955 18091 18205 I [CT]    : HandPoseSampler: Filter reset
03-27 06:57:47.955 18091 18205 I InputDevice_Hand: HANDTRACKING ADMIRE hand 1: hpm=1 -> shared=0
03-27 06:57:47.966 18091 18205 I [CT]    : HandPoseSampler: Filter reset
03-27 06:57:47.966 18091 18205 I InputDevice_Hand: HANDTRACKING ADMIRE hand 0: hpm=1 -> shared=0
03-27 06:57:47.966 18091 18205 I [CT]    : HandPoseSampler: Filter reset
03-27 06:57:47.966 18091 18205 I InputDevice_Hand: HANDTRACKING ADMIRE hand 1: hpm=1 -> shared=0
03-27 06:57:47.977 18091 18205 I [CT]    : HandPoseSampler: Filter reset
03-27 06:57:47.977 18091 18205 I InputDevice_Hand: HANDTRACKING ADMIRE hand 0: hpm=1 -> shared=0
03-27 06:57:47.977 18091 18205 I [CT]    : HandPoseSampler: Filter reset
03-27 06:57:47.977 18091 18205 I InputDevice_Hand: HANDTRACKING ADMIRE hand 1: hpm=1 -> shared=0
03-27 06:57:47.989 18091 18205 I [CT]    : HandPoseSampler: Filter reset
03-27 06:57:47.989 18091 18205 I InputDevice_Hand: HANDTRACKING ADMIRE hand 0: hpm=1 -> shared=0
03-27 06:57:47.989 18091 18205 I [CT]    : HandPoseSampler: Filter reset
03-27 06:57:47.989 18091 18205 I InputDevice_Hand: HANDTRACKING ADMIRE hand 1: hpm=1 -> shared=0
03-27 06:57:47.999 18091 18205 I [CT]    : HandPoseSampler: Filter reset
03-27 06:57:48.000 18091 18205 I InputDevice_Hand: HANDTRACKING ADMIRE hand 0: hpm=1 -> shared=0
03-27 06:57:48.000 18091 18205 I [CT]    : HandPoseSampler: Filter reset
03-27 06:57:48.000 18091 18205 I InputDevice_Hand: HANDTRACKING ADMIRE hand 1: hpm=1 -> shared=0
03-27 06:57:48.010 18091 18205 I [CT]    : HandPoseSampler: Filter reset
03-27 06:57:48.010 18091 18205 I InputDevice_Hand: HANDTRACKING ADMIRE hand 0: hpm=1 -> shared=0
03-27 06:57:48.010 18091 18205 I [CT]    : HandPoseSampler: Filter reset
03-27 06:57:48.010 18091 18205 I InputDevice_Hand: HANDTRACKING ADMIRE hand 1: hpm=1 -> shared=0
03-27 06:57:48.022 18091 18205 I [CT]    : HandPoseSampler: Filter reset
03-27 06:57:48.022 18091 18205 I InputDevice_Hand: HANDTRACKING ADMIRE hand 0: hpm=1 -> shared=0
03-27 06:57:48.022 18091 18205 I [CT]    : HandPoseSampler: Filter reset
03-27 06:57:48.022 18091 18205 I InputDevice_Hand: HANDTRACKING ADMIRE hand 1: hpm=1 -> shared=0
03-27 06:57:48.032 18091 14209 I VrApi   : FPS=91/90,Prd=23ms,Tear=0,Early=0,Stale=0,Stale2/5/10/max=0/0/0/0,VSnc=1,Lat=-4,Fov=3,CPU4/GPU=-1/-1,1920/545MHz,OC=3F,TA=0/0/0,SP=N/N/N,Mem=2092MHz,Free=3991MB,PLS=0,Temp=34.0C/0.0C,TW=0.54ms,App=1.36ms,GD=0.00ms,CPU&GPU=7.26ms,LCnt=1(DR91,LM0),GPU%=0.19,CPU%=0.21(W0.34),CFL=11.29/14.76,ICFLp95=13.31,LD=0,CABC=1,SF=0.78,LP=1,DVFS=0,Preempt=182,PoseAgeP95=0.00
03-27 06:57:48.032 18091 14209 I VrApi   : ASW=0,Type=PTWFromStereo,E=0.000/0.000,D=0.000/0.000
03-27 06:57:48.033 18091 18205 I [CT]    : HandPoseSampler: Filter reset
03-27 06:57:48.033 18091 18205 I InputDevice_Hand: HANDTRACKING ADMIRE hand 0: hpm=1 -> shared=0
03-27 06:57:48.033 18091 18205 I [CT]    : HandPoseSampler: Filter reset
03-27 06:57:48.033 18091 18205 I InputDevice_Hand: HANDTRACKING ADMIRE hand 1: hpm=1 -> shared=0
03-27 06:57:48.045 18091 18205 I [CT]    : HandPoseSampler: Filter reset
03-27 06:57:48.045 18091 18205 I InputDevice_Hand: HANDTRACKING ADMIRE hand 0: hpm=1 -> shared=0
03-27 06:57:48.045 18091 18205 I [CT]    : HandPoseSampler: Filter reset
03-27 06:57:48.045 18091 18205 I InputDevice_Hand: HANDTRACKING ADMIRE hand 1: hpm=1 -> shared=0
03-27 06:57:48.056 18091 18205 I [CT]    : HandPoseSampler: Filter reset
03-27 06:57:48.056 18091 18205 I InputDevice_Hand: HANDTRACKING ADMIRE hand 0: hpm=1 -> shared=0
03-27 06:57:48.056 18091 18205 I [CT]    : HandPoseSampler: Filter reset
03-27 06:57:48.056 18091 18205 I InputDevice_Hand: HANDTRACKING ADMIRE hand 1: hpm=1 -> shared=0
03-27 06:57:48.067 18091 18205 I [CT]    : HandPoseSampler: Filter reset
03-27 06:57:48.067 18091 18205 I InputDevice_Hand: HANDTRACKING ADMIRE hand 0: hpm=1 -> shared=0
03-27 06:57:48.067 18091 18205 I [CT]    : HandPoseSampler: Filter reset
03-27 06:57:48.067 18091 18205 I InputDevice_Hand: HANDTRACKING ADMIRE hand 1: hpm=1 -> shared=0
03-27 06:57:48.078 18091 18205 I [CT]    : HandPoseSampler: Filter reset
03-27 06:57:48.078 18091 18205 I InputDevice_Hand: HANDTRACKING ADMIRE hand 0: hpm=1 -> shared=0
03-27 06:57:48.078 18091 18205 I [CT]    : HandPoseSampler: Filter reset
03-27 06:57:48.078 18091 18205 I InputDevice_Hand: HANDTRACKING ADMIRE hand 1: hpm=1 -> shared=0
03-27 06:57:48.087   920 14201 I VD628x  : Flicker results: freq 120.000000, max 119.916336, dcr 32.950195, pct 0.040764, idx 0.012881, conf 0.897820, snr 9.465219, svm 0.069257, sus 0
03-27 06:57:48.088 18091 18205 I [CT]    : HandPoseSampler: Filter reset
03-27 06:57:48.088 18091 18205 I InputDevice_Hand: HANDTRACKING ADMIRE hand 0: hpm=1 -> shared=0
03-27 06:57:48.088 18091 18205 I [CT]    : HandPoseSampler: Filter reset
03-27 06:57:48.088 18091 18205 I InputDevice_Hand: HANDTRACKING ADMIRE hand 1: hpm=1 -> shared=0
03-27 06:57:48.099 18091 18205 I [CT]    : HandPoseSampler: Filter reset
03-27 06:57:48.100 18091 18205 I InputDevice_Hand: HANDTRACKING ADMIRE hand 0: hpm=1 -> shared=0
03-27 06:57:48.100 18091 18205 I [CT]    : HandPoseSampler: Filter reset
03-27 06:57:48.100 18091 18205 I InputDevice_Hand: HANDTRACKING ADMIRE hand 1: hpm=1 -> shared=0
03-27 06:57:48.111 18091 18205 I [CT]    : HandPoseSampler: Filter reset
03-27 06:57:48.111 18091 18205 I InputDevice_Hand: HANDTRACKING ADMIRE hand 0: hpm=1 -> shared=0
03-27 06:57:48.111 18091 18205 I [CT]    : HandPoseSampler: Filter reset
03-27 06:57:48.111 18091 18205 I InputDevice_Hand: HANDTRACKING ADMIRE hand 1: hpm=1 -> shared=0
03-27 06:57:48.122 18091 18205 I [CT]    : HandPoseSampler: Filter reset
03-27 06:57:48.122 18091 18205 I InputDevice_Hand: HANDTRACKING ADMIRE hand 0: hpm=1 -> shared=0
03-27 06:57:48.122 18091 18205 I [CT]    : HandPoseSampler: Filter reset
03-27 06:57:48.122 18091 18205 I InputDevice_Hand: HANDTRACKING ADMIRE hand 1: hpm=1 -> shared=0
03-27 06:57:48.133 18091 18205 I [CT]    : HandPoseSampler: Filter reset
03-27 06:57:48.133 18091 18205 I InputDevice_Hand: HANDTRACKING ADMIRE hand 0: hpm=1 -> shared=0
03-27 06:57:48.133 18091 18205 I [CT]    : HandPoseSampler: Filter reset
03-27 06:57:48.133 18091 18205 I InputDevice_Hand: HANDTRACKING ADMIRE hand 1: hpm=1 -> shared=0
03-27 06:57:48.144 18091 18205 I [CT]    : HandPoseSampler: Filter reset
03-27 06:57:48.144 18091 18205 I InputDevice_Hand: HANDTRACKING ADMIRE hand 0: hpm=1 -> shared=0
03-27 06:57:48.144 18091 18205 I [CT]    : HandPoseSampler: Filter reset
03-27 06:57:48.144 18091 18205 I InputDevice_Hand: HANDTRACKING ADMIRE hand 1: hpm=1 -> shared=0
03-27 06:57:48.155 18091 18205 I [CT]    : HandPoseSampler: Filter reset
03-27 06:57:48.155 18091 18205 I InputDevice_Hand: HANDTRACKING ADMIRE hand 0: hpm=1 -> shared=0
03-27 06:57:48.155 18091 18205 I [CT]    : HandPoseSampler: Filter reset
03-27 06:57:48.155 18091 18205 I InputDevice_Hand: HANDTRACKING ADMIRE hand 1: hpm=1 -> shared=0
03-27 06:57:48.165 18091 18205 I [CT]    : HandPoseSampler: Filter reset
03-27 06:57:48.165 18091 18205 I InputDevice_Hand: HANDTRACKING ADMIRE hand 0: hpm=1 -> shared=0
03-27 06:57:48.165 18091 18205 I [CT]    : HandPoseSampler: Filter reset
03-27 06:57:48.165 18091 18205 I InputDevice_Hand: HANDTRACKING ADMIRE hand 1: hpm=1 -> shared=0
03-27 06:57:48.176 18091 18205 I [CT]    : HandPoseSampler: Filter reset
03-27 06:57:48.176 18091 18205 I InputDevice_Hand: HANDTRACKING ADMIRE hand 0: hpm=1 -> shared=0
03-27 06:57:48.176 18091 18205 I [CT]    : HandPoseSampler: Filter reset
03-27 06:57:48.176 18091 18205 I InputDevice_Hand: HANDTRACKING ADMIRE hand 1: hpm=1 -> shared=0
03-27 06:57:48.188 18091 18205 I [CT]    : HandPoseSampler: Filter reset
03-27 06:57:48.188 18091 18205 I InputDevice_Hand: HANDTRACKING ADMIRE hand 0: hpm=1 -> shared=0
03-27 06:57:48.188 18091 18205 I [CT]    : HandPoseSampler: Filter reset
03-27 06:57:48.188 18091 18205 I InputDevice_Hand: HANDTRACKING ADMIRE hand 1: hpm=1 -> shared=0
03-27 06:57:48.200 18091 18205 I [CT]    : HandPoseSampler: Filter reset
03-27 06:57:48.200 18091 18205 I InputDevice_Hand: HANDTRACKING ADMIRE hand 0: hpm=1 -> shared=0
03-27 06:57:48.200 18091 18205 I [CT]    : HandPoseSampler: Filter reset
03-27 06:57:48.200 18091 18205 I InputDevice_Hand: HANDTRACKING ADMIRE hand 1: hpm=1 -> shared=0
03-27 06:57:48.210 18091 18205 I [CT]    : HandPoseSampler: Filter reset
03-27 06:57:48.210 18091 18205 I InputDevice_Hand: HANDTRACKING ADMIRE hand 0: hpm=1 -> shared=0
03-27 06:57:48.210 18091 18205 I [CT]    : HandPoseSampler: Filter reset
03-27 06:57:48.210 18091 18205 I InputDevice_Hand: HANDTRACKING ADMIRE hand 1: hpm=1 -> shared=0
03-27 06:57:48.221   897  1848 I Tracking: Vega: [INSIGHTS] Mode=DescriptorVega,6DoF,Agg=52s,Inl=14,25,32,Mem=95.9,FrameDur=6.1,15.5,PoseLat=1.5,9.0,CamImuLat=10.3,29.9,Jit=0.0,0.0,Drops(Cam=0,IMU=0),MeanIr=2275.5,Exp(4.7ms,g=4,I=61)(4.7ms,g=4,I=61)(5.8ms,g=6,I=59)(6.0ms,g=7,I=61)(0.0ms,g=0)(0.0ms,g=0),NonInertEnv=n
03-27 06:57:48.222 18091 18205 I [CT]    : HandPoseSampler: Filter reset
03-27 06:57:48.222 18091 18205 I InputDevice_Hand: HANDTRACKING ADMIRE hand 0: hpm=1 -> shared=0
03-27 06:57:48.222 18091 18205 I [CT]    : HandPoseSampler: Filter reset
03-27 06:57:48.222 18091 18205 I InputDevice_Hand: HANDTRACKING ADMIRE hand 1: hpm=1 -> shared=0
03-27 06:57:48.233 18091 18205 I [CT]    : HandPoseSampler: Filter reset
03-27 06:57:48.233 18091 18205 I InputDevice_Hand: HANDTRACKING ADMIRE hand 0: hpm=1 -> shared=0
03-27 06:57:48.233 18091 18205 I [CT]    : HandPoseSampler: Filter reset
03-27 06:57:48.233 18091 18205 I InputDevice_Hand: HANDTRACKING ADMIRE hand 1: hpm=1 -> shared=0
03-27 06:57:48.244 18091 18205 I [CT]    : HandPoseSampler: Filter reset
03-27 06:57:48.244 18091 18205 I InputDevice_Hand: HANDTRACKING ADMIRE hand 0: hpm=1 -> shared=0
03-27 06:57:48.244 18091 18205 I [CT]    : HandPoseSampler: Filter reset
03-27 06:57:48.244 18091 18205 I InputDevice_Hand: HANDTRACKING ADMIRE hand 1: hpm=1 -> shared=0
03-27 06:57:48.255 18091 18205 I [CT]    : HandPoseSampler: Filter reset
03-27 06:57:48.255 18091 18205 I InputDevice_Hand: HANDTRACKING ADMIRE hand 0: hpm=1 -> shared=0
03-27 06:57:48.255 18091 18205 I [CT]    : HandPoseSampler: Filter reset
03-27 06:57:48.255 18091 18205 I InputDevice_Hand: HANDTRACKING ADMIRE hand 1: hpm=1 -> shared=0
03-27 06:57:48.266 18091 18205 I [CT]    : HandPoseSampler: Filter reset
03-27 06:57:48.266 18091 18205 I InputDevice_Hand: HANDTRACKING ADMIRE hand 0: hpm=1 -> shared=0
03-27 06:57:48.266 18091 18205 I [CT]    : HandPoseSampler: Filter reset
03-27 06:57:48.266 18091 18205 I InputDevice_Hand: HANDTRACKING ADMIRE hand 1: hpm=1 -> shared=0
03-27 06:57:48.278 18091 18205 I [CT]    : HandPoseSampler: Filter reset
03-27 06:57:48.278 18091 18205 I InputDevice_Hand: HANDTRACKING ADMIRE hand 0: hpm=1 -> shared=0
03-27 06:57:48.278 18091 18205 I [CT]    : HandPoseSampler: Filter reset
03-27 06:57:48.278 18091 18205 I InputDevice_Hand: HANDTRACKING ADMIRE hand 1: hpm=1 -> shared=0
03-27 06:57:48.288 18091 18205 I [CT]    : HandPoseSampler: Filter reset
03-27 06:57:48.288 18091 18205 I InputDevice_Hand: HANDTRACKING ADMIRE hand 0: hpm=1 -> shared=0
03-27 06:57:48.288 18091 18205 I [CT]    : HandPoseSampler: Filter reset
03-27 06:57:48.288 18091 18205 I InputDevice_Hand: HANDTRACKING ADMIRE hand 1: hpm=1 -> shared=0
03-27 06:57:48.299 18091 18205 I [CT]    : HandPoseSampler: Filter reset
03-27 06:57:48.299 18091 18205 I InputDevice_Hand: HANDTRACKING ADMIRE hand 0: hpm=1 -> shared=0
03-27 06:57:48.299 18091 18205 I [CT]    : HandPoseSampler: Filter reset
03-27 06:57:48.299 18091 18205 I InputDevice_Hand: HANDTRACKING ADMIRE hand 1: hpm=1 -> shared=0
03-27 06:57:48.310 18091 18205 I [CT]    : HandPoseSampler: Filter reset
03-27 06:57:48.310 18091 18205 I InputDevice_Hand: HANDTRACKING ADMIRE hand 0: hpm=1 -> shared=0
03-27 06:57:48.310 18091 18205 I [CT]    : HandPoseSampler: Filter reset
03-27 06:57:48.310 18091 18205 I InputDevice_Hand: HANDTRACKING ADMIRE hand 1: hpm=1 -> shared=0
03-27 06:57:48.321 18091 18205 I [CT]    : HandPoseSampler: Filter reset
03-27 06:57:48.321 18091 18205 I InputDevice_Hand: HANDTRACKING ADMIRE hand 0: hpm=1 -> shared=0
03-27 06:57:48.321 18091 18205 I [CT]    : HandPoseSampler: Filter reset
03-27 06:57:48.321 18091 18205 I InputDevice_Hand: HANDTRACKING ADMIRE hand 1: hpm=1 -> shared=0
03-27 06:57:48.333 18091 18205 I [CT]    : HandPoseSampler: Filter reset
03-27 06:57:48.333 18091 18205 I InputDevice_Hand: HANDTRACKING ADMIRE hand 0: hpm=1 -> shared=0
03-27 06:57:48.333 18091 18205 I [CT]    : HandPoseSampler: Filter reset
03-27 06:57:48.333 18091 18205 I InputDevice_Hand: HANDTRACKING ADMIRE hand 1: hpm=1 -> shared=0
03-27 06:57:48.344 18091 18205 I [CT]    : HandPoseSampler: Filter reset
03-27 06:57:48.344 18091 18205 I InputDevice_Hand: HANDTRACKING ADMIRE hand 0: hpm=1 -> shared=0
03-27 06:57:48.344 18091 18205 I [CT]    : HandPoseSampler: Filter reset
03-27 06:57:48.344 18091 18205 I InputDevice_Hand: HANDTRACKING ADMIRE hand 1: hpm=1 -> shared=0
03-27 06:57:48.355 18091 18205 I [CT]    : HandPoseSampler: Filter reset
03-27 06:57:48.355 18091 18205 I InputDevice_Hand: HANDTRACKING ADMIRE hand 0: hpm=1 -> shared=0
03-27 06:57:48.355 18091 18205 I [CT]    : HandPoseSampler: Filter reset
03-27 06:57:48.355 18091 18205 I InputDevice_Hand: HANDTRACKING ADMIRE hand 1: hpm=1 -> shared=0
03-27 06:57:48.366 18091 18205 I [CT]    : HandPoseSampler: Filter reset
03-27 06:57:48.366 18091 18205 I InputDevice_Hand: HANDTRACKING ADMIRE hand 0: hpm=1 -> shared=0
03-27 06:57:48.366 18091 18205 I [CT]    : HandPoseSampler: Filter reset
03-27 06:57:48.366 18091 18205 I InputDevice_Hand: HANDTRACKING ADMIRE hand 1: hpm=1 -> shared=0
03-27 06:57:48.377 18091 18205 I [CT]    : HandPoseSampler: Filter reset
03-27 06:57:48.377 18091 18205 I InputDevice_Hand: HANDTRACKING ADMIRE hand 0: hpm=1 -> shared=0
03-27 06:57:48.377 18091 18205 I [CT]    : HandPoseSampler: Filter reset
03-27 06:57:48.377 18091 18205 I InputDevice_Hand: HANDTRACKING ADMIRE hand 1: hpm=1 -> shared=0
03-27 06:57:48.389 18091 18205 I [CT]    : HandPoseSampler: Filter reset
03-27 06:57:48.389 18091 18205 I InputDevice_Hand: HANDTRACKING ADMIRE hand 0: hpm=1 -> shared=0
03-27 06:57:48.389 18091 18205 I [CT]    : HandPoseSampler: Filter reset
03-27 06:57:48.389 18091 18205 I InputDevice_Hand: HANDTRACKING ADMIRE hand 1: hpm=1 -> shared=0
03-27 06:57:48.399 18091 18205 I [CT]    : HandPoseSampler: Filter reset
03-27 06:57:48.399 18091 18205 I InputDevice_Hand: HANDTRACKING ADMIRE hand 0: hpm=1 -> shared=0
03-27 06:57:48.399 18091 18205 I [CT]    : HandPoseSampler: Filter reset
03-27 06:57:48.399 18091 18205 I InputDevice_Hand: HANDTRACKING ADMIRE hand 1: hpm=1 -> shared=0
03-27 06:57:48.411 18091 18205 I [CT]    : HandPoseSampler: Filter reset
03-27 06:57:48.411 18091 18205 I InputDevice_Hand: HANDTRACKING ADMIRE hand 0: hpm=1 -> shared=0
03-27 06:57:48.411 18091 18205 I [CT]    : HandPoseSampler: Filter reset
03-27 06:57:48.411 18091 18205 I InputDevice_Hand: HANDTRACKING ADMIRE hand 1: hpm=1 -> shared=0
03-27 06:57:48.422 18091 18205 I [CT]    : HandPoseSampler: Filter reset
03-27 06:57:48.422 18091 18205 I InputDevice_Hand: HANDTRACKING ADMIRE hand 0: hpm=1 -> shared=0
03-27 06:57:48.422 18091 18205 I [CT]    : HandPoseSampler: Filter reset
03-27 06:57:48.422 18091 18205 I InputDevice_Hand: HANDTRACKING ADMIRE hand 1: hpm=1 -> shared=0
03-27 06:57:48.433 18091 18205 I [CT]    : HandPoseSampler: Filter reset
03-27 06:57:48.433 18091 18205 I InputDevice_Hand: HANDTRACKING ADMIRE hand 0: hpm=1 -> shared=0
03-27 06:57:48.434 18091 18205 I [CT]    : HandPoseSampler: Filter reset
03-27 06:57:48.434 18091 18205 I InputDevice_Hand: HANDTRACKING ADMIRE hand 1: hpm=1 -> shared=0
03-27 06:57:48.444 18091 18205 I [CT]    : HandPoseSampler: Filter reset
03-27 06:57:48.444 18091 18205 I InputDevice_Hand: HANDTRACKING ADMIRE hand 0: hpm=1 -> shared=0
03-27 06:57:48.444 18091 18205 I [CT]    : HandPoseSampler: Filter reset
03-27 06:57:48.444 18091 18205 I InputDevice_Hand: HANDTRACKING ADMIRE hand 1: hpm=1 -> shared=0
03-27 06:57:48.455 18091 18205 I [CT]    : HandPoseSampler: Filter reset
03-27 06:57:48.455 18091 18205 I InputDevice_Hand: HANDTRACKING ADMIRE hand 0: hpm=1 -> shared=0
03-27 06:57:48.456 18091 18205 I [CT]    : HandPoseSampler: Filter reset
03-27 06:57:48.456 18091 18205 I InputDevice_Hand: HANDTRACKING ADMIRE hand 1: hpm=1 -> shared=0
03-27 06:57:48.467 18091 18205 I [CT]    : HandPoseSampler: Filter reset
03-27 06:57:48.467 18091 18205 I InputDevice_Hand: HANDTRACKING ADMIRE hand 0: hpm=1 -> shared=0
03-27 06:57:48.467 18091 18205 I [CT]    : HandPoseSampler: Filter reset
03-27 06:57:48.467 18091 18205 I InputDevice_Hand: HANDTRACKING ADMIRE hand 1: hpm=1 -> shared=0
03-27 06:57:48.475 18224 18435 V ClientSharedTelemetryStats: App memory usage: PSS=28 MiB, PrivateDirty=14 MiB, PrivateClean=0 MiB, GPU=6.3/6.3 MiB (100% allocated)
03-27 06:57:48.477 18091 18205 I [CT]    : HandPoseSampler: Filter reset
03-27 06:57:48.477 18091 18205 I InputDevice_Hand: HANDTRACKING ADMIRE hand 0: hpm=1 -> shared=0
03-27 06:57:48.477 18091 18205 I [CT]    : HandPoseSampler: Filter reset
03-27 06:57:48.477 18091 18205 I InputDevice_Hand: HANDTRACKING ADMIRE hand 1: hpm=1 -> shared=0
03-27 06:57:48.481   897 14310 I Tracking: CONSTELLATION:IMU_STATUS: 0x9a0f3b964e7e111f (L): [#Samples=2516] 413.699s | [FusionTracked=0.000, OutputTracked=0.000, OutputValid=0.000] [AccelSat=0.000, GyroSat=0.000] [AccelMinMeanMax: X=-7.869|-7.820|-7.769, Y=5.203|5.247|5.286, Z=-2.498|-2.415|-2.339] [GyroMinMeanMax: X=0.000|0.005|0.011, Y=-0.019|-0.012|-0.006, Z=-0.006|0.001|0.006] [AccelStuck: X=0|0.000, Y=0|0.000, Z=0|0.000] [GyroStuck: X=0|0.000, Y=0|0.000, Z=0|0.000]  [Current time=413.699s, last log time=408.697s]
03-27 06:57:48.489 18091 18205 I [CT]    : HandPoseSampler: Filter reset
03-27 06:57:48.489 18091 18205 I InputDevice_Hand: HANDTRACKING ADMIRE hand 0: hpm=1 -> shared=0
03-27 06:57:48.489 18091 18205 I [CT]    : HandPoseSampler: Filter reset
03-27 06:57:48.489 18091 18205 I InputDevice_Hand: HANDTRACKING ADMIRE hand 1: hpm=1 -> shared=0
03-27 06:57:48.499 18091 18205 I [CT]    : HandPoseSampler: Filter reset
03-27 06:57:48.500 18091 18205 I InputDevice_Hand: HANDTRACKING ADMIRE hand 0: hpm=1 -> shared=0
03-27 06:57:48.500 18091 18205 I [CT]    : HandPoseSampler: Filter reset
03-27 06:57:48.500 18091 18205 I InputDevice_Hand: HANDTRACKING ADMIRE hand 1: hpm=1 -> shared=0
03-27 06:57:48.505   897 14310 I Tracking: CONSTELLATION:IMU_STATUS: 0x2e7e5d32cf134aad (R): [#Samples=2515] 413.723s | [FusionTracked=1.000, OutputTracked=1.000, OutputValid=1.000] [AccelSat=0.000, GyroSat=0.000] [AccelMinMeanMax: X=4.243|4.342|4.415, Y=5.047|5.118|5.198, Z=-6.951|-6.903|-6.840] [GyroMinMeanMax: X=0.000|0.007|0.015, Y=-0.019|-0.003|0.011, Z=-0.011|0.002|0.013] [AccelStuck: X=0|0.000, Y=0|0.000, Z=0|0.000] [GyroStuck: X=0|0.000, Y=0|0.000, Z=0|0.000]  [Current time=413.723s, last log time=408.721s]
03-27 06:57:48.510 18091 18205 I [CT]    : HandPoseSampler: Filter reset
03-27 06:57:48.510 18091 18205 I InputDevice_Hand: HANDTRACKING ADMIRE hand 0: hpm=1 -> shared=0
03-27 06:57:48.510 18091 18205 I [CT]    : HandPoseSampler: Filter reset
03-27 06:57:48.510 18091 18205 I InputDevice_Hand: HANDTRACKING ADMIRE hand 1: hpm=1 -> shared=0
03-27 06:57:48.522 18091 18205 I [CT]    : HandPoseSampler: Filter reset
03-27 06:57:48.522 18091 18205 I InputDevice_Hand: HANDTRACKING ADMIRE hand 0: hpm=1 -> shared=0
03-27 06:57:48.522 18091 18205 I [CT]    : HandPoseSampler: Filter reset
03-27 06:57:48.523 18091 18205 I InputDevice_Hand: HANDTRACKING ADMIRE hand 1: hpm=1 -> shared=0
03-27 06:57:48.533   897  1854 I Tracking: CONSTELLATION_Right: [Throttled count=90] P+C Right: Applying Consistent Zero Velocity Update during slow motion.
03-27 06:57:48.533 18091 18205 I [CT]    : HandPoseSampler: Filter reset
03-27 06:57:48.533 18091 18205 I InputDevice_Hand: HANDTRACKING ADMIRE hand 0: hpm=1 -> shared=0
03-27 06:57:48.533 18091 18205 I [CT]    : HandPoseSampler: Filter reset
03-27 06:57:48.533 18091 18205 I InputDevice_Hand: HANDTRACKING ADMIRE hand 1: hpm=1 -> shared=0
03-27 06:57:48.538   927 14165 W SensorService: Unknown packet type (32) received
03-27 06:57:48.544 18091 18205 I [CT]    : HandPoseSampler: Filter reset
03-27 06:57:48.544 18091 18205 I InputDevice_Hand: HANDTRACKING ADMIRE hand 0: hpm=1 -> shared=0
03-27 06:57:48.544 18091 18205 I [CT]    : HandPoseSampler: Filter reset
03-27 06:57:48.544 18091 18205 I InputDevice_Hand: HANDTRACKING ADMIRE hand 1: hpm=1 -> shared=0
03-27 06:57:48.556 18091 18205 I [CT]    : HandPoseSampler: Filter reset
03-27 06:57:48.556 18091 18205 I InputDevice_Hand: HANDTRACKING ADMIRE hand 0: hpm=1 -> shared=0
03-27 06:57:48.556 18091 18205 I [CT]    : HandPoseSampler: Filter reset
03-27 06:57:48.556 18091 18205 I InputDevice_Hand: HANDTRACKING ADMIRE hand 1: hpm=1 -> shared=0
03-27 06:57:48.567 18091 18205 I [CT]    : HandPoseSampler: Filter reset
03-27 06:57:48.567 18091 18205 I InputDevice_Hand: HANDTRACKING ADMIRE hand 0: hpm=1 -> shared=0
03-27 06:57:48.567 18091 18205 I [CT]    : HandPoseSampler: Filter reset
03-27 06:57:48.567 18091 18205 I InputDevice_Hand: HANDTRACKING ADMIRE hand 1: hpm=1 -> shared=0
03-27 06:57:48.578 18091 18205 I [CT]    : HandPoseSampler: Filter reset
03-27 06:57:48.578 18091 18205 I InputDevice_Hand: HANDTRACKING ADMIRE hand 0: hpm=1 -> shared=0
03-27 06:57:48.578 18091 18205 I [CT]    : HandPoseSampler: Filter reset
03-27 06:57:48.578 18091 18205 I InputDevice_Hand: HANDTRACKING ADMIRE hand 1: hpm=1 -> shared=0
03-27 06:57:48.589 18091 18205 I [CT]    : HandPoseSampler: Filter reset
03-27 06:57:48.589 18091 18205 I InputDevice_Hand: HANDTRACKING ADMIRE hand 0: hpm=1 -> shared=0
03-27 06:57:48.589 18091 18205 I [CT]    : HandPoseSampler: Filter reset
03-27 06:57:48.589 18091 18205 I InputDevice_Hand: HANDTRACKING ADMIRE hand 1: hpm=1 -> shared=0
03-27 06:57:48.593 18091 18457 W ShellHsr: Renderer: RenderableFilter has 108 tags, which is more than 10. This is expected to be rare. If this becomes common, consider changing RenderableFilter logic to use something other than linear searches for filtering renderable tags (like registered bitsets).
03-27 06:57:48.599   897  1854 I Tracking: CONSTELLATION:VISION_STATUS: 0x2e7e5d32cf134aad (R): [#Samples=76] 413.810s | BlobDetection:[#BlobsDetected=(12.57, 1.32)]Matching:[MatchSuccess=1.000, MatchCost=(0.00313, 0.00000), #MatchedBlobs=(8.61, 0.69), #MatchedLeds=(5.36, 0.31), RematchM=0.882, SkipRefine=0.145] MatchMethod:[Prox=0.000, ConstBrute=1.000, AttiBrute=0.000, UnconstBrute=0.000] MatchResets[AnomBlobSize=0.000, SharedMatch=0.000, DenseReacq=0.000] | Fusion:[FusionError=0.000, ImuFromCamMs=(-412310.014, 2138717.781), RematchF=0.000] FusionUpdates:[Successful=0.000, Reliable=0.000, TightFusion=0.000, FullPose=0.000, StaticPrior=0.000, StaticForHandTrans=0.000, PoseUpdateMD=(0.0000, 0.0000)] FusionResets[6DoFReset=0.000, ResetSuccess=0.000] FusionStatus[HasPosition=0.000, HasVelocity=0.000]  [Current time=413.810s, last log time=408.743s]
03-27 06:57:48.599   897  1854 I Tracking: CONSTELLATION:VISION_STATUS: 0x9a0f3b964e7e111f (L): [#Samples=76] 413.810s | BlobDetection:[#BlobsDetected=(12.57, 1.32)]Matching:[MatchSuccess=0.000, MatchCost=(0.00000, 0.00000), #MatchedBlobs=(0.00, 0.00), #MatchedLeds=(0.00, 0.00), RematchM=0.000, SkipRefine=0.000] MatchMethod:[Prox=0.000, ConstBrute=0.000, AttiBrute=0.000, UnconstBrute=0.000] MatchResets[AnomBlobSize=0.000, SharedMatch=0.000, DenseReacq=0.000] | Fusion:[FusionError=0.000, ImuFromCamMs=(-412310.014, 2138717.781), RematchF=0.000] FusionUpdates:[Successful=0.000, Reliable=0.000, TightFusion=0.000, FullPose=0.000, StaticPrior=0.000, StaticForHandTrans=0.000, PoseUpdateMD=(0.0000, 0.0000)] FusionResets[6DoFReset=0.000, ResetSuccess=0.000] FusionStatus[HasPosition=0.000, HasVelocity=0.000]  [Current time=413.810s, last log time=408.743s]
03-27 06:57:48.599 18091 18205 I [CT]    : HandPoseSampler: Filter reset
03-27 06:57:48.599 18091 18205 I InputDevice_Hand: HANDTRACKING ADMIRE hand 0: hpm=1 -> shared=0
03-27 06:57:48.600 18091 18205 I [CT]    : HandPoseSampler: Filter reset
03-27 06:57:48.600 18091 18205 I InputDevice_Hand: HANDTRACKING ADMIRE hand 1: hpm=1 -> shared=0
03-27 06:57:48.611 18091 18205 I [CT]    : HandPoseSampler: Filter reset
03-27 06:57:48.611 18091 18205 I InputDevice_Hand: HANDTRACKING ADMIRE hand 0: hpm=1 -> shared=0
03-27 06:57:48.611 18091 18205 I [CT]    : HandPoseSampler: Filter reset
03-27 06:57:48.611 18091 18205 I InputDevice_Hand: HANDTRACKING ADMIRE hand 1: hpm=1 -> shared=0
03-27 06:57:48.622 18091 18205 I [CT]    : HandPoseSampler: Filter reset
03-27 06:57:48.622 18091 18205 I InputDevice_Hand: HANDTRACKING ADMIRE hand 0: hpm=1 -> shared=0
03-27 06:57:48.622 18091 18205 I [CT]    : HandPoseSampler: Filter reset
03-27 06:57:48.622 18091 18205 I InputDevice_Hand: HANDTRACKING ADMIRE hand 1: hpm=1 -> shared=0
03-27 06:57:48.632  2697 14219 I [CT]    : MIXEDREALITY: PassthroughApiManager: GetUpdatedLayerState: (every 2 seconds) PT is: ON numLayers: 0
03-27 06:57:48.633 18091 18205 I [CT]    : HandPoseSampler: Filter reset
03-27 06:57:48.633 18091 18205 I InputDevice_Hand: HANDTRACKING ADMIRE hand 0: hpm=1 -> shared=0
03-27 06:57:48.633 18091 18205 I [CT]    : HandPoseSampler: Filter reset
03-27 06:57:48.633 18091 18205 I InputDevice_Hand: HANDTRACKING ADMIRE hand 1: hpm=1 -> shared=0
03-27 06:57:48.644 18091 18205 I [CT]    : HandPoseSampler: Filter reset
03-27 06:57:48.644 18091 18205 I InputDevice_Hand: HANDTRACKING ADMIRE hand 0: hpm=1 -> shared=0
03-27 06:57:48.644 18091 18205 I [CT]    : HandPoseSampler: Filter reset
03-27 06:57:48.644 18091 18205 I InputDevice_Hand: HANDTRACKING ADMIRE hand 1: hpm=1 -> shared=0
03-27 06:57:48.656 18091 18205 I [CT]    : HandPoseSampler: Filter reset
03-27 06:57:48.656 18091 18205 I InputDevice_Hand: HANDTRACKING ADMIRE hand 0: hpm=1 -> shared=0
03-27 06:57:48.656 18091 18205 I [CT]    : HandPoseSampler: Filter reset
03-27 06:57:48.656 18091 18205 I InputDevice_Hand: HANDTRACKING ADMIRE hand 1: hpm=1 -> shared=0
03-27 06:57:48.666 18091 18205 I [CT]    : HandPoseSampler: Filter reset
03-27 06:57:48.666 18091 18205 I InputDevice_Hand: HANDTRACKING ADMIRE hand 0: hpm=1 -> shared=0
03-27 06:57:48.666 18091 18205 I [CT]    : HandPoseSampler: Filter reset
03-27 06:57:48.666 18091 18205 I InputDevice_Hand: HANDTRACKING ADMIRE hand 1: hpm=1 -> shared=0
03-27 06:57:48.678 18091 18205 I [CT]    : HandPoseSampler: Filter reset
03-27 06:57:48.678 18091 18205 I InputDevice_Hand: HANDTRACKING ADMIRE hand 0: hpm=1 -> shared=0
03-27 06:57:48.678 18091 18205 I [CT]    : HandPoseSampler: Filter reset
03-27 06:57:48.678 18091 18205 I InputDevice_Hand: HANDTRACKING ADMIRE hand 1: hpm=1 -> shared=0
03-27 06:57:48.689 18091 18205 I [CT]    : HandPoseSampler: Filter reset
03-27 06:57:48.689 18091 18205 I InputDevice_Hand: HANDTRACKING ADMIRE hand 0: hpm=1 -> shared=0
03-27 06:57:48.689 18091 18205 I [CT]    : HandPoseSampler: Filter reset
03-27 06:57:48.689 18091 18205 I InputDevice_Hand: HANDTRACKING ADMIRE hand 1: hpm=1 -> shared=0
03-27 06:57:48.699 18091 18205 I [CT]    : HandPoseSampler: Filter reset
03-27 06:57:48.699 18091 18205 I InputDevice_Hand: HANDTRACKING ADMIRE hand 0: hpm=1 -> shared=0
03-27 06:57:48.699 18091 18205 I [CT]    : HandPoseSampler: Filter reset
03-27 06:57:48.699 18091 18205 I InputDevice_Hand: HANDTRACKING ADMIRE hand 1: hpm=1 -> shared=0
03-27 06:57:48.711 18091 18205 I [CT]    : HandPoseSampler: Filter reset
03-27 06:57:48.711 18091 18205 I InputDevice_Hand: HANDTRACKING ADMIRE hand 0: hpm=1 -> shared=0
03-27 06:57:48.711 18091 18205 I [CT]    : HandPoseSampler: Filter reset
03-27 06:57:48.711 18091 18205 I InputDevice_Hand: HANDTRACKING ADMIRE hand 1: hpm=1 -> shared=0
03-27 06:57:48.722 18091 18205 I [CT]    : HandPoseSampler: Filter reset
03-27 06:57:48.722 18091 18205 I InputDevice_Hand: HANDTRACKING ADMIRE hand 0: hpm=1 -> shared=0
03-27 06:57:48.722 18091 18205 I [CT]    : HandPoseSampler: Filter reset
03-27 06:57:48.722 18091 18205 I InputDevice_Hand: HANDTRACKING ADMIRE hand 1: hpm=1 -> shared=0
03-27 06:57:48.733 18091 18205 I [CT]    : HandPoseSampler: Filter reset
03-27 06:57:48.733 18091 18205 I InputDevice_Hand: HANDTRACKING ADMIRE hand 0: hpm=1 -> shared=0
03-27 06:57:48.733 18091 18205 I [CT]    : HandPoseSampler: Filter reset
03-27 06:57:48.733 18091 18205 I InputDevice_Hand: HANDTRACKING ADMIRE hand 1: hpm=1 -> shared=0
03-27 06:57:48.744 18091 18205 I [CT]    : HandPoseSampler: Filter reset
03-27 06:57:48.744 18091 18205 I InputDevice_Hand: HANDTRACKING ADMIRE hand 0: hpm=1 -> shared=0
03-27 06:57:48.744 18091 18205 I [CT]    : HandPoseSampler: Filter reset
03-27 06:57:48.744 18091 18205 I InputDevice_Hand: HANDTRACKING ADMIRE hand 1: hpm=1 -> shared=0
03-27 06:57:48.756 18091 18205 I [CT]    : HandPoseSampler: Filter reset
03-27 06:57:48.756 18091 18205 I InputDevice_Hand: HANDTRACKING ADMIRE hand 0: hpm=1 -> shared=0
03-27 06:57:48.756 18091 18205 I [CT]    : HandPoseSampler: Filter reset
03-27 06:57:48.756 18091 18205 I InputDevice_Hand: HANDTRACKING ADMIRE hand 1: hpm=1 -> shared=0
03-27 06:57:48.767 18091 18205 I [CT]    : HandPoseSampler: Filter reset
03-27 06:57:48.767 18091 18205 I InputDevice_Hand: HANDTRACKING ADMIRE hand 0: hpm=1 -> shared=0
03-27 06:57:48.767 18091 18205 I [CT]    : HandPoseSampler: Filter reset
03-27 06:57:48.767 18091 18205 I InputDevice_Hand: HANDTRACKING ADMIRE hand 1: hpm=1 -> shared=0
03-27 06:57:48.777 18091 18205 I [CT]    : HandPoseSampler: Filter reset
03-27 06:57:48.777 18091 18205 I InputDevice_Hand: HANDTRACKING ADMIRE hand 0: hpm=1 -> shared=0
03-27 06:57:48.777 18091 18205 I [CT]    : HandPoseSampler: Filter reset
03-27 06:57:48.777 18091 18205 I InputDevice_Hand: HANDTRACKING ADMIRE hand 1: hpm=1 -> shared=0
03-27 06:57:48.788 18091 18205 I [CT]    : HandPoseSampler: Filter reset
03-27 06:57:48.788 18091 18205 I InputDevice_Hand: HANDTRACKING ADMIRE hand 0: hpm=1 -> shared=0
03-27 06:57:48.788 18091 18205 I [CT]    : HandPoseSampler: Filter reset
03-27 06:57:48.788 18091 18205 I InputDevice_Hand: HANDTRACKING ADMIRE hand 1: hpm=1 -> shared=0
03-27 06:57:48.799 18091 18205 I [CT]    : HandPoseSampler: Filter reset
03-27 06:57:48.800 18091 18205 I InputDevice_Hand: HANDTRACKING ADMIRE hand 0: hpm=1 -> shared=0
03-27 06:57:48.800 18091 18205 I [CT]    : HandPoseSampler: Filter reset
03-27 06:57:48.800 18091 18205 I InputDevice_Hand: HANDTRACKING ADMIRE hand 1: hpm=1 -> shared=0
03-27 06:57:48.811 18091 18205 I [CT]    : HandPoseSampler: Filter reset
03-27 06:57:48.811 18091 18205 I InputDevice_Hand: HANDTRACKING ADMIRE hand 0: hpm=1 -> shared=0
03-27 06:57:48.811 18091 18205 I [CT]    : HandPoseSampler: Filter reset
03-27 06:57:48.811 18091 18205 I InputDevice_Hand: HANDTRACKING ADMIRE hand 1: hpm=1 -> shared=0
03-27 06:57:48.821   920 14201 I VD628x  : Flicker results: freq 120.000000, max 119.918716, dcr 32.983444, pct 0.040182, idx 0.012771, conf 0.897820, snr 9.465219, svm 0.068794, sus 0
03-27 06:57:48.822 18091 18205 I [CT]    : HandPoseSampler: Filter reset
03-27 06:57:48.822 18091 18205 I InputDevice_Hand: HANDTRACKING ADMIRE hand 0: hpm=1 -> shared=0
03-27 06:57:48.822 18091 18205 I [CT]    : HandPoseSampler: Filter reset
03-27 06:57:48.822 18091 18205 I InputDevice_Hand: HANDTRACKING ADMIRE hand 1: hpm=1 -> shared=0
03-27 06:57:48.833 18091 18205 I [CT]    : HandPoseSampler: Filter reset
03-27 06:57:48.833 18091 18205 I InputDevice_Hand: HANDTRACKING ADMIRE hand 0: hpm=1 -> shared=0
03-27 06:57:48.833 18091 18205 I [CT]    : HandPoseSampler: Filter reset
03-27 06:57:48.833 18091 18205 I InputDevice_Hand: HANDTRACKING ADMIRE hand 1: hpm=1 -> shared=0
03-27 06:57:48.843 18091 18205 I [CT]    : HandPoseSampler: Filter reset
03-27 06:57:48.844 18091 18205 I InputDevice_Hand: HANDTRACKING ADMIRE hand 0: hpm=1 -> shared=0
03-27 06:57:48.844 18091 18205 I [CT]    : HandPoseSampler: Filter reset
03-27 06:57:48.844 18091 18205 I InputDevice_Hand: HANDTRACKING ADMIRE hand 1: hpm=1 -> shared=0
03-27 06:57:48.855 18091 18205 I [CT]    : HandPoseSampler: Filter reset
03-27 06:57:48.855 18091 18205 I InputDevice_Hand: HANDTRACKING ADMIRE hand 0: hpm=1 -> shared=0
03-27 06:57:48.855 18091 18205 I [CT]    : HandPoseSampler: Filter reset
03-27 06:57:48.855 18091 18205 I InputDevice_Hand: HANDTRACKING ADMIRE hand 1: hpm=1 -> shared=0
03-27 06:57:48.867 18091 18205 I [CT]    : HandPoseSampler: Filter reset
03-27 06:57:48.867 18091 18205 I InputDevice_Hand: HANDTRACKING ADMIRE hand 0: hpm=1 -> shared=0
03-27 06:57:48.867 18091 18205 I [CT]    : HandPoseSampler: Filter reset
03-27 06:57:48.867 18091 18205 I InputDevice_Hand: HANDTRACKING ADMIRE hand 1: hpm=1 -> shared=0
03-27 06:57:48.870   897 14310 W Tracking: CONSTELLATION_Left: [Throttled count=503] P+C Left: Could not retrieve 3dof fallback pose.
03-27 06:57:48.875 18224 18352 I AutoStationaryHelper: [AutoStationaryHelper::getGuardianDataFromNearbyRoomscale] Checking 1 existing guardian data
03-27 06:57:48.875 18224 18352 I GuardianMapDataMgr: [GuardianMapDataMgr::isValidTrackedRoomscale] [2575043440] Valid=yes, Roomscale=yes, Anchor [2cee9d32-7f24-ff1e-5555-ae309d8ea246] Tracked=yes
03-27 06:57:48.875 18224 18352 I AutoStationaryHelper: [AutoStationaryHelper::getGuardianDataFromNearbyRoomscale] [2575043440] Distance to HMD: 3.782000
03-27 06:57:48.878 18091 18205 I [CT]    : HandPoseSampler: Filter reset
03-27 06:57:48.878 18091 18205 I InputDevice_Hand: HANDTRACKING ADMIRE hand 0: hpm=1 -> shared=0
03-27 06:57:48.878 18091 18205 I [CT]    : HandPoseSampler: Filter reset
03-27 06:57:48.878 18091 18205 I InputDevice_Hand: HANDTRACKING ADMIRE hand 1: hpm=1 -> shared=0
03-27 06:57:48.889 18091 18205 I [CT]    : HandPoseSampler: Filter reset
03-27 06:57:48.889 18091 18205 I InputDevice_Hand: HANDTRACKING ADMIRE hand 0: hpm=1 -> shared=0
03-27 06:57:48.889 18091 18205 I [CT]    : HandPoseSampler: Filter reset
03-27 06:57:48.889 18091 18205 I InputDevice_Hand: HANDTRACKING ADMIRE hand 1: hpm=1 -> shared=0
03-27 06:57:48.899 18091 18205 I [CT]    : HandPoseSampler: Filter reset
03-27 06:57:48.899 18091 18205 I InputDevice_Hand: HANDTRACKING ADMIRE hand 0: hpm=1 -> shared=0
03-27 06:57:48.899 18091 18205 I [CT]    : HandPoseSampler: Filter reset
03-27 06:57:48.899 18091 18205 I InputDevice_Hand: HANDTRACKING ADMIRE hand 1: hpm=1 -> shared=0
03-27 06:57:48.910 18091 18205 I [CT]    : HandPoseSampler: Filter reset
03-27 06:57:48.910 18091 18205 I InputDevice_Hand: HANDTRACKING ADMIRE hand 0: hpm=1 -> shared=0
03-27 06:57:48.910 18091 18205 I [CT]    : HandPoseSampler: Filter reset
03-27 06:57:48.910 18091 18205 I InputDevice_Hand: HANDTRACKING ADMIRE hand 1: hpm=1 -> shared=0
03-27 06:57:48.922 18091 18205 I [CT]    : HandPoseSampler: Filter reset
03-27 06:57:48.922 18091 18205 I InputDevice_Hand: HANDTRACKING ADMIRE hand 0: hpm=1 -> shared=0
03-27 06:57:48.922 18091 18205 I [CT]    : HandPoseSampler: Filter reset
03-27 06:57:48.922 18091 18205 I InputDevice_Hand: HANDTRACKING ADMIRE hand 1: hpm=1 -> shared=0
03-27 06:57:48.934 18091 18205 I [CT]    : HandPoseSampler: Filter reset
03-27 06:57:48.934 18091 18205 I InputDevice_Hand: HANDTRACKING ADMIRE hand 0: hpm=1 -> shared=0
03-27 06:57:48.934 18091 18205 I [CT]    : HandPoseSampler: Filter reset
03-27 06:57:48.934 18091 18205 I InputDevice_Hand: HANDTRACKING ADMIRE hand 1: hpm=1 -> shared=0
03-27 06:57:48.944 18091 18205 I [CT]    : HandPoseSampler: Filter reset
03-27 06:57:48.944 18091 18205 I InputDevice_Hand: HANDTRACKING ADMIRE hand 0: hpm=1 -> shared=0
03-27 06:57:48.944 18091 18205 I [CT]    : HandPoseSampler: Filter reset
03-27 06:57:48.944 18091 18205 I InputDevice_Hand: HANDTRACKING ADMIRE hand 1: hpm=1 -> shared=0
03-27 06:57:48.950   897  1854 I Tracking: CONSTELLATION_Left: [Throttled count=181] P+C Left: Imu state is invalid when querying vision state!
03-27 06:57:48.956 18091 18205 I [CT]    : HandPoseSampler: Filter reset
03-27 06:57:48.956 18091 18205 I InputDevice_Hand: HANDTRACKING ADMIRE hand 0: hpm=1 -> shared=0
03-27 06:57:48.956 18091 18205 I [CT]    : HandPoseSampler: Filter reset
03-27 06:57:48.956 18091 18205 I InputDevice_Hand: HANDTRACKING ADMIRE hand 1: hpm=1 -> shared=0
03-27 06:57:48.967 18091 18205 I [CT]    : HandPoseSampler: Filter reset
03-27 06:57:48.967 18091 18205 I InputDevice_Hand: HANDTRACKING ADMIRE hand 0: hpm=1 -> shared=0
03-27 06:57:48.967 18091 18205 I [CT]    : HandPoseSampler: Filter reset
03-27 06:57:48.967 18091 18205 I InputDevice_Hand: HANDTRACKING ADMIRE hand 1: hpm=1 -> shared=0
03-27 06:57:48.977 18091 18205 I [CT]    : HandPoseSampler: Filter reset
03-27 06:57:48.977 18091 18205 I InputDevice_Hand: HANDTRACKING ADMIRE hand 0: hpm=1 -> shared=0
03-27 06:57:48.977 18091 18205 I [CT]    : HandPoseSampler: Filter reset
03-27 06:57:48.977 18091 18205 I InputDevice_Hand: HANDTRACKING ADMIRE hand 1: hpm=1 -> shared=0
03-27 06:57:48.989 18091 18205 I [CT]    : HandPoseSampler: Filter reset
03-27 06:57:48.989 18091 18205 I InputDevice_Hand: HANDTRACKING ADMIRE hand 0: hpm=1 -> shared=0
03-27 06:57:48.989 18091 18205 I [CT]    : HandPoseSampler: Filter reset
03-27 06:57:48.989 18091 18205 I InputDevice_Hand: HANDTRACKING ADMIRE hand 1: hpm=1 -> shared=0
03-27 06:57:49.000 18091 18205 I [CT]    : HandPoseSampler: Filter reset
03-27 06:57:49.000 18091 18205 I InputDevice_Hand: HANDTRACKING ADMIRE hand 0: hpm=1 -> shared=0
03-27 06:57:49.000 18091 18205 I [CT]    : HandPoseSampler: Filter reset
03-27 06:57:49.000 18091 18205 I InputDevice_Hand: HANDTRACKING ADMIRE hand 1: hpm=1 -> shared=0
03-27 06:57:49.011 18091 18205 I [CT]    : HandPoseSampler: Filter reset
03-27 06:57:49.011 18091 18205 I InputDevice_Hand: HANDTRACKING ADMIRE hand 0: hpm=1 -> shared=0
03-27 06:57:49.011 18091 18205 I [CT]    : HandPoseSampler: Filter reset
03-27 06:57:49.011 18091 18205 I InputDevice_Hand: HANDTRACKING ADMIRE hand 1: hpm=1 -> shared=0
03-27 06:57:49.017   897  1854 I Tracking: CONSTELLATION_Left: [Throttled count=90] P+C Left: Not reinitializing 6DoF filter yet (no valid pose from vision).
03-27 06:57:49.022 18091 18205 I [CT]    : HandPoseSampler: Filter reset
03-27 06:57:49.022 18091 18205 I InputDevice_Hand: HANDTRACKING ADMIRE hand 0: hpm=1 -> shared=0
03-27 06:57:49.022 18091 18205 I [CT]    : HandPoseSampler: Filter reset
03-27 06:57:49.023 18091 18205 I InputDevice_Hand: HANDTRACKING ADMIRE hand 1: hpm=1 -> shared=0
03-27 06:57:49.032 18091 14209 I VrApi   : FPS=91/90,Prd=23ms,Tear=0,Early=0,Stale=0,Stale2/5/10/max=0/0/0/0,VSnc=1,Lat=-4,Fov=3,CPU4/GPU=-1/-1,1920/545MHz,OC=3F,TA=0/0/0,SP=N/N/N,Mem=2092MHz,Free=3991MB,PLS=0,Temp=34.0C/0.0C,TW=0.60ms,App=1.37ms,GD=0.00ms,CPU&GPU=6.74ms,LCnt=1(DR90,LM0),GPU%=0.19,CPU%=0.24(W0.41),CFL=11.33/14.68,ICFLp95=13.31,LD=0,CABC=1,SF=0.78,LP=1,DVFS=0,Preempt=180,PoseAgeP95=0.00
03-27 06:57:49.032 18091 14209 I VrApi   : ASW=0,Type=PTWFromStereo,E=0.000/0.000,D=0.000/0.000
03-27 06:57:49.033 18091 18205 I [CT]    : HandPoseSampler: Filter reset
03-27 06:57:49.033 18091 18205 I InputDevice_Hand: HANDTRACKING ADMIRE hand 0: hpm=1 -> shared=0
03-27 06:57:49.033 18091 18205 I [CT]    : HandPoseSampler: Filter reset
03-27 06:57:49.033 18091 18205 I InputDevice_Hand: HANDTRACKING ADMIRE hand 1: hpm=1 -> shared=0
03-27 06:57:49.044 18091 18205 I [CT]    : HandPoseSampler: Filter reset
03-27 06:57:49.044 18091 18205 I InputDevice_Hand: HANDTRACKING ADMIRE hand 0: hpm=1 -> shared=0
03-27 06:57:49.044 18091 18205 I [CT]    : HandPoseSampler: Filter reset
03-27 06:57:49.044 18091 18205 I InputDevice_Hand: HANDTRACKING ADMIRE hand 1: hpm=1 -> shared=0
03-27 06:57:49.056 18091 18205 I [CT]    : HandPoseSampler: Filter reset
03-27 06:57:49.056 18091 18205 I InputDevice_Hand: HANDTRACKING ADMIRE hand 0: hpm=1 -> shared=0
03-27 06:57:49.056 18091 18205 I [CT]    : HandPoseSampler: Filter reset
03-27 06:57:49.056 18091 18205 I InputDevice_Hand: HANDTRACKING ADMIRE hand 1: hpm=1 -> shared=0
03-27 06:57:49.066 18091 18205 I [CT]    : HandPoseSampler: Filter reset
03-27 06:57:49.066 18091 18205 I InputDevice_Hand: HANDTRACKING ADMIRE hand 0: hpm=1 -> shared=0
03-27 06:57:49.067 18091 18205 I [CT]    : HandPoseSampler: Filter reset
03-27 06:57:49.067 18091 18205 I InputDevice_Hand: HANDTRACKING ADMIRE hand 1: hpm=1 -> shared=0
03-27 06:57:49.078 18091 18205 I [CT]    : HandPoseSampler: Filter reset
03-27 06:57:49.078 18091 18205 I InputDevice_Hand: HANDTRACKING ADMIRE hand 0: hpm=1 -> shared=0
03-27 06:57:49.078 18091 18205 I [CT]    : HandPoseSampler: Filter reset
03-27 06:57:49.078 18091 18205 I InputDevice_Hand: HANDTRACKING ADMIRE hand 1: hpm=1 -> shared=0
03-27 06:57:49.089 18091 18205 I [CT]    : HandPoseSampler: Filter reset
03-27 06:57:49.089 18091 18205 I InputDevice_Hand: HANDTRACKING ADMIRE hand 0: hpm=1 -> shared=0
03-27 06:57:49.089 18091 18205 I [CT]    : HandPoseSampler: Filter reset
03-27 06:57:49.089 18091 18205 I InputDevice_Hand: HANDTRACKING ADMIRE hand 1: hpm=1 -> shared=0
03-27 06:57:49.100 18091 18205 I [CT]    : HandPoseSampler: Filter reset
03-27 06:57:49.100 18091 18205 I InputDevice_Hand: HANDTRACKING ADMIRE hand 0: hpm=1 -> shared=0
03-27 06:57:49.100 18091 18205 I [CT]    : HandPoseSampler: Filter reset
03-27 06:57:49.100 18091 18205 I InputDevice_Hand: HANDTRACKING ADMIRE hand 1: hpm=1 -> shared=0
03-27 06:57:49.111 18091 18205 I [CT]    : HandPoseSampler: Filter reset
03-27 06:57:49.111 18091 18205 I InputDevice_Hand: HANDTRACKING ADMIRE hand 0: hpm=1 -> shared=0
03-27 06:57:49.111 18091 18205 I [CT]    : HandPoseSampler: Filter reset
03-27 06:57:49.111 18091 18205 I InputDevice_Hand: HANDTRACKING ADMIRE hand 1: hpm=1 -> shared=0
03-27 06:57:49.123 18091 18205 I [CT]    : HandPoseSampler: Filter reset
03-27 06:57:49.123 18091 18205 I InputDevice_Hand: HANDTRACKING ADMIRE hand 0: hpm=1 -> shared=0
03-27 06:57:49.123 18091 18205 I [CT]    : HandPoseSampler: Filter reset
03-27 06:57:49.123 18091 18205 I InputDevice_Hand: HANDTRACKING ADMIRE hand 1: hpm=1 -> shared=0
03-27 06:57:49.133 18091 18205 I [CT]    : HandPoseSampler: Filter reset
03-27 06:57:49.133 18091 18205 I InputDevice_Hand: HANDTRACKING ADMIRE hand 0: hpm=1 -> shared=0
03-27 06:57:49.133 18091 18205 I [CT]    : HandPoseSampler: Filter reset
03-27 06:57:49.133 18091 18205 I InputDevice_Hand: HANDTRACKING ADMIRE hand 1: hpm=1 -> shared=0
03-27 06:57:49.144 18091 18205 I [CT]    : HandPoseSampler: Filter reset
03-27 06:57:49.144 18091 18205 I InputDevice_Hand: HANDTRACKING ADMIRE hand 0: hpm=1 -> shared=0
03-27 06:57:49.144 18091 18205 I [CT]    : HandPoseSampler: Filter reset
03-27 06:57:49.144 18091 18205 I InputDevice_Hand: HANDTRACKING ADMIRE hand 1: hpm=1 -> shared=0
03-27 06:57:49.156 18091 18205 I [CT]    : HandPoseSampler: Filter reset
03-27 06:57:49.156 18091 18205 I InputDevice_Hand: HANDTRACKING ADMIRE hand 0: hpm=1 -> shared=0
03-27 06:57:49.156 18091 18205 I [CT]    : HandPoseSampler: Filter reset
03-27 06:57:49.156 18091 18205 I InputDevice_Hand: HANDTRACKING ADMIRE hand 1: hpm=1 -> shared=0
03-27 06:57:49.167 18091 18205 I [CT]    : HandPoseSampler: Filter reset
03-27 06:57:49.167 18091 18205 I InputDevice_Hand: HANDTRACKING ADMIRE hand 0: hpm=1 -> shared=0
03-27 06:57:49.167 18091 18205 I [CT]    : HandPoseSampler: Filter reset
03-27 06:57:49.167 18091 18205 I InputDevice_Hand: HANDTRACKING ADMIRE hand 1: hpm=1 -> shared=0
03-27 06:57:49.177 18091 18205 I [CT]    : HandPoseSampler: Filter reset
03-27 06:57:49.177 18091 18205 I InputDevice_Hand: HANDTRACKING ADMIRE hand 0: hpm=1 -> shared=0
03-27 06:57:49.177 18091 18205 I [CT]    : HandPoseSampler: Filter reset
03-27 06:57:49.177 18091 18205 I InputDevice_Hand: HANDTRACKING ADMIRE hand 1: hpm=1 -> shared=0
03-27 06:57:49.189 18091 18205 I [CT]    : HandPoseSampler: Filter reset
03-27 06:57:49.189 18091 18205 I InputDevice_Hand: HANDTRACKING ADMIRE hand 0: hpm=1 -> shared=0
03-27 06:57:49.189 18091 18205 I [CT]    : HandPoseSampler: Filter reset
03-27 06:57:49.189 18091 18205 I InputDevice_Hand: HANDTRACKING ADMIRE hand 1: hpm=1 -> shared=0
03-27 06:57:49.200 18091 18205 I [CT]    : HandPoseSampler: Filter reset
03-27 06:57:49.200 18091 18205 I InputDevice_Hand: HANDTRACKING ADMIRE hand 0: hpm=1 -> shared=0
03-27 06:57:49.200 18091 18205 I [CT]    : HandPoseSampler: Filter reset
03-27 06:57:49.200 18091 18205 I InputDevice_Hand: HANDTRACKING ADMIRE hand 1: hpm=1 -> shared=0
03-27 06:57:49.211 18091 18205 I [CT]    : HandPoseSampler: Filter reset
03-27 06:57:49.211 18091 18205 I InputDevice_Hand: HANDTRACKING ADMIRE hand 0: hpm=1 -> shared=0
03-27 06:57:49.211 18091 18205 I [CT]    : HandPoseSampler: Filter reset
03-27 06:57:49.211 18091 18205 I InputDevice_Hand: HANDTRACKING ADMIRE hand 1: hpm=1 -> shared=0
03-27 06:57:49.223 18091 18205 I [CT]    : HandPoseSampler: Filter reset
03-27 06:57:49.223 18091 18205 I InputDevice_Hand: HANDTRACKING ADMIRE hand 0: hpm=1 -> shared=0
03-27 06:57:49.223 18091 18205 I [CT]    : HandPoseSampler: Filter reset
03-27 06:57:49.223 18091 18205 I InputDevice_Hand: HANDTRACKING ADMIRE hand 1: hpm=1 -> shared=0
03-27 06:57:49.234 18091 18205 I [CT]    : HandPoseSampler: Filter reset
03-27 06:57:49.234 18091 18205 I InputDevice_Hand: HANDTRACKING ADMIRE hand 0: hpm=1 -> shared=0
03-27 06:57:49.234 18091 18205 I [CT]    : HandPoseSampler: Filter reset
03-27 06:57:49.234 18091 18205 I InputDevice_Hand: HANDTRACKING ADMIRE hand 1: hpm=1 -> shared=0
03-27 06:57:49.245 18091 18205 I [CT]    : HandPoseSampler: Filter reset
03-27 06:57:49.245 18091 18205 I InputDevice_Hand: HANDTRACKING ADMIRE hand 0: hpm=1 -> shared=0
03-27 06:57:49.245 18091 18205 I [CT]    : HandPoseSampler: Filter reset
03-27 06:57:49.245 18091 18205 I InputDevice_Hand: HANDTRACKING ADMIRE hand 1: hpm=1 -> shared=0
03-27 06:57:49.256 18091 18205 I [CT]    : HandPoseSampler: Filter reset
03-27 06:57:49.256 18091 18205 I InputDevice_Hand: HANDTRACKING ADMIRE hand 0: hpm=1 -> shared=0
03-27 06:57:49.256 18091 18205 I [CT]    : HandPoseSampler: Filter reset
03-27 06:57:49.256 18091 18205 I InputDevice_Hand: HANDTRACKING ADMIRE hand 1: hpm=1 -> shared=0
03-27 06:57:49.267 18091 18205 I [CT]    : HandPoseSampler: Filter reset
03-27 06:57:49.267 18091 18205 I InputDevice_Hand: HANDTRACKING ADMIRE hand 0: hpm=1 -> shared=0
03-27 06:57:49.267 18091 18205 I [CT]    : HandPoseSampler: Filter reset
03-27 06:57:49.267 18091 18205 I InputDevice_Hand: HANDTRACKING ADMIRE hand 1: hpm=1 -> shared=0
03-27 06:57:49.277 18091 18205 I [CT]    : HandPoseSampler: Filter reset
03-27 06:57:49.277 18091 18205 I InputDevice_Hand: HANDTRACKING ADMIRE hand 0: hpm=1 -> shared=0
03-27 06:57:49.277 18091 18205 I [CT]    : HandPoseSampler: Filter reset
03-27 06:57:49.277 18091 18205 I InputDevice_Hand: HANDTRACKING ADMIRE hand 1: hpm=1 -> shared=0
03-27 06:57:49.289 18091 18205 I [CT]    : HandPoseSampler: Filter reset
03-27 06:57:49.289 18091 18205 I InputDevice_Hand: HANDTRACKING ADMIRE hand 0: hpm=1 -> shared=0
03-27 06:57:49.289 18091 18205 I [CT]    : HandPoseSampler: Filter reset
03-27 06:57:49.289 18091 18205 I InputDevice_Hand: HANDTRACKING ADMIRE hand 1: hpm=1 -> shared=0
03-27 06:57:49.299 18091 18205 I [CT]    : HandPoseSampler: Filter reset
03-27 06:57:49.299 18091 18205 I InputDevice_Hand: HANDTRACKING ADMIRE hand 0: hpm=1 -> shared=0
03-27 06:57:49.299 18091 18205 I [CT]    : HandPoseSampler: Filter reset
03-27 06:57:49.299 18091 18205 I InputDevice_Hand: HANDTRACKING ADMIRE hand 1: hpm=1 -> shared=0
03-27 06:57:49.310 18091 18205 I [CT]    : HandPoseSampler: Filter reset
03-27 06:57:49.310 18091 18205 I InputDevice_Hand: HANDTRACKING ADMIRE hand 0: hpm=1 -> shared=0
03-27 06:57:49.310 18091 18205 I [CT]    : HandPoseSampler: Filter reset
03-27 06:57:49.310 18091 18205 I InputDevice_Hand: HANDTRACKING ADMIRE hand 1: hpm=1 -> shared=0
03-27 06:57:49.321 18091 18205 I [CT]    : HandPoseSampler: Filter reset
03-27 06:57:49.321 18091 18205 I InputDevice_Hand: HANDTRACKING ADMIRE hand 0: hpm=1 -> shared=0
03-27 06:57:49.321 18091 18205 I [CT]    : HandPoseSampler: Filter reset
03-27 06:57:49.321 18091 18205 I InputDevice_Hand: HANDTRACKING ADMIRE hand 1: hpm=1 -> shared=0
03-27 06:57:49.332 18091 18205 I [CT]    : HandPoseSampler: Filter reset
03-27 06:57:49.332 18091 18205 I InputDevice_Hand: HANDTRACKING ADMIRE hand 0: hpm=1 -> shared=0
03-27 06:57:49.332 18091 18205 I [CT]    : HandPoseSampler: Filter reset
03-27 06:57:49.332 18091 18205 I InputDevice_Hand: HANDTRACKING ADMIRE hand 1: hpm=1 -> shared=0
03-27 06:57:49.344 18091 18205 I [CT]    : HandPoseSampler: Filter reset
03-27 06:57:49.344 18091 18205 I InputDevice_Hand: HANDTRACKING ADMIRE hand 0: hpm=1 -> shared=0
03-27 06:57:49.344 18091 18205 I [CT]    : HandPoseSampler: Filter reset
03-27 06:57:49.344 18091 18205 I InputDevice_Hand: HANDTRACKING ADMIRE hand 1: hpm=1 -> shared=0
03-27 06:57:49.355 18091 18205 I [CT]    : HandPoseSampler: Filter reset
03-27 06:57:49.355 18091 18205 I InputDevice_Hand: HANDTRACKING ADMIRE hand 0: hpm=1 -> shared=0
03-27 06:57:49.355 18091 18205 I [CT]    : HandPoseSampler: Filter reset
03-27 06:57:49.355 18091 18205 I InputDevice_Hand: HANDTRACKING ADMIRE hand 1: hpm=1 -> shared=0
03-27 06:57:49.366 18091 18205 I [CT]    : HandPoseSampler: Filter reset
03-27 06:57:49.366 18091 18205 I InputDevice_Hand: HANDTRACKING ADMIRE hand 0: hpm=1 -> shared=0
03-27 06:57:49.366 18091 18205 I [CT]    : HandPoseSampler: Filter reset
03-27 06:57:49.366 18091 18205 I InputDevice_Hand: HANDTRACKING ADMIRE hand 1: hpm=1 -> shared=0
03-27 06:57:49.378 18091 18205 I [CT]    : HandPoseSampler: Filter reset
03-27 06:57:49.378 18091 18205 I InputDevice_Hand: HANDTRACKING ADMIRE hand 0: hpm=1 -> shared=0
03-27 06:57:49.378 18091 18205 I [CT]    : HandPoseSampler: Filter reset
03-27 06:57:49.378 18091 18205 I InputDevice_Hand: HANDTRACKING ADMIRE hand 1: hpm=1 -> shared=0
03-27 06:57:49.388 18091 18205 I [CT]    : HandPoseSampler: Filter reset
03-27 06:57:49.389 18091 18205 I InputDevice_Hand: HANDTRACKING ADMIRE hand 0: hpm=1 -> shared=0
03-27 06:57:49.389 18091 18205 I [CT]    : HandPoseSampler: Filter reset
03-27 06:57:49.389 18091 18205 I InputDevice_Hand: HANDTRACKING ADMIRE hand 1: hpm=1 -> shared=0
03-27 06:57:49.400 18091 18205 I [CT]    : HandPoseSampler: Filter reset
03-27 06:57:49.400 18091 18205 I InputDevice_Hand: HANDTRACKING ADMIRE hand 0: hpm=1 -> shared=0
03-27 06:57:49.400 18091 18205 I [CT]    : HandPoseSampler: Filter reset
03-27 06:57:49.400 18091 18205 I InputDevice_Hand: HANDTRACKING ADMIRE hand 1: hpm=1 -> shared=0
03-27 06:57:49.406   897 14271 W Tracking: IoteLogging: IMU Update exceeded imu sampling period: update=0.001404061 [sec], period=0.001250000 [sec].
03-27 06:57:49.411 18091 18205 I [CT]    : HandPoseSampler: Filter reset
03-27 06:57:49.411 18091 18205 I InputDevice_Hand: HANDTRACKING ADMIRE hand 0: hpm=1 -> shared=0
03-27 06:57:49.411 18091 18205 I [CT]    : HandPoseSampler: Filter reset
03-27 06:57:49.411 18091 18205 I InputDevice_Hand: HANDTRACKING ADMIRE hand 1: hpm=1 -> shared=0
03-27 06:57:49.422 18091 18205 I [CT]    : HandPoseSampler: Filter reset
03-27 06:57:49.422 18091 18205 I InputDevice_Hand: HANDTRACKING ADMIRE hand 0: hpm=1 -> shared=0
03-27 06:57:49.422 18091 18205 I [CT]    : HandPoseSampler: Filter reset
03-27 06:57:49.422 18091 18205 I InputDevice_Hand: HANDTRACKING ADMIRE hand 1: hpm=1 -> shared=0
03-27 06:57:49.432 18091 18205 I [CT]    : HandPoseSampler: Filter reset
03-27 06:57:49.432 18091 18205 I InputDevice_Hand: HANDTRACKING ADMIRE hand 0: hpm=1 -> shared=0
03-27 06:57:49.432 18091 18205 I [CT]    : HandPoseSampler: Filter reset
03-27 06:57:49.432 18091 18205 I InputDevice_Hand: HANDTRACKING ADMIRE hand 1: hpm=1 -> shared=0
03-27 06:57:49.443 18091 18205 I [CT]    : HandPoseSampler: Filter reset
03-27 06:57:49.443 18091 18205 I InputDevice_Hand: HANDTRACKING ADMIRE hand 0: hpm=1 -> shared=0
03-27 06:57:49.443 18091 18205 I [CT]    : HandPoseSampler: Filter reset
03-27 06:57:49.443 18091 18205 I InputDevice_Hand: HANDTRACKING ADMIRE hand 1: hpm=1 -> shared=0
03-27 06:57:49.455 18091 18205 I [CT]    : HandPoseSampler: Filter reset
03-27 06:57:49.455 18091 18205 I InputDevice_Hand: HANDTRACKING ADMIRE hand 0: hpm=1 -> shared=0
03-27 06:57:49.455 18091 18205 I [CT]    : HandPoseSampler: Filter reset
03-27 06:57:49.455 18091 18205 I InputDevice_Hand: HANDTRACKING ADMIRE hand 1: hpm=1 -> shared=0
03-27 06:57:49.467 18091 18205 I [CT]    : HandPoseSampler: Filter reset
03-27 06:57:49.467 18091 18205 I InputDevice_Hand: HANDTRACKING ADMIRE hand 0: hpm=1 -> shared=0
03-27 06:57:49.467 18091 18205 I [CT]    : HandPoseSampler: Filter reset
03-27 06:57:49.467 18091 18205 I InputDevice_Hand: HANDTRACKING ADMIRE hand 1: hpm=1 -> shared=0
03-27 06:57:49.477 18091 18205 I [CT]    : HandPoseSampler: Filter reset
03-27 06:57:49.477 18091 18205 I InputDevice_Hand: HANDTRACKING ADMIRE hand 0: hpm=1 -> shared=0
03-27 06:57:49.477 18091 18205 I [CT]    : HandPoseSampler: Filter reset
03-27 06:57:49.477 18091 18205 I InputDevice_Hand: HANDTRACKING ADMIRE hand 1: hpm=1 -> shared=0
03-27 06:57:49.489 18091 18205 I [CT]    : HandPoseSampler: Filter reset
03-27 06:57:49.489 18091 18205 I InputDevice_Hand: HANDTRACKING ADMIRE hand 0: hpm=1 -> shared=0
03-27 06:57:49.489 18091 18205 I [CT]    : HandPoseSampler: Filter reset
03-27 06:57:49.489 18091 18205 I InputDevice_Hand: HANDTRACKING ADMIRE hand 1: hpm=1 -> shared=0
03-27 06:57:49.500 18091 18205 I [CT]    : HandPoseSampler: Filter reset
03-27 06:57:49.500 18091 18205 I InputDevice_Hand: HANDTRACKING ADMIRE hand 0: hpm=1 -> shared=0
03-27 06:57:49.500 18091 18205 I [CT]    : HandPoseSampler: Filter reset
03-27 06:57:49.500 18091 18205 I InputDevice_Hand: HANDTRACKING ADMIRE hand 1: hpm=1 -> shared=0
03-27 06:57:49.502   897 14310 D TrackingService: 2e7e5d32cf134aad: isControllerInHand(130039.89s): 0 ctEnabled: 1 btnPress(129651.07s): 0 *btnOrTpdTouch(129661.93s): 0 *btnOrTpdProx(129662.01s): 0 static(130039.89s): 0 thbstkOffCenter(129643.30s): 0 
03-27 06:57:49.502   897 14310 D TrackingService: [HANDTRACKING] Controller 2e7e5d32cf134aad in hand: N, valid: Y
03-27 06:57:49.502  2391 14195 D ControllerManagement: RemoteService::recordControllerStatusUpdate: device 2e7e5d32cf134aad: status: CONNECTED_ACTIVE tracking: POSITION, errors: --
03-27 06:57:49.511 18091 18205 I [CT]    : HandPoseSampler: Filter reset
03-27 06:57:49.511 18091 18205 I InputDevice_Hand: HANDTRACKING ADMIRE hand 0: hpm=1 -> shared=0
03-27 06:57:49.511 18091 18205 I [CT]    : HandPoseSampler: Filter reset
03-27 06:57:49.511 18091 18205 I InputDevice_Hand: HANDTRACKING ADMIRE hand 1: hpm=1 -> shared=0
03-27 06:57:49.511 18091 18205 I OpenXR_ClientState: [OATS]: IP changed: unknown/interaction_profiles/meta/touch_controller_plus, 7
03-27 06:57:49.511 18091 18205 I OpenXR_ClientState: [OATS]: IP changed: /user/hand/right/interaction_profiles/meta/touch_controller_plus, -1
03-27 06:57:49.512 18091 18205 I [SEO] ShellInputConfigurationDataProvider: InteractionMode changed, mode: Null activation method: No Device Present displayTimeActivated 130041.908290
03-27 06:57:49.516 18091 18205 W [SEO] InputOpenXr: Interaction Profile retrieval failed: /user/eyes_ext
03-27 06:57:49.522   927 19557 I libcamerahal: [INSIGHTS][2.00s] recv/ret/req heartbeat: cam0: 90/90/0, cam1: 90/90/0, cam2: 90/90/0, cam3: 90/90/0
03-27 06:57:49.523 18091 18205 I [CT]    : HandPoseSampler: Filter reset
03-27 06:57:49.523 18091 18205 I InputDevice_Hand: HANDTRACKING ADMIRE hand 0: hpm=1 -> shared=0
03-27 06:57:49.523 18091 18205 I [CT]    : HandPoseSampler: Filter reset
03-27 06:57:49.523 18091 18205 I InputDevice_Hand: HANDTRACKING ADMIRE hand 1: hpm=1 -> shared=0
03-27 06:57:49.524 18091 18205 I ShellHsr: Input: Destroying hand instance: hand=Right
03-27 06:57:49.532 18091 18205 I [CT]    : HandPoseSampler: Filter reset
03-27 06:57:49.532 18091 18205 I InputDevice_Hand: HANDTRACKING ADMIRE hand 0: hpm=1 -> shared=0
03-27 06:57:49.532 18091 18205 I [CT]    : HandPoseSampler: Filter reset
03-27 06:57:49.532 18091 18205 I InputDevice_Hand: HANDTRACKING ADMIRE hand 1: hpm=1 -> shared=0
03-27 06:57:49.544 18091 18205 I [CT]    : HandPoseSampler: Filter reset
03-27 06:57:49.544 18091 18205 I InputDevice_Hand: HANDTRACKING ADMIRE hand 0: hpm=1 -> shared=0
03-27 06:57:49.544 18091 18205 I [CT]    : HandPoseSampler: Filter reset
03-27 06:57:49.544 18091 18205 I InputDevice_Hand: HANDTRACKING ADMIRE hand 1: hpm=1 -> shared=0
03-27 06:57:49.555 18091 18205 I [CT]    : HandPoseSampler: Filter reset
03-27 06:57:49.555 18091 18205 I InputDevice_Hand: HANDTRACKING ADMIRE hand 0: hpm=1 -> shared=0
03-27 06:57:49.555 18091 18205 I [CT]    : HandPoseSampler: Filter reset
03-27 06:57:49.555 18091 18205 I InputDevice_Hand: HANDTRACKING ADMIRE hand 1: hpm=1 -> shared=0
03-27 06:57:49.566   920 14201 I VD628x  : Flicker results: freq 120.000000, max 119.918465, dcr 32.996952, pct 0.040182, idx 0.013079, conf 0.898254, snr 9.471429, svm 0.068644, sus 0
03-27 06:57:49.566 18091 18205 I [CT]    : HandPoseSampler: Filter reset
03-27 06:57:49.566 18091 18205 I InputDevice_Hand: HANDTRACKING ADMIRE hand 0: hpm=1 -> shared=0
03-27 06:57:49.566 18091 18205 I [CT]    : HandPoseSampler: Filter reset
03-27 06:57:49.566 18091 18205 I InputDevice_Hand: HANDTRACKING ADMIRE hand 1: hpm=1 -> shared=0
03-27 06:57:49.578 18091 18205 I [CT]    : HandPoseSampler: Filter reset
03-27 06:57:49.578 18091 18205 I InputDevice_Hand: HANDTRACKING ADMIRE hand 0: hpm=1 -> shared=0
03-27 06:57:49.578 18091 18205 I [CT]    : HandPoseSampler: Filter reset
03-27 06:57:49.578 18091 18205 I InputDevice_Hand: HANDTRACKING ADMIRE hand 1: hpm=1 -> shared=0
03-27 06:57:49.589 18091 18205 I [CT]    : HandPoseSampler: Filter reset
03-27 06:57:49.589 18091 18205 I InputDevice_Hand: HANDTRACKING ADMIRE hand 0: hpm=1 -> shared=0
03-27 06:57:49.589 18091 18205 I [CT]    : HandPoseSampler: Filter reset
03-27 06:57:49.589 18091 18205 I InputDevice_Hand: HANDTRACKING ADMIRE hand 1: hpm=1 -> shared=0
03-27 06:57:49.593 18091 18457 W ShellHsr: Renderer: RenderableFilter has 108 tags, which is more than 10. This is expected to be rare. If this becomes common, consider changing RenderableFilter logic to use something other than linear searches for filtering renderable tags (like registered bitsets).
03-27 06:57:49.600 18091 18205 I [CT]    : HandPoseSampler: Filter reset
03-27 06:57:49.600 18091 18205 I InputDevice_Hand: HANDTRACKING ADMIRE hand 0: hpm=1 -> shared=0
03-27 06:57:49.600 18091 18205 I [CT]    : HandPoseSampler: Filter reset
03-27 06:57:49.600 18091 18205 I InputDevice_Hand: HANDTRACKING ADMIRE hand 1: hpm=1 -> shared=0
03-27 06:57:49.611 18091 18205 I [CT]    : HandPoseSampler: Filter reset
03-27 06:57:49.611 18091 18205 I InputDevice_Hand: HANDTRACKING ADMIRE hand 0: hpm=1 -> shared=0
03-27 06:57:49.611 18091 18205 I [CT]    : HandPoseSampler: Filter reset
03-27 06:57:49.611 18091 18205 I InputDevice_Hand: HANDTRACKING ADMIRE hand 1: hpm=1 -> shared=0
03-27 06:57:49.623 18091 18205 I [CT]    : HandPoseSampler: Filter reset
03-27 06:57:49.623 18091 18205 I InputDevice_Hand: HANDTRACKING ADMIRE hand 0: hpm=1 -> shared=0
03-27 06:57:49.623 18091 18205 I [CT]    : HandPoseSampler: Filter reset
03-27 06:57:49.623 18091 18205 I InputDevice_Hand: HANDTRACKING ADMIRE hand 1: hpm=1 -> shared=0
03-27 06:57:49.624  1168  1840 I MRSS    : BOLT:HexagonTelemetry: Global DSP utilization: 4.29% (214 / 5002 ms), Scalar Util: 37.41%, HVX Util: 31.43%, HMX Util: 5.29%, DMA Active: 0.00%, Freq: 1171.2 MHz
03-27 06:57:49.625  1168  1840 I MRSS    : boltlib: DSP Rpc stats over 5002 ms: null
03-27 06:57:49.633 18091 18205 I [CT]    : HandPoseSampler: Filter reset
03-27 06:57:49.633 18091 18205 I InputDevice_Hand: HANDTRACKING ADMIRE hand 0: hpm=1 -> shared=0
03-27 06:57:49.633 18091 18205 I [CT]    : HandPoseSampler: Filter reset
03-27 06:57:49.633 18091 18205 I InputDevice_Hand: HANDTRACKING ADMIRE hand 1: hpm=1 -> shared=0
03-27 06:57:49.644 18091 18205 I [CT]    : HandPoseSampler: Filter reset
03-27 06:57:49.644 18091 18205 I InputDevice_Hand: HANDTRACKING ADMIRE hand 0: hpm=1 -> shared=0
03-27 06:57:49.644 18091 18205 I [CT]    : HandPoseSampler: Filter reset
03-27 06:57:49.644 18091 18205 I InputDevice_Hand: HANDTRACKING ADMIRE hand 1: hpm=1 -> shared=0
03-27 06:57:49.655 18091 18205 I [CT]    : HandPoseSampler: Filter reset
03-27 06:57:49.655 18091 18205 I InputDevice_Hand: HANDTRACKING ADMIRE hand 0: hpm=1 -> shared=0
03-27 06:57:49.655 18091 18205 I [CT]    : HandPoseSampler: Filter reset
03-27 06:57:49.655 18091 18205 I InputDevice_Hand: HANDTRACKING ADMIRE hand 1: hpm=1 -> shared=0
03-27 06:57:49.667 18091 18205 I [CT]    : HandPoseSampler: Filter reset
03-27 06:57:49.667 18091 18205 I InputDevice_Hand: HANDTRACKING ADMIRE hand 0: hpm=1 -> shared=0
03-27 06:57:49.667 18091 18205 I [CT]    : HandPoseSampler: Filter reset
03-27 06:57:49.667 18091 18205 I InputDevice_Hand: HANDTRACKING ADMIRE hand 1: hpm=1 -> shared=0
03-27 06:57:49.678 18091 18205 I [CT]    : HandPoseSampler: Filter reset
03-27 06:57:49.678 18091 18205 I InputDevice_Hand: HANDTRACKING ADMIRE hand 0: hpm=1 -> shared=0
03-27 06:57:49.678 18091 18205 I [CT]    : HandPoseSampler: Filter reset
03-27 06:57:49.678 18091 18205 I InputDevice_Hand: HANDTRACKING ADMIRE hand 1: hpm=1 -> shared=0
03-27 06:57:49.689 18091 18205 I [CT]    : HandPoseSampler: Filter reset
03-27 06:57:49.689 18091 18205 I InputDevice_Hand: HANDTRACKING ADMIRE hand 0: hpm=1 -> shared=0
03-27 06:57:49.689 18091 18205 I [CT]    : HandPoseSampler: Filter reset
03-27 06:57:49.689 18091 18205 I InputDevice_Hand: HANDTRACKING ADMIRE hand 1: hpm=1 -> shared=0
03-27 06:57:49.700 18091 18205 I [CT]    : HandPoseSampler: Filter reset
03-27 06:57:49.700 18091 18205 I InputDevice_Hand: HANDTRACKING ADMIRE hand 0: hpm=1 -> shared=0
03-27 06:57:49.700 18091 18205 I [CT]    : HandPoseSampler: Filter reset
03-27 06:57:49.700 18091 18205 I InputDevice_Hand: HANDTRACKING ADMIRE hand 1: hpm=1 -> shared=0
03-27 06:57:49.711 18091 18205 I [CT]    : HandPoseSampler: Filter reset
03-27 06:57:49.711 18091 18205 I InputDevice_Hand: HANDTRACKING ADMIRE hand 0: hpm=1 -> shared=0
03-27 06:57:49.711 18091 18205 I [CT]    : HandPoseSampler: Filter reset
03-27 06:57:49.711 18091 18205 I InputDevice_Hand: HANDTRACKING ADMIRE hand 1: hpm=1 -> shared=0
03-27 06:57:49.722 18091 18205 I [CT]    : HandPoseSampler: Filter reset
03-27 06:57:49.723 18091 18205 I InputDevice_Hand: HANDTRACKING ADMIRE hand 0: hpm=1 -> shared=0
03-27 06:57:49.723 18091 18205 I [CT]    : HandPoseSampler: Filter reset
03-27 06:57:49.723 18091 18205 I InputDevice_Hand: HANDTRACKING ADMIRE hand 1: hpm=1 -> shared=0
03-27 06:57:49.733 18091 18205 I [CT]    : HandPoseSampler: Filter reset
03-27 06:57:49.733 18091 18205 I InputDevice_Hand: HANDTRACKING ADMIRE hand 0: hpm=1 -> shared=0
03-27 06:57:49.733 18091 18205 I [CT]    : HandPoseSampler: Filter reset
03-27 06:57:49.733 18091 18205 I InputDevice_Hand: HANDTRACKING ADMIRE hand 1: hpm=1 -> shared=0
03-27 06:57:49.745 18091 18205 I [CT]    : HandPoseSampler: Filter reset
03-27 06:57:49.745 18091 18205 I InputDevice_Hand: HANDTRACKING ADMIRE hand 0: hpm=1 -> shared=0
03-27 06:57:49.745 18091 18205 I [CT]    : HandPoseSampler: Filter reset
03-27 06:57:49.745 18091 18205 I InputDevice_Hand: HANDTRACKING ADMIRE hand 1: hpm=1 -> shared=0
03-27 06:57:49.756 18091 18205 I [CT]    : HandPoseSampler: Filter reset
03-27 06:57:49.756 18091 18205 I InputDevice_Hand: HANDTRACKING ADMIRE hand 0: hpm=1 -> shared=0
03-27 06:57:49.756 18091 18205 I [CT]    : HandPoseSampler: Filter reset
03-27 06:57:49.756 18091 18205 I InputDevice_Hand: HANDTRACKING ADMIRE hand 1: hpm=1 -> shared=0
03-27 06:57:49.767 18091 18205 I [CT]    : HandPoseSampler: Filter reset
03-27 06:57:49.767 18091 18205 I InputDevice_Hand: HANDTRACKING ADMIRE hand 0: hpm=1 -> shared=0
03-27 06:57:49.767 18091 18205 I [CT]    : HandPoseSampler: Filter reset
03-27 06:57:49.767 18091 18205 I InputDevice_Hand: HANDTRACKING ADMIRE hand 1: hpm=1 -> shared=0
03-27 06:57:49.778 18091 18205 I [CT]    : HandPoseSampler: Filter reset
03-27 06:57:49.778 18091 18205 I InputDevice_Hand: HANDTRACKING ADMIRE hand 0: hpm=1 -> shared=0
03-27 06:57:49.778 18091 18205 I [CT]    : HandPoseSampler: Filter reset
03-27 06:57:49.778 18091 18205 I InputDevice_Hand: HANDTRACKING ADMIRE hand 1: hpm=1 -> shared=0
03-27 06:57:49.789 18091 18205 I [CT]    : HandPoseSampler: Filter reset
03-27 06:57:49.789 18091 18205 I InputDevice_Hand: HANDTRACKING ADMIRE hand 0: hpm=1 -> shared=0
03-27 06:57:49.789 18091 18205 I [CT]    : HandPoseSampler: Filter reset
03-27 06:57:49.789 18091 18205 I InputDevice_Hand: HANDTRACKING ADMIRE hand 1: hpm=1 -> shared=0
03-27 06:57:49.800 18091 18205 I [CT]    : HandPoseSampler: Filter reset
03-27 06:57:49.800 18091 18205 I InputDevice_Hand: HANDTRACKING ADMIRE hand 0: hpm=1 -> shared=0
03-27 06:57:49.800 18091 18205 I [CT]    : HandPoseSampler: Filter reset
03-27 06:57:49.800 18091 18205 I InputDevice_Hand: HANDTRACKING ADMIRE hand 1: hpm=1 -> shared=0
03-27 06:57:49.811 18091 18205 I [CT]    : HandPoseSampler: Filter reset
03-27 06:57:49.811 18091 18205 I InputDevice_Hand: HANDTRACKING ADMIRE hand 0: hpm=1 -> shared=0
03-27 06:57:49.811 18091 18205 I [CT]    : HandPoseSampler: Filter reset
03-27 06:57:49.811 18091 18205 I InputDevice_Hand: HANDTRACKING ADMIRE hand 1: hpm=1 -> shared=0
03-27 06:57:49.823 18091 18205 I [CT]    : HandPoseSampler: Filter reset
03-27 06:57:49.823 18091 18205 I InputDevice_Hand: HANDTRACKING ADMIRE hand 0: hpm=1 -> shared=0
03-27 06:57:49.823 18091 18205 I [CT]    : HandPoseSampler: Filter reset
03-27 06:57:49.823 18091 18205 I InputDevice_Hand: HANDTRACKING ADMIRE hand 1: hpm=1 -> shared=0
03-27 06:57:49.834 18091 18205 I [CT]    : HandPoseSampler: Filter reset
03-27 06:57:49.834 18091 18205 I InputDevice_Hand: HANDTRACKING ADMIRE hand 0: hpm=1 -> shared=0
03-27 06:57:49.834 18091 18205 I [CT]    : HandPoseSampler: Filter reset
03-27 06:57:49.834 18091 18205 I InputDevice_Hand: HANDTRACKING ADMIRE hand 1: hpm=1 -> shared=0
03-27 06:57:49.845 18091 18205 I [CT]    : HandPoseSampler: Filter reset
03-27 06:57:49.845 18091 18205 I InputDevice_Hand: HANDTRACKING ADMIRE hand 0: hpm=1 -> shared=0
03-27 06:57:49.845 18091 18205 I [CT]    : HandPoseSampler: Filter reset
03-27 06:57:49.845 18091 18205 I InputDevice_Hand: HANDTRACKING ADMIRE hand 1: hpm=1 -> shared=0
03-27 06:57:49.856 18091 18205 I [CT]    : HandPoseSampler: Filter reset
03-27 06:57:49.856 18091 18205 I InputDevice_Hand: HANDTRACKING ADMIRE hand 0: hpm=1 -> shared=0
03-27 06:57:49.856 18091 18205 I [CT]    : HandPoseSampler: Filter reset
03-27 06:57:49.856 18091 18205 I InputDevice_Hand: HANDTRACKING ADMIRE hand 1: hpm=1 -> shared=0
03-27 06:57:49.867 18091 18205 I [CT]    : HandPoseSampler: Filter reset
03-27 06:57:49.867 18091 18205 I InputDevice_Hand: HANDTRACKING ADMIRE hand 0: hpm=1 -> shared=0
03-27 06:57:49.867 18091 18205 I [CT]    : HandPoseSampler: Filter reset
03-27 06:57:49.867 18091 18205 I InputDevice_Hand: HANDTRACKING ADMIRE hand 1: hpm=1 -> shared=0
03-27 06:57:49.872   897 14310 W Tracking: CONSTELLATION_Left: [Throttled count=503] P+C Left: Could not retrieve 3dof fallback pose.
03-27 06:57:49.878 18091 18205 I [CT]    : HandPoseSampler: Filter reset
03-27 06:57:49.878 18091 18205 I InputDevice_Hand: HANDTRACKING ADMIRE hand 0: hpm=1 -> shared=0
03-27 06:57:49.878 18091 18205 I [CT]    : HandPoseSampler: Filter reset
03-27 06:57:49.878 18091 18205 I InputDevice_Hand: HANDTRACKING ADMIRE hand 1: hpm=1 -> shared=0
03-27 06:57:49.889 18091 18205 I [CT]    : HandPoseSampler: Filter reset
03-27 06:57:49.889 18091 18205 I InputDevice_Hand: HANDTRACKING ADMIRE hand 0: hpm=1 -> shared=0
03-27 06:57:49.889 18091 18205 I [CT]    : HandPoseSampler: Filter reset
03-27 06:57:49.889 18091 18205 I InputDevice_Hand: HANDTRACKING ADMIRE hand 1: hpm=1 -> shared=0
03-27 06:57:49.900 18091 18205 I [CT]    : HandPoseSampler: Filter reset
03-27 06:57:49.901 18091 18205 I InputDevice_Hand: HANDTRACKING ADMIRE hand 0: hpm=1 -> shared=0
03-27 06:57:49.901 18091 18205 I [CT]    : HandPoseSampler: Filter reset
03-27 06:57:49.901 18091 18205 I InputDevice_Hand: HANDTRACKING ADMIRE hand 1: hpm=1 -> shared=0
03-27 06:57:49.911 18091 18205 I [CT]    : HandPoseSampler: Filter reset
03-27 06:57:49.912 18091 18205 I InputDevice_Hand: HANDTRACKING ADMIRE hand 0: hpm=1 -> shared=0
03-27 06:57:49.912 18091 18205 I [CT]    : HandPoseSampler: Filter reset
03-27 06:57:49.912 18091 18205 I InputDevice_Hand: HANDTRACKING ADMIRE hand 1: hpm=1 -> shared=0
03-27 06:57:49.922 18091 18205 I [CT]    : HandPoseSampler: Filter reset
03-27 06:57:49.922 18091 18205 I InputDevice_Hand: HANDTRACKING ADMIRE hand 0: hpm=1 -> shared=0
03-27 06:57:49.922 18091 18205 I [CT]    : HandPoseSampler: Filter reset
03-27 06:57:49.922 18091 18205 I InputDevice_Hand: HANDTRACKING ADMIRE hand 1: hpm=1 -> shared=0
03-27 06:57:49.934 18091 18205 I [CT]    : HandPoseSampler: Filter reset
03-27 06:57:49.934 18091 18205 I InputDevice_Hand: HANDTRACKING ADMIRE hand 0: hpm=1 -> shared=0
03-27 06:57:49.934 18091 18205 I [CT]    : HandPoseSampler: Filter reset
03-27 06:57:49.934 18091 18205 I InputDevice_Hand: HANDTRACKING ADMIRE hand 1: hpm=1 -> shared=0
03-27 06:57:49.945 18091 18205 I [CT]    : HandPoseSampler: Filter reset
03-27 06:57:49.945 18091 18205 I InputDevice_Hand: HANDTRACKING ADMIRE hand 0: hpm=1 -> shared=0
03-27 06:57:49.945 18091 18205 I [CT]    : HandPoseSampler: Filter reset
03-27 06:57:49.945 18091 18205 I InputDevice_Hand: HANDTRACKING ADMIRE hand 1: hpm=1 -> shared=0
03-27 06:57:49.956 18091 18205 I [CT]    : HandPoseSampler: Filter reset
03-27 06:57:49.956 18091 18205 I InputDevice_Hand: HANDTRACKING ADMIRE hand 0: hpm=1 -> shared=0
03-27 06:57:49.956 18091 18205 I [CT]    : HandPoseSampler: Filter reset
03-27 06:57:49.956 18091 18205 I InputDevice_Hand: HANDTRACKING ADMIRE hand 1: hpm=1 -> shared=0
03-27 06:57:49.967 18091 18205 I [CT]    : HandPoseSampler: Filter reset
03-27 06:57:49.967 18091 18205 I InputDevice_Hand: HANDTRACKING ADMIRE hand 0: hpm=1 -> shared=0
03-27 06:57:49.967 18091 18205 I [CT]    : HandPoseSampler: Filter reset
03-27 06:57:49.967 18091 18205 I InputDevice_Hand: HANDTRACKING ADMIRE hand 1: hpm=1 -> shared=0
03-27 06:57:49.978 18224 18352 I AutoStationaryHelper: [AutoStationaryHelper::getGuardianDataFromNearbyRoomscale] Checking 1 existing guardian data
03-27 06:57:49.978 18224 18352 I GuardianMapDataMgr: [GuardianMapDataMgr::isValidTrackedRoomscale] [2575043440] Valid=yes, Roomscale=yes, Anchor [2cee9d32-7f24-ff1e-5555-ae309d8ea246] Tracked=yes
03-27 06:57:49.978 18224 18352 I AutoStationaryHelper: [AutoStationaryHelper::getGuardianDataFromNearbyRoomscale] [2575043440] Distance to HMD: 3.782497
03-27 06:57:49.978 18091 18205 I [CT]    : HandPoseSampler: Filter reset
03-27 06:57:49.978 18091 18205 I InputDevice_Hand: HANDTRACKING ADMIRE hand 0: hpm=1 -> shared=0
03-27 06:57:49.978 18091 18205 I [CT]    : HandPoseSampler: Filter reset
03-27 06:57:49.978 18091 18205 I InputDevice_Hand: HANDTRACKING ADMIRE hand 1: hpm=1 -> shared=0
03-27 06:57:49.988 18091 18205 I [CT]    : HandPoseSampler: Filter reset
03-27 06:57:49.988 18091 18205 I InputDevice_Hand: HANDTRACKING ADMIRE hand 0: hpm=1 -> shared=0
03-27 06:57:49.988 18091 18205 I [CT]    : HandPoseSampler: Filter reset
03-27 06:57:49.988 18091 18205 I InputDevice_Hand: HANDTRACKING ADMIRE hand 1: hpm=1 -> shared=0
03-27 06:57:50.000 18091 18205 I [CT]    : HandPoseSampler: Filter reset
03-27 06:57:50.000 18091 18205 I InputDevice_Hand: HANDTRACKING ADMIRE hand 0: hpm=1 -> shared=0
03-27 06:57:50.000 18091 18205 I [CT]    : HandPoseSampler: Filter reset
03-27 06:57:50.000 18091 18205 I InputDevice_Hand: HANDTRACKING ADMIRE hand 1: hpm=1 -> shared=0
03-27 06:57:50.011 18091 18205 I [CT]    : HandPoseSampler: Filter reset
03-27 06:57:50.011 18091 18205 I InputDevice_Hand: HANDTRACKING ADMIRE hand 0: hpm=1 -> shared=0
03-27 06:57:50.011 18091 18205 I [CT]    : HandPoseSampler: Filter reset
03-27 06:57:50.011 18091 18205 I InputDevice_Hand: HANDTRACKING ADMIRE hand 1: hpm=1 -> shared=0
03-27 06:57:50.022 18091 18205 I [CT]    : HandPoseSampler: Filter reset
03-27 06:57:50.022 18091 18205 I InputDevice_Hand: HANDTRACKING ADMIRE hand 0: hpm=1 -> shared=0
03-27 06:57:50.022 18091 18205 I [CT]    : HandPoseSampler: Filter reset
03-27 06:57:50.022 18091 18205 I InputDevice_Hand: HANDTRACKING ADMIRE hand 1: hpm=1 -> shared=0
03-27 06:57:50.032 18091 14209 I VrApi   : FPS=90/90,Prd=23ms,Tear=0,Early=0,Stale=0,Stale2/5/10/max=0/0/0/0,VSnc=1,Lat=-4,Fov=3,CPU4/GPU=-1/-1,1920/545MHz,OC=3F,TA=0/0/0,SP=N/N/N,Mem=2092MHz,Free=3991MB,PLS=0,Temp=34.0C/0.0C,TW=0.59ms,App=1.39ms,GD=0.00ms,CPU&GPU=8.07ms,LCnt=1(DR90,LM0),GPU%=0.19,CPU%=0.23(W0.47),CFL=11.33/14.71,ICFLp95=13.33,LD=0,CABC=1,SF=0.78,LP=1,DVFS=0,Preempt=180,PoseAgeP95=0.00
03-27 06:57:50.032 18091 14209 I VrApi   : ASW=0,Type=PTWFromStereo,E=0.000/0.000,D=0.000/0.000
03-27 06:57:50.033 18091 18205 I [CT]    : HandPoseSampler: Filter reset
03-27 06:57:50.033 18091 18205 I InputDevice_Hand: HANDTRACKING ADMIRE hand 0: hpm=1 -> shared=0
03-27 06:57:50.033 18091 18205 I [CT]    : HandPoseSampler: Filter reset
03-27 06:57:50.033 18091 18205 I InputDevice_Hand: HANDTRACKING ADMIRE hand 1: hpm=1 -> shared=0
03-27 06:57:50.044 18091 18205 I [CT]    : HandPoseSampler: Filter reset
03-27 06:57:50.044 18091 18205 I InputDevice_Hand: HANDTRACKING ADMIRE hand 0: hpm=1 -> shared=0
03-27 06:57:50.044 18091 18205 I [CT]    : HandPoseSampler: Filter reset
03-27 06:57:50.044 18091 18205 I InputDevice_Hand: HANDTRACKING ADMIRE hand 1: hpm=1 -> shared=0
03-27 06:57:50.056 18091 18205 I [CT]    : HandPoseSampler: Filter reset
03-27 06:57:50.056 18091 18205 I InputDevice_Hand: HANDTRACKING ADMIRE hand 0: hpm=1 -> shared=0
03-27 06:57:50.056 18091 18205 I [CT]    : HandPoseSampler: Filter reset
03-27 06:57:50.056 18091 18205 I InputDevice_Hand: HANDTRACKING ADMIRE hand 1: hpm=1 -> shared=0
03-27 06:57:50.067 18091 18205 I [CT]    : HandPoseSampler: Filter reset
03-27 06:57:50.067 18091 18205 I InputDevice_Hand: HANDTRACKING ADMIRE hand 0: hpm=1 -> shared=0
03-27 06:57:50.067 18091 18205 I [CT]    : HandPoseSampler: Filter reset
03-27 06:57:50.067 18091 18205 I InputDevice_Hand: HANDTRACKING ADMIRE hand 1: hpm=1 -> shared=0
03-27 06:57:50.077 18091 18205 I [CT]    : HandPoseSampler: Filter reset
03-27 06:57:50.077 18091 18205 I InputDevice_Hand: HANDTRACKING ADMIRE hand 0: hpm=1 -> shared=0
03-27 06:57:50.077 18091 18205 I [CT]    : HandPoseSampler: Filter reset
03-27 06:57:50.077 18091 18205 I InputDevice_Hand: HANDTRACKING ADMIRE hand 1: hpm=1 -> shared=0
03-27 06:57:50.089 18091 18205 I [CT]    : HandPoseSampler: Filter reset
03-27 06:57:50.089 18091 18205 I InputDevice_Hand: HANDTRACKING ADMIRE hand 0: hpm=1 -> shared=0
03-27 06:57:50.089 18091 18205 I [CT]    : HandPoseSampler: Filter reset
03-27 06:57:50.089 18091 18205 I InputDevice_Hand: HANDTRACKING ADMIRE hand 1: hpm=1 -> shared=0
03-27 06:57:50.100 18091 18205 I [CT]    : HandPoseSampler: Filter reset
03-27 06:57:50.100 18091 18205 I InputDevice_Hand: HANDTRACKING ADMIRE hand 0: hpm=1 -> shared=0
03-27 06:57:50.100 18091 18205 I [CT]    : HandPoseSampler: Filter reset
03-27 06:57:50.100 18091 18205 I InputDevice_Hand: HANDTRACKING ADMIRE hand 1: hpm=1 -> shared=0
03-27 06:57:50.100 18224 18352 I [CT]    : SP:AF:AnchorFramework: calculateRigidScenePose: Located 14 / 14 anchors in fd4ff835-375f-eff7-378d-3df1f3bd4165 for calculating rigid scene pose for com.oculus.guardian
03-27 06:57:50.100 18224 18352 I [CT]    : SP:AF:AnchorAccuracy: New Rigid Scene calculated using 14 anchors attached to 1 IAs. 0.12205740799254272 seconds since last update
03-27 06:57:50.100 18224 18352 I [CT]    : SP:AF:AnchorAccuracy: Translation difference (mean/min/max): 0.01752914277104927 0.0022597904317080975 0.04404832795262337
03-27 06:57:50.100 18224 18352 I [CT]    : SP:AF:AnchorAccuracy: Rotation difference (mean/min/max): 0.01041652082598635 0.009570171125233173 0.021353233605623245
03-27 06:57:50.100 18224 18352 I [CT]    : SP:AF:AnchorAccuracy: New scene origin pose: -0.23109348118305206 -0.00419790530577302 2.7568651148612844e-06 : 0.5094416737556458 -0.5094416737556458 -0.4903765618801117 -0.4903765618801117
03-27 06:57:50.100 18224 18352 I [CT]    : SP:AF:AnchorAccuracy: New scene origin pose moved: 9.924945061356993e-07 translation 1.3328003944934608e-07 rotation
03-27 06:57:50.111 18091 18205 I [CT]    : HandPoseSampler: Filter reset
03-27 06:57:50.111 18091 18205 I InputDevice_Hand: HANDTRACKING ADMIRE hand 0: hpm=1 -> shared=0
03-27 06:57:50.111 18091 18205 I [CT]    : HandPoseSampler: Filter reset
03-27 06:57:50.111 18091 18205 I InputDevice_Hand: HANDTRACKING ADMIRE hand 1: hpm=1 -> shared=0
03-27 06:57:50.123 18091 18205 I [CT]    : HandPoseSampler: Filter reset
03-27 06:57:50.123 18091 18205 I InputDevice_Hand: HANDTRACKING ADMIRE hand 0: hpm=1 -> shared=0
03-27 06:57:50.123 18091 18205 I [CT]    : HandPoseSampler: Filter reset
03-27 06:57:50.123 18091 18205 I InputDevice_Hand: HANDTRACKING ADMIRE hand 1: hpm=1 -> shared=0
03-27 06:57:50.124   897 14190 I Tracking: BOLT:HexagonTelemetry: Global DSP utilization: 4.33% (216 / 5002 ms), Scalar Util: 37.17%, HVX Util: 31.38%, HMX Util: 5.25%, DMA Active: 13.19%, Freq: 1171.2 MHz
03-27 06:57:50.124   897 14190 I Tracking: boltlib: DSP Rpc stats over 5002 ms: {"HexagonPyramid3x3Async":50,"a2e_boltnn_delegate":125,"controller_inference":25}
03-27 06:57:50.134 18091 18205 I [CT]    : HandPoseSampler: Filter reset
03-27 06:57:50.134 18091 18205 I InputDevice_Hand: HANDTRACKING ADMIRE hand 0: hpm=1 -> shared=0
03-27 06:57:50.134 18091 18205 I [CT]    : HandPoseSampler: Filter reset
03-27 06:57:50.134 18091 18205 I InputDevice_Hand: HANDTRACKING ADMIRE hand 1: hpm=1 -> shared=0
03-27 06:57:50.144 18091 18205 I [CT]    : HandPoseSampler: Filter reset
03-27 06:57:50.144 18091 18205 I InputDevice_Hand: HANDTRACKING ADMIRE hand 0: hpm=1 -> shared=0
03-27 06:57:50.144 18091 18205 I [CT]    : HandPoseSampler: Filter reset
03-27 06:57:50.144 18091 18205 I InputDevice_Hand: HANDTRACKING ADMIRE hand 1: hpm=1 -> shared=0
03-27 06:57:50.155 18091 18205 I [CT]    : HandPoseSampler: Filter reset
03-27 06:57:50.156 18091 18205 I InputDevice_Hand: HANDTRACKING ADMIRE hand 0: hpm=1 -> shared=0
03-27 06:57:50.156 18091 18205 I [CT]    : HandPoseSampler: Filter reset
03-27 06:57:50.156 18091 18205 I InputDevice_Hand: HANDTRACKING ADMIRE hand 1: hpm=1 -> shared=0
03-27 06:57:50.166 18091 18205 I [CT]    : HandPoseSampler: Filter reset
03-27 06:57:50.167 18091 18205 I InputDevice_Hand: HANDTRACKING ADMIRE hand 0: hpm=1 -> shared=0
03-27 06:57:50.167 18091 18205 I [CT]    : HandPoseSampler: Filter reset
03-27 06:57:50.167 18091 18205 I InputDevice_Hand: HANDTRACKING ADMIRE hand 1: hpm=1 -> shared=0
03-27 06:57:50.177 18091 18205 I [CT]    : HandPoseSampler: Filter reset
03-27 06:57:50.177 18091 18205 I InputDevice_Hand: HANDTRACKING ADMIRE hand 0: hpm=1 -> shared=0
03-27 06:57:50.177 18091 18205 I [CT]    : HandPoseSampler: Filter reset
03-27 06:57:50.177 18091 18205 I InputDevice_Hand: HANDTRACKING ADMIRE hand 1: hpm=1 -> shared=0
03-27 06:57:50.188 18091 18205 I [CT]    : HandPoseSampler: Filter reset
03-27 06:57:50.188 18091 18205 I InputDevice_Hand: HANDTRACKING ADMIRE hand 0: hpm=1 -> shared=0
03-27 06:57:50.188 18091 18205 I [CT]    : HandPoseSampler: Filter reset
03-27 06:57:50.188 18091 18205 I InputDevice_Hand: HANDTRACKING ADMIRE hand 1: hpm=1 -> shared=0
03-27 06:57:50.200 18091 18205 I [CT]    : HandPoseSampler: Filter reset
03-27 06:57:50.200 18091 18205 I InputDevice_Hand: HANDTRACKING ADMIRE hand 0: hpm=1 -> shared=0
03-27 06:57:50.200 18091 18205 I [CT]    : HandPoseSampler: Filter reset
03-27 06:57:50.200 18091 18205 I InputDevice_Hand: HANDTRACKING ADMIRE hand 1: hpm=1 -> shared=0
03-27 06:57:50.211 18091 18205 I [CT]    : HandPoseSampler: Filter reset
03-27 06:57:50.211 18091 18205 I InputDevice_Hand: HANDTRACKING ADMIRE hand 0: hpm=1 -> shared=0
03-27 06:57:50.211 18091 18205 I [CT]    : HandPoseSampler: Filter reset
03-27 06:57:50.211 18091 18205 I InputDevice_Hand: HANDTRACKING ADMIRE hand 1: hpm=1 -> shared=0
03-27 06:57:50.222 18091 18205 I [CT]    : HandPoseSampler: Filter reset
03-27 06:57:50.222 18091 18205 I InputDevice_Hand: HANDTRACKING ADMIRE hand 0: hpm=1 -> shared=0
03-27 06:57:50.222 18091 18205 I [CT]    : HandPoseSampler: Filter reset
03-27 06:57:50.222 18091 18205 I InputDevice_Hand: HANDTRACKING ADMIRE hand 1: hpm=1 -> shared=0
03-27 06:57:50.233 18091 18205 I [CT]    : HandPoseSampler: Filter reset
03-27 06:57:50.233 18091 18205 I InputDevice_Hand: HANDTRACKING ADMIRE hand 0: hpm=1 -> shared=0
03-27 06:57:50.233 18091 18205 I [CT]    : HandPoseSampler: Filter reset
03-27 06:57:50.233 18091 18205 I InputDevice_Hand: HANDTRACKING ADMIRE hand 1: hpm=1 -> shared=0
03-27 06:57:50.244 18091 18205 I [CT]    : HandPoseSampler: Filter reset
03-27 06:57:50.245 18091 18205 I InputDevice_Hand: HANDTRACKING ADMIRE hand 0: hpm=1 -> shared=0
03-27 06:57:50.245 18091 18205 I [CT]    : HandPoseSampler: Filter reset
03-27 06:57:50.245 18091 18205 I InputDevice_Hand: HANDTRACKING ADMIRE hand 1: hpm=1 -> shared=0
--------- beginning of kernel
03-27 06:57:50.202     0     0 W healthd : battery l=89 v=4194 t=34.0 h=2 st=3 c=-936058 fc=4476000 cc=54 chg=
03-27 06:57:50.255 18091 18205 I [CT]    : HandPoseSampler: Filter reset
03-27 06:57:50.255 18091 18205 I InputDevice_Hand: HANDTRACKING ADMIRE hand 0: hpm=1 -> shared=0
03-27 06:57:50.255 18091 18205 I [CT]    : HandPoseSampler: Filter reset
03-27 06:57:50.255 18091 18205 I InputDevice_Hand: HANDTRACKING ADMIRE hand 1: hpm=1 -> shared=0
03-27 06:57:50.266 18091 18205 I [CT]    : HandPoseSampler: Filter reset
03-27 06:57:50.266 18091 18205 I InputDevice_Hand: HANDTRACKING ADMIRE hand 0: hpm=1 -> shared=0
03-27 06:57:50.266 18091 18205 I [CT]    : HandPoseSampler: Filter reset
03-27 06:57:50.266 18091 18205 I InputDevice_Hand: HANDTRACKING ADMIRE hand 1: hpm=1 -> shared=0
03-27 06:57:50.278 18091 18205 I [CT]    : HandPoseSampler: Filter reset
03-27 06:57:50.278 18091 18205 I InputDevice_Hand: HANDTRACKING ADMIRE hand 0: hpm=1 -> shared=0
03-27 06:57:50.278 18091 18205 I [CT]    : HandPoseSampler: Filter reset
03-27 06:57:50.278 18091 18205 I InputDevice_Hand: HANDTRACKING ADMIRE hand 1: hpm=1 -> shared=0
03-27 06:57:50.289 18091 18205 I [CT]    : HandPoseSampler: Filter reset
03-27 06:57:50.289 18091 18205 I InputDevice_Hand: HANDTRACKING ADMIRE hand 0: hpm=1 -> shared=0
03-27 06:57:50.289 18091 18205 I [CT]    : HandPoseSampler: Filter reset
03-27 06:57:50.289 18091 18205 I InputDevice_Hand: HANDTRACKING ADMIRE hand 1: hpm=1 -> shared=0
03-27 06:57:50.300 18091 18205 I [CT]    : HandPoseSampler: Filter reset
03-27 06:57:50.300 18091 18205 I InputDevice_Hand: HANDTRACKING ADMIRE hand 0: hpm=1 -> shared=0
03-27 06:57:50.300 18091 18205 I [CT]    : HandPoseSampler: Filter reset
03-27 06:57:50.300 18091 18205 I InputDevice_Hand: HANDTRACKING ADMIRE hand 1: hpm=1 -> shared=0
03-27 06:57:50.307   920 14201 I VD628x  : Flicker results: freq 120.000000, max 119.919167, dcr 33.062908, pct 0.040161, idx 0.013028, conf 0.898602, snr 9.527990, svm 0.068671, sus 0
03-27 06:57:50.311 18091 18205 I [CT]    : HandPoseSampler: Filter reset
03-27 06:57:50.311 18091 18205 I InputDevice_Hand: HANDTRACKING ADMIRE hand 0: hpm=1 -> shared=0
03-27 06:57:50.311 18091 18205 I [CT]    : HandPoseSampler: Filter reset
03-27 06:57:50.311 18091 18205 I InputDevice_Hand: HANDTRACKING ADMIRE hand 1: hpm=1 -> shared=0
03-27 06:57:50.323 18091 18205 I [CT]    : HandPoseSampler: Filter reset
03-27 06:57:50.323 18091 18205 I InputDevice_Hand: HANDTRACKING ADMIRE hand 0: hpm=1 -> shared=0
03-27 06:57:50.323 18091 18205 I [CT]    : HandPoseSampler: Filter reset
03-27 06:57:50.323 18091 18205 I InputDevice_Hand: HANDTRACKING ADMIRE hand 1: hpm=1 -> shared=0
03-27 06:57:50.332 18091 18205 I [CT]    : HandPoseSampler: Filter reset
03-27 06:57:50.332 18091 18205 I InputDevice_Hand: HANDTRACKING ADMIRE hand 0: hpm=1 -> shared=0
03-27 06:57:50.332 18091 18205 I [CT]    : HandPoseSampler: Filter reset
03-27 06:57:50.332 18091 18205 I InputDevice_Hand: HANDTRACKING ADMIRE hand 1: hpm=1 -> shared=0
03-27 06:57:50.344 18091 18205 I [CT]    : HandPoseSampler: Filter reset
03-27 06:57:50.344 18091 18205 I InputDevice_Hand: HANDTRACKING ADMIRE hand 0: hpm=1 -> shared=0
03-27 06:57:50.344 18091 18205 I [CT]    : HandPoseSampler: Filter reset
03-27 06:57:50.344 18091 18205 I InputDevice_Hand: HANDTRACKING ADMIRE hand 1: hpm=1 -> shared=0
03-27 06:57:50.355 18091 18205 I [CT]    : HandPoseSampler: Filter reset
03-27 06:57:50.355 18091 18205 I InputDevice_Hand: HANDTRACKING ADMIRE hand 0: hpm=1 -> shared=0
03-27 06:57:50.355 18091 18205 I [CT]    : HandPoseSampler: Filter reset
03-27 06:57:50.355 18091 18205 I InputDevice_Hand: HANDTRACKING ADMIRE hand 1: hpm=1 -> shared=0
03-27 06:57:50.366 18091 18205 I [CT]    : HandPoseSampler: Filter reset
03-27 06:57:50.366 18091 18205 I InputDevice_Hand: HANDTRACKING ADMIRE hand 0: hpm=1 -> shared=0
03-27 06:57:50.366 18091 18205 I [CT]    : HandPoseSampler: Filter reset
03-27 06:57:50.366 18091 18205 I InputDevice_Hand: HANDTRACKING ADMIRE hand 1: hpm=1 -> shared=0
03-27 06:57:50.377 18091 18205 I [CT]    : HandPoseSampler: Filter reset
03-27 06:57:50.377 18091 18205 I InputDevice_Hand: HANDTRACKING ADMIRE hand 0: hpm=1 -> shared=0
03-27 06:57:50.377 18091 18205 I [CT]    : HandPoseSampler: Filter reset
03-27 06:57:50.377 18091 18205 I InputDevice_Hand: HANDTRACKING ADMIRE hand 1: hpm=1 -> shared=0
03-27 06:57:50.389 18091 18205 I [CT]    : HandPoseSampler: Filter reset
03-27 06:57:50.389 18091 18205 I InputDevice_Hand: HANDTRACKING ADMIRE hand 0: hpm=1 -> shared=0
03-27 06:57:50.389 18091 18205 I [CT]    : HandPoseSampler: Filter reset
03-27 06:57:50.389 18091 18205 I InputDevice_Hand: HANDTRACKING ADMIRE hand 1: hpm=1 -> shared=0
03-27 06:57:50.400 18091 18205 I [CT]    : HandPoseSampler: Filter reset
03-27 06:57:50.400 18091 18205 I InputDevice_Hand: HANDTRACKING ADMIRE hand 0: hpm=1 -> shared=0
03-27 06:57:50.400 18091 18205 I [CT]    : HandPoseSampler: Filter reset
03-27 06:57:50.400 18091 18205 I InputDevice_Hand: HANDTRACKING ADMIRE hand 1: hpm=1 -> shared=0
03-27 06:57:50.410 18091 18205 I [CT]    : HandPoseSampler: Filter reset
03-27 06:57:50.410 18091 18205 I InputDevice_Hand: HANDTRACKING ADMIRE hand 0: hpm=1 -> shared=0
03-27 06:57:50.410 18091 18205 I [CT]    : HandPoseSampler: Filter reset
03-27 06:57:50.410 18091 18205 I InputDevice_Hand: HANDTRACKING ADMIRE hand 1: hpm=1 -> shared=0
03-27 06:57:50.422 18091 18205 I [CT]    : HandPoseSampler: Filter reset
03-27 06:57:50.422 18091 18205 I InputDevice_Hand: HANDTRACKING ADMIRE hand 0: hpm=1 -> shared=0
03-27 06:57:50.422 18091 18205 I [CT]    : HandPoseSampler: Filter reset
03-27 06:57:50.422 18091 18205 I InputDevice_Hand: HANDTRACKING ADMIRE hand 1: hpm=1 -> shared=0
03-27 06:57:50.433 18091 18205 I [CT]    : HandPoseSampler: Filter reset
03-27 06:57:50.433 18091 18205 I InputDevice_Hand: HANDTRACKING ADMIRE hand 0: hpm=1 -> shared=0
03-27 06:57:50.433 18091 18205 I [CT]    : HandPoseSampler: Filter reset
03-27 06:57:50.433 18091 18205 I InputDevice_Hand: HANDTRACKING ADMIRE hand 1: hpm=1 -> shared=0
03-27 06:57:50.444 18091 18205 I [CT]    : HandPoseSampler: Filter reset
03-27 06:57:50.444 18091 18205 I InputDevice_Hand: HANDTRACKING ADMIRE hand 0: hpm=1 -> shared=0
03-27 06:57:50.444 18091 18205 I [CT]    : HandPoseSampler: Filter reset
03-27 06:57:50.444 18091 18205 I InputDevice_Hand: HANDTRACKING ADMIRE hand 1: hpm=1 -> shared=0
03-27 06:57:50.455 18091 18205 I [CT]    : HandPoseSampler: Filter reset
03-27 06:57:50.456 18091 18205 I InputDevice_Hand: HANDTRACKING ADMIRE hand 0: hpm=1 -> shared=0
03-27 06:57:50.456 18091 18205 I [CT]    : HandPoseSampler: Filter reset
03-27 06:57:50.456 18091 18205 I InputDevice_Hand: HANDTRACKING ADMIRE hand 1: hpm=1 -> shared=0
03-27 06:57:50.467 18091 18205 I [CT]    : HandPoseSampler: Filter reset
03-27 06:57:50.467 18091 18205 I InputDevice_Hand: HANDTRACKING ADMIRE hand 0: hpm=1 -> shared=0
03-27 06:57:50.467 18091 18205 I [CT]    : HandPoseSampler: Filter reset
03-27 06:57:50.467 18091 18205 I InputDevice_Hand: HANDTRACKING ADMIRE hand 1: hpm=1 -> shared=0
03-27 06:57:50.478 18091 18205 I [CT]    : HandPoseSampler: Filter reset
03-27 06:57:50.478 18091 18205 I InputDevice_Hand: HANDTRACKING ADMIRE hand 0: hpm=1 -> shared=0
03-27 06:57:50.478 18091 18205 I [CT]    : HandPoseSampler: Filter reset
03-27 06:57:50.478 18091 18205 I InputDevice_Hand: HANDTRACKING ADMIRE hand 1: hpm=1 -> shared=0
03-27 06:57:50.489 18091 18205 I [CT]    : HandPoseSampler: Filter reset
03-27 06:57:50.489 18091 18205 I InputDevice_Hand: HANDTRACKING ADMIRE hand 0: hpm=1 -> shared=0
03-27 06:57:50.489 18091 18205 I [CT]    : HandPoseSampler: Filter reset
03-27 06:57:50.489 18091 18205 I InputDevice_Hand: HANDTRACKING ADMIRE hand 1: hpm=1 -> shared=0
03-27 06:57:50.500 18091 18205 I [CT]    : HandPoseSampler: Filter reset
03-27 06:57:50.500 18091 18205 I InputDevice_Hand: HANDTRACKING ADMIRE hand 0: hpm=1 -> shared=0
03-27 06:57:50.500 18091 18205 I [CT]    : HandPoseSampler: Filter reset
03-27 06:57:50.500 18091 18205 I InputDevice_Hand: HANDTRACKING ADMIRE hand 1: hpm=1 -> shared=0
03-27 06:57:50.511 18091 18205 I [CT]    : HandPoseSampler: Filter reset
03-27 06:57:50.511 18091 18205 I InputDevice_Hand: HANDTRACKING ADMIRE hand 0: hpm=1 -> shared=0
03-27 06:57:50.511 18091 18205 I [CT]    : HandPoseSampler: Filter reset
03-27 06:57:50.511 18091 18205 I InputDevice_Hand: HANDTRACKING ADMIRE hand 1: hpm=1 -> shared=0
03-27 06:57:50.522 18091 18205 I [CT]    : HandPoseSampler: Filter reset
03-27 06:57:50.522 18091 18205 I InputDevice_Hand: HANDTRACKING ADMIRE hand 0: hpm=1 -> shared=0
03-27 06:57:50.522 18091 18205 I [CT]    : HandPoseSampler: Filter reset
03-27 06:57:50.522 18091 18205 I InputDevice_Hand: HANDTRACKING ADMIRE hand 1: hpm=1 -> shared=0
03-27 06:57:50.533 18091 18205 I [CT]    : HandPoseSampler: Filter reset
03-27 06:57:50.533 18091 18205 I InputDevice_Hand: HANDTRACKING ADMIRE hand 0: hpm=1 -> shared=0
03-27 06:57:50.533 18091 18205 I [CT]    : HandPoseSampler: Filter reset
03-27 06:57:50.533 18091 18205 I InputDevice_Hand: HANDTRACKING ADMIRE hand 1: hpm=1 -> shared=0
03-27 06:57:50.533   897  1854 I Tracking: CONSTELLATION_Right: [Throttled count=89] P+C Right: Applying Consistent Zero Velocity Update during slow motion.
03-27 06:57:50.544 18091 18205 I [CT]    : HandPoseSampler: Filter reset
03-27 06:57:50.544 18091 18205 I InputDevice_Hand: HANDTRACKING ADMIRE hand 0: hpm=1 -> shared=0
03-27 06:57:50.544 18091 18205 I [CT]    : HandPoseSampler: Filter reset
03-27 06:57:50.544 18091 18205 I InputDevice_Hand: HANDTRACKING ADMIRE hand 1: hpm=1 -> shared=0
03-27 06:57:50.555 18091 18205 I [CT]    : HandPoseSampler: Filter reset
03-27 06:57:50.555 18091 18205 I InputDevice_Hand: HANDTRACKING ADMIRE hand 0: hpm=1 -> shared=0
03-27 06:57:50.555 18091 18205 I [CT]    : HandPoseSampler: Filter reset
03-27 06:57:50.555 18091 18205 I InputDevice_Hand: HANDTRACKING ADMIRE hand 1: hpm=1 -> shared=0
03-27 06:57:50.567 18091 18205 I [CT]    : HandPoseSampler: Filter reset
03-27 06:57:50.567 18091 18205 I InputDevice_Hand: HANDTRACKING ADMIRE hand 0: hpm=1 -> shared=0
03-27 06:57:50.567 18091 18205 I [CT]    : HandPoseSampler: Filter reset
03-27 06:57:50.567 18091 18205 I InputDevice_Hand: HANDTRACKING ADMIRE hand 1: hpm=1 -> shared=0
03-27 06:57:50.578 18091 18205 I [CT]    : HandPoseSampler: Filter reset
03-27 06:57:50.578 18091 18205 I InputDevice_Hand: HANDTRACKING ADMIRE hand 0: hpm=1 -> shared=0
03-27 06:57:50.578 18091 18205 I [CT]    : HandPoseSampler: Filter reset
03-27 06:57:50.578 18091 18205 I InputDevice_Hand: HANDTRACKING ADMIRE hand 1: hpm=1 -> shared=0
03-27 06:57:50.589 18091 18205 I [CT]    : HandPoseSampler: Filter reset
03-27 06:57:50.589 18091 18205 I InputDevice_Hand: HANDTRACKING ADMIRE hand 0: hpm=1 -> shared=0
03-27 06:57:50.589 18091 18205 I [CT]    : HandPoseSampler: Filter reset
03-27 06:57:50.589 18091 18205 I InputDevice_Hand: HANDTRACKING ADMIRE hand 1: hpm=1 -> shared=0
03-27 06:57:50.600 18091 18205 I [CT]    : HandPoseSampler: Filter reset
03-27 06:57:50.600 18091 18205 I InputDevice_Hand: HANDTRACKING ADMIRE hand 0: hpm=1 -> shared=0
03-27 06:57:50.600 18091 18205 I [CT]    : HandPoseSampler: Filter reset
03-27 06:57:50.600 18091 18205 I InputDevice_Hand: HANDTRACKING ADMIRE hand 1: hpm=1 -> shared=0
03-27 06:57:50.604 18091 18457 W ShellHsr: Renderer: RenderableFilter has 108 tags, which is more than 10. This is expected to be rare. If this becomes common, consider changing RenderableFilter logic to use something other than linear searches for filtering renderable tags (like registered bitsets).
03-27 06:57:50.611 18091 18205 I [CT]    : HandPoseSampler: Filter reset
03-27 06:57:50.611 18091 18205 I InputDevice_Hand: HANDTRACKING ADMIRE hand 0: hpm=1 -> shared=0
03-27 06:57:50.611 18091 18205 I [CT]    : HandPoseSampler: Filter reset
03-27 06:57:50.611 18091 18205 I InputDevice_Hand: HANDTRACKING ADMIRE hand 1: hpm=1 -> shared=0
03-27 06:57:50.623 18091 18205 I [CT]    : HandPoseSampler: Filter reset
03-27 06:57:50.623 18091 18205 I InputDevice_Hand: HANDTRACKING ADMIRE hand 0: hpm=1 -> shared=0
03-27 06:57:50.623 18091 18205 I [CT]    : HandPoseSampler: Filter reset
03-27 06:57:50.623 18091 18205 I InputDevice_Hand: HANDTRACKING ADMIRE hand 1: hpm=1 -> shared=0
03-27 06:57:50.633 18091 18205 I [CT]    : HandPoseSampler: Filter reset
03-27 06:57:50.633 18091 18205 I InputDevice_Hand: HANDTRACKING ADMIRE hand 0: hpm=1 -> shared=0
03-27 06:57:50.633 18091 18205 I [CT]    : HandPoseSampler: Filter reset
03-27 06:57:50.633 18091 18205 I InputDevice_Hand: HANDTRACKING ADMIRE hand 1: hpm=1 -> shared=0
03-27 06:57:50.643  2697 14219 I [CT]    : MIXEDREALITY: PassthroughApiManager: GetUpdatedLayerState: (every 2 seconds) PT is: ON numLayers: 0
03-27 06:57:50.645 18091 18205 I [CT]    : HandPoseSampler: Filter reset
03-27 06:57:50.645 18091 18205 I InputDevice_Hand: HANDTRACKING ADMIRE hand 0: hpm=1 -> shared=0
03-27 06:57:50.645 18091 18205 I [CT]    : HandPoseSampler: Filter reset
03-27 06:57:50.645 18091 18205 I InputDevice_Hand: HANDTRACKING ADMIRE hand 1: hpm=1 -> shared=0
03-27 06:57:50.656 18091 18205 I [CT]    : HandPoseSampler: Filter reset
03-27 06:57:50.656 18091 18205 I InputDevice_Hand: HANDTRACKING ADMIRE hand 0: hpm=1 -> shared=0
03-27 06:57:50.656 18091 18205 I [CT]    : HandPoseSampler: Filter reset
03-27 06:57:50.656 18091 18205 I InputDevice_Hand: HANDTRACKING ADMIRE hand 1: hpm=1 -> shared=0
03-27 06:57:50.667 18091 18205 I [CT]    : HandPoseSampler: Filter reset
03-27 06:57:50.667 18091 18205 I InputDevice_Hand: HANDTRACKING ADMIRE hand 0: hpm=1 -> shared=0
03-27 06:57:50.667 18091 18205 I [CT]    : HandPoseSampler: Filter reset
03-27 06:57:50.667 18091 18205 I InputDevice_Hand: HANDTRACKING ADMIRE hand 1: hpm=1 -> shared=0
03-27 06:57:50.678 18091 18205 I [CT]    : HandPoseSampler: Filter reset
03-27 06:57:50.678 18091 18205 I InputDevice_Hand: HANDTRACKING ADMIRE hand 0: hpm=1 -> shared=0
03-27 06:57:50.678 18091 18205 I [CT]    : HandPoseSampler: Filter reset
03-27 06:57:50.678 18091 18205 I InputDevice_Hand: HANDTRACKING ADMIRE hand 1: hpm=1 -> shared=0
03-27 06:57:50.689 18091 18205 I [CT]    : HandPoseSampler: Filter reset
03-27 06:57:50.689 18091 18205 I InputDevice_Hand: HANDTRACKING ADMIRE hand 0: hpm=1 -> shared=0
03-27 06:57:50.689 18091 18205 I [CT]    : HandPoseSampler: Filter reset
03-27 06:57:50.689 18091 18205 I InputDevice_Hand: HANDTRACKING ADMIRE hand 1: hpm=1 -> shared=0
03-27 06:57:50.700 18091 18205 I [CT]    : HandPoseSampler: Filter reset
03-27 06:57:50.700 18091 18205 I InputDevice_Hand: HANDTRACKING ADMIRE hand 0: hpm=1 -> shared=0
03-27 06:57:50.700 18091 18205 I [CT]    : HandPoseSampler: Filter reset
03-27 06:57:50.700 18091 18205 I InputDevice_Hand: HANDTRACKING ADMIRE hand 1: hpm=1 -> shared=0
03-27 06:57:50.705   897 14310 D TrackingService: 2e7e5d32cf134aad: isControllerInHand(130043.09s): 1 ctEnabled: 1 btnPress(129651.07s): 0 *btnOrTpdTouch(129661.93s): 0 *btnOrTpdProx(129662.01s): 0 static(130043.09s): 1 thbstkOffCenter(129643.30s): 0 
03-27 06:57:50.705   897 14310 D TrackingService: [HANDTRACKING] Controller 2e7e5d32cf134aad in hand: Y, valid: Y
03-27 06:57:50.706  2391 14195 D ControllerManagement: RemoteService::recordControllerStatusUpdate: device 2e7e5d32cf134aad: status: CONNECTED_ACTIVE tracking: POSITION, errors: --
03-27 06:57:50.711 18091 18205 I [CT]    : HandPoseSampler: Filter reset
03-27 06:57:50.711 18091 18205 I InputDevice_Hand: HANDTRACKING ADMIRE hand 0: hpm=1 -> shared=0
03-27 06:57:50.711 18091 18205 I [CT]    : HandPoseSampler: Filter reset
03-27 06:57:50.711 18091 18205 I InputDevice_Hand: HANDTRACKING ADMIRE hand 1: hpm=1 -> shared=0
03-27 06:57:50.711 18091 18205 I OpenXR_ClientState: [OATS]: IP changed: /user/hand/right/interaction_profiles/meta/touch_controller_plus, 7
03-27 06:57:50.711 18091 18205 I OpenXR_ClientState: [OATS]: IP changed: unknown/interaction_profiles/meta/touch_controller_plus, -1
03-27 06:57:50.716 18091 18205 W [SEO] InputOpenXr: Interaction Profile retrieval failed: /user/eyes_ext
03-27 06:57:50.722 18091 18205 I [CT]    : HandPoseSampler: Filter reset
03-27 06:57:50.722 18091 18205 I InputDevice_Hand: HANDTRACKING ADMIRE hand 0: hpm=1 -> shared=0
03-27 06:57:50.722 18091 18205 I [CT]    : HandPoseSampler: Filter reset
03-27 06:57:50.722 18091 18205 I InputDevice_Hand: HANDTRACKING ADMIRE hand 1: hpm=1 -> shared=0
03-27 06:57:50.723 18091 18205 I [SEO] ShellInputConfigurationDataProvider: InteractionMode changed, mode: HybridChiral activation method: Controller Presence displayTimeActivated 130043.119401
03-27 06:57:50.724 18091 18205 I ShellHsr: Input: Creating hand instance: hand=Right
03-27 06:57:50.733 18091 18205 I [CT]    : HandPoseSampler: Filter reset
03-27 06:57:50.733 18091 18205 I InputDevice_Hand: HANDTRACKING ADMIRE hand 0: hpm=1 -> shared=0
03-27 06:57:50.733 18091 18205 I [CT]    : HandPoseSampler: Filter reset
03-27 06:57:50.733 18091 18205 I InputDevice_Hand: HANDTRACKING ADMIRE hand 1: hpm=1 -> shared=0
03-27 06:57:50.744 18091 18205 I [CT]    : HandPoseSampler: Filter reset
03-27 06:57:50.744 18091 18205 I InputDevice_Hand: HANDTRACKING ADMIRE hand 0: hpm=1 -> shared=0
03-27 06:57:50.744 18091 18205 I [CT]    : HandPoseSampler: Filter reset
03-27 06:57:50.744 18091 18205 I InputDevice_Hand: HANDTRACKING ADMIRE hand 1: hpm=1 -> shared=0
03-27 06:57:50.747  3257  3566 E HighPowerUsageNotificationListener: Average Power: -4.928179601797096, threshold: 12.0
03-27 06:57:50.755 18091 18205 I [CT]    : HandPoseSampler: Filter reset
03-27 06:57:50.756 18091 18205 I InputDevice_Hand: HANDTRACKING ADMIRE hand 0: hpm=1 -> shared=0
03-27 06:57:50.756 18091 18205 I [CT]    : HandPoseSampler: Filter reset
03-27 06:57:50.756 18091 18205 I InputDevice_Hand: HANDTRACKING ADMIRE hand 1: hpm=1 -> shared=0
03-27 06:57:50.766 18091 18205 I [CT]    : HandPoseSampler: Filter reset
03-27 06:57:50.766 18091 18205 I InputDevice_Hand: HANDTRACKING ADMIRE hand 0: hpm=1 -> shared=0
03-27 06:57:50.766 18091 18205 I [CT]    : HandPoseSampler: Filter reset
03-27 06:57:50.766 18091 18205 I InputDevice_Hand: HANDTRACKING ADMIRE hand 1: hpm=1 -> shared=0
03-27 06:57:50.777 18091 18205 I [CT]    : HandPoseSampler: Filter reset
03-27 06:57:50.777 18091 18205 I InputDevice_Hand: HANDTRACKING ADMIRE hand 0: hpm=1 -> shared=0
03-27 06:57:50.777 18091 18205 I [CT]    : HandPoseSampler: Filter reset
03-27 06:57:50.777 18091 18205 I InputDevice_Hand: HANDTRACKING ADMIRE hand 1: hpm=1 -> shared=0
03-27 06:57:50.789 18091 18205 I [CT]    : HandPoseSampler: Filter reset
03-27 06:57:50.789 18091 18205 I InputDevice_Hand: HANDTRACKING ADMIRE hand 0: hpm=1 -> shared=0
03-27 06:57:50.789 18091 18205 I [CT]    : HandPoseSampler: Filter reset
03-27 06:57:50.789 18091 18205 I InputDevice_Hand: HANDTRACKING ADMIRE hand 1: hpm=1 -> shared=0
03-27 06:57:50.800 18091 18205 I [CT]    : HandPoseSampler: Filter reset
03-27 06:57:50.800 18091 18205 I InputDevice_Hand: HANDTRACKING ADMIRE hand 0: hpm=1 -> shared=0
03-27 06:57:50.800 18091 18205 I [CT]    : HandPoseSampler: Filter reset
03-27 06:57:50.800 18091 18205 I InputDevice_Hand: HANDTRACKING ADMIRE hand 1: hpm=1 -> shared=0
03-27 06:57:50.811 18091 18205 I [CT]    : HandPoseSampler: Filter reset
03-27 06:57:50.811 18091 18205 I InputDevice_Hand: HANDTRACKING ADMIRE hand 0: hpm=1 -> shared=0
03-27 06:57:50.811 18091 18205 I [CT]    : HandPoseSampler: Filter reset
03-27 06:57:50.811 18091 18205 I InputDevice_Hand: HANDTRACKING ADMIRE hand 1: hpm=1 -> shared=0
03-27 06:57:50.822 18091 18205 I [CT]    : HandPoseSampler: Filter reset
03-27 06:57:50.822 18091 18205 I InputDevice_Hand: HANDTRACKING ADMIRE hand 0: hpm=1 -> shared=0
03-27 06:57:50.822 18091 18205 I [CT]    : HandPoseSampler: Filter reset
03-27 06:57:50.822 18091 18205 I InputDevice_Hand: HANDTRACKING ADMIRE hand 1: hpm=1 -> shared=0
03-27 06:57:50.833 18091 18205 I [CT]    : HandPoseSampler: Filter reset
03-27 06:57:50.833 18091 18205 I InputDevice_Hand: HANDTRACKING ADMIRE hand 0: hpm=1 -> shared=0
03-27 06:57:50.833 18091 18205 I [CT]    : HandPoseSampler: Filter reset
03-27 06:57:50.833 18091 18205 I InputDevice_Hand: HANDTRACKING ADMIRE hand 1: hpm=1 -> shared=0
03-27 06:57:50.845 18091 18205 I [CT]    : HandPoseSampler: Filter reset
03-27 06:57:50.845 18091 18205 I InputDevice_Hand: HANDTRACKING ADMIRE hand 0: hpm=1 -> shared=0
03-27 06:57:50.845 18091 18205 I [CT]    : HandPoseSampler: Filter reset
03-27 06:57:50.845 18091 18205 I InputDevice_Hand: HANDTRACKING ADMIRE hand 1: hpm=1 -> shared=0
03-27 06:57:50.856 18091 18205 I [CT]    : HandPoseSampler: Filter reset
03-27 06:57:50.856 18091 18205 I InputDevice_Hand: HANDTRACKING ADMIRE hand 0: hpm=1 -> shared=0
03-27 06:57:50.856 18091 18205 I [CT]    : HandPoseSampler: Filter reset
03-27 06:57:50.856 18091 18205 I InputDevice_Hand: HANDTRACKING ADMIRE hand 1: hpm=1 -> shared=0
03-27 06:57:50.867 18091 18205 I [CT]    : HandPoseSampler: Filter reset
03-27 06:57:50.867 18091 18205 I InputDevice_Hand: HANDTRACKING ADMIRE hand 0: hpm=1 -> shared=0
03-27 06:57:50.867 18091 18205 I [CT]    : HandPoseSampler: Filter reset
03-27 06:57:50.867 18091 18205 I InputDevice_Hand: HANDTRACKING ADMIRE hand 1: hpm=1 -> shared=0
03-27 06:57:50.874   897 14310 W Tracking: CONSTELLATION_Left: [Throttled count=503] P+C Left: Could not retrieve 3dof fallback pose.
03-27 06:57:50.878 18091 18205 I [CT]    : HandPoseSampler: Filter reset
03-27 06:57:50.878 18091 18205 I InputDevice_Hand: HANDTRACKING ADMIRE hand 0: hpm=1 -> shared=0
03-27 06:57:50.878 18091 18205 I [CT]    : HandPoseSampler: Filter reset
03-27 06:57:50.878 18091 18205 I InputDevice_Hand: HANDTRACKING ADMIRE hand 1: hpm=1 -> shared=0
03-27 06:57:50.889 18091 18205 I [CT]    : HandPoseSampler: Filter reset
03-27 06:57:50.889 18091 18205 I InputDevice_Hand: HANDTRACKING ADMIRE hand 0: hpm=1 -> shared=0
03-27 06:57:50.889 18091 18205 I [CT]    : HandPoseSampler: Filter reset
03-27 06:57:50.889 18091 18205 I InputDevice_Hand: HANDTRACKING ADMIRE hand 1: hpm=1 -> shared=0
03-27 06:57:50.900 18091 18205 I [CT]    : HandPoseSampler: Filter reset
03-27 06:57:50.900 18091 18205 I InputDevice_Hand: HANDTRACKING ADMIRE hand 0: hpm=1 -> shared=0
03-27 06:57:50.900 18091 18205 I [CT]    : HandPoseSampler: Filter reset
03-27 06:57:50.900 18091 18205 I InputDevice_Hand: HANDTRACKING ADMIRE hand 1: hpm=1 -> shared=0
03-27 06:57:50.911 18091 18205 I [CT]    : HandPoseSampler: Filter reset
03-27 06:57:50.911 18091 18205 I InputDevice_Hand: HANDTRACKING ADMIRE hand 0: hpm=1 -> shared=0
03-27 06:57:50.911 18091 18205 I [CT]    : HandPoseSampler: Filter reset
03-27 06:57:50.911 18091 18205 I InputDevice_Hand: HANDTRACKING ADMIRE hand 1: hpm=1 -> shared=0
03-27 06:57:50.923 18091 18205 I [CT]    : HandPoseSampler: Filter reset
03-27 06:57:50.923 18091 18205 I InputDevice_Hand: HANDTRACKING ADMIRE hand 0: hpm=1 -> shared=0
03-27 06:57:50.923 18091 18205 I [CT]    : HandPoseSampler: Filter reset
03-27 06:57:50.923 18091 18205 I InputDevice_Hand: HANDTRACKING ADMIRE hand 1: hpm=1 -> shared=0
03-27 06:57:50.933 18091 18205 I [CT]    : HandPoseSampler: Filter reset
03-27 06:57:50.933 18091 18205 I InputDevice_Hand: HANDTRACKING ADMIRE hand 0: hpm=1 -> shared=0
03-27 06:57:50.933 18091 18205 I [CT]    : HandPoseSampler: Filter reset
03-27 06:57:50.933 18091 18205 I InputDevice_Hand: HANDTRACKING ADMIRE hand 1: hpm=1 -> shared=0
03-27 06:57:50.945 18091 18205 I [CT]    : HandPoseSampler: Filter reset
03-27 06:57:50.945 18091 18205 I InputDevice_Hand: HANDTRACKING ADMIRE hand 0: hpm=1 -> shared=0
03-27 06:57:50.945 18091 18205 I [CT]    : HandPoseSampler: Filter reset
03-27 06:57:50.945 18091 18205 I InputDevice_Hand: HANDTRACKING ADMIRE hand 1: hpm=1 -> shared=0
03-27 06:57:50.956 18091 18205 I [CT]    : HandPoseSampler: Filter reset
03-27 06:57:50.956 18091 18205 I InputDevice_Hand: HANDTRACKING ADMIRE hand 0: hpm=1 -> shared=0
03-27 06:57:50.956 18091 18205 I [CT]    : HandPoseSampler: Filter reset
03-27 06:57:50.956 18091 18205 I InputDevice_Hand: HANDTRACKING ADMIRE hand 1: hpm=1 -> shared=0
03-27 06:57:50.967 18091 18205 I [CT]    : HandPoseSampler: Filter reset
03-27 06:57:50.967 18091 18205 I InputDevice_Hand: HANDTRACKING ADMIRE hand 0: hpm=1 -> shared=0
03-27 06:57:50.967 18091 18205 I [CT]    : HandPoseSampler: Filter reset
03-27 06:57:50.967 18091 18205 I InputDevice_Hand: HANDTRACKING ADMIRE hand 1: hpm=1 -> shared=0
03-27 06:57:50.978 18091 18205 I [CT]    : HandPoseSampler: Filter reset
03-27 06:57:50.978 18091 18205 I InputDevice_Hand: HANDTRACKING ADMIRE hand 0: hpm=1 -> shared=0
03-27 06:57:50.978 18091 18205 I [CT]    : HandPoseSampler: Filter reset
03-27 06:57:50.978 18091 18205 I InputDevice_Hand: HANDTRACKING ADMIRE hand 1: hpm=1 -> shared=0
03-27 06:57:50.983   897  1854 I Tracking: CONSTELLATION_Left: [Throttled count=181] P+C Left: Imu state is invalid when querying vision state!
03-27 06:57:50.989 18091 18205 I [CT]    : HandPoseSampler: Filter reset
03-27 06:57:50.989 18091 18205 I InputDevice_Hand: HANDTRACKING ADMIRE hand 0: hpm=1 -> shared=0
03-27 06:57:50.989 18091 18205 I [CT]    : HandPoseSampler: Filter reset
03-27 06:57:50.989 18091 18205 I InputDevice_Hand: HANDTRACKING ADMIRE hand 1: hpm=1 -> shared=0
03-27 06:57:51.000 18091 18205 I [CT]    : HandPoseSampler: Filter reset
03-27 06:57:51.000 18091 18205 I InputDevice_Hand: HANDTRACKING ADMIRE hand 0: hpm=1 -> shared=0
03-27 06:57:51.000 18091 18205 I [CT]    : HandPoseSampler: Filter reset
03-27 06:57:51.000 18091 18205 I InputDevice_Hand: HANDTRACKING ADMIRE hand 1: hpm=1 -> shared=0
03-27 06:57:51.012 18091 18205 I [CT]    : HandPoseSampler: Filter reset
03-27 06:57:51.012 18091 18205 I InputDevice_Hand: HANDTRACKING ADMIRE hand 0: hpm=1 -> shared=0
03-27 06:57:51.012 18091 18205 I [CT]    : HandPoseSampler: Filter reset
03-27 06:57:51.012 18091 18205 I InputDevice_Hand: HANDTRACKING ADMIRE hand 1: hpm=1 -> shared=0
03-27 06:57:51.020  2697  3402 I FaceEyeTrackingServerManager_Impl: [FaceEyeTrackingServerManager] - orthofitManager is NULL.
03-27 06:57:51.023 18091 18205 I [CT]    : HandPoseSampler: Filter reset
03-27 06:57:51.023 18091 18205 I InputDevice_Hand: HANDTRACKING ADMIRE hand 0: hpm=1 -> shared=0
03-27 06:57:51.023 18091 18205 I [CT]    : HandPoseSampler: Filter reset
03-27 06:57:51.023 18091 18205 I InputDevice_Hand: HANDTRACKING ADMIRE hand 1: hpm=1 -> shared=0
03-27 06:57:51.032 18091 14209 I VrApi   : FPS=91/90,Prd=24ms,Tear=0,Early=0,Stale=0,Stale2/5/10/max=0/0/0/0,VSnc=1,Lat=-4,Fov=3,CPU4/GPU=-1/-1,1920/545MHz,OC=3F,TA=0/0/0,SP=N/N/N,Mem=2092MHz,Free=3991MB,PLS=0,Temp=34.0C/0.0C,TW=0.59ms,App=1.37ms,GD=0.00ms,CPU&GPU=8.35ms,LCnt=1(DR91,LM0),GPU%=0.19,CPU%=0.26(W0.43),CFL=11.32/14.75,ICFLp95=13.32,LD=0,CABC=1,SF=0.78,LP=1,DVFS=0,Preempt=182,PoseAgeP95=0.00
03-27 06:57:51.032 18091 14209 I VrApi   : ASW=0,Type=PTWFromStereo,E=0.000/0.000,D=0.000/0.000
03-27 06:57:51.034 18091 18205 I [CT]    : HandPoseSampler: Filter reset
03-27 06:57:51.034 18091 18205 I InputDevice_Hand: HANDTRACKING ADMIRE hand 0: hpm=1 -> shared=0
03-27 06:57:51.034 18091 18205 I [CT]    : HandPoseSampler: Filter reset
03-27 06:57:51.034 18091 18205 I InputDevice_Hand: HANDTRACKING ADMIRE hand 1: hpm=1 -> shared=0
03-27 06:57:51.045 18091 18205 I [CT]    : HandPoseSampler: Filter reset
03-27 06:57:51.045 18091 18205 I InputDevice_Hand: HANDTRACKING ADMIRE hand 0: hpm=1 -> shared=0
03-27 06:57:51.045 18091 18205 I [CT]    : HandPoseSampler: Filter reset
03-27 06:57:51.045 18091 18205 I InputDevice_Hand: HANDTRACKING ADMIRE hand 1: hpm=1 -> shared=0
03-27 06:57:51.045   920 14201 I VD628x  : Flicker results: freq 120.000000, max 119.924515, dcr 33.094429, pct 0.040161, idx 0.013028, conf 0.898738, snr 9.531380, svm 0.068228, sus 0
03-27 06:57:51.050   897  1854 I Tracking: CONSTELLATION_Left: [Throttled count=90] P+C Left: Not reinitializing 6DoF filter yet (no valid pose from vision).
03-27 06:57:51.056 18091 18205 I [CT]    : HandPoseSampler: Filter reset
03-27 06:57:51.056 18091 18205 I InputDevice_Hand: HANDTRACKING ADMIRE hand 0: hpm=1 -> shared=0
03-27 06:57:51.056 18091 18205 I [CT]    : HandPoseSampler: Filter reset
03-27 06:57:51.056 18091 18205 I InputDevice_Hand: HANDTRACKING ADMIRE hand 1: hpm=1 -> shared=0
03-27 06:57:51.067 18091 18205 I [CT]    : HandPoseSampler: Filter reset
03-27 06:57:51.067 18091 18205 I InputDevice_Hand: HANDTRACKING ADMIRE hand 0: hpm=1 -> shared=0
03-27 06:57:51.067 18091 18205 I [CT]    : HandPoseSampler: Filter reset
03-27 06:57:51.067 18091 18205 I InputDevice_Hand: HANDTRACKING ADMIRE hand 1: hpm=1 -> shared=0
03-27 06:57:51.079 18091 18205 I [CT]    : HandPoseSampler: Filter reset
03-27 06:57:51.079 18091 18205 I InputDevice_Hand: HANDTRACKING ADMIRE hand 0: hpm=1 -> shared=0
03-27 06:57:51.079 18091 18205 I [CT]    : HandPoseSampler: Filter reset
03-27 06:57:51.079 18091 18205 I InputDevice_Hand: HANDTRACKING ADMIRE hand 1: hpm=1 -> shared=0
03-27 06:57:51.079 18224 18352 I AutoStationaryHelper: [AutoStationaryHelper::getGuardianDataFromNearbyRoomscale] Checking 1 existing guardian data
03-27 06:57:51.079 18224 18352 I GuardianMapDataMgr: [GuardianMapDataMgr::isValidTrackedRoomscale] [2575043440] Valid=yes, Roomscale=yes, Anchor [2cee9d32-7f24-ff1e-5555-ae309d8ea246] Tracked=yes
03-27 06:57:51.079 18224 18352 I AutoStationaryHelper: [AutoStationaryHelper::getGuardianDataFromNearbyRoomscale] [2575043440] Distance to HMD: 3.791540
03-27 06:57:51.089 18091 18205 I [CT]    : HandPoseSampler: Filter reset
03-27 06:57:51.089 18091 18205 I InputDevice_Hand: HANDTRACKING ADMIRE hand 0: hpm=1 -> shared=0
03-27 06:57:51.089 18091 18205 I [CT]    : HandPoseSampler: Filter reset
03-27 06:57:51.089 18091 18205 I InputDevice_Hand: HANDTRACKING ADMIRE hand 1: hpm=1 -> shared=0
03-27 06:57:51.101 18091 18205 I [CT]    : HandPoseSampler: Filter reset
03-27 06:57:51.101 18091 18205 I InputDevice_Hand: HANDTRACKING ADMIRE hand 0: hpm=1 -> shared=0
03-27 06:57:51.101 18091 18205 I [CT]    : HandPoseSampler: Filter reset
03-27 06:57:51.101 18091 18205 I InputDevice_Hand: HANDTRACKING ADMIRE hand 1: hpm=1 -> shared=0
03-27 06:57:51.112 18091 18205 I [CT]    : HandPoseSampler: Filter reset
03-27 06:57:51.112 18091 18205 I InputDevice_Hand: HANDTRACKING ADMIRE hand 0: hpm=1 -> shared=0
03-27 06:57:51.112 18091 18205 I [CT]    : HandPoseSampler: Filter reset
03-27 06:57:51.112 18091 18205 I InputDevice_Hand: HANDTRACKING ADMIRE hand 1: hpm=1 -> shared=0
03-27 06:57:51.121  2697 14219 I [CT]    : PTApiClients: 1/1:com.oculus.vrshell,PT=1,EnvDepth=0,VrMode=1,LCnt=0/2(rec=0,proj=0,bg=0),SppMeshes=1(vs=4,ts=2),SppInst=1(vs=4,ts=2),NS=0,Sty=0
03-27 06:57:51.123 18091 18205 I [CT]    : HandPoseSampler: Filter reset
03-27 06:57:51.123 18091 18205 I InputDevice_Hand: HANDTRACKING ADMIRE hand 0: hpm=1 -> shared=0
03-27 06:57:51.123 18091 18205 I [CT]    : HandPoseSampler: Filter reset
03-27 06:57:51.123 18091 18205 I InputDevice_Hand: HANDTRACKING ADMIRE hand 1: hpm=1 -> shared=0
03-27 06:57:51.134 18091 18205 I [CT]    : HandPoseSampler: Filter reset
03-27 06:57:51.134 18091 18205 I InputDevice_Hand: HANDTRACKING ADMIRE hand 0: hpm=1 -> shared=0
03-27 06:57:51.134 18091 18205 I [CT]    : HandPoseSampler: Filter reset
03-27 06:57:51.134 18091 18205 I InputDevice_Hand: HANDTRACKING ADMIRE hand 1: hpm=1 -> shared=0
03-27 06:57:51.145 18091 18205 I [CT]    : HandPoseSampler: Filter reset
03-27 06:57:51.145 18091 18205 I InputDevice_Hand: HANDTRACKING ADMIRE hand 0: hpm=1 -> shared=0
03-27 06:57:51.145 18091 18205 I [CT]    : HandPoseSampler: Filter reset
03-27 06:57:51.145 18091 18205 I InputDevice_Hand: HANDTRACKING ADMIRE hand 1: hpm=1 -> shared=0
03-27 06:57:51.156 18091 18205 I [CT]    : HandPoseSampler: Filter reset
03-27 06:57:51.156 18091 18205 I InputDevice_Hand: HANDTRACKING ADMIRE hand 0: hpm=1 -> shared=0
03-27 06:57:51.156 18091 18205 I [CT]    : HandPoseSampler: Filter reset
03-27 06:57:51.156 18091 18205 I InputDevice_Hand: HANDTRACKING ADMIRE hand 1: hpm=1 -> shared=0
03-27 06:57:51.168 18091 18205 I [CT]    : HandPoseSampler: Filter reset
03-27 06:57:51.168 18091 18205 I InputDevice_Hand: HANDTRACKING ADMIRE hand 0: hpm=1 -> shared=0
03-27 06:57:51.168 18091 18205 I [CT]    : HandPoseSampler: Filter reset
03-27 06:57:51.168 18091 18205 I InputDevice_Hand: HANDTRACKING ADMIRE hand 1: hpm=1 -> shared=0
03-27 06:57:51.178 18091 18205 I [CT]    : HandPoseSampler: Filter reset
03-27 06:57:51.178 18091 18205 I InputDevice_Hand: HANDTRACKING ADMIRE hand 0: hpm=1 -> shared=0
03-27 06:57:51.178 18091 18205 I [CT]    : HandPoseSampler: Filter reset
03-27 06:57:51.178 18091 18205 I InputDevice_Hand: HANDTRACKING ADMIRE hand 1: hpm=1 -> shared=0
03-27 06:57:51.189 18091 18205 I [CT]    : HandPoseSampler: Filter reset
03-27 06:57:51.189 18091 18205 I InputDevice_Hand: HANDTRACKING ADMIRE hand 0: hpm=1 -> shared=0
03-27 06:57:51.189 18091 18205 I [CT]    : HandPoseSampler: Filter reset
03-27 06:57:51.189 18091 18205 I InputDevice_Hand: HANDTRACKING ADMIRE hand 1: hpm=1 -> shared=0
03-27 06:57:51.200 18091 18205 I [CT]    : HandPoseSampler: Filter reset
03-27 06:57:51.200 18091 18205 I InputDevice_Hand: HANDTRACKING ADMIRE hand 0: hpm=1 -> shared=0
03-27 06:57:51.201 18091 18205 I [CT]    : HandPoseSampler: Filter reset
03-27 06:57:51.201 18091 18205 I InputDevice_Hand: HANDTRACKING ADMIRE hand 1: hpm=1 -> shared=0
03-27 06:57:51.211 18091 18205 I [CT]    : HandPoseSampler: Filter reset
03-27 06:57:51.211 18091 18205 I InputDevice_Hand: HANDTRACKING ADMIRE hand 0: hpm=1 -> shared=0
03-27 06:57:51.212 18091 18205 I [CT]    : HandPoseSampler: Filter reset
03-27 06:57:51.212 18091 18205 I InputDevice_Hand: HANDTRACKING ADMIRE hand 1: hpm=1 -> shared=0
03-27 06:57:51.223 18091 18205 I [CT]    : HandPoseSampler: Filter reset
03-27 06:57:51.223 18091 18205 I InputDevice_Hand: HANDTRACKING ADMIRE hand 0: hpm=1 -> shared=0
03-27 06:57:51.223 18091 18205 I [CT]    : HandPoseSampler: Filter reset
03-27 06:57:51.223 18091 18205 I InputDevice_Hand: HANDTRACKING ADMIRE hand 1: hpm=1 -> shared=0
03-27 06:57:51.234 18091 18205 I [CT]    : HandPoseSampler: Filter reset
03-27 06:57:51.234 18091 18205 I InputDevice_Hand: HANDTRACKING ADMIRE hand 0: hpm=1 -> shared=0
03-27 06:57:51.234 18091 18205 I [CT]    : HandPoseSampler: Filter reset
03-27 06:57:51.234 18091 18205 I InputDevice_Hand: HANDTRACKING ADMIRE hand 1: hpm=1 -> shared=0
03-27 06:57:51.245 18091 18205 I [CT]    : HandPoseSampler: Filter reset
03-27 06:57:51.245 18091 18205 I InputDevice_Hand: HANDTRACKING ADMIRE hand 0: hpm=1 -> shared=0
03-27 06:57:51.245 18091 18205 I [CT]    : HandPoseSampler: Filter reset
03-27 06:57:51.245 18091 18205 I InputDevice_Hand: HANDTRACKING ADMIRE hand 1: hpm=1 -> shared=0
03-27 06:57:51.256 18091 18205 I [CT]    : HandPoseSampler: Filter reset
03-27 06:57:51.257 18091 18205 I InputDevice_Hand: HANDTRACKING ADMIRE hand 0: hpm=1 -> shared=0
03-27 06:57:51.257 18091 18205 I [CT]    : HandPoseSampler: Filter reset
03-27 06:57:51.257 18091 18205 I InputDevice_Hand: HANDTRACKING ADMIRE hand 1: hpm=1 -> shared=0
03-27 06:57:51.268 18091 18205 I [CT]    : HandPoseSampler: Filter reset
03-27 06:57:51.268 18091 18205 I InputDevice_Hand: HANDTRACKING ADMIRE hand 0: hpm=1 -> shared=0
03-27 06:57:51.268 18091 18205 I [CT]    : HandPoseSampler: Filter reset
03-27 06:57:51.268 18091 18205 I InputDevice_Hand: HANDTRACKING ADMIRE hand 1: hpm=1 -> shared=0
03-27 06:57:51.278 18091 18205 I [CT]    : HandPoseSampler: Filter reset
03-27 06:57:51.278 18091 18205 I InputDevice_Hand: HANDTRACKING ADMIRE hand 0: hpm=1 -> shared=0
03-27 06:57:51.278 18091 18205 I [CT]    : HandPoseSampler: Filter reset
03-27 06:57:51.278 18091 18205 I InputDevice_Hand: HANDTRACKING ADMIRE hand 1: hpm=1 -> shared=0
03-27 06:57:51.290 18091 18205 I [CT]    : HandPoseSampler: Filter reset
03-27 06:57:51.290 18091 18205 I InputDevice_Hand: HANDTRACKING ADMIRE hand 0: hpm=1 -> shared=0
03-27 06:57:51.290 18091 18205 I [CT]    : HandPoseSampler: Filter reset
03-27 06:57:51.290 18091 18205 I InputDevice_Hand: HANDTRACKING ADMIRE hand 1: hpm=1 -> shared=0
03-27 06:57:51.301 18091 18205 I [CT]    : HandPoseSampler: Filter reset
03-27 06:57:51.301 18091 18205 I InputDevice_Hand: HANDTRACKING ADMIRE hand 0: hpm=1 -> shared=0
03-27 06:57:51.301 18091 18205 I [CT]    : HandPoseSampler: Filter reset
03-27 06:57:51.301 18091 18205 I InputDevice_Hand: HANDTRACKING ADMIRE hand 1: hpm=1 -> shared=0
03-27 06:57:51.312 18091 18205 I [CT]    : HandPoseSampler: Filter reset
03-27 06:57:51.312 18091 18205 I InputDevice_Hand: HANDTRACKING ADMIRE hand 0: hpm=1 -> shared=0
03-27 06:57:51.312 18091 18205 I [CT]    : HandPoseSampler: Filter reset
03-27 06:57:51.312 18091 18205 I InputDevice_Hand: HANDTRACKING ADMIRE hand 1: hpm=1 -> shared=0
03-27 06:57:51.321   897  1848 I Tracking: Vega: [INSIGHTS] Mode=DescriptorVega,6DoF,Agg=55s,Inl=14,25,32,Mem=95.7,FrameDur=6.1,15.5,PoseLat=1.5,9.0,CamImuLat=10.3,29.9,Jit=0.0,0.0,Drops(Cam=0,IMU=0),MeanIr=2283.3,Exp(4.5ms,g=4,I=61)(4.5ms,g=4,I=61)(5.8ms,g=6,I=62)(6.0ms,g=7,I=58)(0.0ms,g=0)(0.0ms,g=0),NonInertEnv=n
03-27 06:57:51.323 18091 18205 I [CT]    : HandPoseSampler: Filter reset
03-27 06:57:51.323 18091 18205 I InputDevice_Hand: HANDTRACKING ADMIRE hand 0: hpm=1 -> shared=0
03-27 06:57:51.323 18091 18205 I [CT]    : HandPoseSampler: Filter reset
03-27 06:57:51.323 18091 18205 I InputDevice_Hand: HANDTRACKING ADMIRE hand 1: hpm=1 -> shared=0
03-27 06:57:51.323  7325 15228 I HorizonDsatHelper: fetchTokenValueAsync - callingPackage: com.oculus.horizon, actionName: com.oculus.auth.ACTION_FETCH_HORIZON_DEVICE_SCOPED_CREDENTIALS
03-27 06:57:51.323  7325 15228 I HorizonDsatHelper: fetchTokenAsync - forceRefresh: false, actionName: com.oculus.auth.ACTION_FETCH_HORIZON_DEVICE_SCOPED_CREDENTIALS
03-27 06:57:51.324  7325 15228 I HorizonDsatHelper: Returning stored token
03-27 06:57:51.324  7325 15228 I AuthLogger: Action succeeded: OBTAIN_TOKEN, callingPackage: com.oculus.horizon, accountType: com.oculus, tokenType: dsat, extras: {logging_source=HorizonDsatHelper, options={"forceRefresh":false,"method":"fetchTokenValueAsync","isCachedToken":true}, token_scope=ROOT, outcome=token, status=success}, duration: 0ms
03-27 06:57:51.324  7325 15228 I HorizonDsatHelper: fetchTokenAsync:: OnResult - callingPackage: com.oculus.horizon, actionName: com.oculus.auth.ACTION_FETCH_HORIZON_DEVICE_SCOPED_CREDENTIALS, forceRefresh: false, isResultPresent: true
03-27 06:57:51.334 18091 18205 I [CT]    : HandPoseSampler: Filter reset
03-27 06:57:51.334 18091 18205 I InputDevice_Hand: HANDTRACKING ADMIRE hand 0: hpm=1 -> shared=0
03-27 06:57:51.334 18091 18205 I [CT]    : HandPoseSampler: Filter reset
03-27 06:57:51.334 18091 18205 I InputDevice_Hand: HANDTRACKING ADMIRE hand 1: hpm=1 -> shared=0
03-27 06:57:51.345 18091 18205 I [CT]    : HandPoseSampler: Filter reset
03-27 06:57:51.345 18091 18205 I InputDevice_Hand: HANDTRACKING ADMIRE hand 0: hpm=1 -> shared=0
03-27 06:57:51.345 18091 18205 I [CT]    : HandPoseSampler: Filter reset
03-27 06:57:51.345 18091 18205 I InputDevice_Hand: HANDTRACKING ADMIRE hand 1: hpm=1 -> shared=0
03-27 06:57:51.356 18091 18205 I [CT]    : HandPoseSampler: Filter reset
03-27 06:57:51.356 18091 18205 I InputDevice_Hand: HANDTRACKING ADMIRE hand 0: hpm=1 -> shared=0
03-27 06:57:51.356 18091 18205 I [CT]    : HandPoseSampler: Filter reset
03-27 06:57:51.356 18091 18205 I InputDevice_Hand: HANDTRACKING ADMIRE hand 1: hpm=1 -> shared=0
03-27 06:57:51.367 18091 18205 I [CT]    : HandPoseSampler: Filter reset
03-27 06:57:51.367 18091 18205 I InputDevice_Hand: HANDTRACKING ADMIRE hand 0: hpm=1 -> shared=0
03-27 06:57:51.367 18091 18205 I [CT]    : HandPoseSampler: Filter reset
03-27 06:57:51.367 18091 18205 I InputDevice_Hand: HANDTRACKING ADMIRE hand 1: hpm=1 -> shared=0
03-27 06:57:51.379 18091 18205 I [CT]    : HandPoseSampler: Filter reset
03-27 06:57:51.379 18091 18205 I InputDevice_Hand: HANDTRACKING ADMIRE hand 0: hpm=1 -> shared=0
03-27 06:57:51.379 18091 18205 I [CT]    : HandPoseSampler: Filter reset
03-27 06:57:51.379 18091 18205 I InputDevice_Hand: HANDTRACKING ADMIRE hand 1: hpm=1 -> shared=0
03-27 06:57:51.390 18091 18205 I [CT]    : HandPoseSampler: Filter reset
03-27 06:57:51.390 18091 18205 I InputDevice_Hand: HANDTRACKING ADMIRE hand 0: hpm=1 -> shared=0
03-27 06:57:51.390 18091 18205 I [CT]    : HandPoseSampler: Filter reset
03-27 06:57:51.390 18091 18205 I InputDevice_Hand: HANDTRACKING ADMIRE hand 1: hpm=1 -> shared=0
03-27 06:57:51.401 18091 18205 I [CT]    : HandPoseSampler: Filter reset
03-27 06:57:51.401 18091 18205 I InputDevice_Hand: HANDTRACKING ADMIRE hand 0: hpm=1 -> shared=0
03-27 06:57:51.401 18091 18205 I [CT]    : HandPoseSampler: Filter reset
03-27 06:57:51.401 18091 18205 I InputDevice_Hand: HANDTRACKING ADMIRE hand 1: hpm=1 -> shared=0
03-27 06:57:51.406   897 14271 W Tracking: IoteLogging: IMU Update exceeded imu sampling period: update=0.001369927 [sec], period=0.001250000 [sec].
03-27 06:57:51.412 18091 18205 I [CT]    : HandPoseSampler: Filter reset
03-27 06:57:51.412 18091 18205 I InputDevice_Hand: HANDTRACKING ADMIRE hand 0: hpm=1 -> shared=0
03-27 06:57:51.412 18091 18205 I [CT]    : HandPoseSampler: Filter reset
03-27 06:57:51.412 18091 18205 I InputDevice_Hand: HANDTRACKING ADMIRE hand 1: hpm=1 -> shared=0
03-27 06:57:51.423 18091 18205 I [CT]    : HandPoseSampler: Filter reset
03-27 06:57:51.423 18091 18205 I InputDevice_Hand: HANDTRACKING ADMIRE hand 0: hpm=1 -> shared=0
03-27 06:57:51.423 18091 18205 I [CT]    : HandPoseSampler: Filter reset
03-27 06:57:51.423 18091 18205 I InputDevice_Hand: HANDTRACKING ADMIRE hand 1: hpm=1 -> shared=0
03-27 06:57:51.434 18091 18205 I [CT]    : HandPoseSampler: Filter reset
03-27 06:57:51.434 18091 18205 I InputDevice_Hand: HANDTRACKING ADMIRE hand 0: hpm=1 -> shared=0
03-27 06:57:51.434 18091 18205 I [CT]    : HandPoseSampler: Filter reset
03-27 06:57:51.434 18091 18205 I InputDevice_Hand: HANDTRACKING ADMIRE hand 1: hpm=1 -> shared=0
03-27 06:57:51.445 18091 18205 I [CT]    : HandPoseSampler: Filter reset
03-27 06:57:51.445 18091 18205 I InputDevice_Hand: HANDTRACKING ADMIRE hand 0: hpm=1 -> shared=0
03-27 06:57:51.445 18091 18205 I [CT]    : HandPoseSampler: Filter reset
03-27 06:57:51.445 18091 18205 I InputDevice_Hand: HANDTRACKING ADMIRE hand 1: hpm=1 -> shared=0
03-27 06:57:51.456 18091 18205 I [CT]    : HandPoseSampler: Filter reset
03-27 06:57:51.456 18091 18205 I InputDevice_Hand: HANDTRACKING ADMIRE hand 0: hpm=1 -> shared=0
03-27 06:57:51.456 18091 18205 I [CT]    : HandPoseSampler: Filter reset
03-27 06:57:51.456 18091 18205 I InputDevice_Hand: HANDTRACKING ADMIRE hand 1: hpm=1 -> shared=0
03-27 06:57:51.468 18091 18205 I [CT]    : HandPoseSampler: Filter reset
03-27 06:57:51.468 18091 18205 I InputDevice_Hand: HANDTRACKING ADMIRE hand 0: hpm=1 -> shared=0
03-27 06:57:51.468 18091 18205 I [CT]    : HandPoseSampler: Filter reset
03-27 06:57:51.468 18091 18205 I InputDevice_Hand: HANDTRACKING ADMIRE hand 1: hpm=1 -> shared=0
03-27 06:57:51.478 18091 18205 I [CT]    : HandPoseSampler: Filter reset
03-27 06:57:51.478 18091 18205 I InputDevice_Hand: HANDTRACKING ADMIRE hand 0: hpm=1 -> shared=0
03-27 06:57:51.478 18091 18205 I [CT]    : HandPoseSampler: Filter reset
03-27 06:57:51.478 18091 18205 I InputDevice_Hand: HANDTRACKING ADMIRE hand 1: hpm=1 -> shared=0
03-27 06:57:51.490 18091 18205 I [CT]    : HandPoseSampler: Filter reset
03-27 06:57:51.490 18091 18205 I InputDevice_Hand: HANDTRACKING ADMIRE hand 0: hpm=1 -> shared=0
03-27 06:57:51.490 18091 18205 I [CT]    : HandPoseSampler: Filter reset
03-27 06:57:51.490 18091 18205 I InputDevice_Hand: HANDTRACKING ADMIRE hand 1: hpm=1 -> shared=0
03-27 06:57:51.501 18091 18205 I [CT]    : HandPoseSampler: Filter reset
03-27 06:57:51.501 18091 18205 I InputDevice_Hand: HANDTRACKING ADMIRE hand 0: hpm=1 -> shared=0
03-27 06:57:51.501 18091 18205 I [CT]    : HandPoseSampler: Filter reset
03-27 06:57:51.501 18091 18205 I InputDevice_Hand: HANDTRACKING ADMIRE hand 1: hpm=1 -> shared=0
03-27 06:57:51.512 18091 18205 I [CT]    : HandPoseSampler: Filter reset
03-27 06:57:51.512 18091 18205 I InputDevice_Hand: HANDTRACKING ADMIRE hand 0: hpm=1 -> shared=0
03-27 06:57:51.512 18091 18205 I [CT]    : HandPoseSampler: Filter reset
03-27 06:57:51.512 18091 18205 I InputDevice_Hand: HANDTRACKING ADMIRE hand 1: hpm=1 -> shared=0
03-27 06:57:51.523   927 19557 I libcamerahal: [INSIGHTS][2.00s] recv/ret/req heartbeat: cam0: 90/90/0, cam1: 90/90/0, cam2: 90/90/0, cam3: 90/90/0
03-27 06:57:51.523 18091 18205 I [CT]    : HandPoseSampler: Filter reset
03-27 06:57:51.523 18091 18205 I InputDevice_Hand: HANDTRACKING ADMIRE hand 0: hpm=1 -> shared=0
03-27 06:57:51.523 18091 18205 I [CT]    : HandPoseSampler: Filter reset
03-27 06:57:51.523 18091 18205 I InputDevice_Hand: HANDTRACKING ADMIRE hand 1: hpm=1 -> shared=0
03-27 06:57:51.534 18091 18205 I [CT]    : HandPoseSampler: Filter reset
03-27 06:57:51.534 18091 18205 I InputDevice_Hand: HANDTRACKING ADMIRE hand 0: hpm=1 -> shared=0
03-27 06:57:51.534 18091 18205 I [CT]    : HandPoseSampler: Filter reset
03-27 06:57:51.534 18091 18205 I InputDevice_Hand: HANDTRACKING ADMIRE hand 1: hpm=1 -> shared=0
03-27 06:57:51.545 18091 18205 I [CT]    : HandPoseSampler: Filter reset
03-27 06:57:51.545 18091 18205 I InputDevice_Hand: HANDTRACKING ADMIRE hand 0: hpm=1 -> shared=0
03-27 06:57:51.545 18091 18205 I [CT]    : HandPoseSampler: Filter reset
03-27 06:57:51.545 18091 18205 I InputDevice_Hand: HANDTRACKING ADMIRE hand 1: hpm=1 -> shared=0
03-27 06:57:51.556 18091 18205 I [CT]    : HandPoseSampler: Filter reset
03-27 06:57:51.556 18091 18205 I InputDevice_Hand: HANDTRACKING ADMIRE hand 0: hpm=1 -> shared=0
03-27 06:57:51.556 18091 18205 I [CT]    : HandPoseSampler: Filter reset
03-27 06:57:51.556 18091 18205 I InputDevice_Hand: HANDTRACKING ADMIRE hand 1: hpm=1 -> shared=0
03-27 06:57:51.568 18091 18205 I [CT]    : HandPoseSampler: Filter reset
03-27 06:57:51.568 18091 18205 I InputDevice_Hand: HANDTRACKING ADMIRE hand 0: hpm=1 -> shared=0
03-27 06:57:51.568 18091 18205 I [CT]    : HandPoseSampler: Filter reset
03-27 06:57:51.568 18091 18205 I InputDevice_Hand: HANDTRACKING ADMIRE hand 1: hpm=1 -> shared=0
03-27 06:57:51.578 18091 18205 I [CT]    : HandPoseSampler: Filter reset
03-27 06:57:51.578 18091 18205 I InputDevice_Hand: HANDTRACKING ADMIRE hand 0: hpm=1 -> shared=0
03-27 06:57:51.578 18091 18205 I [CT]    : HandPoseSampler: Filter reset
03-27 06:57:51.578 18091 18205 I InputDevice_Hand: HANDTRACKING ADMIRE hand 1: hpm=1 -> shared=0
03-27 06:57:51.590 18091 18205 I [CT]    : HandPoseSampler: Filter reset
03-27 06:57:51.590 18091 18205 I InputDevice_Hand: HANDTRACKING ADMIRE hand 0: hpm=1 -> shared=0
03-27 06:57:51.590 18091 18205 I [CT]    : HandPoseSampler: Filter reset
03-27 06:57:51.590 18091 18205 I InputDevice_Hand: HANDTRACKING ADMIRE hand 1: hpm=1 -> shared=0
03-27 06:57:51.601 18091 18205 I [CT]    : HandPoseSampler: Filter reset
03-27 06:57:51.601 18091 18205 I InputDevice_Hand: HANDTRACKING ADMIRE hand 0: hpm=1 -> shared=0
03-27 06:57:51.601 18091 18205 I [CT]    : HandPoseSampler: Filter reset
03-27 06:57:51.601 18091 18205 I InputDevice_Hand: HANDTRACKING ADMIRE hand 1: hpm=1 -> shared=0
03-27 06:57:51.605 18091 18457 W ShellHsr: Renderer: RenderableFilter has 108 tags, which is more than 10. This is expected to be rare. If this becomes common, consider changing RenderableFilter logic to use something other than linear searches for filtering renderable tags (like registered bitsets).
03-27 06:57:51.612 18091 18205 I [CT]    : HandPoseSampler: Filter reset
03-27 06:57:51.612 18091 18205 I InputDevice_Hand: HANDTRACKING ADMIRE hand 0: hpm=1 -> shared=0
03-27 06:57:51.612 18091 18205 I [CT]    : HandPoseSampler: Filter reset
03-27 06:57:51.612 18091 18205 I InputDevice_Hand: HANDTRACKING ADMIRE hand 1: hpm=1 -> shared=0
03-27 06:57:51.623 18091 18205 I [CT]    : HandPoseSampler: Filter reset
03-27 06:57:51.623 18091 18205 I InputDevice_Hand: HANDTRACKING ADMIRE hand 0: hpm=1 -> shared=0
03-27 06:57:51.623 18091 18205 I [CT]    : HandPoseSampler: Filter reset
03-27 06:57:51.623 18091 18205 I InputDevice_Hand: HANDTRACKING ADMIRE hand 1: hpm=1 -> shared=0
03-27 06:57:51.634 18091 18205 I [CT]    : HandPoseSampler: Filter reset
03-27 06:57:51.634 18091 18205 I InputDevice_Hand: HANDTRACKING ADMIRE hand 0: hpm=1 -> shared=0
03-27 06:57:51.634 18091 18205 I [CT]    : HandPoseSampler: Filter reset
03-27 06:57:51.634 18091 18205 I InputDevice_Hand: HANDTRACKING ADMIRE hand 1: hpm=1 -> shared=0
03-27 06:57:51.645 18091 18205 I [CT]    : HandPoseSampler: Filter reset
03-27 06:57:51.645 18091 18205 I InputDevice_Hand: HANDTRACKING ADMIRE hand 0: hpm=1 -> shared=0
03-27 06:57:51.645 18091 18205 I [CT]    : HandPoseSampler: Filter reset
03-27 06:57:51.645 18091 18205 I InputDevice_Hand: HANDTRACKING ADMIRE hand 1: hpm=1 -> shared=0
03-27 06:57:51.656 18091 18205 I [CT]    : HandPoseSampler: Filter reset
03-27 06:57:51.656 18091 18205 I InputDevice_Hand: HANDTRACKING ADMIRE hand 0: hpm=1 -> shared=0
03-27 06:57:51.657 18091 18205 I [CT]    : HandPoseSampler: Filter reset
03-27 06:57:51.657 18091 18205 I InputDevice_Hand: HANDTRACKING ADMIRE hand 1: hpm=1 -> shared=0
03-27 06:57:51.668 18091 18205 I [CT]    : HandPoseSampler: Filter reset
03-27 06:57:51.668 18091 18205 I InputDevice_Hand: HANDTRACKING ADMIRE hand 0: hpm=1 -> shared=0
03-27 06:57:51.668 18091 18205 I [CT]    : HandPoseSampler: Filter reset
03-27 06:57:51.668 18091 18205 I InputDevice_Hand: HANDTRACKING ADMIRE hand 1: hpm=1 -> shared=0
03-27 06:57:51.679 18091 18205 I [CT]    : HandPoseSampler: Filter reset
03-27 06:57:51.679 18091 18205 I InputDevice_Hand: HANDTRACKING ADMIRE hand 0: hpm=1 -> shared=0
03-27 06:57:51.679 18091 18205 I [CT]    : HandPoseSampler: Filter reset
03-27 06:57:51.679 18091 18205 I InputDevice_Hand: HANDTRACKING ADMIRE hand 1: hpm=1 -> shared=0
03-27 06:57:51.690 18091 18205 I [CT]    : HandPoseSampler: Filter reset
03-27 06:57:51.690 18091 18205 I InputDevice_Hand: HANDTRACKING ADMIRE hand 0: hpm=1 -> shared=0
03-27 06:57:51.690 18091 18205 I [CT]    : HandPoseSampler: Filter reset
03-27 06:57:51.690 18091 18205 I InputDevice_Hand: HANDTRACKING ADMIRE hand 1: hpm=1 -> shared=0
03-27 06:57:51.701 18091 18205 I [CT]    : HandPoseSampler: Filter reset
03-27 06:57:51.701 18091 18205 I InputDevice_Hand: HANDTRACKING ADMIRE hand 0: hpm=1 -> shared=0
03-27 06:57:51.701 18091 18205 I [CT]    : HandPoseSampler: Filter reset
03-27 06:57:51.701 18091 18205 I InputDevice_Hand: HANDTRACKING ADMIRE hand 1: hpm=1 -> shared=0
03-27 06:57:51.712 18091 18205 I [CT]    : HandPoseSampler: Filter reset
03-27 06:57:51.712 18091 18205 I InputDevice_Hand: HANDTRACKING ADMIRE hand 0: hpm=1 -> shared=0
03-27 06:57:51.712 18091 18205 I [CT]    : HandPoseSampler: Filter reset
03-27 06:57:51.712 18091 18205 I InputDevice_Hand: HANDTRACKING ADMIRE hand 1: hpm=1 -> shared=0
03-27 06:57:51.723 18091 18205 I [CT]    : HandPoseSampler: Filter reset
03-27 06:57:51.723 18091 18205 I InputDevice_Hand: HANDTRACKING ADMIRE hand 0: hpm=1 -> shared=0
03-27 06:57:51.723 18091 18205 I [CT]    : HandPoseSampler: Filter reset
03-27 06:57:51.723 18091 18205 I InputDevice_Hand: HANDTRACKING ADMIRE hand 1: hpm=1 -> shared=0
03-27 06:57:51.734 18091 18205 I [CT]    : HandPoseSampler: Filter reset
03-27 06:57:51.734 18091 18205 I InputDevice_Hand: HANDTRACKING ADMIRE hand 0: hpm=1 -> shared=0
03-27 06:57:51.734 18091 18205 I [CT]    : HandPoseSampler: Filter reset
03-27 06:57:51.734 18091 18205 I InputDevice_Hand: HANDTRACKING ADMIRE hand 1: hpm=1 -> shared=0
03-27 06:57:51.745 18091 18205 I [CT]    : HandPoseSampler: Filter reset
03-27 06:57:51.745 18091 18205 I InputDevice_Hand: HANDTRACKING ADMIRE hand 0: hpm=1 -> shared=0
03-27 06:57:51.745 18091 18205 I [CT]    : HandPoseSampler: Filter reset
03-27 06:57:51.745 18091 18205 I InputDevice_Hand: HANDTRACKING ADMIRE hand 1: hpm=1 -> shared=0
03-27 06:57:51.756 18091 18205 I [CT]    : HandPoseSampler: Filter reset
03-27 06:57:51.757 18091 18205 I InputDevice_Hand: HANDTRACKING ADMIRE hand 0: hpm=1 -> shared=0
03-27 06:57:51.757 18091 18205 I [CT]    : HandPoseSampler: Filter reset
03-27 06:57:51.757 18091 18205 I InputDevice_Hand: HANDTRACKING ADMIRE hand 1: hpm=1 -> shared=0
03-27 06:57:51.768 18091 18205 I [CT]    : HandPoseSampler: Filter reset
03-27 06:57:51.768 18091 18205 I InputDevice_Hand: HANDTRACKING ADMIRE hand 0: hpm=1 -> shared=0
03-27 06:57:51.768 18091 18205 I [CT]    : HandPoseSampler: Filter reset
03-27 06:57:51.768 18091 18205 I InputDevice_Hand: HANDTRACKING ADMIRE hand 1: hpm=1 -> shared=0
03-27 06:57:51.779 18091 18205 I [CT]    : HandPoseSampler: Filter reset
03-27 06:57:51.779 18091 18205 I InputDevice_Hand: HANDTRACKING ADMIRE hand 0: hpm=1 -> shared=0
03-27 06:57:51.779 18091 18205 I [CT]    : HandPoseSampler: Filter reset
03-27 06:57:51.779 18091 18205 I InputDevice_Hand: HANDTRACKING ADMIRE hand 1: hpm=1 -> shared=0
03-27 06:57:51.780   920 14201 I VD628x  : Flicker results: freq 120.000000, max 119.932510, dcr 33.094612, pct 0.039958, idx 0.012614, conf 0.898854, snr 9.556887, svm 0.068215, sus 0
03-27 06:57:51.790 18091 18205 I [CT]    : HandPoseSampler: Filter reset
03-27 06:57:51.790 18091 18205 I InputDevice_Hand: HANDTRACKING ADMIRE hand 0: hpm=1 -> shared=0
03-27 06:57:51.790 18091 18205 I [CT]    : HandPoseSampler: Filter reset
03-27 06:57:51.790 18091 18205 I InputDevice_Hand: HANDTRACKING ADMIRE hand 1: hpm=1 -> shared=0
03-27 06:57:51.801 18091 18205 I [CT]    : HandPoseSampler: Filter reset
03-27 06:57:51.801 18091 18205 I InputDevice_Hand: HANDTRACKING ADMIRE hand 0: hpm=1 -> shared=0
03-27 06:57:51.801 18091 18205 I [CT]    : HandPoseSampler: Filter reset
03-27 06:57:51.801 18091 18205 I InputDevice_Hand: HANDTRACKING ADMIRE hand 1: hpm=1 -> shared=0
03-27 06:57:51.812 18091 18205 I [CT]    : HandPoseSampler: Filter reset
03-27 06:57:51.812 18091 18205 I InputDevice_Hand: HANDTRACKING ADMIRE hand 0: hpm=1 -> shared=0
03-27 06:57:51.812 18091 18205 I [CT]    : HandPoseSampler: Filter reset
03-27 06:57:51.812 18091 18205 I InputDevice_Hand: HANDTRACKING ADMIRE hand 1: hpm=1 -> shared=0
03-27 06:57:51.823 18091 18205 I [CT]    : HandPoseSampler: Filter reset
03-27 06:57:51.823 18091 18205 I InputDevice_Hand: HANDTRACKING ADMIRE hand 0: hpm=1 -> shared=0
03-27 06:57:51.823 18091 18205 I [CT]    : HandPoseSampler: Filter reset
03-27 06:57:51.823 18091 18205 I InputDevice_Hand: HANDTRACKING ADMIRE hand 1: hpm=1 -> shared=0
03-27 06:57:51.834 18091 18205 I [CT]    : HandPoseSampler: Filter reset
03-27 06:57:51.834 18091 18205 I InputDevice_Hand: HANDTRACKING ADMIRE hand 0: hpm=1 -> shared=0
03-27 06:57:51.834 18091 18205 I [CT]    : HandPoseSampler: Filter reset
03-27 06:57:51.834 18091 18205 I InputDevice_Hand: HANDTRACKING ADMIRE hand 1: hpm=1 -> shared=0
03-27 06:57:51.845 18091 18205 I [CT]    : HandPoseSampler: Filter reset
03-27 06:57:51.845 18091 18205 I InputDevice_Hand: HANDTRACKING ADMIRE hand 0: hpm=1 -> shared=0
03-27 06:57:51.845 18091 18205 I [CT]    : HandPoseSampler: Filter reset
03-27 06:57:51.845 18091 18205 I InputDevice_Hand: HANDTRACKING ADMIRE hand 1: hpm=1 -> shared=0
03-27 06:57:51.857 18091 18205 I [CT]    : HandPoseSampler: Filter reset
03-27 06:57:51.857 18091 18205 I InputDevice_Hand: HANDTRACKING ADMIRE hand 0: hpm=1 -> shared=0
03-27 06:57:51.857 18091 18205 I [CT]    : HandPoseSampler: Filter reset
03-27 06:57:51.857 18091 18205 I InputDevice_Hand: HANDTRACKING ADMIRE hand 1: hpm=1 -> shared=0
03-27 06:57:51.868 18091 18205 I [CT]    : HandPoseSampler: Filter reset
03-27 06:57:51.868 18091 18205 I InputDevice_Hand: HANDTRACKING ADMIRE hand 0: hpm=1 -> shared=0
03-27 06:57:51.868 18091 18205 I [CT]    : HandPoseSampler: Filter reset
03-27 06:57:51.868 18091 18205 I InputDevice_Hand: HANDTRACKING ADMIRE hand 1: hpm=1 -> shared=0
03-27 06:57:51.876   897 14310 W Tracking: CONSTELLATION_Left: [Throttled count=503] P+C Left: Could not retrieve 3dof fallback pose.
03-27 06:57:51.879 18091 18205 I [CT]    : HandPoseSampler: Filter reset
03-27 06:57:51.879 18091 18205 I InputDevice_Hand: HANDTRACKING ADMIRE hand 0: hpm=1 -> shared=0
03-27 06:57:51.879 18091 18205 I [CT]    : HandPoseSampler: Filter reset
03-27 06:57:51.879 18091 18205 I InputDevice_Hand: HANDTRACKING ADMIRE hand 1: hpm=1 -> shared=0
03-27 06:57:51.890 18091 18205 I [CT]    : HandPoseSampler: Filter reset
03-27 06:57:51.890 18091 18205 I InputDevice_Hand: HANDTRACKING ADMIRE hand 0: hpm=1 -> shared=0
03-27 06:57:51.890 18091 18205 I [CT]    : HandPoseSampler: Filter reset
03-27 06:57:51.890 18091 18205 I InputDevice_Hand: HANDTRACKING ADMIRE hand 1: hpm=1 -> shared=0
03-27 06:57:51.901 18091 18205 I [CT]    : HandPoseSampler: Filter reset
03-27 06:57:51.901 18091 18205 I InputDevice_Hand: HANDTRACKING ADMIRE hand 0: hpm=1 -> shared=0
03-27 06:57:51.901 18091 18205 I [CT]    : HandPoseSampler: Filter reset
03-27 06:57:51.901 18091 18205 I InputDevice_Hand: HANDTRACKING ADMIRE hand 1: hpm=1 -> shared=0
03-27 06:57:51.912 18091 18205 I [CT]    : HandPoseSampler: Filter reset
03-27 06:57:51.912 18091 18205 I InputDevice_Hand: HANDTRACKING ADMIRE hand 0: hpm=1 -> shared=0
03-27 06:57:51.912 18091 18205 I [CT]    : HandPoseSampler: Filter reset
03-27 06:57:51.912 18091 18205 I InputDevice_Hand: HANDTRACKING ADMIRE hand 1: hpm=1 -> shared=0
03-27 06:57:51.923 18091 18205 I [CT]    : HandPoseSampler: Filter reset
03-27 06:57:51.923 18091 18205 I InputDevice_Hand: HANDTRACKING ADMIRE hand 0: hpm=1 -> shared=0
03-27 06:57:51.923 18091 18205 I [CT]    : HandPoseSampler: Filter reset
03-27 06:57:51.923 18091 18205 I InputDevice_Hand: HANDTRACKING ADMIRE hand 1: hpm=1 -> shared=0
03-27 06:57:51.934 18091 18205 I [CT]    : HandPoseSampler: Filter reset
03-27 06:57:51.934 18091 18205 I InputDevice_Hand: HANDTRACKING ADMIRE hand 0: hpm=1 -> shared=0
03-27 06:57:51.934 18091 18205 I [CT]    : HandPoseSampler: Filter reset
03-27 06:57:51.934 18091 18205 I InputDevice_Hand: HANDTRACKING ADMIRE hand 1: hpm=1 -> shared=0
03-27 06:57:51.945 18091 18205 I [CT]    : HandPoseSampler: Filter reset
03-27 06:57:51.945 18091 18205 I InputDevice_Hand: HANDTRACKING ADMIRE hand 0: hpm=1 -> shared=0
03-27 06:57:51.945 18091 18205 I [CT]    : HandPoseSampler: Filter reset
03-27 06:57:51.945 18091 18205 I InputDevice_Hand: HANDTRACKING ADMIRE hand 1: hpm=1 -> shared=0
03-27 06:57:51.956 18091 18205 I [CT]    : HandPoseSampler: Filter reset
03-27 06:57:51.956 18091 18205 I InputDevice_Hand: HANDTRACKING ADMIRE hand 0: hpm=1 -> shared=0
03-27 06:57:51.956 18091 18205 I [CT]    : HandPoseSampler: Filter reset
03-27 06:57:51.957 18091 18205 I InputDevice_Hand: HANDTRACKING ADMIRE hand 1: hpm=1 -> shared=0
03-27 06:57:51.968 18091 18205 I [CT]    : HandPoseSampler: Filter reset
03-27 06:57:51.968 18091 18205 I InputDevice_Hand: HANDTRACKING ADMIRE hand 0: hpm=1 -> shared=0
03-27 06:57:51.968 18091 18205 I [CT]    : HandPoseSampler: Filter reset
03-27 06:57:51.968 18091 18205 I InputDevice_Hand: HANDTRACKING ADMIRE hand 1: hpm=1 -> shared=0
03-27 06:57:51.978 18091 18205 I [CT]    : HandPoseSampler: Filter reset
03-27 06:57:51.978 18091 18205 I InputDevice_Hand: HANDTRACKING ADMIRE hand 0: hpm=1 -> shared=0
03-27 06:57:51.978 18091 18205 I [CT]    : HandPoseSampler: Filter reset
03-27 06:57:51.978 18091 18205 I InputDevice_Hand: HANDTRACKING ADMIRE hand 1: hpm=1 -> shared=0
03-27 06:57:51.990 18091 18205 I [CT]    : HandPoseSampler: Filter reset
03-27 06:57:51.990 18091 18205 I InputDevice_Hand: HANDTRACKING ADMIRE hand 0: hpm=1 -> shared=0
03-27 06:57:51.990 18091 18205 I [CT]    : HandPoseSampler: Filter reset
03-27 06:57:51.990 18091 18205 I InputDevice_Hand: HANDTRACKING ADMIRE hand 1: hpm=1 -> shared=0
03-27 06:57:52.001 18091 18205 I [CT]    : HandPoseSampler: Filter reset
03-27 06:57:52.001 18091 18205 I InputDevice_Hand: HANDTRACKING ADMIRE hand 0: hpm=1 -> shared=0
03-27 06:57:52.001 18091 18205 I [CT]    : HandPoseSampler: Filter reset
03-27 06:57:52.001 18091 18205 I InputDevice_Hand: HANDTRACKING ADMIRE hand 1: hpm=1 -> shared=0
03-27 06:57:52.012 18091 18205 I [CT]    : HandPoseSampler: Filter reset
03-27 06:57:52.012 18091 18205 I InputDevice_Hand: HANDTRACKING ADMIRE hand 0: hpm=1 -> shared=0
03-27 06:57:52.012 18091 18205 I [CT]    : HandPoseSampler: Filter reset
03-27 06:57:52.012 18091 18205 I InputDevice_Hand: HANDTRACKING ADMIRE hand 1: hpm=1 -> shared=0
03-27 06:57:52.023 18091 18205 I [CT]    : HandPoseSampler: Filter reset
03-27 06:57:52.023 18091 18205 I InputDevice_Hand: HANDTRACKING ADMIRE hand 0: hpm=1 -> shared=0
03-27 06:57:52.023 18091 18205 I [CT]    : HandPoseSampler: Filter reset
03-27 06:57:52.023 18091 18205 I InputDevice_Hand: HANDTRACKING ADMIRE hand 1: hpm=1 -> shared=0
03-27 06:57:52.032 18091 14209 I VrApi   : FPS=90/90,Prd=24ms,Tear=0,Early=0,Stale=0,Stale2/5/10/max=0/0/0/0,VSnc=1,Lat=-4,Fov=3,CPU4/GPU=-1/-1,1920/545MHz,OC=3F,TA=0/0/0,SP=N/N/N,Mem=2092MHz,Free=3991MB,PLS=0,Temp=34.0C/0.0C,TW=0.54ms,App=1.34ms,GD=0.00ms,CPU&GPU=7.40ms,LCnt=1(DR91,LM0),GPU%=0.19,CPU%=0.24(W0.41),CFL=11.36/14.79,ICFLp95=13.37,LD=0,CABC=1,SF=0.78,LP=1,DVFS=0,Preempt=182,PoseAgeP95=0.00
03-27 06:57:52.032 18091 14209 I VrApi   : ASW=0,Type=PTWFromStereo,E=0.000/0.000,D=0.000/0.000
03-27 06:57:52.034 18091 18205 I [CT]    : HandPoseSampler: Filter reset
03-27 06:57:52.034 18091 18205 I InputDevice_Hand: HANDTRACKING ADMIRE hand 0: hpm=1 -> shared=0
03-27 06:57:52.034 18091 18205 I [CT]    : HandPoseSampler: Filter reset
03-27 06:57:52.034 18091 18205 I InputDevice_Hand: HANDTRACKING ADMIRE hand 1: hpm=1 -> shared=0
03-27 06:57:52.045 18091 18205 I [CT]    : HandPoseSampler: Filter reset
03-27 06:57:52.045 18091 18205 I InputDevice_Hand: HANDTRACKING ADMIRE hand 0: hpm=1 -> shared=0
03-27 06:57:52.045 18091 18205 I [CT]    : HandPoseSampler: Filter reset
03-27 06:57:52.045 18091 18205 I InputDevice_Hand: HANDTRACKING ADMIRE hand 1: hpm=1 -> shared=0
03-27 06:57:52.057 18091 18205 I [CT]    : HandPoseSampler: Filter reset
03-27 06:57:52.057 18091 18205 I InputDevice_Hand: HANDTRACKING ADMIRE hand 0: hpm=1 -> shared=0
03-27 06:57:52.057 18091 18205 I [CT]    : HandPoseSampler: Filter reset
03-27 06:57:52.057 18091 18205 I InputDevice_Hand: HANDTRACKING ADMIRE hand 1: hpm=1 -> shared=0
03-27 06:57:52.068 18091 18205 I [CT]    : HandPoseSampler: Filter reset
03-27 06:57:52.068 18091 18205 I InputDevice_Hand: HANDTRACKING ADMIRE hand 0: hpm=1 -> shared=0
03-27 06:57:52.068 18091 18205 I [CT]    : HandPoseSampler: Filter reset
03-27 06:57:52.068 18091 18205 I InputDevice_Hand: HANDTRACKING ADMIRE hand 1: hpm=1 -> shared=0
03-27 06:57:52.078 18091 18205 I [CT]    : HandPoseSampler: Filter reset
03-27 06:57:52.078 18091 18205 I InputDevice_Hand: HANDTRACKING ADMIRE hand 0: hpm=1 -> shared=0
03-27 06:57:52.078 18091 18205 I [CT]    : HandPoseSampler: Filter reset
03-27 06:57:52.078 18091 18205 I InputDevice_Hand: HANDTRACKING ADMIRE hand 1: hpm=1 -> shared=0
03-27 06:57:52.090 18091 18205 I [CT]    : HandPoseSampler: Filter reset
03-27 06:57:52.090 18091 18205 I InputDevice_Hand: HANDTRACKING ADMIRE hand 0: hpm=1 -> shared=0
03-27 06:57:52.090 18091 18205 I [CT]    : HandPoseSampler: Filter reset
03-27 06:57:52.090 18091 18205 I InputDevice_Hand: HANDTRACKING ADMIRE hand 1: hpm=1 -> shared=0
03-27 06:57:52.101 18091 18205 I [CT]    : HandPoseSampler: Filter reset
03-27 06:57:52.101 18091 18205 I InputDevice_Hand: HANDTRACKING ADMIRE hand 0: hpm=1 -> shared=0
03-27 06:57:52.101 18091 18205 I [CT]    : HandPoseSampler: Filter reset
03-27 06:57:52.101 18091 18205 I InputDevice_Hand: HANDTRACKING ADMIRE hand 1: hpm=1 -> shared=0
03-27 06:57:52.112 18091 18205 I [CT]    : HandPoseSampler: Filter reset
03-27 06:57:52.112 18091 18205 I InputDevice_Hand: HANDTRACKING ADMIRE hand 0: hpm=1 -> shared=0
03-27 06:57:52.112 18091 18205 I [CT]    : HandPoseSampler: Filter reset
03-27 06:57:52.112 18091 18205 I InputDevice_Hand: HANDTRACKING ADMIRE hand 1: hpm=1 -> shared=0
03-27 06:57:52.123 18091 18205 I [CT]    : HandPoseSampler: Filter reset
03-27 06:57:52.123 18091 18205 I InputDevice_Hand: HANDTRACKING ADMIRE hand 0: hpm=1 -> shared=0
03-27 06:57:52.123 18091 18205 I [CT]    : HandPoseSampler: Filter reset
03-27 06:57:52.123 18091 18205 I InputDevice_Hand: HANDTRACKING ADMIRE hand 1: hpm=1 -> shared=0
03-27 06:57:52.134 18091 18205 I [CT]    : HandPoseSampler: Filter reset
03-27 06:57:52.134 18091 18205 I InputDevice_Hand: HANDTRACKING ADMIRE hand 0: hpm=1 -> shared=0
03-27 06:57:52.134 18091 18205 I [CT]    : HandPoseSampler: Filter reset
03-27 06:57:52.134 18091 18205 I InputDevice_Hand: HANDTRACKING ADMIRE hand 1: hpm=1 -> shared=0
03-27 06:57:52.145 18091 18205 I [CT]    : HandPoseSampler: Filter reset
03-27 06:57:52.145 18091 18205 I InputDevice_Hand: HANDTRACKING ADMIRE hand 0: hpm=1 -> shared=0
03-27 06:57:52.145 18091 18205 I [CT]    : HandPoseSampler: Filter reset
03-27 06:57:52.145 18091 18205 I InputDevice_Hand: HANDTRACKING ADMIRE hand 1: hpm=1 -> shared=0
03-27 06:57:52.157 18091 18205 I [CT]    : HandPoseSampler: Filter reset
03-27 06:57:52.157 18091 18205 I InputDevice_Hand: HANDTRACKING ADMIRE hand 0: hpm=1 -> shared=0
03-27 06:57:52.157 18091 18205 I [CT]    : HandPoseSampler: Filter reset
03-27 06:57:52.157 18091 18205 I InputDevice_Hand: HANDTRACKING ADMIRE hand 1: hpm=1 -> shared=0
03-27 06:57:52.167 18091 18205 I [CT]    : HandPoseSampler: Filter reset
03-27 06:57:52.167 18091 18205 I InputDevice_Hand: HANDTRACKING ADMIRE hand 0: hpm=1 -> shared=0
03-27 06:57:52.167 18091 18205 I [CT]    : HandPoseSampler: Filter reset
03-27 06:57:52.167 18091 18205 I InputDevice_Hand: HANDTRACKING ADMIRE hand 1: hpm=1 -> shared=0
03-27 06:57:52.179 18091 18205 I [CT]    : HandPoseSampler: Filter reset
03-27 06:57:52.179 18091 18205 I InputDevice_Hand: HANDTRACKING ADMIRE hand 0: hpm=1 -> shared=0
03-27 06:57:52.179 18091 18205 I [CT]    : HandPoseSampler: Filter reset
03-27 06:57:52.179 18091 18205 I InputDevice_Hand: HANDTRACKING ADMIRE hand 1: hpm=1 -> shared=0
03-27 06:57:52.179 18224 18352 I AutoStationaryHelper: [AutoStationaryHelper::getGuardianDataFromNearbyRoomscale] Checking 1 existing guardian data
03-27 06:57:52.179 18224 18352 I GuardianMapDataMgr: [GuardianMapDataMgr::isValidTrackedRoomscale] [2575043440] Valid=yes, Roomscale=yes, Anchor [2cee9d32-7f24-ff1e-5555-ae309d8ea246] Tracked=yes
03-27 06:57:52.179 18224 18352 I AutoStationaryHelper: [AutoStationaryHelper::getGuardianDataFromNearbyRoomscale] [2575043440] Distance to HMD: 3.798173
03-27 06:57:52.190 18091 18205 I [CT]    : HandPoseSampler: Filter reset
03-27 06:57:52.190 18091 18205 I InputDevice_Hand: HANDTRACKING ADMIRE hand 0: hpm=1 -> shared=0
03-27 06:57:52.190 18091 18205 I [CT]    : HandPoseSampler: Filter reset
03-27 06:57:52.190 18091 18205 I InputDevice_Hand: HANDTRACKING ADMIRE hand 1: hpm=1 -> shared=0
03-27 06:57:52.201 18091 18205 I [CT]    : HandPoseSampler: Filter reset
03-27 06:57:52.201 18091 18205 I InputDevice_Hand: HANDTRACKING ADMIRE hand 0: hpm=1 -> shared=0
03-27 06:57:52.201 18091 18205 I [CT]    : HandPoseSampler: Filter reset
03-27 06:57:52.201 18091 18205 I InputDevice_Hand: HANDTRACKING ADMIRE hand 1: hpm=1 -> shared=0
03-27 06:57:52.212 18091 18205 I [CT]    : HandPoseSampler: Filter reset
03-27 06:57:52.212 18091 18205 I InputDevice_Hand: HANDTRACKING ADMIRE hand 0: hpm=1 -> shared=0
03-27 06:57:52.212 18091 18205 I [CT]    : HandPoseSampler: Filter reset
03-27 06:57:52.212 18091 18205 I InputDevice_Hand: HANDTRACKING ADMIRE hand 1: hpm=1 -> shared=0
03-27 06:57:52.223 18091 18205 I [CT]    : HandPoseSampler: Filter reset
03-27 06:57:52.223 18091 18205 I InputDevice_Hand: HANDTRACKING ADMIRE hand 0: hpm=1 -> shared=0
03-27 06:57:52.223 18091 18205 I [CT]    : HandPoseSampler: Filter reset
03-27 06:57:52.223 18091 18205 I InputDevice_Hand: HANDTRACKING ADMIRE hand 1: hpm=1 -> shared=0
03-27 06:57:52.234 18091 18205 I [CT]    : HandPoseSampler: Filter reset
03-27 06:57:52.234 18091 18205 I InputDevice_Hand: HANDTRACKING ADMIRE hand 0: hpm=1 -> shared=0
03-27 06:57:52.234 18091 18205 I [CT]    : HandPoseSampler: Filter reset
03-27 06:57:52.234 18091 18205 I InputDevice_Hand: HANDTRACKING ADMIRE hand 1: hpm=1 -> shared=0
03-27 06:57:52.245 18091 18205 I [CT]    : HandPoseSampler: Filter reset
03-27 06:57:52.245 18091 18205 I InputDevice_Hand: HANDTRACKING ADMIRE hand 0: hpm=1 -> shared=0
03-27 06:57:52.245 18091 18205 I [CT]    : HandPoseSampler: Filter reset
03-27 06:57:52.245 18091 18205 I InputDevice_Hand: HANDTRACKING ADMIRE hand 1: hpm=1 -> shared=0
03-27 06:57:52.257 18091 18205 I [CT]    : HandPoseSampler: Filter reset
03-27 06:57:52.257 18091 18205 I InputDevice_Hand: HANDTRACKING ADMIRE hand 0: hpm=1 -> shared=0
03-27 06:57:52.257 18091 18205 I [CT]    : HandPoseSampler: Filter reset
03-27 06:57:52.257 18091 18205 I InputDevice_Hand: HANDTRACKING ADMIRE hand 1: hpm=1 -> shared=0
03-27 06:57:52.268 18091 18205 I [CT]    : HandPoseSampler: Filter reset
03-27 06:57:52.268 18091 18205 I InputDevice_Hand: HANDTRACKING ADMIRE hand 0: hpm=1 -> shared=0
03-27 06:57:52.268 18091 18205 I [CT]    : HandPoseSampler: Filter reset
03-27 06:57:52.268 18091 18205 I InputDevice_Hand: HANDTRACKING ADMIRE hand 1: hpm=1 -> shared=0
03-27 06:57:52.278 18091 18205 I [CT]    : HandPoseSampler: Filter reset
03-27 06:57:52.278 18091 18205 I InputDevice_Hand: HANDTRACKING ADMIRE hand 0: hpm=1 -> shared=0
03-27 06:57:52.278 18091 18205 I [CT]    : HandPoseSampler: Filter reset
03-27 06:57:52.278 18091 18205 I InputDevice_Hand: HANDTRACKING ADMIRE hand 1: hpm=1 -> shared=0
03-27 06:57:52.290  5144 24453 W MetaCamNative (streaming_cast_agent): StreamingCastAgent::SendPingMessage() - socket_id=11
03-27 06:57:52.290 18091 18205 I [CT]    : HandPoseSampler: Filter reset
03-27 06:57:52.290 18091 18205 I InputDevice_Hand: HANDTRACKING ADMIRE hand 0: hpm=1 -> shared=0
03-27 06:57:52.290 18091 18205 I [CT]    : HandPoseSampler: Filter reset
03-27 06:57:52.290 18091 18205 I InputDevice_Hand: HANDTRACKING ADMIRE hand 1: hpm=1 -> shared=0
03-27 06:57:52.290  5144 24453 W MetaCamNative (streaming_cast_agent): StreamingCastAgent::SendPingMessage() - socket_id=11
03-27 06:57:52.301 18091 18205 I [CT]    : HandPoseSampler: Filter reset
03-27 06:57:52.301 18091 18205 I InputDevice_Hand: HANDTRACKING ADMIRE hand 0: hpm=1 -> shared=0
03-27 06:57:52.301 18091 18205 I [CT]    : HandPoseSampler: Filter reset
03-27 06:57:52.301 18091 18205 I InputDevice_Hand: HANDTRACKING ADMIRE hand 1: hpm=1 -> shared=0
03-27 06:57:52.312 18091 18205 I [CT]    : HandPoseSampler: Filter reset
03-27 06:57:52.312 18091 18205 I InputDevice_Hand: HANDTRACKING ADMIRE hand 0: hpm=1 -> shared=0
03-27 06:57:52.312 18091 18205 I [CT]    : HandPoseSampler: Filter reset
03-27 06:57:52.312 18091 18205 I InputDevice_Hand: HANDTRACKING ADMIRE hand 1: hpm=1 -> shared=0
03-27 06:57:52.323 18091 18205 I [CT]    : HandPoseSampler: Filter reset
03-27 06:57:52.323 18091 18205 I InputDevice_Hand: HANDTRACKING ADMIRE hand 0: hpm=1 -> shared=0
03-27 06:57:52.323 18091 18205 I [CT]    : HandPoseSampler: Filter reset
03-27 06:57:52.323 18091 18205 I InputDevice_Hand: HANDTRACKING ADMIRE hand 1: hpm=1 -> shared=0
03-27 06:57:52.334 18091 18205 I [CT]    : HandPoseSampler: Filter reset
03-27 06:57:52.334 18091 18205 I InputDevice_Hand: HANDTRACKING ADMIRE hand 0: hpm=1 -> shared=0
03-27 06:57:52.334 18091 18205 I [CT]    : HandPoseSampler: Filter reset
03-27 06:57:52.334 18091 18205 I InputDevice_Hand: HANDTRACKING ADMIRE hand 1: hpm=1 -> shared=0
03-27 06:57:52.345 18091 18205 I [CT]    : HandPoseSampler: Filter reset
03-27 06:57:52.345 18091 18205 I InputDevice_Hand: HANDTRACKING ADMIRE hand 0: hpm=1 -> shared=0
03-27 06:57:52.345 18091 18205 I [CT]    : HandPoseSampler: Filter reset
03-27 06:57:52.345 18091 18205 I InputDevice_Hand: HANDTRACKING ADMIRE hand 1: hpm=1 -> shared=0
03-27 06:57:52.356 18091 18205 I [CT]    : HandPoseSampler: Filter reset
03-27 06:57:52.356 18091 18205 I InputDevice_Hand: HANDTRACKING ADMIRE hand 0: hpm=1 -> shared=0
03-27 06:57:52.356 18091 18205 I [CT]    : HandPoseSampler: Filter reset
03-27 06:57:52.356 18091 18205 I InputDevice_Hand: HANDTRACKING ADMIRE hand 1: hpm=1 -> shared=0
03-27 06:57:52.368 18091 18205 I [CT]    : HandPoseSampler: Filter reset
03-27 06:57:52.368 18091 18205 I InputDevice_Hand: HANDTRACKING ADMIRE hand 0: hpm=1 -> shared=0
03-27 06:57:52.368 18091 18205 I [CT]    : HandPoseSampler: Filter reset
03-27 06:57:52.368 18091 18205 I InputDevice_Hand: HANDTRACKING ADMIRE hand 1: hpm=1 -> shared=0
03-27 06:57:52.379 18091 18205 I [CT]    : HandPoseSampler: Filter reset
03-27 06:57:52.379 18091 18205 I InputDevice_Hand: HANDTRACKING ADMIRE hand 0: hpm=1 -> shared=0
03-27 06:57:52.379 18091 18205 I [CT]    : HandPoseSampler: Filter reset
03-27 06:57:52.379 18091 18205 I InputDevice_Hand: HANDTRACKING ADMIRE hand 1: hpm=1 -> shared=0
03-27 06:57:52.390 18091 18205 I [CT]    : HandPoseSampler: Filter reset
03-27 06:57:52.390 18091 18205 I InputDevice_Hand: HANDTRACKING ADMIRE hand 0: hpm=1 -> shared=0
03-27 06:57:52.390 18091 18205 I [CT]    : HandPoseSampler: Filter reset
03-27 06:57:52.390 18091 18205 I InputDevice_Hand: HANDTRACKING ADMIRE hand 1: hpm=1 -> shared=0
03-27 06:57:52.401 18091 18205 I [CT]    : HandPoseSampler: Filter reset
03-27 06:57:52.401 18091 18205 I InputDevice_Hand: HANDTRACKING ADMIRE hand 0: hpm=1 -> shared=0
03-27 06:57:52.401 18091 18205 I [CT]    : HandPoseSampler: Filter reset
03-27 06:57:52.401 18091 18205 I InputDevice_Hand: HANDTRACKING ADMIRE hand 1: hpm=1 -> shared=0
03-27 06:57:52.412 18091 18205 I [CT]    : HandPoseSampler: Filter reset
03-27 06:57:52.412 18091 18205 I InputDevice_Hand: HANDTRACKING ADMIRE hand 0: hpm=1 -> shared=0
03-27 06:57:52.412 18091 18205 I [CT]    : HandPoseSampler: Filter reset
03-27 06:57:52.412 18091 18205 I InputDevice_Hand: HANDTRACKING ADMIRE hand 1: hpm=1 -> shared=0
03-27 06:57:52.424 18091 18205 I [CT]    : HandPoseSampler: Filter reset
03-27 06:57:52.424 18091 18205 I InputDevice_Hand: HANDTRACKING ADMIRE hand 0: hpm=1 -> shared=0
03-27 06:57:52.424 18091 18205 I [CT]    : HandPoseSampler: Filter reset
03-27 06:57:52.424 18091 18205 I InputDevice_Hand: HANDTRACKING ADMIRE hand 1: hpm=1 -> shared=0
03-27 06:57:52.434 18091 18205 I [CT]    : HandPoseSampler: Filter reset
03-27 06:57:52.434 18091 18205 I InputDevice_Hand: HANDTRACKING ADMIRE hand 0: hpm=1 -> shared=0
03-27 06:57:52.434 18091 18205 I [CT]    : HandPoseSampler: Filter reset
03-27 06:57:52.434 18091 18205 I InputDevice_Hand: HANDTRACKING ADMIRE hand 1: hpm=1 -> shared=0
03-27 06:57:52.446 18091 18205 I [CT]    : HandPoseSampler: Filter reset
03-27 06:57:52.446 18091 18205 I InputDevice_Hand: HANDTRACKING ADMIRE hand 0: hpm=1 -> shared=0
03-27 06:57:52.446 18091 18205 I [CT]    : HandPoseSampler: Filter reset
03-27 06:57:52.446 18091 18205 I InputDevice_Hand: HANDTRACKING ADMIRE hand 1: hpm=1 -> shared=0
03-27 06:57:52.456 18091 18205 I [CT]    : HandPoseSampler: Filter reset
03-27 06:57:52.456 18091 18205 I InputDevice_Hand: HANDTRACKING ADMIRE hand 0: hpm=1 -> shared=0
03-27 06:57:52.456 18091 18205 I [CT]    : HandPoseSampler: Filter reset
03-27 06:57:52.456 18091 18205 I InputDevice_Hand: HANDTRACKING ADMIRE hand 1: hpm=1 -> shared=0
03-27 06:57:52.468 18091 18205 I [CT]    : HandPoseSampler: Filter reset
03-27 06:57:52.468 18091 18205 I InputDevice_Hand: HANDTRACKING ADMIRE hand 0: hpm=1 -> shared=0
03-27 06:57:52.468 18091 18205 I [CT]    : HandPoseSampler: Filter reset
03-27 06:57:52.468 18091 18205 I InputDevice_Hand: HANDTRACKING ADMIRE hand 1: hpm=1 -> shared=0
03-27 06:57:52.479 18091 18205 I [CT]    : HandPoseSampler: Filter reset
03-27 06:57:52.479 18091 18205 I InputDevice_Hand: HANDTRACKING ADMIRE hand 0: hpm=1 -> shared=0
03-27 06:57:52.479 18091 18205 I [CT]    : HandPoseSampler: Filter reset
03-27 06:57:52.479 18091 18205 I InputDevice_Hand: HANDTRACKING ADMIRE hand 1: hpm=1 -> shared=0
03-27 06:57:52.490 18091 18205 I [CT]    : HandPoseSampler: Filter reset
03-27 06:57:52.490 18091 18205 I InputDevice_Hand: HANDTRACKING ADMIRE hand 0: hpm=1 -> shared=0
03-27 06:57:52.490 18091 18205 I [CT]    : HandPoseSampler: Filter reset
03-27 06:57:52.490 18091 18205 I InputDevice_Hand: HANDTRACKING ADMIRE hand 1: hpm=1 -> shared=0
03-27 06:57:52.501 18091 18205 I [CT]    : HandPoseSampler: Filter reset
03-27 06:57:52.501 18091 18205 I InputDevice_Hand: HANDTRACKING ADMIRE hand 0: hpm=1 -> shared=0
03-27 06:57:52.501 18091 18205 I [CT]    : HandPoseSampler: Filter reset
03-27 06:57:52.501 18091 18205 I InputDevice_Hand: HANDTRACKING ADMIRE hand 1: hpm=1 -> shared=0
03-27 06:57:52.512 18091 18205 I [CT]    : HandPoseSampler: Filter reset
03-27 06:57:52.512 18091 18205 I InputDevice_Hand: HANDTRACKING ADMIRE hand 0: hpm=1 -> shared=0
03-27 06:57:52.512 18091 18205 I [CT]    : HandPoseSampler: Filter reset
03-27 06:57:52.512 18091 18205 I InputDevice_Hand: HANDTRACKING ADMIRE hand 1: hpm=1 -> shared=0
03-27 06:57:52.517   920 14201 I VD628x  : Flicker results: freq 120.000000, max 119.930595, dcr 33.116070, pct 0.039958, idx 0.012568, conf 0.899221, snr 9.600112, svm 0.067730, sus 0
03-27 06:57:52.523 18091 18205 I [CT]    : HandPoseSampler: Filter reset
03-27 06:57:52.523 18091 18205 I InputDevice_Hand: HANDTRACKING ADMIRE hand 0: hpm=1 -> shared=0
03-27 06:57:52.523 18091 18205 I [CT]    : HandPoseSampler: Filter reset
03-27 06:57:52.523 18091 18205 I InputDevice_Hand: HANDTRACKING ADMIRE hand 1: hpm=1 -> shared=0
03-27 06:57:52.534   897  1854 I Tracking: CONSTELLATION_Right: [Throttled count=89] P+C Right: Applying Consistent Zero Velocity Update during slow motion.
03-27 06:57:52.534 18091 18205 I [CT]    : HandPoseSampler: Filter reset
03-27 06:57:52.534 18091 18205 I InputDevice_Hand: HANDTRACKING ADMIRE hand 0: hpm=1 -> shared=0
03-27 06:57:52.534 18091 18205 I [CT]    : HandPoseSampler: Filter reset
03-27 06:57:52.534 18091 18205 I InputDevice_Hand: HANDTRACKING ADMIRE hand 1: hpm=1 -> shared=0
03-27 06:57:52.545 18091 18205 I [CT]    : HandPoseSampler: Filter reset
03-27 06:57:52.545 18091 18205 I InputDevice_Hand: HANDTRACKING ADMIRE hand 0: hpm=1 -> shared=0
03-27 06:57:52.545 18091 18205 I [CT]    : HandPoseSampler: Filter reset
03-27 06:57:52.545 18091 18205 I InputDevice_Hand: HANDTRACKING ADMIRE hand 1: hpm=1 -> shared=0
03-27 06:57:52.557 18091 18205 I [CT]    : HandPoseSampler: Filter reset
03-27 06:57:52.557 18091 18205 I InputDevice_Hand: HANDTRACKING ADMIRE hand 0: hpm=1 -> shared=0
03-27 06:57:52.557 18091 18205 I [CT]    : HandPoseSampler: Filter reset
03-27 06:57:52.557 18091 18205 I InputDevice_Hand: HANDTRACKING ADMIRE hand 1: hpm=1 -> shared=0
03-27 06:57:52.568 18091 18205 I [CT]    : HandPoseSampler: Filter reset
03-27 06:57:52.568 18091 18205 I InputDevice_Hand: HANDTRACKING ADMIRE hand 0: hpm=1 -> shared=0
03-27 06:57:52.568 18091 18205 I [CT]    : HandPoseSampler: Filter reset
03-27 06:57:52.568 18091 18205 I InputDevice_Hand: HANDTRACKING ADMIRE hand 1: hpm=1 -> shared=0
03-27 06:57:52.579 18091 18205 I [CT]    : HandPoseSampler: Filter reset
03-27 06:57:52.579 18091 18205 I InputDevice_Hand: HANDTRACKING ADMIRE hand 0: hpm=1 -> shared=0
03-27 06:57:52.579 18091 18205 I [CT]    : HandPoseSampler: Filter reset
03-27 06:57:52.579 18091 18205 I InputDevice_Hand: HANDTRACKING ADMIRE hand 1: hpm=1 -> shared=0
03-27 06:57:52.590 18091 18205 I [CT]    : HandPoseSampler: Filter reset
03-27 06:57:52.590 18091 18205 I InputDevice_Hand: HANDTRACKING ADMIRE hand 0: hpm=1 -> shared=0
03-27 06:57:52.590 18091 18205 I [CT]    : HandPoseSampler: Filter reset
03-27 06:57:52.590 18091 18205 I InputDevice_Hand: HANDTRACKING ADMIRE hand 1: hpm=1 -> shared=0
03-27 06:57:52.601 18091 18205 I [CT]    : HandPoseSampler: Filter reset
03-27 06:57:52.601 18091 18205 I InputDevice_Hand: HANDTRACKING ADMIRE hand 0: hpm=1 -> shared=0
03-27 06:57:52.601 18091 18205 I [CT]    : HandPoseSampler: Filter reset
03-27 06:57:52.601 18091 18205 I InputDevice_Hand: HANDTRACKING ADMIRE hand 1: hpm=1 -> shared=0
03-27 06:57:52.612 18091 18205 I [CT]    : HandPoseSampler: Filter reset
03-27 06:57:52.612 18091 18205 I InputDevice_Hand: HANDTRACKING ADMIRE hand 0: hpm=1 -> shared=0
03-27 06:57:52.612 18091 18205 I [CT]    : HandPoseSampler: Filter reset
03-27 06:57:52.612 18091 18205 I InputDevice_Hand: HANDTRACKING ADMIRE hand 1: hpm=1 -> shared=0
03-27 06:57:52.616 18091 18457 W ShellHsr: Renderer: RenderableFilter has 108 tags, which is more than 10. This is expected to be rare. If this becomes common, consider changing RenderableFilter logic to use something other than linear searches for filtering renderable tags (like registered bitsets).
03-27 06:57:52.623 18091 18205 I [CT]    : HandPoseSampler: Filter reset
03-27 06:57:52.624 18091 18205 I InputDevice_Hand: HANDTRACKING ADMIRE hand 0: hpm=1 -> shared=0
03-27 06:57:52.624 18091 18205 I [CT]    : HandPoseSampler: Filter reset
03-27 06:57:52.624 18091 18205 I InputDevice_Hand: HANDTRACKING ADMIRE hand 1: hpm=1 -> shared=0
03-27 06:57:52.634 18091 18205 I [CT]    : HandPoseSampler: Filter reset
03-27 06:57:52.634 18091 18205 I InputDevice_Hand: HANDTRACKING ADMIRE hand 0: hpm=1 -> shared=0
03-27 06:57:52.634 18091 18205 I [CT]    : HandPoseSampler: Filter reset
03-27 06:57:52.634 18091 18205 I InputDevice_Hand: HANDTRACKING ADMIRE hand 1: hpm=1 -> shared=0
03-27 06:57:52.644  2697 14219 I [CT]    : MIXEDREALITY: PassthroughApiManager: GetUpdatedLayerState: (every 2 seconds) PT is: ON numLayers: 0
03-27 06:57:52.646 18091 18205 I [CT]    : HandPoseSampler: Filter reset
03-27 06:57:52.646 18091 18205 I InputDevice_Hand: HANDTRACKING ADMIRE hand 0: hpm=1 -> shared=0
03-27 06:57:52.646 18091 18205 I [CT]    : HandPoseSampler: Filter reset
03-27 06:57:52.646 18091 18205 I InputDevice_Hand: HANDTRACKING ADMIRE hand 1: hpm=1 -> shared=0
03-27 06:57:52.657 18091 18205 I [CT]    : HandPoseSampler: Filter reset
03-27 06:57:52.657 18091 18205 I InputDevice_Hand: HANDTRACKING ADMIRE hand 0: hpm=1 -> shared=0
03-27 06:57:52.657 18091 18205 I [CT]    : HandPoseSampler: Filter reset
03-27 06:57:52.657 18091 18205 I InputDevice_Hand: HANDTRACKING ADMIRE hand 1: hpm=1 -> shared=0
03-27 06:57:52.668 18091 18205 I [CT]    : HandPoseSampler: Filter reset
03-27 06:57:52.668 18091 18205 I InputDevice_Hand: HANDTRACKING ADMIRE hand 0: hpm=1 -> shared=0
03-27 06:57:52.668 18091 18205 I [CT]    : HandPoseSampler: Filter reset
03-27 06:57:52.668 18091 18205 I InputDevice_Hand: HANDTRACKING ADMIRE hand 1: hpm=1 -> shared=0
03-27 06:57:52.679 18091 18205 I [CT]    : HandPoseSampler: Filter reset
03-27 06:57:52.679 18091 18205 I InputDevice_Hand: HANDTRACKING ADMIRE hand 0: hpm=1 -> shared=0
03-27 06:57:52.679 18091 18205 I [CT]    : HandPoseSampler: Filter reset
03-27 06:57:52.679 18091 18205 I InputDevice_Hand: HANDTRACKING ADMIRE hand 1: hpm=1 -> shared=0
03-27 06:57:52.690 18091 18205 I [CT]    : HandPoseSampler: Filter reset
03-27 06:57:52.690 18091 18205 I InputDevice_Hand: HANDTRACKING ADMIRE hand 0: hpm=1 -> shared=0
03-27 06:57:52.690 18091 18205 I [CT]    : HandPoseSampler: Filter reset
03-27 06:57:52.690 18091 18205 I InputDevice_Hand: HANDTRACKING ADMIRE hand 1: hpm=1 -> shared=0
03-27 06:57:52.701 18091 18205 I [CT]    : HandPoseSampler: Filter reset
03-27 06:57:52.701 18091 18205 I InputDevice_Hand: HANDTRACKING ADMIRE hand 0: hpm=1 -> shared=0
03-27 06:57:52.701 18091 18205 I [CT]    : HandPoseSampler: Filter reset
03-27 06:57:52.701 18091 18205 I InputDevice_Hand: HANDTRACKING ADMIRE hand 1: hpm=1 -> shared=0
03-27 06:57:52.712 18091 18205 I [CT]    : HandPoseSampler: Filter reset
03-27 06:57:52.712 18091 18205 I InputDevice_Hand: HANDTRACKING ADMIRE hand 0: hpm=1 -> shared=0
03-27 06:57:52.712 18091 18205 I [CT]    : HandPoseSampler: Filter reset
03-27 06:57:52.712 18091 18205 I InputDevice_Hand: HANDTRACKING ADMIRE hand 1: hpm=1 -> shared=0
03-27 06:57:52.719  1168  1826 I MRSS    : MIXEDREALITY: MrService: renderIteration: (every 10 seconds), screen is: ON, PT is: OFF, Depth is: OFF
03-27 06:57:52.723 18091 18205 I [CT]    : HandPoseSampler: Filter reset
03-27 06:57:52.723 18091 18205 I InputDevice_Hand: HANDTRACKING ADMIRE hand 0: hpm=1 -> shared=0
03-27 06:57:52.723 18091 18205 I [CT]    : HandPoseSampler: Filter reset
03-27 06:57:52.723 18091 18205 I InputDevice_Hand: HANDTRACKING ADMIRE hand 1: hpm=1 -> shared=0
03-27 06:57:52.734 18091 18205 I [CT]    : HandPoseSampler: Filter reset
03-27 06:57:52.734 18091 18205 I InputDevice_Hand: HANDTRACKING ADMIRE hand 0: hpm=1 -> shared=0
03-27 06:57:52.734 18091 18205 I [CT]    : HandPoseSampler: Filter reset
03-27 06:57:52.734 18091 18205 I InputDevice_Hand: HANDTRACKING ADMIRE hand 1: hpm=1 -> shared=0
03-27 06:57:52.745 18091 18205 I [CT]    : HandPoseSampler: Filter reset
03-27 06:57:52.745 18091 18205 I InputDevice_Hand: HANDTRACKING ADMIRE hand 0: hpm=1 -> shared=0
03-27 06:57:52.745 18091 18205 I [CT]    : HandPoseSampler: Filter reset
03-27 06:57:52.745 18091 18205 I InputDevice_Hand: HANDTRACKING ADMIRE hand 1: hpm=1 -> shared=0
03-27 06:57:52.757 18091 18205 I [CT]    : HandPoseSampler: Filter reset
03-27 06:57:52.757 18091 18205 I InputDevice_Hand: HANDTRACKING ADMIRE hand 0: hpm=1 -> shared=0
03-27 06:57:52.757 18091 18205 I [CT]    : HandPoseSampler: Filter reset
03-27 06:57:52.757 18091 18205 I InputDevice_Hand: HANDTRACKING ADMIRE hand 1: hpm=1 -> shared=0
03-27 06:57:52.768 18091 18205 I [CT]    : HandPoseSampler: Filter reset
03-27 06:57:52.768 18091 18205 I InputDevice_Hand: HANDTRACKING ADMIRE hand 0: hpm=1 -> shared=0
03-27 06:57:52.768 18091 18205 I [CT]    : HandPoseSampler: Filter reset
03-27 06:57:52.768 18091 18205 I InputDevice_Hand: HANDTRACKING ADMIRE hand 1: hpm=1 -> shared=0
03-27 06:57:52.778 18091 18205 I [CT]    : HandPoseSampler: Filter reset
03-27 06:57:52.778 18091 18205 I InputDevice_Hand: HANDTRACKING ADMIRE hand 0: hpm=1 -> shared=0
03-27 06:57:52.779 18091 18205 I [CT]    : HandPoseSampler: Filter reset
03-27 06:57:52.779 18091 18205 I InputDevice_Hand: HANDTRACKING ADMIRE hand 1: hpm=1 -> shared=0
03-27 06:57:52.790 18091 18205 I [CT]    : HandPoseSampler: Filter reset
03-27 06:57:52.790 18091 18205 I InputDevice_Hand: HANDTRACKING ADMIRE hand 0: hpm=1 -> shared=0
03-27 06:57:52.790 18091 18205 I [CT]    : HandPoseSampler: Filter reset
03-27 06:57:52.790 18091 18205 I InputDevice_Hand: HANDTRACKING ADMIRE hand 1: hpm=1 -> shared=0
03-27 06:57:52.801 18091 18205 I [CT]    : HandPoseSampler: Filter reset
03-27 06:57:52.801 18091 18205 I InputDevice_Hand: HANDTRACKING ADMIRE hand 0: hpm=1 -> shared=0
03-27 06:57:52.801 18091 18205 I [CT]    : HandPoseSampler: Filter reset
03-27 06:57:52.801 18091 18205 I InputDevice_Hand: HANDTRACKING ADMIRE hand 1: hpm=1 -> shared=0
03-27 06:57:52.812 18091 18205 I [CT]    : HandPoseSampler: Filter reset
03-27 06:57:52.812 18091 18205 I InputDevice_Hand: HANDTRACKING ADMIRE hand 0: hpm=1 -> shared=0
03-27 06:57:52.812 18091 18205 I [CT]    : HandPoseSampler: Filter reset
03-27 06:57:52.812 18091 18205 I InputDevice_Hand: HANDTRACKING ADMIRE hand 1: hpm=1 -> shared=0
03-27 06:57:52.823 18091 18205 I [CT]    : HandPoseSampler: Filter reset
03-27 06:57:52.823 18091 18205 I InputDevice_Hand: HANDTRACKING ADMIRE hand 0: hpm=1 -> shared=0
03-27 06:57:52.823 18091 18205 I [CT]    : HandPoseSampler: Filter reset
03-27 06:57:52.823 18091 18205 I InputDevice_Hand: HANDTRACKING ADMIRE hand 1: hpm=1 -> shared=0
03-27 06:57:52.834 18091 18205 I [CT]    : HandPoseSampler: Filter reset
03-27 06:57:52.834 18091 18205 I InputDevice_Hand: HANDTRACKING ADMIRE hand 0: hpm=1 -> shared=0
03-27 06:57:52.834 18091 18205 I [CT]    : HandPoseSampler: Filter reset
03-27 06:57:52.834 18091 18205 I InputDevice_Hand: HANDTRACKING ADMIRE hand 1: hpm=1 -> shared=0
03-27 06:57:52.845 18091 18205 I [CT]    : HandPoseSampler: Filter reset
03-27 06:57:52.845 18091 18205 I InputDevice_Hand: HANDTRACKING ADMIRE hand 0: hpm=1 -> shared=0
03-27 06:57:52.845 18091 18205 I [CT]    : HandPoseSampler: Filter reset
03-27 06:57:52.845 18091 18205 I InputDevice_Hand: HANDTRACKING ADMIRE hand 1: hpm=1 -> shared=0
03-27 06:57:52.857 18091 18205 I [CT]    : HandPoseSampler: Filter reset
03-27 06:57:52.857 18091 18205 I InputDevice_Hand: HANDTRACKING ADMIRE hand 0: hpm=1 -> shared=0
03-27 06:57:52.857 18091 18205 I [CT]    : HandPoseSampler: Filter reset
03-27 06:57:52.857 18091 18205 I InputDevice_Hand: HANDTRACKING ADMIRE hand 1: hpm=1 -> shared=0
03-27 06:57:52.868 18091 18205 I [CT]    : HandPoseSampler: Filter reset
03-27 06:57:52.868 18091 18205 I InputDevice_Hand: HANDTRACKING ADMIRE hand 0: hpm=1 -> shared=0
03-27 06:57:52.868 18091 18205 I [CT]    : HandPoseSampler: Filter reset
03-27 06:57:52.868 18091 18205 I InputDevice_Hand: HANDTRACKING ADMIRE hand 1: hpm=1 -> shared=0
03-27 06:57:52.878   897 14310 W Tracking: CONSTELLATION_Left: [Throttled count=503] P+C Left: Could not retrieve 3dof fallback pose.
03-27 06:57:52.879 18091 18205 I [CT]    : HandPoseSampler: Filter reset
03-27 06:57:52.879 18091 18205 I InputDevice_Hand: HANDTRACKING ADMIRE hand 0: hpm=1 -> shared=0
03-27 06:57:52.879 18091 18205 I [CT]    : HandPoseSampler: Filter reset
03-27 06:57:52.879 18091 18205 I InputDevice_Hand: HANDTRACKING ADMIRE hand 1: hpm=1 -> shared=0
03-27 06:57:52.890 18091 18205 I [CT]    : HandPoseSampler: Filter reset
03-27 06:57:52.890 18091 18205 I InputDevice_Hand: HANDTRACKING ADMIRE hand 0: hpm=1 -> shared=0
03-27 06:57:52.890 18091 18205 I [CT]    : HandPoseSampler: Filter reset
03-27 06:57:52.890 18091 18205 I InputDevice_Hand: HANDTRACKING ADMIRE hand 1: hpm=1 -> shared=0
03-27 06:57:52.901 18091 18205 I [CT]    : HandPoseSampler: Filter reset
03-27 06:57:52.901 18091 18205 I InputDevice_Hand: HANDTRACKING ADMIRE hand 0: hpm=1 -> shared=0
03-27 06:57:52.901 18091 18205 I [CT]    : HandPoseSampler: Filter reset
03-27 06:57:52.901 18091 18205 I InputDevice_Hand: HANDTRACKING ADMIRE hand 1: hpm=1 -> shared=0
03-27 06:57:52.912 18091 18205 I [CT]    : HandPoseSampler: Filter reset
03-27 06:57:52.912 18091 18205 I InputDevice_Hand: HANDTRACKING ADMIRE hand 0: hpm=1 -> shared=0
03-27 06:57:52.912 18091 18205 I [CT]    : HandPoseSampler: Filter reset
03-27 06:57:52.912 18091 18205 I InputDevice_Hand: HANDTRACKING ADMIRE hand 1: hpm=1 -> shared=0
03-27 06:57:52.923 18091 18205 I [CT]    : HandPoseSampler: Filter reset
03-27 06:57:52.923 18091 18205 I InputDevice_Hand: HANDTRACKING ADMIRE hand 0: hpm=1 -> shared=0
03-27 06:57:52.923 18091 18205 I [CT]    : HandPoseSampler: Filter reset
03-27 06:57:52.923 18091 18205 I InputDevice_Hand: HANDTRACKING ADMIRE hand 1: hpm=1 -> shared=0
03-27 06:57:52.934 18091 18205 I [CT]    : HandPoseSampler: Filter reset
03-27 06:57:52.934 18091 18205 I InputDevice_Hand: HANDTRACKING ADMIRE hand 0: hpm=1 -> shared=0
03-27 06:57:52.934 18091 18205 I [CT]    : HandPoseSampler: Filter reset
03-27 06:57:52.934 18091 18205 I InputDevice_Hand: HANDTRACKING ADMIRE hand 1: hpm=1 -> shared=0
03-27 06:57:52.946 18091 18205 I [CT]    : HandPoseSampler: Filter reset
03-27 06:57:52.946 18091 18205 I InputDevice_Hand: HANDTRACKING ADMIRE hand 0: hpm=1 -> shared=0
03-27 06:57:52.946 18091 18205 I [CT]    : HandPoseSampler: Filter reset
03-27 06:57:52.946 18091 18205 I InputDevice_Hand: HANDTRACKING ADMIRE hand 1: hpm=1 -> shared=0
03-27 06:57:52.957 18091 18205 I [CT]    : HandPoseSampler: Filter reset
03-27 06:57:52.957 18091 18205 I InputDevice_Hand: HANDTRACKING ADMIRE hand 0: hpm=1 -> shared=0
03-27 06:57:52.957 18091 18205 I [CT]    : HandPoseSampler: Filter reset
03-27 06:57:52.957 18091 18205 I InputDevice_Hand: HANDTRACKING ADMIRE hand 1: hpm=1 -> shared=0
03-27 06:57:52.968 18091 18205 I [CT]    : HandPoseSampler: Filter reset
03-27 06:57:52.968 18091 18205 I InputDevice_Hand: HANDTRACKING ADMIRE hand 0: hpm=1 -> shared=0
03-27 06:57:52.968 18091 18205 I [CT]    : HandPoseSampler: Filter reset
03-27 06:57:52.968 18091 18205 I InputDevice_Hand: HANDTRACKING ADMIRE hand 1: hpm=1 -> shared=0
03-27 06:57:52.978 18091 18205 I [CT]    : HandPoseSampler: Filter reset
03-27 06:57:52.978 18091 18205 I InputDevice_Hand: HANDTRACKING ADMIRE hand 0: hpm=1 -> shared=0
03-27 06:57:52.978 18091 18205 I [CT]    : HandPoseSampler: Filter reset
03-27 06:57:52.978 18091 18205 I InputDevice_Hand: HANDTRACKING ADMIRE hand 1: hpm=1 -> shared=0
03-27 06:57:52.990 18091 18205 I [CT]    : HandPoseSampler: Filter reset
03-27 06:57:52.990 18091 18205 I InputDevice_Hand: HANDTRACKING ADMIRE hand 0: hpm=1 -> shared=0
03-27 06:57:52.990 18091 18205 I [CT]    : HandPoseSampler: Filter reset
03-27 06:57:52.990 18091 18205 I InputDevice_Hand: HANDTRACKING ADMIRE hand 1: hpm=1 -> shared=0
03-27 06:57:53.000   897  1854 I Tracking: CONSTELLATION_Left: [Throttled count=181] P+C Left: Imu state is invalid when querying vision state!
03-27 06:57:53.001 18091 18205 I [CT]    : HandPoseSampler: Filter reset
03-27 06:57:53.001 18091 18205 I InputDevice_Hand: HANDTRACKING ADMIRE hand 0: hpm=1 -> shared=0
03-27 06:57:53.001 18091 18205 I [CT]    : HandPoseSampler: Filter reset
03-27 06:57:53.001 18091 18205 I InputDevice_Hand: HANDTRACKING ADMIRE hand 1: hpm=1 -> shared=0
03-27 06:57:53.012 18091 18205 I [CT]    : HandPoseSampler: Filter reset
03-27 06:57:53.012 18091 18205 I InputDevice_Hand: HANDTRACKING ADMIRE hand 0: hpm=1 -> shared=0
03-27 06:57:53.012 18091 18205 I [CT]    : HandPoseSampler: Filter reset
03-27 06:57:53.012 18091 18205 I InputDevice_Hand: HANDTRACKING ADMIRE hand 1: hpm=1 -> shared=0
03-27 06:57:53.023 18091 18205 I [CT]    : HandPoseSampler: Filter reset
03-27 06:57:53.023 18091 18205 I InputDevice_Hand: HANDTRACKING ADMIRE hand 0: hpm=1 -> shared=0
03-27 06:57:53.023 18091 18205 I [CT]    : HandPoseSampler: Filter reset
03-27 06:57:53.023 18091 18205 I InputDevice_Hand: HANDTRACKING ADMIRE hand 1: hpm=1 -> shared=0
03-27 06:57:53.032 18091 14209 I VrApi   : FPS=91/90,Prd=23ms,Tear=0,Early=0,Stale=0,Stale2/5/10/max=0/0/0/0,VSnc=1,Lat=-4,Fov=3,CPU4/GPU=-1/-1,1920/545MHz,OC=3F,TA=0/0/0,SP=N/N/N,Mem=2092MHz,Free=3991MB,PLS=0,Temp=34.0C/0.0C,TW=0.54ms,App=1.36ms,GD=0.00ms,CPU&GPU=6.78ms,LCnt=1(DR91,LM0),GPU%=0.19,CPU%=0.21(W0.40),CFL=11.39/14.83,ICFLp95=13.40,LD=0,CABC=1,SF=0.78,LP=1,DVFS=0,Preempt=182,PoseAgeP95=0.00
03-27 06:57:53.033 18091 14209 I VrApi   : ASW=0,Type=PTWFromStereo,E=0.000/0.000,D=0.000/0.000
03-27 06:57:53.034 18091 18205 I [CT]    : HandPoseSampler: Filter reset
03-27 06:57:53.034 18091 18205 I InputDevice_Hand: HANDTRACKING ADMIRE hand 0: hpm=1 -> shared=0
03-27 06:57:53.034 18091 18205 I [CT]    : HandPoseSampler: Filter reset
03-27 06:57:53.034 18091 18205 I InputDevice_Hand: HANDTRACKING ADMIRE hand 1: hpm=1 -> shared=0
03-27 06:57:53.045 18091 18205 I [CT]    : HandPoseSampler: Filter reset
03-27 06:57:53.045 18091 18205 I InputDevice_Hand: HANDTRACKING ADMIRE hand 0: hpm=1 -> shared=0
03-27 06:57:53.045 18091 18205 I [CT]    : HandPoseSampler: Filter reset
03-27 06:57:53.045 18091 18205 I InputDevice_Hand: HANDTRACKING ADMIRE hand 1: hpm=1 -> shared=0
03-27 06:57:53.057 18091 18205 I [CT]    : HandPoseSampler: Filter reset
03-27 06:57:53.057 18091 18205 I InputDevice_Hand: HANDTRACKING ADMIRE hand 0: hpm=1 -> shared=0
03-27 06:57:53.057 18091 18205 I [CT]    : HandPoseSampler: Filter reset
03-27 06:57:53.057 18091 18205 I InputDevice_Hand: HANDTRACKING ADMIRE hand 1: hpm=1 -> shared=0
03-27 06:57:53.065   897  1854 I Tracking: CONSTELLATION_Left: [Throttled count=90] P+C Left: Not reinitializing 6DoF filter yet (no valid pose from vision).
03-27 06:57:53.068 18091 18205 I [CT]    : HandPoseSampler: Filter reset
03-27 06:57:53.068 18091 18205 I InputDevice_Hand: HANDTRACKING ADMIRE hand 0: hpm=1 -> shared=0
03-27 06:57:53.068 18091 18205 I [CT]    : HandPoseSampler: Filter reset
03-27 06:57:53.068 18091 18205 I InputDevice_Hand: HANDTRACKING ADMIRE hand 1: hpm=1 -> shared=0
03-27 06:57:53.078 18091 18205 I [CT]    : HandPoseSampler: Filter reset
03-27 06:57:53.078 18091 18205 I InputDevice_Hand: HANDTRACKING ADMIRE hand 0: hpm=1 -> shared=0
03-27 06:57:53.078 18091 18205 I [CT]    : HandPoseSampler: Filter reset
03-27 06:57:53.078 18091 18205 I InputDevice_Hand: HANDTRACKING ADMIRE hand 1: hpm=1 -> shared=0
03-27 06:57:53.090 18091 18205 I [CT]    : HandPoseSampler: Filter reset
03-27 06:57:53.090 18091 18205 I InputDevice_Hand: HANDTRACKING ADMIRE hand 0: hpm=1 -> shared=0
03-27 06:57:53.090 18091 18205 I [CT]    : HandPoseSampler: Filter reset
03-27 06:57:53.090 18091 18205 I InputDevice_Hand: HANDTRACKING ADMIRE hand 1: hpm=1 -> shared=0
03-27 06:57:53.101 18091 18205 I [CT]    : HandPoseSampler: Filter reset
03-27 06:57:53.101 18091 18205 I InputDevice_Hand: HANDTRACKING ADMIRE hand 0: hpm=1 -> shared=0
03-27 06:57:53.101 18091 18205 I [CT]    : HandPoseSampler: Filter reset
03-27 06:57:53.101 18091 18205 I InputDevice_Hand: HANDTRACKING ADMIRE hand 1: hpm=1 -> shared=0
03-27 06:57:53.112 18091 18205 I [CT]    : HandPoseSampler: Filter reset
03-27 06:57:53.112 18091 18205 I InputDevice_Hand: HANDTRACKING ADMIRE hand 0: hpm=1 -> shared=0
03-27 06:57:53.113 18091 18205 I [CT]    : HandPoseSampler: Filter reset
03-27 06:57:53.113 18091 18205 I InputDevice_Hand: HANDTRACKING ADMIRE hand 1: hpm=1 -> shared=0
03-27 06:57:53.123 18091 18205 I [CT]    : HandPoseSampler: Filter reset
03-27 06:57:53.123 18091 18205 I InputDevice_Hand: HANDTRACKING ADMIRE hand 0: hpm=1 -> shared=0
03-27 06:57:53.123 18091 18205 I [CT]    : HandPoseSampler: Filter reset
03-27 06:57:53.123 18091 18205 I InputDevice_Hand: HANDTRACKING ADMIRE hand 1: hpm=1 -> shared=0
03-27 06:57:53.134 18091 18205 I [CT]    : HandPoseSampler: Filter reset
03-27 06:57:53.134 18091 18205 I InputDevice_Hand: HANDTRACKING ADMIRE hand 0: hpm=1 -> shared=0
03-27 06:57:53.134 18091 18205 I [CT]    : HandPoseSampler: Filter reset
03-27 06:57:53.134 18091 18205 I InputDevice_Hand: HANDTRACKING ADMIRE hand 1: hpm=1 -> shared=0
03-27 06:57:53.145 18091 18205 I [CT]    : HandPoseSampler: Filter reset
03-27 06:57:53.145 18091 18205 I InputDevice_Hand: HANDTRACKING ADMIRE hand 0: hpm=1 -> shared=0
03-27 06:57:53.145 18091 18205 I [CT]    : HandPoseSampler: Filter reset
03-27 06:57:53.145 18091 18205 I InputDevice_Hand: HANDTRACKING ADMIRE hand 1: hpm=1 -> shared=0
03-27 06:57:53.156 18091 18205 I [CT]    : HandPoseSampler: Filter reset
03-27 06:57:53.156 18091 18205 I InputDevice_Hand: HANDTRACKING ADMIRE hand 0: hpm=1 -> shared=0
03-27 06:57:53.156 18091 18205 I [CT]    : HandPoseSampler: Filter reset
03-27 06:57:53.156 18091 18205 I InputDevice_Hand: HANDTRACKING ADMIRE hand 1: hpm=1 -> shared=0
03-27 06:57:53.167 18091 18205 I [CT]    : HandPoseSampler: Filter reset
03-27 06:57:53.167 18091 18205 I InputDevice_Hand: HANDTRACKING ADMIRE hand 0: hpm=1 -> shared=0
03-27 06:57:53.167 18091 18205 I [CT]    : HandPoseSampler: Filter reset
03-27 06:57:53.167 18091 18205 I InputDevice_Hand: HANDTRACKING ADMIRE hand 1: hpm=1 -> shared=0
03-27 06:57:53.178 18091 18205 I [CT]    : HandPoseSampler: Filter reset
03-27 06:57:53.178 18091 18205 I InputDevice_Hand: HANDTRACKING ADMIRE hand 0: hpm=1 -> shared=0
03-27 06:57:53.178 18091 18205 I [CT]    : HandPoseSampler: Filter reset
03-27 06:57:53.178 18091 18205 I InputDevice_Hand: HANDTRACKING ADMIRE hand 1: hpm=1 -> shared=0
03-27 06:57:53.189 18091 18205 I [CT]    : HandPoseSampler: Filter reset
03-27 06:57:53.189 18091 18205 I InputDevice_Hand: HANDTRACKING ADMIRE hand 0: hpm=1 -> shared=0
03-27 06:57:53.189 18091 18205 I [CT]    : HandPoseSampler: Filter reset
03-27 06:57:53.189 18091 18205 I InputDevice_Hand: HANDTRACKING ADMIRE hand 1: hpm=1 -> shared=0
03-27 06:57:53.201 18091 18205 I [CT]    : HandPoseSampler: Filter reset
03-27 06:57:53.201 18091 18205 I InputDevice_Hand: HANDTRACKING ADMIRE hand 0: hpm=1 -> shared=0
03-27 06:57:53.201 18091 18205 I [CT]    : HandPoseSampler: Filter reset
03-27 06:57:53.201 18091 18205 I InputDevice_Hand: HANDTRACKING ADMIRE hand 1: hpm=1 -> shared=0
03-27 06:57:53.211 18091 18205 I [CT]    : HandPoseSampler: Filter reset
03-27 06:57:53.211 18091 18205 I InputDevice_Hand: HANDTRACKING ADMIRE hand 0: hpm=1 -> shared=0
03-27 06:57:53.211 18091 18205 I [CT]    : HandPoseSampler: Filter reset
03-27 06:57:53.211 18091 18205 I InputDevice_Hand: HANDTRACKING ADMIRE hand 1: hpm=1 -> shared=0
03-27 06:57:53.223 18091 18205 I [CT]    : HandPoseSampler: Filter reset
03-27 06:57:53.223 18091 18205 I InputDevice_Hand: HANDTRACKING ADMIRE hand 0: hpm=1 -> shared=0
03-27 06:57:53.223 18091 18205 I [CT]    : HandPoseSampler: Filter reset
03-27 06:57:53.223 18091 18205 I InputDevice_Hand: HANDTRACKING ADMIRE hand 1: hpm=1 -> shared=0
03-27 06:57:53.234 18091 18205 I [CT]    : HandPoseSampler: Filter reset
03-27 06:57:53.234 18091 18205 I InputDevice_Hand: HANDTRACKING ADMIRE hand 0: hpm=1 -> shared=0
03-27 06:57:53.234 18091 18205 I [CT]    : HandPoseSampler: Filter reset
03-27 06:57:53.234 18091 18205 I InputDevice_Hand: HANDTRACKING ADMIRE hand 1: hpm=1 -> shared=0
03-27 06:57:53.245 18091 18205 I [CT]    : HandPoseSampler: Filter reset
03-27 06:57:53.245 18091 18205 I InputDevice_Hand: HANDTRACKING ADMIRE hand 0: hpm=1 -> shared=0
03-27 06:57:53.245 18091 18205 I [CT]    : HandPoseSampler: Filter reset
03-27 06:57:53.245 18091 18205 I InputDevice_Hand: HANDTRACKING ADMIRE hand 1: hpm=1 -> shared=0
03-27 06:57:53.253   920 14201 I VD628x  : Flicker results: freq 120.000000, max 119.928734, dcr 33.129505, pct 0.039958, idx 0.012568, conf 0.902863, snr 9.752500, svm 0.067673, sus 0
03-27 06:57:53.256 18091 18205 I [CT]    : HandPoseSampler: Filter reset
03-27 06:57:53.256 18091 18205 I InputDevice_Hand: HANDTRACKING ADMIRE hand 0: hpm=1 -> shared=0
03-27 06:57:53.256 18091 18205 I [CT]    : HandPoseSampler: Filter reset
03-27 06:57:53.256 18091 18205 I InputDevice_Hand: HANDTRACKING ADMIRE hand 1: hpm=1 -> shared=0
03-27 06:57:53.268 18091 18205 I [CT]    : HandPoseSampler: Filter reset
03-27 06:57:53.268 18091 18205 I InputDevice_Hand: HANDTRACKING ADMIRE hand 0: hpm=1 -> shared=0
03-27 06:57:53.268 18091 18205 I [CT]    : HandPoseSampler: Filter reset
03-27 06:57:53.268 18091 18205 I InputDevice_Hand: HANDTRACKING ADMIRE hand 1: hpm=1 -> shared=0
03-27 06:57:53.278 18091 18205 I [CT]    : HandPoseSampler: Filter reset
03-27 06:57:53.278 18091 18205 I InputDevice_Hand: HANDTRACKING ADMIRE hand 0: hpm=1 -> shared=0
03-27 06:57:53.278 18091 18205 I [CT]    : HandPoseSampler: Filter reset
03-27 06:57:53.278 18091 18205 I InputDevice_Hand: HANDTRACKING ADMIRE hand 1: hpm=1 -> shared=0
03-27 06:57:53.279 18224 18352 I AutoStationaryHelper: [AutoStationaryHelper::getGuardianDataFromNearbyRoomscale] Checking 1 existing guardian data
03-27 06:57:53.279 18224 18352 I GuardianMapDataMgr: [GuardianMapDataMgr::isValidTrackedRoomscale] [2575043440] Valid=yes, Roomscale=yes, Anchor [2cee9d32-7f24-ff1e-5555-ae309d8ea246] Tracked=yes
03-27 06:57:53.279 18224 18352 I AutoStationaryHelper: [AutoStationaryHelper::getGuardianDataFromNearbyRoomscale] [2575043440] Distance to HMD: 3.793533
03-27 06:57:53.290 18091 18205 I [CT]    : HandPoseSampler: Filter reset
03-27 06:57:53.290 18091 18205 I InputDevice_Hand: HANDTRACKING ADMIRE hand 0: hpm=1 -> shared=0
03-27 06:57:53.290 18091 18205 I [CT]    : HandPoseSampler: Filter reset
03-27 06:57:53.290 18091 18205 I InputDevice_Hand: HANDTRACKING ADMIRE hand 1: hpm=1 -> shared=0
03-27 06:57:53.301 18091 18205 I [CT]    : HandPoseSampler: Filter reset
03-27 06:57:53.301 18091 18205 I InputDevice_Hand: HANDTRACKING ADMIRE hand 0: hpm=1 -> shared=0
03-27 06:57:53.301 18091 18205 I [CT]    : HandPoseSampler: Filter reset
03-27 06:57:53.301 18091 18205 I InputDevice_Hand: HANDTRACKING ADMIRE hand 1: hpm=1 -> shared=0
03-27 06:57:53.312 18091 18205 I [CT]    : HandPoseSampler: Filter reset
03-27 06:57:53.312 18091 18205 I InputDevice_Hand: HANDTRACKING ADMIRE hand 0: hpm=1 -> shared=0
03-27 06:57:53.312 18091 18205 I [CT]    : HandPoseSampler: Filter reset
03-27 06:57:53.312 18091 18205 I InputDevice_Hand: HANDTRACKING ADMIRE hand 1: hpm=1 -> shared=0
03-27 06:57:53.323 18091 18205 I [CT]    : HandPoseSampler: Filter reset
03-27 06:57:53.323 18091 18205 I InputDevice_Hand: HANDTRACKING ADMIRE hand 0: hpm=1 -> shared=0
03-27 06:57:53.324 18091 18205 I [CT]    : HandPoseSampler: Filter reset
03-27 06:57:53.324 18091 18205 I InputDevice_Hand: HANDTRACKING ADMIRE hand 1: hpm=1 -> shared=0
03-27 06:57:53.334 18091 18205 I [CT]    : HandPoseSampler: Filter reset
03-27 06:57:53.334 18091 18205 I InputDevice_Hand: HANDTRACKING ADMIRE hand 0: hpm=1 -> shared=0
03-27 06:57:53.334 18091 18205 I [CT]    : HandPoseSampler: Filter reset
03-27 06:57:53.334 18091 18205 I InputDevice_Hand: HANDTRACKING ADMIRE hand 1: hpm=1 -> shared=0
03-27 06:57:53.337   897 14310 D TrackingService: 2e7e5d32cf134aad: isControllerInHand(130043.72s): 0 ctEnabled: 1 btnPress(129651.07s): 0 *btnOrTpdTouch(129661.93s): 0 *btnOrTpdProx(129662.01s): 0 static(130043.72s): 0 thbstkOffCenter(129643.30s): 0 
03-27 06:57:53.337   897 14310 D TrackingService: [HANDTRACKING] Controller 2e7e5d32cf134aad in hand: N, valid: Y
03-27 06:57:53.338  2391 14195 D ControllerManagement: RemoteService::recordControllerStatusUpdate: device 2e7e5d32cf134aad: status: CONNECTED_ACTIVE tracking: POSITION, errors: --
03-27 06:57:53.345 18091 18205 I [CT]    : HandPoseSampler: Filter reset
03-27 06:57:53.345 18091 18205 I InputDevice_Hand: HANDTRACKING ADMIRE hand 0: hpm=1 -> shared=0
03-27 06:57:53.345 18091 18205 I [CT]    : HandPoseSampler: Filter reset
03-27 06:57:53.345 18091 18205 I InputDevice_Hand: HANDTRACKING ADMIRE hand 1: hpm=1 -> shared=0
03-27 06:57:53.345 18091 18205 I OpenXR_ClientState: [OATS]: IP changed: unknown/interaction_profiles/meta/touch_controller_plus, 7
03-27 06:57:53.345 18091 18205 I OpenXR_ClientState: [OATS]: IP changed: /user/hand/right/interaction_profiles/meta/touch_controller_plus, -1
03-27 06:57:53.346 18091 18205 I [SEO] ShellInputConfigurationDataProvider: InteractionMode changed, mode: Null activation method: No Device Present displayTimeActivated 130045.741621
03-27 06:57:53.350 18091 18205 W [SEO] InputOpenXr: Interaction Profile retrieval failed: /user/eyes_ext
03-27 06:57:53.357 18091 18205 I [CT]    : HandPoseSampler: Filter reset
03-27 06:57:53.357 18091 18205 I InputDevice_Hand: HANDTRACKING ADMIRE hand 0: hpm=1 -> shared=0
03-27 06:57:53.357 18091 18205 I [CT]    : HandPoseSampler: Filter reset
03-27 06:57:53.357 18091 18205 I InputDevice_Hand: HANDTRACKING ADMIRE hand 1: hpm=1 -> shared=0
03-27 06:57:53.358 18091 18205 I ShellHsr: Input: Destroying hand instance: hand=Right
03-27 06:57:53.367 18091 18205 I [CT]    : HandPoseSampler: Filter reset
03-27 06:57:53.367 18091 18205 I InputDevice_Hand: HANDTRACKING ADMIRE hand 0: hpm=1 -> shared=0
03-27 06:57:53.367 18091 18205 I [CT]    : HandPoseSampler: Filter reset
03-27 06:57:53.367 18091 18205 I InputDevice_Hand: HANDTRACKING ADMIRE hand 1: hpm=1 -> shared=0
03-27 06:57:53.378 18091 18205 I [CT]    : HandPoseSampler: Filter reset
03-27 06:57:53.378 18091 18205 I InputDevice_Hand: HANDTRACKING ADMIRE hand 0: hpm=1 -> shared=0
03-27 06:57:53.378 18091 18205 I [CT]    : HandPoseSampler: Filter reset
03-27 06:57:53.378 18091 18205 I InputDevice_Hand: HANDTRACKING ADMIRE hand 1: hpm=1 -> shared=0
03-27 06:57:53.389 18091 18205 I [CT]    : HandPoseSampler: Filter reset
03-27 06:57:53.389 18091 18205 I InputDevice_Hand: HANDTRACKING ADMIRE hand 0: hpm=1 -> shared=0
03-27 06:57:53.389 18091 18205 I [CT]    : HandPoseSampler: Filter reset
03-27 06:57:53.389 18091 18205 I InputDevice_Hand: HANDTRACKING ADMIRE hand 1: hpm=1 -> shared=0
03-27 06:57:53.401 18091 18205 I [CT]    : HandPoseSampler: Filter reset
03-27 06:57:53.401 18091 18205 I InputDevice_Hand: HANDTRACKING ADMIRE hand 0: hpm=1 -> shared=0
03-27 06:57:53.401 18091 18205 I [CT]    : HandPoseSampler: Filter reset
03-27 06:57:53.401 18091 18205 I InputDevice_Hand: HANDTRACKING ADMIRE hand 1: hpm=1 -> shared=0
03-27 06:57:53.406   897 14271 W Tracking: IoteLogging: IMU Update exceeded imu sampling period: update=0.001405179 [sec], period=0.001250000 [sec].
03-27 06:57:53.412 18091 18205 I [CT]    : HandPoseSampler: Filter reset
03-27 06:57:53.412 18091 18205 I InputDevice_Hand: HANDTRACKING ADMIRE hand 0: hpm=1 -> shared=0
03-27 06:57:53.412 18091 18205 I [CT]    : HandPoseSampler: Filter reset
03-27 06:57:53.412 18091 18205 I InputDevice_Hand: HANDTRACKING ADMIRE hand 1: hpm=1 -> shared=0
03-27 06:57:53.423 18091 18205 I [CT]    : HandPoseSampler: Filter reset
03-27 06:57:53.423 18091 18205 I InputDevice_Hand: HANDTRACKING ADMIRE hand 0: hpm=1 -> shared=0
03-27 06:57:53.423 18091 18205 I [CT]    : HandPoseSampler: Filter reset
03-27 06:57:53.423 18091 18205 I InputDevice_Hand: HANDTRACKING ADMIRE hand 1: hpm=1 -> shared=0
03-27 06:57:53.434 18091 18205 I [CT]    : HandPoseSampler: Filter reset
03-27 06:57:53.434 18091 18205 I InputDevice_Hand: HANDTRACKING ADMIRE hand 0: hpm=1 -> shared=0
03-27 06:57:53.434 18091 18205 I [CT]    : HandPoseSampler: Filter reset
03-27 06:57:53.434 18091 18205 I InputDevice_Hand: HANDTRACKING ADMIRE hand 1: hpm=1 -> shared=0
03-27 06:57:53.445 18091 18205 I [CT]    : HandPoseSampler: Filter reset
03-27 06:57:53.445 18091 18205 I InputDevice_Hand: HANDTRACKING ADMIRE hand 0: hpm=1 -> shared=0
03-27 06:57:53.445 18091 18205 I [CT]    : HandPoseSampler: Filter reset
03-27 06:57:53.445 18091 18205 I InputDevice_Hand: HANDTRACKING ADMIRE hand 1: hpm=1 -> shared=0
03-27 06:57:53.456 18091 18205 I [CT]    : HandPoseSampler: Filter reset
03-27 06:57:53.456 18091 18205 I InputDevice_Hand: HANDTRACKING ADMIRE hand 0: hpm=1 -> shared=0
03-27 06:57:53.456 18091 18205 I [CT]    : HandPoseSampler: Filter reset
03-27 06:57:53.456 18091 18205 I InputDevice_Hand: HANDTRACKING ADMIRE hand 1: hpm=1 -> shared=0
03-27 06:57:53.467 18091 18205 I [CT]    : HandPoseSampler: Filter reset
03-27 06:57:53.467 18091 18205 I InputDevice_Hand: HANDTRACKING ADMIRE hand 0: hpm=1 -> shared=0
03-27 06:57:53.467 18091 18205 I [CT]    : HandPoseSampler: Filter reset
03-27 06:57:53.467 18091 18205 I InputDevice_Hand: HANDTRACKING ADMIRE hand 1: hpm=1 -> shared=0
03-27 06:57:53.477 18091 18205 I [CT]    : HandPoseSampler: Filter reset
03-27 06:57:53.478 18091 18205 I InputDevice_Hand: HANDTRACKING ADMIRE hand 0: hpm=1 -> shared=0
03-27 06:57:53.478 18091 18205 I [CT]    : HandPoseSampler: Filter reset
03-27 06:57:53.478 18091 18205 I InputDevice_Hand: HANDTRACKING ADMIRE hand 1: hpm=1 -> shared=0
03-27 06:57:53.483   897 14310 I Tracking: CONSTELLATION:IMU_STATUS: 0x9a0f3b964e7e111f (L): [#Samples=2516] 418.700s | [FusionTracked=0.000, OutputTracked=0.000, OutputValid=0.000] [AccelSat=0.000, GyroSat=0.000] [AccelMinMeanMax: X=-7.898|-7.820|-7.729, Y=5.192|5.247|5.313, Z=-2.536|-2.416|-2.309] [GyroMinMeanMax: X=-0.002|0.005|0.011, Y=-0.019|-0.012|-0.004, Z=-0.009|0.001|0.009] [AccelStuck: X=0|0.000, Y=0|0.000, Z=0|0.000] [GyroStuck: X=0|0.000, Y=0|0.000, Z=0|0.000]  [Current time=418.700s, last log time=413.699s]
03-27 06:57:53.489 18091 18205 I [CT]    : HandPoseSampler: Filter reset
03-27 06:57:53.489 18091 18205 I InputDevice_Hand: HANDTRACKING ADMIRE hand 0: hpm=1 -> shared=0
03-27 06:57:53.489 18091 18205 I [CT]    : HandPoseSampler: Filter reset
03-27 06:57:53.489 18091 18205 I InputDevice_Hand: HANDTRACKING ADMIRE hand 1: hpm=1 -> shared=0
03-27 06:57:53.501 18091 18205 I [CT]    : HandPoseSampler: Filter reset
03-27 06:57:53.501 18091 18205 I InputDevice_Hand: HANDTRACKING ADMIRE hand 0: hpm=1 -> shared=0
03-27 06:57:53.501 18091 18205 I [CT]    : HandPoseSampler: Filter reset
03-27 06:57:53.501 18091 18205 I InputDevice_Hand: HANDTRACKING ADMIRE hand 1: hpm=1 -> shared=0
03-27 06:57:53.507   897 14310 I Tracking: CONSTELLATION:IMU_STATUS: 0x2e7e5d32cf134aad (R): [#Samples=2515] 418.725s | [FusionTracked=1.000, OutputTracked=1.000, OutputValid=1.000] [AccelSat=0.000, GyroSat=0.000] [AccelMinMeanMax: X=4.233|4.344|4.491, Y=5.020|5.117|5.219, Z=-6.971|-6.902|-6.830] [GyroMinMeanMax: X=-0.002|0.007|0.019, Y=-0.019|-0.003|0.019, Z=-0.013|0.002|0.017] [AccelStuck: X=0|0.000, Y=0|0.000, Z=0|0.000] [GyroStuck: X=0|0.000, Y=0|0.000, Z=0|0.000]  [Current time=418.725s, last log time=413.723s]
03-27 06:57:53.512 18091 18205 I [CT]    : HandPoseSampler: Filter reset
03-27 06:57:53.512 18091 18205 I InputDevice_Hand: HANDTRACKING ADMIRE hand 0: hpm=1 -> shared=0
03-27 06:57:53.512 18091 18205 I [CT]    : HandPoseSampler: Filter reset
03-27 06:57:53.512 18091 18205 I InputDevice_Hand: HANDTRACKING ADMIRE hand 1: hpm=1 -> shared=0
03-27 06:57:53.523   927 19557 I libcamerahal: [INSIGHTS][2.00s] recv/ret/req heartbeat: cam0: 90/90/0, cam1: 90/90/0, cam2: 90/90/0, cam3: 90/90/0
03-27 06:57:53.523 18091 18205 I [CT]    : HandPoseSampler: Filter reset
03-27 06:57:53.523 18091 18205 I InputDevice_Hand: HANDTRACKING ADMIRE hand 0: hpm=1 -> shared=0
03-27 06:57:53.523 18091 18205 I [CT]    : HandPoseSampler: Filter reset
03-27 06:57:53.523 18091 18205 I InputDevice_Hand: HANDTRACKING ADMIRE hand 1: hpm=1 -> shared=0
03-27 06:57:53.534 18091 18205 I [CT]    : HandPoseSampler: Filter reset
03-27 06:57:53.534 18091 18205 I InputDevice_Hand: HANDTRACKING ADMIRE hand 0: hpm=1 -> shared=0
03-27 06:57:53.534 18091 18205 I [CT]    : HandPoseSampler: Filter reset
03-27 06:57:53.534 18091 18205 I InputDevice_Hand: HANDTRACKING ADMIRE hand 1: hpm=1 -> shared=0
03-27 06:57:53.545 18091 18205 I [CT]    : HandPoseSampler: Filter reset
03-27 06:57:53.545 18091 18205 I InputDevice_Hand: HANDTRACKING ADMIRE hand 0: hpm=1 -> shared=0
03-27 06:57:53.545 18091 18205 I [CT]    : HandPoseSampler: Filter reset
03-27 06:57:53.545 18091 18205 I InputDevice_Hand: HANDTRACKING ADMIRE hand 1: hpm=1 -> shared=0
03-27 06:57:53.556 18091 18205 I [CT]    : HandPoseSampler: Filter reset
03-27 06:57:53.556 18091 18205 I InputDevice_Hand: HANDTRACKING ADMIRE hand 0: hpm=1 -> shared=0
03-27 06:57:53.556 18091 18205 I [CT]    : HandPoseSampler: Filter reset
03-27 06:57:53.556 18091 18205 I InputDevice_Hand: HANDTRACKING ADMIRE hand 1: hpm=1 -> shared=0
03-27 06:57:53.567 18091 18205 I [CT]    : HandPoseSampler: Filter reset
03-27 06:57:53.567 18091 18205 I InputDevice_Hand: HANDTRACKING ADMIRE hand 0: hpm=1 -> shared=0
03-27 06:57:53.567 18091 18205 I [CT]    : HandPoseSampler: Filter reset
03-27 06:57:53.567 18091 18205 I InputDevice_Hand: HANDTRACKING ADMIRE hand 1: hpm=1 -> shared=0
03-27 06:57:53.579 18091 18205 I [CT]    : HandPoseSampler: Filter reset
03-27 06:57:53.579 18091 18205 I InputDevice_Hand: HANDTRACKING ADMIRE hand 0: hpm=1 -> shared=0
03-27 06:57:53.579 18091 18205 I [CT]    : HandPoseSampler: Filter reset
03-27 06:57:53.579 18091 18205 I InputDevice_Hand: HANDTRACKING ADMIRE hand 1: hpm=1 -> shared=0
03-27 06:57:53.590 18091 18205 I [CT]    : HandPoseSampler: Filter reset
03-27 06:57:53.590 18091 18205 I InputDevice_Hand: HANDTRACKING ADMIRE hand 0: hpm=1 -> shared=0
03-27 06:57:53.590 18091 18205 I [CT]    : HandPoseSampler: Filter reset
03-27 06:57:53.590 18091 18205 I InputDevice_Hand: HANDTRACKING ADMIRE hand 1: hpm=1 -> shared=0
03-27 06:57:53.600 18091 18205 I [CT]    : HandPoseSampler: Filter reset
03-27 06:57:53.600 18091 18205 I InputDevice_Hand: HANDTRACKING ADMIRE hand 0: hpm=1 -> shared=0
03-27 06:57:53.600 18091 18205 I [CT]    : HandPoseSampler: Filter reset
03-27 06:57:53.600 18091 18205 I InputDevice_Hand: HANDTRACKING ADMIRE hand 1: hpm=1 -> shared=0
03-27 06:57:53.611 18091 18205 I [CT]    : HandPoseSampler: Filter reset
03-27 06:57:53.611 18091 18205 I InputDevice_Hand: HANDTRACKING ADMIRE hand 0: hpm=1 -> shared=0
03-27 06:57:53.611 18091 18205 I [CT]    : HandPoseSampler: Filter reset
03-27 06:57:53.611 18091 18205 I InputDevice_Hand: HANDTRACKING ADMIRE hand 1: hpm=1 -> shared=0
03-27 06:57:53.623 18091 18205 I [CT]    : HandPoseSampler: Filter reset
03-27 06:57:53.623 18091 18205 I InputDevice_Hand: HANDTRACKING ADMIRE hand 0: hpm=1 -> shared=0
03-27 06:57:53.623 18091 18205 I [CT]    : HandPoseSampler: Filter reset
03-27 06:57:53.623 18091 18205 I InputDevice_Hand: HANDTRACKING ADMIRE hand 1: hpm=1 -> shared=0
03-27 06:57:53.627 18091 18457 W ShellHsr: Renderer: RenderableFilter has 108 tags, which is more than 10. This is expected to be rare. If this becomes common, consider changing RenderableFilter logic to use something other than linear searches for filtering renderable tags (like registered bitsets).
03-27 06:57:53.634 18091 18205 I [CT]    : HandPoseSampler: Filter reset
03-27 06:57:53.634 18091 18205 I InputDevice_Hand: HANDTRACKING ADMIRE hand 0: hpm=1 -> shared=0
03-27 06:57:53.634 18091 18205 I [CT]    : HandPoseSampler: Filter reset
03-27 06:57:53.634 18091 18205 I InputDevice_Hand: HANDTRACKING ADMIRE hand 1: hpm=1 -> shared=0
03-27 06:57:53.645 18091 18205 I [CT]    : HandPoseSampler: Filter reset
03-27 06:57:53.645 18091 18205 I InputDevice_Hand: HANDTRACKING ADMIRE hand 0: hpm=1 -> shared=0
03-27 06:57:53.645 18091 18205 I [CT]    : HandPoseSampler: Filter reset
03-27 06:57:53.645 18091 18205 I InputDevice_Hand: HANDTRACKING ADMIRE hand 1: hpm=1 -> shared=0
03-27 06:57:53.656 18091 18205 I [CT]    : HandPoseSampler: Filter reset
03-27 06:57:53.656 18091 18205 I InputDevice_Hand: HANDTRACKING ADMIRE hand 0: hpm=1 -> shared=0
03-27 06:57:53.656 18091 18205 I [CT]    : HandPoseSampler: Filter reset
03-27 06:57:53.656 18091 18205 I InputDevice_Hand: HANDTRACKING ADMIRE hand 1: hpm=1 -> shared=0
03-27 06:57:53.666   897  1854 I Tracking: CONSTELLATION:VISION_STATUS: 0x2e7e5d32cf134aad (R): [#Samples=76] 418.876s | BlobDetection:[#BlobsDetected=(11.91, 2.37)]Matching:[MatchSuccess=1.000, MatchCost=(0.00276, 0.00000), #MatchedBlobs=(8.87, 0.75), #MatchedLeds=(5.26, 0.43), RematchM=0.908, SkipRefine=0.105] MatchMethod:[Prox=0.000, ConstBrute=1.000, AttiBrute=0.000, UnconstBrute=0.000] MatchResets[AnomBlobSize=0.000, SharedMatch=0.000, DenseReacq=0.000] | Fusion:[FusionError=0.000, ImuFromCamMs=(-417376.478, 2138717.781), RematchF=0.000] FusionUpdates:[Successful=0.000, Reliable=0.000, TightFusion=0.000, FullPose=0.000, StaticPrior=0.000, StaticForHandTrans=0.000, PoseUpdateMD=(0.0000, 0.0000)] FusionResets[6DoFReset=0.000, ResetSuccess=0.000] FusionStatus[HasPosition=0.000, HasVelocity=0.000]  [Current time=418.876s, last log time=413.810s]
03-27 06:57:53.666   897  1854 I Tracking: CONSTELLATION:VISION_STATUS: 0x9a0f3b964e7e111f (L): [#Samples=76] 418.876s | BlobDetection:[#BlobsDetected=(11.91, 2.37)]Matching:[MatchSuccess=0.000, MatchCost=(0.00000, 0.00000), #MatchedBlobs=(0.00, 0.00), #MatchedLeds=(0.00, 0.00), RematchM=0.000, SkipRefine=0.000] MatchMethod:[Prox=0.000, ConstBrute=0.000, AttiBrute=0.000, UnconstBrute=0.000] MatchResets[AnomBlobSize=0.000, SharedMatch=0.000, DenseReacq=0.000] | Fusion:[FusionError=0.000, ImuFromCamMs=(-417376.478, 2138717.781), RematchF=0.000] FusionUpdates:[Successful=0.000, Reliable=0.000, TightFusion=0.000, FullPose=0.000, StaticPrior=0.000, StaticForHandTrans=0.000, PoseUpdateMD=(0.0000, 0.0000)] FusionResets[6DoFReset=0.000, ResetSuccess=0.000] FusionStatus[HasPosition=0.000, HasVelocity=0.000]  [Current time=418.876s, last log time=413.810s]
03-27 06:57:53.668 18091 18205 I [CT]    : HandPoseSampler: Filter reset
03-27 06:57:53.668 18091 18205 I InputDevice_Hand: HANDTRACKING ADMIRE hand 0: hpm=1 -> shared=0
03-27 06:57:53.668 18091 18205 I [CT]    : HandPoseSampler: Filter reset
03-27 06:57:53.668 18091 18205 I InputDevice_Hand: HANDTRACKING ADMIRE hand 1: hpm=1 -> shared=0
03-27 06:57:53.679 18091 18205 I [CT]    : HandPoseSampler: Filter reset
03-27 06:57:53.679 18091 18205 I InputDevice_Hand: HANDTRACKING ADMIRE hand 0: hpm=1 -> shared=0
03-27 06:57:53.679 18091 18205 I [CT]    : HandPoseSampler: Filter reset
03-27 06:57:53.679 18091 18205 I InputDevice_Hand: HANDTRACKING ADMIRE hand 1: hpm=1 -> shared=0
03-27 06:57:53.690 18091 18205 I [CT]    : HandPoseSampler: Filter reset
03-27 06:57:53.690 18091 18205 I InputDevice_Hand: HANDTRACKING ADMIRE hand 0: hpm=1 -> shared=0
03-27 06:57:53.690 18091 18205 I [CT]    : HandPoseSampler: Filter reset
03-27 06:57:53.690 18091 18205 I InputDevice_Hand: HANDTRACKING ADMIRE hand 1: hpm=1 -> shared=0
03-27 06:57:53.701 18091 18205 I [CT]    : HandPoseSampler: Filter reset
03-27 06:57:53.701 18091 18205 I InputDevice_Hand: HANDTRACKING ADMIRE hand 0: hpm=1 -> shared=0
03-27 06:57:53.701 18091 18205 I [CT]    : HandPoseSampler: Filter reset
03-27 06:57:53.701 18091 18205 I InputDevice_Hand: HANDTRACKING ADMIRE hand 1: hpm=1 -> shared=0
03-27 06:57:53.712 18091 18205 I [CT]    : HandPoseSampler: Filter reset
03-27 06:57:53.712 18091 18205 I InputDevice_Hand: HANDTRACKING ADMIRE hand 0: hpm=1 -> shared=0
03-27 06:57:53.712 18091 18205 I [CT]    : HandPoseSampler: Filter reset
03-27 06:57:53.712 18091 18205 I InputDevice_Hand: HANDTRACKING ADMIRE hand 1: hpm=1 -> shared=0
03-27 06:57:53.723 18091 18205 I [CT]    : HandPoseSampler: Filter reset
03-27 06:57:53.723 18091 18205 I InputDevice_Hand: HANDTRACKING ADMIRE hand 0: hpm=1 -> shared=0
03-27 06:57:53.723 18091 18205 I [CT]    : HandPoseSampler: Filter reset
03-27 06:57:53.723 18091 18205 I InputDevice_Hand: HANDTRACKING ADMIRE hand 1: hpm=1 -> shared=0
03-27 06:57:53.734 18091 18205 I [CT]    : HandPoseSampler: Filter reset
03-27 06:57:53.734 18091 18205 I InputDevice_Hand: HANDTRACKING ADMIRE hand 0: hpm=1 -> shared=0
03-27 06:57:53.734 18091 18205 I [CT]    : HandPoseSampler: Filter reset
03-27 06:57:53.734 18091 18205 I InputDevice_Hand: HANDTRACKING ADMIRE hand 1: hpm=1 -> shared=0
03-27 06:57:53.746 18091 18205 I [CT]    : HandPoseSampler: Filter reset
03-27 06:57:53.746 18091 18205 I InputDevice_Hand: HANDTRACKING ADMIRE hand 0: hpm=1 -> shared=0
03-27 06:57:53.746 18091 18205 I [CT]    : HandPoseSampler: Filter reset
03-27 06:57:53.746 18091 18205 I InputDevice_Hand: HANDTRACKING ADMIRE hand 1: hpm=1 -> shared=0
03-27 06:57:53.757 18091 18205 I [CT]    : HandPoseSampler: Filter reset
03-27 06:57:53.757 18091 18205 I InputDevice_Hand: HANDTRACKING ADMIRE hand 0: hpm=1 -> shared=0
03-27 06:57:53.757 18091 18205 I [CT]    : HandPoseSampler: Filter reset
03-27 06:57:53.757 18091 18205 I InputDevice_Hand: HANDTRACKING ADMIRE hand 1: hpm=1 -> shared=0
03-27 06:57:53.768 18091 18205 I [CT]    : HandPoseSampler: Filter reset
03-27 06:57:53.768 18091 18205 I InputDevice_Hand: HANDTRACKING ADMIRE hand 0: hpm=1 -> shared=0
03-27 06:57:53.768 18091 18205 I [CT]    : HandPoseSampler: Filter reset
03-27 06:57:53.768 18091 18205 I InputDevice_Hand: HANDTRACKING ADMIRE hand 1: hpm=1 -> shared=0
03-27 06:57:53.779 18091 18205 I [CT]    : HandPoseSampler: Filter reset
03-27 06:57:53.779 18091 18205 I InputDevice_Hand: HANDTRACKING ADMIRE hand 0: hpm=1 -> shared=0
03-27 06:57:53.779 18091 18205 I [CT]    : HandPoseSampler: Filter reset
03-27 06:57:53.779 18091 18205 I InputDevice_Hand: HANDTRACKING ADMIRE hand 1: hpm=1 -> shared=0
03-27 06:57:53.790 18091 18205 I [CT]    : HandPoseSampler: Filter reset
03-27 06:57:53.790 18091 18205 I InputDevice_Hand: HANDTRACKING ADMIRE hand 0: hpm=1 -> shared=0
03-27 06:57:53.790 18091 18205 I [CT]    : HandPoseSampler: Filter reset
03-27 06:57:53.790 18091 18205 I InputDevice_Hand: HANDTRACKING ADMIRE hand 1: hpm=1 -> shared=0
03-27 06:57:53.801 18091 18205 I [CT]    : HandPoseSampler: Filter reset
03-27 06:57:53.801 18091 18205 I InputDevice_Hand: HANDTRACKING ADMIRE hand 0: hpm=1 -> shared=0
03-27 06:57:53.801 18091 18205 I [CT]    : HandPoseSampler: Filter reset
03-27 06:57:53.801 18091 18205 I InputDevice_Hand: HANDTRACKING ADMIRE hand 1: hpm=1 -> shared=0
03-27 06:57:53.811 18091 18205 I [CT]    : HandPoseSampler: Filter reset
03-27 06:57:53.811 18091 18205 I InputDevice_Hand: HANDTRACKING ADMIRE hand 0: hpm=1 -> shared=0
03-27 06:57:53.811 18091 18205 I [CT]    : HandPoseSampler: Filter reset
03-27 06:57:53.811 18091 18205 I InputDevice_Hand: HANDTRACKING ADMIRE hand 1: hpm=1 -> shared=0
03-27 06:57:53.822 18091 18205 I [CT]    : HandPoseSampler: Filter reset
03-27 06:57:53.822 18091 18205 I InputDevice_Hand: HANDTRACKING ADMIRE hand 0: hpm=1 -> shared=0
03-27 06:57:53.822 18091 18205 I [CT]    : HandPoseSampler: Filter reset
03-27 06:57:53.823 18091 18205 I InputDevice_Hand: HANDTRACKING ADMIRE hand 1: hpm=1 -> shared=0
03-27 06:57:53.834 18091 18205 I [CT]    : HandPoseSampler: Filter reset
03-27 06:57:53.834 18091 18205 I InputDevice_Hand: HANDTRACKING ADMIRE hand 0: hpm=1 -> shared=0
03-27 06:57:53.834 18091 18205 I [CT]    : HandPoseSampler: Filter reset
03-27 06:57:53.834 18091 18205 I InputDevice_Hand: HANDTRACKING ADMIRE hand 1: hpm=1 -> shared=0
03-27 06:57:53.845 18091 18205 I [CT]    : HandPoseSampler: Filter reset
03-27 06:57:53.845 18091 18205 I InputDevice_Hand: HANDTRACKING ADMIRE hand 0: hpm=1 -> shared=0
03-27 06:57:53.845 18091 18205 I [CT]    : HandPoseSampler: Filter reset
03-27 06:57:53.845 18091 18205 I InputDevice_Hand: HANDTRACKING ADMIRE hand 1: hpm=1 -> shared=0
03-27 06:57:53.856 18091 18205 I [CT]    : HandPoseSampler: Filter reset
03-27 06:57:53.856 18091 18205 I InputDevice_Hand: HANDTRACKING ADMIRE hand 0: hpm=1 -> shared=0
03-27 06:57:53.856 18091 18205 I [CT]    : HandPoseSampler: Filter reset
03-27 06:57:53.856 18091 18205 I InputDevice_Hand: HANDTRACKING ADMIRE hand 1: hpm=1 -> shared=0
03-27 06:57:53.868 18091 18205 I [CT]    : HandPoseSampler: Filter reset
03-27 06:57:53.868 18091 18205 I InputDevice_Hand: HANDTRACKING ADMIRE hand 0: hpm=1 -> shared=0
03-27 06:57:53.868 18091 18205 I [CT]    : HandPoseSampler: Filter reset
03-27 06:57:53.868 18091 18205 I InputDevice_Hand: HANDTRACKING ADMIRE hand 1: hpm=1 -> shared=0
03-27 06:57:53.879 18091 18205 I [CT]    : HandPoseSampler: Filter reset
03-27 06:57:53.879 18091 18205 I InputDevice_Hand: HANDTRACKING ADMIRE hand 0: hpm=1 -> shared=0
03-27 06:57:53.879 18091 18205 I [CT]    : HandPoseSampler: Filter reset
03-27 06:57:53.879 18091 18205 I InputDevice_Hand: HANDTRACKING ADMIRE hand 1: hpm=1 -> shared=0
03-27 06:57:53.882   897 14310 W Tracking: CONSTELLATION_Left: [Throttled count=503] P+C Left: Could not retrieve 3dof fallback pose.
03-27 06:57:53.890 18091 18205 I [CT]    : HandPoseSampler: Filter reset
03-27 06:57:53.890 18091 18205 I InputDevice_Hand: HANDTRACKING ADMIRE hand 0: hpm=1 -> shared=0
03-27 06:57:53.890 18091 18205 I [CT]    : HandPoseSampler: Filter reset
03-27 06:57:53.890 18091 18205 I InputDevice_Hand: HANDTRACKING ADMIRE hand 1: hpm=1 -> shared=0
03-27 06:57:53.901 18091 18205 I [CT]    : HandPoseSampler: Filter reset
03-27 06:57:53.901 18091 18205 I InputDevice_Hand: HANDTRACKING ADMIRE hand 0: hpm=1 -> shared=0
03-27 06:57:53.901 18091 18205 I [CT]    : HandPoseSampler: Filter reset
03-27 06:57:53.901 18091 18205 I InputDevice_Hand: HANDTRACKING ADMIRE hand 1: hpm=1 -> shared=0
03-27 06:57:53.907   927  1672 E libsensortelemetry: imu samples delayed: 6786258ns capture to arrival (ERS limit: 3500000ns)
03-27 06:57:53.912 18091 18205 I [CT]    : HandPoseSampler: Filter reset
03-27 06:57:53.912 18091 18205 I InputDevice_Hand: HANDTRACKING ADMIRE hand 0: hpm=1 -> shared=0
03-27 06:57:53.913 18091 18205 I [CT]    : HandPoseSampler: Filter reset
03-27 06:57:53.913 18091 18205 I InputDevice_Hand: HANDTRACKING ADMIRE hand 1: hpm=1 -> shared=0
03-27 06:57:53.923 18091 18205 I [CT]    : HandPoseSampler: Filter reset
03-27 06:57:53.924 18091 18205 I InputDevice_Hand: HANDTRACKING ADMIRE hand 0: hpm=1 -> shared=0
03-27 06:57:53.924 18091 18205 I [CT]    : HandPoseSampler: Filter reset
03-27 06:57:53.924 18091 18205 I InputDevice_Hand: HANDTRACKING ADMIRE hand 1: hpm=1 -> shared=0
03-27 06:57:53.934 18091 18205 I [CT]    : HandPoseSampler: Filter reset
03-27 06:57:53.934 18091 18205 I InputDevice_Hand: HANDTRACKING ADMIRE hand 0: hpm=1 -> shared=0
03-27 06:57:53.934 18091 18205 I [CT]    : HandPoseSampler: Filter reset
03-27 06:57:53.934 18091 18205 I InputDevice_Hand: HANDTRACKING ADMIRE hand 1: hpm=1 -> shared=0
03-27 06:57:53.946 18091 18205 I [CT]    : HandPoseSampler: Filter reset
03-27 06:57:53.946 18091 18205 I InputDevice_Hand: HANDTRACKING ADMIRE hand 0: hpm=1 -> shared=0
03-27 06:57:53.946 18091 18205 I [CT]    : HandPoseSampler: Filter reset
03-27 06:57:53.946 18091 18205 I InputDevice_Hand: HANDTRACKING ADMIRE hand 1: hpm=1 -> shared=0
03-27 06:57:53.957 18091 18205 I [CT]    : HandPoseSampler: Filter reset
03-27 06:57:53.957 18091 18205 I InputDevice_Hand: HANDTRACKING ADMIRE hand 0: hpm=1 -> shared=0
03-27 06:57:53.957 18091 18205 I [CT]    : HandPoseSampler: Filter reset
03-27 06:57:53.957 18091 18205 I InputDevice_Hand: HANDTRACKING ADMIRE hand 1: hpm=1 -> shared=0
03-27 06:57:53.967 18091 18205 I [CT]    : HandPoseSampler: Filter reset
03-27 06:57:53.967 18091 18205 I InputDevice_Hand: HANDTRACKING ADMIRE hand 0: hpm=1 -> shared=0
03-27 06:57:53.967 18091 18205 I [CT]    : HandPoseSampler: Filter reset
03-27 06:57:53.967 18091 18205 I InputDevice_Hand: HANDTRACKING ADMIRE hand 1: hpm=1 -> shared=0
03-27 06:57:53.979 18091 18205 I [CT]    : HandPoseSampler: Filter reset
03-27 06:57:53.979 18091 18205 I InputDevice_Hand: HANDTRACKING ADMIRE hand 0: hpm=1 -> shared=0
03-27 06:57:53.979 18091 18205 I [CT]    : HandPoseSampler: Filter reset
03-27 06:57:53.979 18091 18205 I InputDevice_Hand: HANDTRACKING ADMIRE hand 1: hpm=1 -> shared=0
03-27 06:57:53.990   920 14201 I VD628x  : Flicker results: freq 120.000000, max 119.920013, dcr 33.170345, pct 0.040092, idx 0.012568, conf 0.903545, snr 9.754370, svm 0.067648, sus 0
03-27 06:57:53.990 18091 18205 I [CT]    : HandPoseSampler: Filter reset
03-27 06:57:53.990 18091 18205 I InputDevice_Hand: HANDTRACKING ADMIRE hand 0: hpm=1 -> shared=0
03-27 06:57:53.990 18091 18205 I [CT]    : HandPoseSampler: Filter reset
03-27 06:57:53.990 18091 18205 I InputDevice_Hand: HANDTRACKING ADMIRE hand 1: hpm=1 -> shared=0
03-27 06:57:53.994   897  1800 E libsensortelemetry: imu_iot samples delayed: 6861049ns capture to arrival (ERS limit: 3500000ns)
03-27 06:57:54.001 18091 18205 I [CT]    : HandPoseSampler: Filter reset
03-27 06:57:54.001 18091 18205 I InputDevice_Hand: HANDTRACKING ADMIRE hand 0: hpm=1 -> shared=0
03-27 06:57:54.001 18091 18205 I [CT]    : HandPoseSampler: Filter reset
03-27 06:57:54.001 18091 18205 I InputDevice_Hand: HANDTRACKING ADMIRE hand 1: hpm=1 -> shared=0
03-27 06:57:54.012 18091 18205 I [CT]    : HandPoseSampler: Filter reset
03-27 06:57:54.012 18091 18205 I InputDevice_Hand: HANDTRACKING ADMIRE hand 0: hpm=1 -> shared=0
03-27 06:57:54.012 18091 18205 I [CT]    : HandPoseSampler: Filter reset
03-27 06:57:54.012 18091 18205 I InputDevice_Hand: HANDTRACKING ADMIRE hand 1: hpm=1 -> shared=0
03-27 06:57:54.023 18091 18205 I [CT]    : HandPoseSampler: Filter reset
03-27 06:57:54.023 18091 18205 I InputDevice_Hand: HANDTRACKING ADMIRE hand 0: hpm=1 -> shared=0
03-27 06:57:54.023 18091 18205 I [CT]    : HandPoseSampler: Filter reset
03-27 06:57:54.023 18091 18205 I InputDevice_Hand: HANDTRACKING ADMIRE hand 1: hpm=1 -> shared=0
03-27 06:57:54.033 18091 14209 I VrApi   : FPS=90/90,Prd=23ms,Tear=0,Early=0,Stale=0,Stale2/5/10/max=0/0/0/0,VSnc=1,Lat=-4,Fov=3,CPU4/GPU=-1/-1,1920/545MHz,OC=3F,TA=0/0/0,SP=N/N/N,Mem=2092MHz,Free=3991MB,PLS=0,Temp=34.0C/0.0C,TW=0.54ms,App=1.36ms,GD=0.00ms,CPU&GPU=6.61ms,LCnt=1(DR91,LM0),GPU%=0.19,CPU%=0.20(W0.37),CFL=11.30/14.60,ICFLp95=13.28,LD=0,CABC=1,SF=0.78,LP=1,DVFS=0,Preempt=182,PoseAgeP95=0.00
03-27 06:57:54.033 18091 14209 I VrApi   : ASW=0,Type=PTWFromStereo,E=0.000/0.000,D=0.000/0.000
03-27 06:57:54.034 18091 18205 I [CT]    : HandPoseSampler: Filter reset
03-27 06:57:54.034 18091 18205 I InputDevice_Hand: HANDTRACKING ADMIRE hand 0: hpm=1 -> shared=0
03-27 06:57:54.034 18091 18205 I [CT]    : HandPoseSampler: Filter reset
03-27 06:57:54.034 18091 18205 I InputDevice_Hand: HANDTRACKING ADMIRE hand 1: hpm=1 -> shared=0
03-27 06:57:54.045 18091 18205 I [CT]    : HandPoseSampler: Filter reset
03-27 06:57:54.045 18091 18205 I InputDevice_Hand: HANDTRACKING ADMIRE hand 0: hpm=1 -> shared=0
03-27 06:57:54.045 18091 18205 I [CT]    : HandPoseSampler: Filter reset
03-27 06:57:54.045 18091 18205 I InputDevice_Hand: HANDTRACKING ADMIRE hand 1: hpm=1 -> shared=0
03-27 06:57:54.056 18091 18205 I [CT]    : HandPoseSampler: Filter reset
03-27 06:57:54.056 18091 18205 I InputDevice_Hand: HANDTRACKING ADMIRE hand 0: hpm=1 -> shared=0
03-27 06:57:54.056 18091 18205 I [CT]    : HandPoseSampler: Filter reset
03-27 06:57:54.056 18091 18205 I InputDevice_Hand: HANDTRACKING ADMIRE hand 1: hpm=1 -> shared=0
03-27 06:57:54.068 18091 18205 I [CT]    : HandPoseSampler: Filter reset
03-27 06:57:54.068 18091 18205 I InputDevice_Hand: HANDTRACKING ADMIRE hand 0: hpm=1 -> shared=0
03-27 06:57:54.068 18091 18205 I [CT]    : HandPoseSampler: Filter reset
03-27 06:57:54.068 18091 18205 I InputDevice_Hand: HANDTRACKING ADMIRE hand 1: hpm=1 -> shared=0
03-27 06:57:54.079 18091 18205 I [CT]    : HandPoseSampler: Filter reset
03-27 06:57:54.079 18091 18205 I InputDevice_Hand: HANDTRACKING ADMIRE hand 0: hpm=1 -> shared=0
03-27 06:57:54.079 18091 18205 I [CT]    : HandPoseSampler: Filter reset
03-27 06:57:54.079 18091 18205 I InputDevice_Hand: HANDTRACKING ADMIRE hand 1: hpm=1 -> shared=0
03-27 06:57:54.090 18091 18205 I [CT]    : HandPoseSampler: Filter reset
03-27 06:57:54.090 18091 18205 I InputDevice_Hand: HANDTRACKING ADMIRE hand 0: hpm=1 -> shared=0
03-27 06:57:54.090 18091 18205 I [CT]    : HandPoseSampler: Filter reset
03-27 06:57:54.090 18091 18205 I InputDevice_Hand: HANDTRACKING ADMIRE hand 1: hpm=1 -> shared=0
03-27 06:57:54.101 18091 18205 I [CT]    : HandPoseSampler: Filter reset
03-27 06:57:54.101 18091 18205 I InputDevice_Hand: HANDTRACKING ADMIRE hand 0: hpm=1 -> shared=0
03-27 06:57:54.101 18091 18205 I [CT]    : HandPoseSampler: Filter reset
03-27 06:57:54.101 18091 18205 I InputDevice_Hand: HANDTRACKING ADMIRE hand 1: hpm=1 -> shared=0
03-27 06:57:54.113 18091 18205 I [CT]    : HandPoseSampler: Filter reset
03-27 06:57:54.113 18091 18205 I InputDevice_Hand: HANDTRACKING ADMIRE hand 0: hpm=1 -> shared=0
03-27 06:57:54.113 18091 18205 I [CT]    : HandPoseSampler: Filter reset
03-27 06:57:54.113 18091 18205 I InputDevice_Hand: HANDTRACKING ADMIRE hand 1: hpm=1 -> shared=0
03-27 06:57:54.124 18091 18205 I [CT]    : HandPoseSampler: Filter reset
03-27 06:57:54.124 18091 18205 I InputDevice_Hand: HANDTRACKING ADMIRE hand 0: hpm=1 -> shared=0
03-27 06:57:54.124 18091 18205 I [CT]    : HandPoseSampler: Filter reset
03-27 06:57:54.124 18091 18205 I InputDevice_Hand: HANDTRACKING ADMIRE hand 1: hpm=1 -> shared=0
03-27 06:57:54.134 18091 18205 I [CT]    : HandPoseSampler: Filter reset
03-27 06:57:54.134 18091 18205 I InputDevice_Hand: HANDTRACKING ADMIRE hand 0: hpm=1 -> shared=0
03-27 06:57:54.134 18091 18205 I [CT]    : HandPoseSampler: Filter reset
03-27 06:57:54.134 18091 18205 I InputDevice_Hand: HANDTRACKING ADMIRE hand 1: hpm=1 -> shared=0
03-27 06:57:54.146 18091 18205 I [CT]    : HandPoseSampler: Filter reset
03-27 06:57:54.146 18091 18205 I InputDevice_Hand: HANDTRACKING ADMIRE hand 0: hpm=1 -> shared=0
03-27 06:57:54.146 18091 18205 I [CT]    : HandPoseSampler: Filter reset
03-27 06:57:54.146 18091 18205 I InputDevice_Hand: HANDTRACKING ADMIRE hand 1: hpm=1 -> shared=0
03-27 06:57:54.157 18091 18205 I [CT]    : HandPoseSampler: Filter reset
03-27 06:57:54.157 18091 18205 I InputDevice_Hand: HANDTRACKING ADMIRE hand 0: hpm=1 -> shared=0
03-27 06:57:54.157 18091 18205 I [CT]    : HandPoseSampler: Filter reset
03-27 06:57:54.157 18091 18205 I InputDevice_Hand: HANDTRACKING ADMIRE hand 1: hpm=1 -> shared=0
03-27 06:57:54.168 18091 18205 I [CT]    : HandPoseSampler: Filter reset
03-27 06:57:54.168 18091 18205 I InputDevice_Hand: HANDTRACKING ADMIRE hand 0: hpm=1 -> shared=0
03-27 06:57:54.168 18091 18205 I [CT]    : HandPoseSampler: Filter reset
03-27 06:57:54.168 18091 18205 I InputDevice_Hand: HANDTRACKING ADMIRE hand 1: hpm=1 -> shared=0
03-27 06:57:54.178   897 14310 D TrackingService: 2e7e5d32cf134aad: isControllerInHand(130046.56s): 1 ctEnabled: 1 btnPress(129651.07s): 0 *btnOrTpdTouch(129661.93s): 0 *btnOrTpdProx(129662.01s): 0 static(130046.56s): 1 thbstkOffCenter(129643.30s): 0 
03-27 06:57:54.178   897 14310 D TrackingService: [HANDTRACKING] Controller 2e7e5d32cf134aad in hand: Y, valid: Y
03-27 06:57:54.178  2391 14195 D ControllerManagement: RemoteService::recordControllerStatusUpdate: device 2e7e5d32cf134aad: status: CONNECTED_ACTIVE tracking: POSITION, errors: --
03-27 06:57:54.179 18091 18205 I [CT]    : HandPoseSampler: Filter reset
03-27 06:57:54.179 18091 18205 I InputDevice_Hand: HANDTRACKING ADMIRE hand 0: hpm=1 -> shared=0
03-27 06:57:54.179 18091 18205 I [CT]    : HandPoseSampler: Filter reset
03-27 06:57:54.179 18091 18205 I InputDevice_Hand: HANDTRACKING ADMIRE hand 1: hpm=1 -> shared=0
03-27 06:57:54.190 18091 18205 I [CT]    : HandPoseSampler: Filter reset
03-27 06:57:54.190 18091 18205 I InputDevice_Hand: HANDTRACKING ADMIRE hand 0: hpm=1 -> shared=0
03-27 06:57:54.190 18091 18205 I [CT]    : HandPoseSampler: Filter reset
03-27 06:57:54.190 18091 18205 I InputDevice_Hand: HANDTRACKING ADMIRE hand 1: hpm=1 -> shared=0
03-27 06:57:54.190 18091 18205 I OpenXR_ClientState: [OATS]: IP changed: /user/hand/right/interaction_profiles/meta/touch_controller_plus, 7
03-27 06:57:54.190 18091 18205 I OpenXR_ClientState: [OATS]: IP changed: unknown/interaction_profiles/meta/touch_controller_plus, -1
03-27 06:57:54.194 18091 18205 W [SEO] InputOpenXr: Interaction Profile retrieval failed: /user/eyes_ext
03-27 06:57:54.201 18091 18205 I [CT]    : HandPoseSampler: Filter reset
03-27 06:57:54.201 18091 18205 I InputDevice_Hand: HANDTRACKING ADMIRE hand 0: hpm=1 -> shared=0
03-27 06:57:54.201 18091 18205 I [CT]    : HandPoseSampler: Filter reset
03-27 06:57:54.201 18091 18205 I InputDevice_Hand: HANDTRACKING ADMIRE hand 1: hpm=1 -> shared=0
03-27 06:57:54.202 18091 18205 I [SEO] ShellInputConfigurationDataProvider: InteractionMode changed, mode: HybridChiral activation method: Controller Presence displayTimeActivated 130046.597177
03-27 06:57:54.203 18091 18205 I ShellHsr: Input: Creating hand instance: hand=Right
03-27 06:57:54.212 18091 18205 I [CT]    : HandPoseSampler: Filter reset
03-27 06:57:54.212 18091 18205 I InputDevice_Hand: HANDTRACKING ADMIRE hand 0: hpm=1 -> shared=0
03-27 06:57:54.212 18091 18205 I [CT]    : HandPoseSampler: Filter reset
03-27 06:57:54.212 18091 18205 I InputDevice_Hand: HANDTRACKING ADMIRE hand 1: hpm=1 -> shared=0
03-27 06:57:54.223 18091 18205 I [CT]    : HandPoseSampler: Filter reset
03-27 06:57:54.223 18091 18205 I InputDevice_Hand: HANDTRACKING ADMIRE hand 0: hpm=1 -> shared=0
03-27 06:57:54.223 18091 18205 I [CT]    : HandPoseSampler: Filter reset
03-27 06:57:54.223 18091 18205 I InputDevice_Hand: HANDTRACKING ADMIRE hand 1: hpm=1 -> shared=0
03-27 06:57:54.234 18091 18205 I [CT]    : HandPoseSampler: Filter reset
03-27 06:57:54.234 18091 18205 I InputDevice_Hand: HANDTRACKING ADMIRE hand 0: hpm=1 -> shared=0
03-27 06:57:54.234 18091 18205 I [CT]    : HandPoseSampler: Filter reset
03-27 06:57:54.234 18091 18205 I InputDevice_Hand: HANDTRACKING ADMIRE hand 1: hpm=1 -> shared=0
03-27 06:57:54.245 18091 18205 I [CT]    : HandPoseSampler: Filter reset
03-27 06:57:54.245 18091 18205 I InputDevice_Hand: HANDTRACKING ADMIRE hand 0: hpm=1 -> shared=0
03-27 06:57:54.245 18091 18205 I [CT]    : HandPoseSampler: Filter reset
03-27 06:57:54.245 18091 18205 I InputDevice_Hand: HANDTRACKING ADMIRE hand 1: hpm=1 -> shared=0
03-27 06:57:54.256 18091 18205 I [CT]    : HandPoseSampler: Filter reset
03-27 06:57:54.256 18091 18205 I InputDevice_Hand: HANDTRACKING ADMIRE hand 0: hpm=1 -> shared=0
03-27 06:57:54.256 18091 18205 I [CT]    : HandPoseSampler: Filter reset
03-27 06:57:54.256 18091 18205 I InputDevice_Hand: HANDTRACKING ADMIRE hand 1: hpm=1 -> shared=0
03-27 06:57:54.261   927 14165 W SensorService: Unknown packet type (32) received
03-27 06:57:54.268 18091 18205 I [CT]    : HandPoseSampler: Filter reset
03-27 06:57:54.268 18091 18205 I InputDevice_Hand: HANDTRACKING ADMIRE hand 0: hpm=1 -> shared=0
03-27 06:57:54.268 18091 18205 I [CT]    : HandPoseSampler: Filter reset
03-27 06:57:54.268 18091 18205 I InputDevice_Hand: HANDTRACKING ADMIRE hand 1: hpm=1 -> shared=0
03-27 06:57:54.279 18091 18205 I [CT]    : HandPoseSampler: Filter reset
03-27 06:57:54.279 18091 18205 I InputDevice_Hand: HANDTRACKING ADMIRE hand 0: hpm=1 -> shared=0
03-27 06:57:54.279 18091 18205 I [CT]    : HandPoseSampler: Filter reset
03-27 06:57:54.279 18091 18205 I InputDevice_Hand: HANDTRACKING ADMIRE hand 1: hpm=1 -> shared=0
03-27 06:57:54.290 18091 18205 I [CT]    : HandPoseSampler: Filter reset
03-27 06:57:54.290 18091 18205 I InputDevice_Hand: HANDTRACKING ADMIRE hand 0: hpm=1 -> shared=0
03-27 06:57:54.290 18091 18205 I [CT]    : HandPoseSampler: Filter reset
03-27 06:57:54.290 18091 18205 I InputDevice_Hand: HANDTRACKING ADMIRE hand 1: hpm=1 -> shared=0
03-27 06:57:54.300 18091 18205 I [CT]    : HandPoseSampler: Filter reset
03-27 06:57:54.300 18091 18205 I InputDevice_Hand: HANDTRACKING ADMIRE hand 0: hpm=1 -> shared=0
03-27 06:57:54.300 18091 18205 I [CT]    : HandPoseSampler: Filter reset
03-27 06:57:54.300 18091 18205 I InputDevice_Hand: HANDTRACKING ADMIRE hand 1: hpm=1 -> shared=0
03-27 06:57:54.312 18091 18205 I [CT]    : HandPoseSampler: Filter reset
03-27 06:57:54.312 18091 18205 I InputDevice_Hand: HANDTRACKING ADMIRE hand 0: hpm=1 -> shared=0
03-27 06:57:54.312 18091 18205 I [CT]    : HandPoseSampler: Filter reset
03-27 06:57:54.312 18091 18205 I InputDevice_Hand: HANDTRACKING ADMIRE hand 1: hpm=1 -> shared=0
03-27 06:57:54.323 18091 18205 I [CT]    : HandPoseSampler: Filter reset
03-27 06:57:54.323 18091 18205 I InputDevice_Hand: HANDTRACKING ADMIRE hand 0: hpm=1 -> shared=0
03-27 06:57:54.323 18091 18205 I [CT]    : HandPoseSampler: Filter reset
03-27 06:57:54.323 18091 18205 I InputDevice_Hand: HANDTRACKING ADMIRE hand 1: hpm=1 -> shared=0
03-27 06:57:54.334 18091 18205 I [CT]    : HandPoseSampler: Filter reset
03-27 06:57:54.334 18091 18205 I InputDevice_Hand: HANDTRACKING ADMIRE hand 0: hpm=1 -> shared=0
03-27 06:57:54.334 18091 18205 I [CT]    : HandPoseSampler: Filter reset
03-27 06:57:54.335 18091 18205 I InputDevice_Hand: HANDTRACKING ADMIRE hand 1: hpm=1 -> shared=0
03-27 06:57:54.345 18091 18205 I [CT]    : HandPoseSampler: Filter reset
03-27 06:57:54.345 18091 18205 I InputDevice_Hand: HANDTRACKING ADMIRE hand 0: hpm=1 -> shared=0
03-27 06:57:54.345 18091 18205 I [CT]    : HandPoseSampler: Filter reset
03-27 06:57:54.345 18091 18205 I InputDevice_Hand: HANDTRACKING ADMIRE hand 1: hpm=1 -> shared=0
03-27 06:57:54.356 18091 18205 I [CT]    : HandPoseSampler: Filter reset
03-27 06:57:54.356 18091 18205 I InputDevice_Hand: HANDTRACKING ADMIRE hand 0: hpm=1 -> shared=0
03-27 06:57:54.357 18091 18205 I [CT]    : HandPoseSampler: Filter reset
03-27 06:57:54.357 18091 18205 I InputDevice_Hand: HANDTRACKING ADMIRE hand 1: hpm=1 -> shared=0
03-27 06:57:54.367 18091 18205 I [CT]    : HandPoseSampler: Filter reset
03-27 06:57:54.367 18091 18205 I InputDevice_Hand: HANDTRACKING ADMIRE hand 0: hpm=1 -> shared=0
03-27 06:57:54.367 18091 18205 I [CT]    : HandPoseSampler: Filter reset
03-27 06:57:54.368 18091 18205 I InputDevice_Hand: HANDTRACKING ADMIRE hand 1: hpm=1 -> shared=0
03-27 06:57:54.379 18224 18352 I AutoStationaryHelper: [AutoStationaryHelper::getGuardianDataFromNearbyRoomscale] Checking 1 existing guardian data
03-27 06:57:54.379 18091 18205 I [CT]    : HandPoseSampler: Filter reset
03-27 06:57:54.379 18224 18352 I GuardianMapDataMgr: [GuardianMapDataMgr::isValidTrackedRoomscale] [2575043440] Valid=yes, Roomscale=yes, Anchor [2cee9d32-7f24-ff1e-5555-ae309d8ea246] Tracked=yes
03-27 06:57:54.379 18091 18205 I InputDevice_Hand: HANDTRACKING ADMIRE hand 0: hpm=1 -> shared=0
03-27 06:57:54.379 18224 18352 I AutoStationaryHelper: [AutoStationaryHelper::getGuardianDataFromNearbyRoomscale] [2575043440] Distance to HMD: 3.797914
03-27 06:57:54.379 18091 18205 I [CT]    : HandPoseSampler: Filter reset
03-27 06:57:54.379 18091 18205 I InputDevice_Hand: HANDTRACKING ADMIRE hand 1: hpm=1 -> shared=0
03-27 06:57:54.390 18091 18205 I [CT]    : HandPoseSampler: Filter reset
03-27 06:57:54.390 18091 18205 I InputDevice_Hand: HANDTRACKING ADMIRE hand 0: hpm=1 -> shared=0
03-27 06:57:54.390 18091 18205 I [CT]    : HandPoseSampler: Filter reset
03-27 06:57:54.390 18091 18205 I InputDevice_Hand: HANDTRACKING ADMIRE hand 1: hpm=1 -> shared=0
03-27 06:57:54.401 18091 18205 I [CT]    : HandPoseSampler: Filter reset
03-27 06:57:54.401 18091 18205 I InputDevice_Hand: HANDTRACKING ADMIRE hand 0: hpm=1 -> shared=0
03-27 06:57:54.401 18091 18205 I [CT]    : HandPoseSampler: Filter reset
03-27 06:57:54.401 18091 18205 I InputDevice_Hand: HANDTRACKING ADMIRE hand 1: hpm=1 -> shared=0
03-27 06:57:54.412 18091 18205 I [CT]    : HandPoseSampler: Filter reset
03-27 06:57:54.412 18091 18205 I InputDevice_Hand: HANDTRACKING ADMIRE hand 0: hpm=1 -> shared=0
03-27 06:57:54.412 18091 18205 I [CT]    : HandPoseSampler: Filter reset
03-27 06:57:54.412 18091 18205 I InputDevice_Hand: HANDTRACKING ADMIRE hand 1: hpm=1 -> shared=0
03-27 06:57:54.421   897  1848 I Tracking: Vega: [INSIGHTS] Mode=DescriptorVega,6DoF,Agg=58s,Inl=14,26,32,Mem=96.1,FrameDur=6.1,15.5,PoseLat=1.5,9.0,CamImuLat=10.2,29.9,Jit=0.0,0.0,Drops(Cam=0,IMU=0),MeanIr=2293.6,Exp(4.5ms,g=4,I=60)(4.5ms,g=4,I=60)(5.6ms,g=6,I=59)(6.1ms,g=7,I=59)(0.0ms,g=0)(0.0ms,g=0),NonInertEnv=n
03-27 06:57:54.423 18091 18205 I [CT]    : HandPoseSampler: Filter reset
03-27 06:57:54.424 18091 18205 I InputDevice_Hand: HANDTRACKING ADMIRE hand 0: hpm=1 -> shared=0
03-27 06:57:54.424 18091 18205 I [CT]    : HandPoseSampler: Filter reset
03-27 06:57:54.424 18091 18205 I InputDevice_Hand: HANDTRACKING ADMIRE hand 1: hpm=1 -> shared=0
03-27 06:57:54.434 18091 18205 I [CT]    : HandPoseSampler: Filter reset
03-27 06:57:54.434 18091 18205 I InputDevice_Hand: HANDTRACKING ADMIRE hand 0: hpm=1 -> shared=0
03-27 06:57:54.434 18091 18205 I [CT]    : HandPoseSampler: Filter reset
03-27 06:57:54.434 18091 18205 I InputDevice_Hand: HANDTRACKING ADMIRE hand 1: hpm=1 -> shared=0
03-27 06:57:54.446 18091 18205 I [CT]    : HandPoseSampler: Filter reset
03-27 06:57:54.446 18091 18205 I InputDevice_Hand: HANDTRACKING ADMIRE hand 0: hpm=1 -> shared=0
03-27 06:57:54.446 18091 18205 I [CT]    : HandPoseSampler: Filter reset
03-27 06:57:54.446 18091 18205 I InputDevice_Hand: HANDTRACKING ADMIRE hand 1: hpm=1 -> shared=0
03-27 06:57:54.457 18091 18205 I [CT]    : HandPoseSampler: Filter reset
03-27 06:57:54.457 18091 18205 I InputDevice_Hand: HANDTRACKING ADMIRE hand 0: hpm=1 -> shared=0
03-27 06:57:54.457 18091 18205 I [CT]    : HandPoseSampler: Filter reset
03-27 06:57:54.457 18091 18205 I InputDevice_Hand: HANDTRACKING ADMIRE hand 1: hpm=1 -> shared=0
03-27 06:57:54.468 18091 18205 I [CT]    : HandPoseSampler: Filter reset
03-27 06:57:54.468 18091 18205 I InputDevice_Hand: HANDTRACKING ADMIRE hand 0: hpm=1 -> shared=0
03-27 06:57:54.468 18091 18205 I [CT]    : HandPoseSampler: Filter reset
03-27 06:57:54.468 18091 18205 I InputDevice_Hand: HANDTRACKING ADMIRE hand 1: hpm=1 -> shared=0
03-27 06:57:54.478 18091 18205 I [CT]    : HandPoseSampler: Filter reset
03-27 06:57:54.478 18091 18205 I InputDevice_Hand: HANDTRACKING ADMIRE hand 0: hpm=1 -> shared=0
03-27 06:57:54.478 18091 18205 I [CT]    : HandPoseSampler: Filter reset
03-27 06:57:54.478 18091 18205 I InputDevice_Hand: HANDTRACKING ADMIRE hand 1: hpm=1 -> shared=0
03-27 06:57:54.490 18091 18205 I [CT]    : HandPoseSampler: Filter reset
03-27 06:57:54.490 18091 18205 I InputDevice_Hand: HANDTRACKING ADMIRE hand 0: hpm=1 -> shared=0
03-27 06:57:54.490 18091 18205 I [CT]    : HandPoseSampler: Filter reset
03-27 06:57:54.490 18091 18205 I InputDevice_Hand: HANDTRACKING ADMIRE hand 1: hpm=1 -> shared=0
03-27 06:57:54.501 18091 18205 I [CT]    : HandPoseSampler: Filter reset
03-27 06:57:54.501 18091 18205 I InputDevice_Hand: HANDTRACKING ADMIRE hand 0: hpm=1 -> shared=0
03-27 06:57:54.501 18091 18205 I [CT]    : HandPoseSampler: Filter reset
03-27 06:57:54.501 18091 18205 I InputDevice_Hand: HANDTRACKING ADMIRE hand 1: hpm=1 -> shared=0
03-27 06:57:54.512 18091 18205 I [CT]    : HandPoseSampler: Filter reset
03-27 06:57:54.512 18091 18205 I InputDevice_Hand: HANDTRACKING ADMIRE hand 0: hpm=1 -> shared=0
03-27 06:57:54.512 18091 18205 I [CT]    : HandPoseSampler: Filter reset
03-27 06:57:54.512 18091 18205 I InputDevice_Hand: HANDTRACKING ADMIRE hand 1: hpm=1 -> shared=0
03-27 06:57:54.523 18091 18205 I [CT]    : HandPoseSampler: Filter reset
03-27 06:57:54.523 18091 18205 I InputDevice_Hand: HANDTRACKING ADMIRE hand 0: hpm=1 -> shared=0
03-27 06:57:54.523 18091 18205 I [CT]    : HandPoseSampler: Filter reset
03-27 06:57:54.523 18091 18205 I InputDevice_Hand: HANDTRACKING ADMIRE hand 1: hpm=1 -> shared=0
03-27 06:57:54.534 18091 18205 I [CT]    : HandPoseSampler: Filter reset
03-27 06:57:54.534 18091 18205 I InputDevice_Hand: HANDTRACKING ADMIRE hand 0: hpm=1 -> shared=0
03-27 06:57:54.534 18091 18205 I [CT]    : HandPoseSampler: Filter reset
03-27 06:57:54.534 18091 18205 I InputDevice_Hand: HANDTRACKING ADMIRE hand 1: hpm=1 -> shared=0
03-27 06:57:54.545 18091 18205 I [CT]    : HandPoseSampler: Filter reset
03-27 06:57:54.545 18091 18205 I InputDevice_Hand: HANDTRACKING ADMIRE hand 0: hpm=1 -> shared=0
03-27 06:57:54.545 18091 18205 I [CT]    : HandPoseSampler: Filter reset
03-27 06:57:54.545 18091 18205 I InputDevice_Hand: HANDTRACKING ADMIRE hand 1: hpm=1 -> shared=0
03-27 06:57:54.549   897  1854 I Tracking: CONSTELLATION_Right: [Throttled count=90] P+C Right: Applying Consistent Zero Velocity Update during slow motion.
03-27 06:57:54.556 18091 18205 I [CT]    : HandPoseSampler: Filter reset
03-27 06:57:54.556 18091 18205 I InputDevice_Hand: HANDTRACKING ADMIRE hand 0: hpm=1 -> shared=0
03-27 06:57:54.556 18091 18205 I [CT]    : HandPoseSampler: Filter reset
03-27 06:57:54.556 18091 18205 I InputDevice_Hand: HANDTRACKING ADMIRE hand 1: hpm=1 -> shared=0
03-27 06:57:54.567 18091 18205 I [CT]    : HandPoseSampler: Filter reset
03-27 06:57:54.567 18091 18205 I InputDevice_Hand: HANDTRACKING ADMIRE hand 0: hpm=1 -> shared=0
03-27 06:57:54.568 18091 18205 I [CT]    : HandPoseSampler: Filter reset
03-27 06:57:54.568 18091 18205 I InputDevice_Hand: HANDTRACKING ADMIRE hand 1: hpm=1 -> shared=0
03-27 06:57:54.578 18091 18205 I [CT]    : HandPoseSampler: Filter reset
03-27 06:57:54.578 18091 18205 I InputDevice_Hand: HANDTRACKING ADMIRE hand 0: hpm=1 -> shared=0
03-27 06:57:54.578 18091 18205 I [CT]    : HandPoseSampler: Filter reset
03-27 06:57:54.578 18091 18205 I InputDevice_Hand: HANDTRACKING ADMIRE hand 1: hpm=1 -> shared=0
03-27 06:57:54.590 18091 18205 I [CT]    : HandPoseSampler: Filter reset
03-27 06:57:54.590 18091 18205 I InputDevice_Hand: HANDTRACKING ADMIRE hand 0: hpm=1 -> shared=0
03-27 06:57:54.590 18091 18205 I [CT]    : HandPoseSampler: Filter reset
03-27 06:57:54.590 18091 18205 I InputDevice_Hand: HANDTRACKING ADMIRE hand 1: hpm=1 -> shared=0
03-27 06:57:54.600 18091 18205 I [CT]    : HandPoseSampler: Filter reset
03-27 06:57:54.600 18091 18205 I InputDevice_Hand: HANDTRACKING ADMIRE hand 0: hpm=1 -> shared=0
03-27 06:57:54.600 18091 18205 I [CT]    : HandPoseSampler: Filter reset
03-27 06:57:54.600 18091 18205 I InputDevice_Hand: HANDTRACKING ADMIRE hand 1: hpm=1 -> shared=0
03-27 06:57:54.612 18091 18205 I [CT]    : HandPoseSampler: Filter reset
03-27 06:57:54.612 18091 18205 I InputDevice_Hand: HANDTRACKING ADMIRE hand 0: hpm=1 -> shared=0
03-27 06:57:54.612 18091 18205 I [CT]    : HandPoseSampler: Filter reset
03-27 06:57:54.612 18091 18205 I InputDevice_Hand: HANDTRACKING ADMIRE hand 1: hpm=1 -> shared=0
03-27 06:57:54.623 18091 18205 I [CT]    : HandPoseSampler: Filter reset
03-27 06:57:54.623 18091 18205 I InputDevice_Hand: HANDTRACKING ADMIRE hand 0: hpm=1 -> shared=0
03-27 06:57:54.623 18091 18205 I [CT]    : HandPoseSampler: Filter reset
03-27 06:57:54.623 18091 18205 I InputDevice_Hand: HANDTRACKING ADMIRE hand 1: hpm=1 -> shared=0
03-27 06:57:54.627  1168  1840 I MRSS    : BOLT:HexagonTelemetry: Global DSP utilization: 4.33% (216 / 5002 ms), Scalar Util: 38.74%, HVX Util: 32.33%, HMX Util: 5.33%, DMA Active: 0.00%, Freq: 1171.2 MHz
03-27 06:57:54.627  1168  1840 I MRSS    : boltlib: DSP Rpc stats over 5002 ms: null
03-27 06:57:54.634 18091 18205 I [CT]    : HandPoseSampler: Filter reset
03-27 06:57:54.634 18091 18205 I InputDevice_Hand: HANDTRACKING ADMIRE hand 0: hpm=1 -> shared=0
03-27 06:57:54.634 18091 18205 I [CT]    : HandPoseSampler: Filter reset
03-27 06:57:54.634 18091 18205 I InputDevice_Hand: HANDTRACKING ADMIRE hand 1: hpm=1 -> shared=0
03-27 06:57:54.638 18091 18457 W ShellHsr: Renderer: RenderableFilter has 108 tags, which is more than 10. This is expected to be rare. If this becomes common, consider changing RenderableFilter logic to use something other than linear searches for filtering renderable tags (like registered bitsets).
03-27 06:57:54.645 18091 18205 I [CT]    : HandPoseSampler: Filter reset
03-27 06:57:54.645 18091 18205 I InputDevice_Hand: HANDTRACKING ADMIRE hand 0: hpm=1 -> shared=0
03-27 06:57:54.645 18091 18205 I [CT]    : HandPoseSampler: Filter reset
03-27 06:57:54.645 18091 18205 I InputDevice_Hand: HANDTRACKING ADMIRE hand 1: hpm=1 -> shared=0
03-27 06:57:54.655  2697 14219 I [CT]    : MIXEDREALITY: PassthroughApiManager: GetUpdatedLayerState: (every 2 seconds) PT is: ON numLayers: 0
03-27 06:57:54.656 18091 18205 I [CT]    : HandPoseSampler: Filter reset
03-27 06:57:54.656 18091 18205 I InputDevice_Hand: HANDTRACKING ADMIRE hand 0: hpm=1 -> shared=0
03-27 06:57:54.656 18091 18205 I [CT]    : HandPoseSampler: Filter reset
03-27 06:57:54.656 18091 18205 I InputDevice_Hand: HANDTRACKING ADMIRE hand 1: hpm=1 -> shared=0
03-27 06:57:54.667 18091 18205 I [CT]    : HandPoseSampler: Filter reset
03-27 06:57:54.667 18091 18205 I InputDevice_Hand: HANDTRACKING ADMIRE hand 0: hpm=1 -> shared=0
03-27 06:57:54.667 18091 18205 I [CT]    : HandPoseSampler: Filter reset
03-27 06:57:54.667 18091 18205 I InputDevice_Hand: HANDTRACKING ADMIRE hand 1: hpm=1 -> shared=0
03-27 06:57:54.678 18091 18205 I [CT]    : HandPoseSampler: Filter reset
03-27 06:57:54.678 18091 18205 I InputDevice_Hand: HANDTRACKING ADMIRE hand 0: hpm=1 -> shared=0
03-27 06:57:54.678 18091 18205 I [CT]    : HandPoseSampler: Filter reset
03-27 06:57:54.678 18091 18205 I InputDevice_Hand: HANDTRACKING ADMIRE hand 1: hpm=1 -> shared=0
03-27 06:57:54.689 18091 18205 I [CT]    : HandPoseSampler: Filter reset
03-27 06:57:54.689 18091 18205 I InputDevice_Hand: HANDTRACKING ADMIRE hand 0: hpm=1 -> shared=0
03-27 06:57:54.689 18091 18205 I [CT]    : HandPoseSampler: Filter reset
03-27 06:57:54.689 18091 18205 I InputDevice_Hand: HANDTRACKING ADMIRE hand 1: hpm=1 -> shared=0
03-27 06:57:54.700 18091 18205 I [CT]    : HandPoseSampler: Filter reset
03-27 06:57:54.700 18091 18205 I InputDevice_Hand: HANDTRACKING ADMIRE hand 0: hpm=1 -> shared=0
03-27 06:57:54.700 18091 18205 I [CT]    : HandPoseSampler: Filter reset
03-27 06:57:54.700 18091 18205 I InputDevice_Hand: HANDTRACKING ADMIRE hand 1: hpm=1 -> shared=0
03-27 06:57:54.711 18091 18205 I [CT]    : HandPoseSampler: Filter reset
03-27 06:57:54.711 18091 18205 I InputDevice_Hand: HANDTRACKING ADMIRE hand 0: hpm=1 -> shared=0
03-27 06:57:54.711 18091 18205 I [CT]    : HandPoseSampler: Filter reset
03-27 06:57:54.711 18091 18205 I InputDevice_Hand: HANDTRACKING ADMIRE hand 1: hpm=1 -> shared=0
03-27 06:57:54.723 18091 18205 I [CT]    : HandPoseSampler: Filter reset
03-27 06:57:54.723 18091 18205 I InputDevice_Hand: HANDTRACKING ADMIRE hand 0: hpm=1 -> shared=0
03-27 06:57:54.723 18091 18205 I [CT]    : HandPoseSampler: Filter reset
03-27 06:57:54.723 18091 18205 I InputDevice_Hand: HANDTRACKING ADMIRE hand 1: hpm=1 -> shared=0
03-27 06:57:54.733 18091 18205 I [CT]    : HandPoseSampler: Filter reset
03-27 06:57:54.733 18091 18205 I InputDevice_Hand: HANDTRACKING ADMIRE hand 0: hpm=1 -> shared=0
03-27 06:57:54.733 18091 18205 I [CT]    : HandPoseSampler: Filter reset
03-27 06:57:54.733 18091 18205 I InputDevice_Hand: HANDTRACKING ADMIRE hand 1: hpm=1 -> shared=0
03-27 06:57:54.735   920 14201 I VD628x  : Flicker results: freq 120.000000, max 119.914299, dcr 33.173603, pct 0.039958, idx 0.012626, conf 0.905779, snr 9.883369, svm 0.067617, sus 0
03-27 06:57:54.745 18091 18205 I [CT]    : HandPoseSampler: Filter reset
03-27 06:57:54.745 18091 18205 I InputDevice_Hand: HANDTRACKING ADMIRE hand 0: hpm=1 -> shared=0
03-27 06:57:54.745 18091 18205 I [CT]    : HandPoseSampler: Filter reset
03-27 06:57:54.745 18091 18205 I InputDevice_Hand: HANDTRACKING ADMIRE hand 1: hpm=1 -> shared=0
03-27 06:57:54.756 18091 18205 I [CT]    : HandPoseSampler: Filter reset
03-27 06:57:54.756 18091 18205 I InputDevice_Hand: HANDTRACKING ADMIRE hand 0: hpm=1 -> shared=0
03-27 06:57:54.756 18091 18205 I [CT]    : HandPoseSampler: Filter reset
03-27 06:57:54.756 18091 18205 I InputDevice_Hand: HANDTRACKING ADMIRE hand 1: hpm=1 -> shared=0
03-27 06:57:54.767 18091 18205 I [CT]    : HandPoseSampler: Filter reset
03-27 06:57:54.767 18091 18205 I InputDevice_Hand: HANDTRACKING ADMIRE hand 0: hpm=1 -> shared=0
03-27 06:57:54.767 18091 18205 I [CT]    : HandPoseSampler: Filter reset
03-27 06:57:54.767 18091 18205 I InputDevice_Hand: HANDTRACKING ADMIRE hand 1: hpm=1 -> shared=0
03-27 06:57:54.778 18091 18205 I [CT]    : HandPoseSampler: Filter reset
03-27 06:57:54.778 18091 18205 I InputDevice_Hand: HANDTRACKING ADMIRE hand 0: hpm=1 -> shared=0
03-27 06:57:54.778 18091 18205 I [CT]    : HandPoseSampler: Filter reset
03-27 06:57:54.778 18091 18205 I InputDevice_Hand: HANDTRACKING ADMIRE hand 1: hpm=1 -> shared=0
03-27 06:57:54.789 18091 18205 I [CT]    : HandPoseSampler: Filter reset
03-27 06:57:54.789 18091 18205 I InputDevice_Hand: HANDTRACKING ADMIRE hand 0: hpm=1 -> shared=0
03-27 06:57:54.789 18091 18205 I [CT]    : HandPoseSampler: Filter reset
03-27 06:57:54.789 18091 18205 I InputDevice_Hand: HANDTRACKING ADMIRE hand 1: hpm=1 -> shared=0
03-27 06:57:54.801 18091 18205 I [CT]    : HandPoseSampler: Filter reset
03-27 06:57:54.801 18091 18205 I InputDevice_Hand: HANDTRACKING ADMIRE hand 0: hpm=1 -> shared=0
03-27 06:57:54.801 18091 18205 I [CT]    : HandPoseSampler: Filter reset
03-27 06:57:54.801 18091 18205 I InputDevice_Hand: HANDTRACKING ADMIRE hand 1: hpm=1 -> shared=0
03-27 06:57:54.812 18091 18205 I [CT]    : HandPoseSampler: Filter reset
03-27 06:57:54.812 18091 18205 I InputDevice_Hand: HANDTRACKING ADMIRE hand 0: hpm=1 -> shared=0
03-27 06:57:54.812 18091 18205 I [CT]    : HandPoseSampler: Filter reset
03-27 06:57:54.812 18091 18205 I InputDevice_Hand: HANDTRACKING ADMIRE hand 1: hpm=1 -> shared=0
03-27 06:57:54.823 18091 18205 I [CT]    : HandPoseSampler: Filter reset
03-27 06:57:54.823 18091 18205 I InputDevice_Hand: HANDTRACKING ADMIRE hand 0: hpm=1 -> shared=0
03-27 06:57:54.823 18091 18205 I [CT]    : HandPoseSampler: Filter reset
03-27 06:57:54.823 18091 18205 I InputDevice_Hand: HANDTRACKING ADMIRE hand 1: hpm=1 -> shared=0
03-27 06:57:54.834 18091 18205 I [CT]    : HandPoseSampler: Filter reset
03-27 06:57:54.834 18091 18205 I InputDevice_Hand: HANDTRACKING ADMIRE hand 0: hpm=1 -> shared=0
03-27 06:57:54.834 18091 18205 I [CT]    : HandPoseSampler: Filter reset
03-27 06:57:54.834 18091 18205 I InputDevice_Hand: HANDTRACKING ADMIRE hand 1: hpm=1 -> shared=0
03-27 06:57:54.845 18091 18205 I [CT]    : HandPoseSampler: Filter reset
03-27 06:57:54.845 18091 18205 I InputDevice_Hand: HANDTRACKING ADMIRE hand 0: hpm=1 -> shared=0
03-27 06:57:54.845 18091 18205 I [CT]    : HandPoseSampler: Filter reset
03-27 06:57:54.845 18091 18205 I InputDevice_Hand: HANDTRACKING ADMIRE hand 1: hpm=1 -> shared=0
03-27 06:57:54.856 18091 18205 I [CT]    : HandPoseSampler: Filter reset
03-27 06:57:54.856 18091 18205 I InputDevice_Hand: HANDTRACKING ADMIRE hand 0: hpm=1 -> shared=0
03-27 06:57:54.856 18091 18205 I [CT]    : HandPoseSampler: Filter reset
03-27 06:57:54.856 18091 18205 I InputDevice_Hand: HANDTRACKING ADMIRE hand 1: hpm=1 -> shared=0
03-27 06:57:54.867 18091 18205 I [CT]    : HandPoseSampler: Filter reset
03-27 06:57:54.867 18091 18205 I InputDevice_Hand: HANDTRACKING ADMIRE hand 0: hpm=1 -> shared=0
03-27 06:57:54.867 18091 18205 I [CT]    : HandPoseSampler: Filter reset
03-27 06:57:54.867 18091 18205 I InputDevice_Hand: HANDTRACKING ADMIRE hand 1: hpm=1 -> shared=0
03-27 06:57:54.878 18091 18205 I [CT]    : HandPoseSampler: Filter reset
03-27 06:57:54.878 18091 18205 I InputDevice_Hand: HANDTRACKING ADMIRE hand 0: hpm=1 -> shared=0
03-27 06:57:54.878 18091 18205 I [CT]    : HandPoseSampler: Filter reset
03-27 06:57:54.878 18091 18205 I InputDevice_Hand: HANDTRACKING ADMIRE hand 1: hpm=1 -> shared=0
03-27 06:57:54.884   897 14310 W Tracking: CONSTELLATION_Left: [Throttled count=505] P+C Left: Could not retrieve 3dof fallback pose.
03-27 06:57:54.889 18091 18205 I [CT]    : HandPoseSampler: Filter reset
03-27 06:57:54.889 18091 18205 I InputDevice_Hand: HANDTRACKING ADMIRE hand 0: hpm=1 -> shared=0
03-27 06:57:54.889 18091 18205 I [CT]    : HandPoseSampler: Filter reset
03-27 06:57:54.889 18091 18205 I InputDevice_Hand: HANDTRACKING ADMIRE hand 1: hpm=1 -> shared=0
03-27 06:57:54.900 18091 18205 I [CT]    : HandPoseSampler: Filter reset
03-27 06:57:54.900 18091 18205 I InputDevice_Hand: HANDTRACKING ADMIRE hand 0: hpm=1 -> shared=0
03-27 06:57:54.900 18091 18205 I [CT]    : HandPoseSampler: Filter reset
03-27 06:57:54.900 18091 18205 I InputDevice_Hand: HANDTRACKING ADMIRE hand 1: hpm=1 -> shared=0
03-27 06:57:54.911 18091 18205 I [CT]    : HandPoseSampler: Filter reset
03-27 06:57:54.911 18091 18205 I InputDevice_Hand: HANDTRACKING ADMIRE hand 0: hpm=1 -> shared=0
03-27 06:57:54.912 18091 18205 I [CT]    : HandPoseSampler: Filter reset
03-27 06:57:54.912 18091 18205 I InputDevice_Hand: HANDTRACKING ADMIRE hand 1: hpm=1 -> shared=0
03-27 06:57:54.923 18091 18205 I [CT]    : HandPoseSampler: Filter reset
03-27 06:57:54.923 18091 18205 I InputDevice_Hand: HANDTRACKING ADMIRE hand 0: hpm=1 -> shared=0
03-27 06:57:54.923 18091 18205 I [CT]    : HandPoseSampler: Filter reset
03-27 06:57:54.923 18091 18205 I InputDevice_Hand: HANDTRACKING ADMIRE hand 1: hpm=1 -> shared=0
03-27 06:57:54.934 18091 18205 I [CT]    : HandPoseSampler: Filter reset
03-27 06:57:54.934 18091 18205 I InputDevice_Hand: HANDTRACKING ADMIRE hand 0: hpm=1 -> shared=0
03-27 06:57:54.934 18091 18205 I [CT]    : HandPoseSampler: Filter reset
03-27 06:57:54.934 18091 18205 I InputDevice_Hand: HANDTRACKING ADMIRE hand 1: hpm=1 -> shared=0
03-27 06:57:54.945 18091 18205 I [CT]    : HandPoseSampler: Filter reset
03-27 06:57:54.945 18091 18205 I InputDevice_Hand: HANDTRACKING ADMIRE hand 0: hpm=1 -> shared=0
03-27 06:57:54.945 18091 18205 I [CT]    : HandPoseSampler: Filter reset
03-27 06:57:54.945 18091 18205 I InputDevice_Hand: HANDTRACKING ADMIRE hand 1: hpm=1 -> shared=0
03-27 06:57:54.956 18091 18205 I [CT]    : HandPoseSampler: Filter reset
03-27 06:57:54.956 18091 18205 I InputDevice_Hand: HANDTRACKING ADMIRE hand 0: hpm=1 -> shared=0
03-27 06:57:54.956 18091 18205 I [CT]    : HandPoseSampler: Filter reset
03-27 06:57:54.956 18091 18205 I InputDevice_Hand: HANDTRACKING ADMIRE hand 1: hpm=1 -> shared=0
03-27 06:57:54.967 18091 18205 I [CT]    : HandPoseSampler: Filter reset
03-27 06:57:54.967 18091 18205 I InputDevice_Hand: HANDTRACKING ADMIRE hand 0: hpm=1 -> shared=0
03-27 06:57:54.967 18091 18205 I [CT]    : HandPoseSampler: Filter reset
03-27 06:57:54.967 18091 18205 I InputDevice_Hand: HANDTRACKING ADMIRE hand 1: hpm=1 -> shared=0
03-27 06:57:54.978 18091 18205 I [CT]    : HandPoseSampler: Filter reset
03-27 06:57:54.978 18091 18205 I InputDevice_Hand: HANDTRACKING ADMIRE hand 0: hpm=1 -> shared=0
03-27 06:57:54.978 18091 18205 I [CT]    : HandPoseSampler: Filter reset
03-27 06:57:54.978 18091 18205 I InputDevice_Hand: HANDTRACKING ADMIRE hand 1: hpm=1 -> shared=0
03-27 06:57:54.989 18091 18205 I [CT]    : HandPoseSampler: Filter reset
03-27 06:57:54.989 18091 18205 I InputDevice_Hand: HANDTRACKING ADMIRE hand 0: hpm=1 -> shared=0
03-27 06:57:54.989 18091 18205 I [CT]    : HandPoseSampler: Filter reset
03-27 06:57:54.989 18091 18205 I InputDevice_Hand: HANDTRACKING ADMIRE hand 1: hpm=1 -> shared=0
03-27 06:57:55.000   897  1854 I Tracking: CONSTELLATION_Left: [Throttled count=179] P+C Left: Imu state is invalid when querying vision state!
03-27 06:57:55.001 18091 18205 I [CT]    : HandPoseSampler: Filter reset
03-27 06:57:55.001 18091 18205 I InputDevice_Hand: HANDTRACKING ADMIRE hand 0: hpm=1 -> shared=0
03-27 06:57:55.001 18091 18205 I [CT]    : HandPoseSampler: Filter reset
03-27 06:57:55.001 18091 18205 I InputDevice_Hand: HANDTRACKING ADMIRE hand 1: hpm=1 -> shared=0
03-27 06:57:55.012 18091 18205 I [CT]    : HandPoseSampler: Filter reset
03-27 06:57:55.012 18091 18205 I InputDevice_Hand: HANDTRACKING ADMIRE hand 0: hpm=1 -> shared=0
03-27 06:57:55.012 18091 18205 I [CT]    : HandPoseSampler: Filter reset
03-27 06:57:55.012 18091 18205 I InputDevice_Hand: HANDTRACKING ADMIRE hand 1: hpm=1 -> shared=0
03-27 06:57:55.023 18091 18205 I [CT]    : HandPoseSampler: Filter reset
03-27 06:57:55.023 18091 18205 I InputDevice_Hand: HANDTRACKING ADMIRE hand 0: hpm=1 -> shared=0
03-27 06:57:55.023 18091 18205 I [CT]    : HandPoseSampler: Filter reset
03-27 06:57:55.023 18091 18205 I InputDevice_Hand: HANDTRACKING ADMIRE hand 1: hpm=1 -> shared=0
03-27 06:57:55.029  1156  1943 D telemetry: SessionTelemetryReporter: power state locked mounted False
03-27 06:57:55.029  1156  1943 D telemetry: SessionTelemetryReporter: power state locked unmounted False
03-27 06:57:55.033 18091 14209 I VrApi   : FPS=91/90,Prd=23ms,Tear=0,Early=0,Stale=0,Stale2/5/10/max=0/0/0/0,VSnc=1,Lat=-4,Fov=3,CPU4/GPU=-1/-1,1920/545MHz,OC=3F,TA=0/0/0,SP=N/N/N,Mem=2092MHz,Free=3991MB,PLS=0,Temp=34.0C/0.0C,TW=0.56ms,App=1.38ms,GD=0.00ms,CPU&GPU=6.87ms,LCnt=1(DR90,LM0),GPU%=0.19,CPU%=0.20(W0.32),CFL=11.29/14.59,ICFLp95=13.24,LD=0,CABC=1,SF=0.78,LP=1,DVFS=0,Preempt=180,PoseAgeP95=0.00
03-27 06:57:55.033 18091 14209 I VrApi   : ASW=0,Type=PTWFromStereo,E=0.000/0.000,D=0.000/0.000
03-27 06:57:55.034 18091 18205 I [CT]    : HandPoseSampler: Filter reset
03-27 06:57:55.034 18091 18205 I InputDevice_Hand: HANDTRACKING ADMIRE hand 0: hpm=1 -> shared=0
03-27 06:57:55.034 18091 18205 I [CT]    : HandPoseSampler: Filter reset
03-27 06:57:55.034 18091 18205 I InputDevice_Hand: HANDTRACKING ADMIRE hand 1: hpm=1 -> shared=0
03-27 06:57:55.045 18091 18205 I [CT]    : HandPoseSampler: Filter reset
03-27 06:57:55.045 18091 18205 I InputDevice_Hand: HANDTRACKING ADMIRE hand 0: hpm=1 -> shared=0
03-27 06:57:55.045 18091 18205 I [CT]    : HandPoseSampler: Filter reset
03-27 06:57:55.045 18091 18205 I InputDevice_Hand: HANDTRACKING ADMIRE hand 1: hpm=1 -> shared=0
03-27 06:57:55.055 18091 18205 I [CT]    : HandPoseSampler: Filter reset
03-27 06:57:55.055 18091 18205 I InputDevice_Hand: HANDTRACKING ADMIRE hand 0: hpm=1 -> shared=0
03-27 06:57:55.055 18091 18205 I [CT]    : HandPoseSampler: Filter reset
03-27 06:57:55.055 18091 18205 I InputDevice_Hand: HANDTRACKING ADMIRE hand 1: hpm=1 -> shared=0
03-27 06:57:55.066   897  1854 I Tracking: CONSTELLATION_Left: [Throttled count=89] P+C Left: Not reinitializing 6DoF filter yet (no valid pose from vision).
03-27 06:57:55.067 18091 18205 I [CT]    : HandPoseSampler: Filter reset
03-27 06:57:55.067 18091 18205 I InputDevice_Hand: HANDTRACKING ADMIRE hand 0: hpm=1 -> shared=0
03-27 06:57:55.067 18091 18205 I [CT]    : HandPoseSampler: Filter reset
03-27 06:57:55.067 18091 18205 I InputDevice_Hand: HANDTRACKING ADMIRE hand 1: hpm=1 -> shared=0
03-27 06:57:55.077 18091 18205 I [CT]    : HandPoseSampler: Filter reset
03-27 06:57:55.077 18091 18205 I InputDevice_Hand: HANDTRACKING ADMIRE hand 0: hpm=1 -> shared=0
03-27 06:57:55.077 18091 18205 I [CT]    : HandPoseSampler: Filter reset
03-27 06:57:55.077 18091 18205 I InputDevice_Hand: HANDTRACKING ADMIRE hand 1: hpm=1 -> shared=0
03-27 06:57:55.088 18091 18205 I [CT]    : HandPoseSampler: Filter reset
03-27 06:57:55.089 18091 18205 I InputDevice_Hand: HANDTRACKING ADMIRE hand 0: hpm=1 -> shared=0
03-27 06:57:55.089 18091 18205 I [CT]    : HandPoseSampler: Filter reset
03-27 06:57:55.089 18091 18205 I InputDevice_Hand: HANDTRACKING ADMIRE hand 1: hpm=1 -> shared=0
03-27 06:57:55.099 18091 18205 I [CT]    : HandPoseSampler: Filter reset
03-27 06:57:55.099 18091 18205 I InputDevice_Hand: HANDTRACKING ADMIRE hand 0: hpm=1 -> shared=0
03-27 06:57:55.099 18091 18205 I [CT]    : HandPoseSampler: Filter reset
03-27 06:57:55.099 18091 18205 I InputDevice_Hand: HANDTRACKING ADMIRE hand 1: hpm=1 -> shared=0
03-27 06:57:55.111 18091 18205 I [CT]    : HandPoseSampler: Filter reset
03-27 06:57:55.111 18091 18205 I InputDevice_Hand: HANDTRACKING ADMIRE hand 0: hpm=1 -> shared=0
03-27 06:57:55.111 18091 18205 I [CT]    : HandPoseSampler: Filter reset
03-27 06:57:55.111 18091 18205 I InputDevice_Hand: HANDTRACKING ADMIRE hand 1: hpm=1 -> shared=0
03-27 06:57:55.113 18224 18352 I [CT]    : SP:AF:AnchorFramework: calculateRigidScenePose: Located 14 / 14 anchors in fd4ff835-375f-eff7-378d-3df1f3bd4165 for calculating rigid scene pose for com.oculus.guardian
03-27 06:57:55.113 18224 18352 I [CT]    : SP:AF:AnchorAccuracy: New Rigid Scene calculated using 14 anchors attached to 1 IAs. 0.12313438800629228 seconds since last update
03-27 06:57:55.113 18224 18352 I [CT]    : SP:AF:AnchorAccuracy: Translation difference (mean/min/max): 0.01753138201976461 0.002251526340842247 0.04405929148197174
03-27 06:57:55.113 18224 18352 I [CT]    : SP:AF:AnchorAccuracy: Rotation difference (mean/min/max): 0.01041650352999568 0.009570096619427204 0.02135341241955757
03-27 06:57:55.113 18224 18352 I [CT]    : SP:AF:AnchorAccuracy: New scene origin pose: -0.23109889030456543 -0.004209048114717007 1.5252611547111883e-06 : 0.5094416737556458 -0.5094416737556458 -0.49037665128707886 -0.49037662148475647
03-27 06:57:55.113 18224 18352 I [CT]    : SP:AF:AnchorAccuracy: New scene origin pose moved: 4.522201777490409e-07 translation 3.987278489603341e-07 rotation
03-27 06:57:55.123 18091 18205 I [CT]    : HandPoseSampler: Filter reset
03-27 06:57:55.123 18091 18205 I InputDevice_Hand: HANDTRACKING ADMIRE hand 0: hpm=1 -> shared=0
03-27 06:57:55.123 18091 18205 I [CT]    : HandPoseSampler: Filter reset
03-27 06:57:55.123 18091 18205 I InputDevice_Hand: HANDTRACKING ADMIRE hand 1: hpm=1 -> shared=0
03-27 06:57:55.126   897 14190 I Tracking: BOLT:HexagonTelemetry: Global DSP utilization: 4.30% (214 / 5002 ms), Scalar Util: 38.98%, HVX Util: 32.38%, HMX Util: 5.37%, DMA Active: 11.71%, Freq: 1171.2 MHz
03-27 06:57:55.126   897 14190 I Tracking: boltlib: DSP Rpc stats over 5002 ms: {"HexagonCornerHarrisEdgeIndexedSlicesAsync":1,"HexagonPyramid3x3Async":50,"a2e_boltnn_delegate":125,"controller_inference":25,"dd_boltnn_delegate_batch_128":1}
03-27 06:57:55.133 18091 18205 I [CT]    : HandPoseSampler: Filter reset
03-27 06:57:55.133 18091 18205 I InputDevice_Hand: HANDTRACKING ADMIRE hand 0: hpm=1 -> shared=0
03-27 06:57:55.133 18091 18205 I [CT]    : HandPoseSampler: Filter reset
03-27 06:57:55.133 18091 18205 I InputDevice_Hand: HANDTRACKING ADMIRE hand 1: hpm=1 -> shared=0
03-27 06:57:55.145 18091 18205 I [CT]    : HandPoseSampler: Filter reset
03-27 06:57:55.145 18091 18205 I InputDevice_Hand: HANDTRACKING ADMIRE hand 0: hpm=1 -> shared=0
03-27 06:57:55.145 18091 18205 I [CT]    : HandPoseSampler: Filter reset
03-27 06:57:55.145 18091 18205 I InputDevice_Hand: HANDTRACKING ADMIRE hand 1: hpm=1 -> shared=0
03-27 06:57:55.156 18091 18205 I [CT]    : HandPoseSampler: Filter reset
03-27 06:57:55.156 18091 18205 I InputDevice_Hand: HANDTRACKING ADMIRE hand 0: hpm=1 -> shared=0
03-27 06:57:55.156 18091 18205 I [CT]    : HandPoseSampler: Filter reset
03-27 06:57:55.156 18091 18205 I InputDevice_Hand: HANDTRACKING ADMIRE hand 1: hpm=1 -> shared=0
03-27 06:57:55.166 18091 18205 I [CT]    : HandPoseSampler: Filter reset
03-27 06:57:55.166 18091 18205 I InputDevice_Hand: HANDTRACKING ADMIRE hand 0: hpm=1 -> shared=0
03-27 06:57:55.166 18091 18205 I [CT]    : HandPoseSampler: Filter reset
03-27 06:57:55.166 18091 18205 I InputDevice_Hand: HANDTRACKING ADMIRE hand 1: hpm=1 -> shared=0
03-27 06:57:55.178 18091 18205 I [CT]    : HandPoseSampler: Filter reset
03-27 06:57:55.178 18091 18205 I InputDevice_Hand: HANDTRACKING ADMIRE hand 0: hpm=1 -> shared=0
03-27 06:57:55.178 18091 18205 I [CT]    : HandPoseSampler: Filter reset
03-27 06:57:55.178 18091 18205 I InputDevice_Hand: HANDTRACKING ADMIRE hand 1: hpm=1 -> shared=0
03-27 06:57:55.189 18091 18205 I [CT]    : HandPoseSampler: Filter reset
03-27 06:57:55.189 18091 18205 I InputDevice_Hand: HANDTRACKING ADMIRE hand 0: hpm=1 -> shared=0
03-27 06:57:55.189 18091 18205 I [CT]    : HandPoseSampler: Filter reset
03-27 06:57:55.190 18091 18205 I InputDevice_Hand: HANDTRACKING ADMIRE hand 1: hpm=1 -> shared=0
03-27 06:57:55.200 18091 18205 I [CT]    : HandPoseSampler: Filter reset
03-27 06:57:55.200 18091 18205 I InputDevice_Hand: HANDTRACKING ADMIRE hand 0: hpm=1 -> shared=0
03-27 06:57:55.200 18091 18205 I [CT]    : HandPoseSampler: Filter reset
03-27 06:57:55.200 18091 18205 I InputDevice_Hand: HANDTRACKING ADMIRE hand 1: hpm=1 -> shared=0
03-27 06:57:55.212 18091 18205 I [CT]    : HandPoseSampler: Filter reset
03-27 06:57:55.212 18091 18205 I InputDevice_Hand: HANDTRACKING ADMIRE hand 0: hpm=1 -> shared=0
03-27 06:57:55.212 18091 18205 I [CT]    : HandPoseSampler: Filter reset
03-27 06:57:55.212 18091 18205 I InputDevice_Hand: HANDTRACKING ADMIRE hand 1: hpm=1 -> shared=0
03-27 06:57:55.223 18091 18205 I [CT]    : HandPoseSampler: Filter reset
03-27 06:57:55.223 18091 18205 I InputDevice_Hand: HANDTRACKING ADMIRE hand 0: hpm=1 -> shared=0
03-27 06:57:55.223 18091 18205 I [CT]    : HandPoseSampler: Filter reset
03-27 06:57:55.223 18091 18205 I InputDevice_Hand: HANDTRACKING ADMIRE hand 1: hpm=1 -> shared=0
03-27 06:57:55.234 18091 18205 I [CT]    : HandPoseSampler: Filter reset
03-27 06:57:55.234 18091 18205 I InputDevice_Hand: HANDTRACKING ADMIRE hand 0: hpm=1 -> shared=0
03-27 06:57:55.234 18091 18205 I [CT]    : HandPoseSampler: Filter reset
03-27 06:57:55.234 18091 18205 I InputDevice_Hand: HANDTRACKING ADMIRE hand 1: hpm=1 -> shared=0
03-27 06:57:55.245 18091 18205 I [CT]    : HandPoseSampler: Filter reset
03-27 06:57:55.245 18091 18205 I InputDevice_Hand: HANDTRACKING ADMIRE hand 0: hpm=1 -> shared=0
03-27 06:57:55.245 18091 18205 I [CT]    : HandPoseSampler: Filter reset
03-27 06:57:55.245 18091 18205 I InputDevice_Hand: HANDTRACKING ADMIRE hand 1: hpm=1 -> shared=0
03-27 06:57:55.256 18091 18205 I [CT]    : HandPoseSampler: Filter reset
03-27 06:57:55.256 18091 18205 I InputDevice_Hand: HANDTRACKING ADMIRE hand 0: hpm=1 -> shared=0
03-27 06:57:55.256 18091 18205 I [CT]    : HandPoseSampler: Filter reset
03-27 06:57:55.256 18091 18205 I InputDevice_Hand: HANDTRACKING ADMIRE hand 1: hpm=1 -> shared=0
03-27 06:57:55.267 18091 18205 I [CT]    : HandPoseSampler: Filter reset
03-27 06:57:55.267 18091 18205 I InputDevice_Hand: HANDTRACKING ADMIRE hand 0: hpm=1 -> shared=0
03-27 06:57:55.267 18091 18205 I [CT]    : HandPoseSampler: Filter reset
03-27 06:57:55.267 18091 18205 I InputDevice_Hand: HANDTRACKING ADMIRE hand 1: hpm=1 -> shared=0
03-27 06:57:55.277 18091 18205 I [CT]    : HandPoseSampler: Filter reset
03-27 06:57:55.277 18091 18205 I InputDevice_Hand: HANDTRACKING ADMIRE hand 0: hpm=1 -> shared=0
03-27 06:57:55.277 18091 18205 I [CT]    : HandPoseSampler: Filter reset
03-27 06:57:55.277 18091 18205 I InputDevice_Hand: HANDTRACKING ADMIRE hand 1: hpm=1 -> shared=0
03-27 06:57:55.289 18091 18205 I [CT]    : HandPoseSampler: Filter reset
03-27 06:57:55.289 18091 18205 I InputDevice_Hand: HANDTRACKING ADMIRE hand 0: hpm=1 -> shared=0
03-27 06:57:55.289 18091 18205 I [CT]    : HandPoseSampler: Filter reset
03-27 06:57:55.289 18091 18205 I InputDevice_Hand: HANDTRACKING ADMIRE hand 1: hpm=1 -> shared=0
03-27 06:57:55.300 18091 18205 I [CT]    : HandPoseSampler: Filter reset
03-27 06:57:55.300 18091 18205 I InputDevice_Hand: HANDTRACKING ADMIRE hand 0: hpm=1 -> shared=0
03-27 06:57:55.300 18091 18205 I [CT]    : HandPoseSampler: Filter reset
03-27 06:57:55.300 18091 18205 I InputDevice_Hand: HANDTRACKING ADMIRE hand 1: hpm=1 -> shared=0
03-27 06:57:55.311 18091 18205 I [CT]    : HandPoseSampler: Filter reset
03-27 06:57:55.311 18091 18205 I InputDevice_Hand: HANDTRACKING ADMIRE hand 0: hpm=1 -> shared=0
03-27 06:57:55.311 18091 18205 I [CT]    : HandPoseSampler: Filter reset
03-27 06:57:55.311 18091 18205 I InputDevice_Hand: HANDTRACKING ADMIRE hand 1: hpm=1 -> shared=0
03-27 06:57:55.322 18091 18205 I [CT]    : HandPoseSampler: Filter reset
03-27 06:57:55.322 18091 18205 I InputDevice_Hand: HANDTRACKING ADMIRE hand 0: hpm=1 -> shared=0
03-27 06:57:55.322 18091 18205 I [CT]    : HandPoseSampler: Filter reset
03-27 06:57:55.322 18091 18205 I InputDevice_Hand: HANDTRACKING ADMIRE hand 1: hpm=1 -> shared=0
03-27 06:57:55.333 18091 18205 I [CT]    : HandPoseSampler: Filter reset
03-27 06:57:55.334 18091 18205 I InputDevice_Hand: HANDTRACKING ADMIRE hand 0: hpm=1 -> shared=0
03-27 06:57:55.334 18091 18205 I [CT]    : HandPoseSampler: Filter reset
03-27 06:57:55.334 18091 18205 I InputDevice_Hand: HANDTRACKING ADMIRE hand 1: hpm=1 -> shared=0
03-27 06:57:55.345 18091 18205 I [CT]    : HandPoseSampler: Filter reset
03-27 06:57:55.345 18091 18205 I InputDevice_Hand: HANDTRACKING ADMIRE hand 0: hpm=1 -> shared=0
03-27 06:57:55.345 18091 18205 I [CT]    : HandPoseSampler: Filter reset
03-27 06:57:55.345 18091 18205 I InputDevice_Hand: HANDTRACKING ADMIRE hand 1: hpm=1 -> shared=0
03-27 06:57:55.356 18091 18205 I [CT]    : HandPoseSampler: Filter reset
03-27 06:57:55.356 18091 18205 I InputDevice_Hand: HANDTRACKING ADMIRE hand 0: hpm=1 -> shared=0
03-27 06:57:55.356 18091 18205 I [CT]    : HandPoseSampler: Filter reset
03-27 06:57:55.356 18091 18205 I InputDevice_Hand: HANDTRACKING ADMIRE hand 1: hpm=1 -> shared=0
03-27 06:57:55.366 18091 18205 I [CT]    : HandPoseSampler: Filter reset
03-27 06:57:55.366 18091 18205 I InputDevice_Hand: HANDTRACKING ADMIRE hand 0: hpm=1 -> shared=0
03-27 06:57:55.366 18091 18205 I [CT]    : HandPoseSampler: Filter reset
03-27 06:57:55.366 18091 18205 I InputDevice_Hand: HANDTRACKING ADMIRE hand 1: hpm=1 -> shared=0
03-27 06:57:55.378 18091 18205 I [CT]    : HandPoseSampler: Filter reset
03-27 06:57:55.378 18091 18205 I InputDevice_Hand: HANDTRACKING ADMIRE hand 0: hpm=1 -> shared=0
03-27 06:57:55.378 18091 18205 I [CT]    : HandPoseSampler: Filter reset
03-27 06:57:55.378 18091 18205 I InputDevice_Hand: HANDTRACKING ADMIRE hand 1: hpm=1 -> shared=0
03-27 06:57:55.389 18091 18205 I [CT]    : HandPoseSampler: Filter reset
03-27 06:57:55.389 18091 18205 I InputDevice_Hand: HANDTRACKING ADMIRE hand 0: hpm=1 -> shared=0
03-27 06:57:55.389 18091 18205 I [CT]    : HandPoseSampler: Filter reset
03-27 06:57:55.389 18091 18205 I InputDevice_Hand: HANDTRACKING ADMIRE hand 1: hpm=1 -> shared=0
03-27 06:57:55.400 18091 18205 I [CT]    : HandPoseSampler: Filter reset
03-27 06:57:55.400 18091 18205 I InputDevice_Hand: HANDTRACKING ADMIRE hand 0: hpm=1 -> shared=0
03-27 06:57:55.400 18091 18205 I [CT]    : HandPoseSampler: Filter reset
03-27 06:57:55.400 18091 18205 I InputDevice_Hand: HANDTRACKING ADMIRE hand 1: hpm=1 -> shared=0
03-27 06:57:55.406   897 14271 W Tracking: IoteLogging: IMU Update exceeded imu sampling period: update=0.001372503 [sec], period=0.001250000 [sec].
03-27 06:57:55.411 18091 18205 I [CT]    : HandPoseSampler: Filter reset
03-27 06:57:55.412 18091 18205 I InputDevice_Hand: HANDTRACKING ADMIRE hand 0: hpm=1 -> shared=0
03-27 06:57:55.412 18091 18205 I [CT]    : HandPoseSampler: Filter reset
03-27 06:57:55.412 18091 18205 I InputDevice_Hand: HANDTRACKING ADMIRE hand 1: hpm=1 -> shared=0
03-27 06:57:55.423 18091 18205 I [CT]    : HandPoseSampler: Filter reset
03-27 06:57:55.423 18091 18205 I InputDevice_Hand: HANDTRACKING ADMIRE hand 0: hpm=1 -> shared=0
03-27 06:57:55.423 18091 18205 I [CT]    : HandPoseSampler: Filter reset
03-27 06:57:55.423 18091 18205 I InputDevice_Hand: HANDTRACKING ADMIRE hand 1: hpm=1 -> shared=0
03-27 06:57:55.434 18091 18205 I [CT]    : HandPoseSampler: Filter reset
03-27 06:57:55.434 18091 18205 I InputDevice_Hand: HANDTRACKING ADMIRE hand 0: hpm=1 -> shared=0
03-27 06:57:55.434 18091 18205 I [CT]    : HandPoseSampler: Filter reset
03-27 06:57:55.434 18091 18205 I InputDevice_Hand: HANDTRACKING ADMIRE hand 1: hpm=1 -> shared=0
03-27 06:57:55.445 18091 18205 I [CT]    : HandPoseSampler: Filter reset
03-27 06:57:55.445 18091 18205 I InputDevice_Hand: HANDTRACKING ADMIRE hand 0: hpm=1 -> shared=0
03-27 06:57:55.445 18091 18205 I [CT]    : HandPoseSampler: Filter reset
03-27 06:57:55.445 18091 18205 I InputDevice_Hand: HANDTRACKING ADMIRE hand 1: hpm=1 -> shared=0
03-27 06:57:55.456 18091 18205 I [CT]    : HandPoseSampler: Filter reset
03-27 06:57:55.456 18091 18205 I InputDevice_Hand: HANDTRACKING ADMIRE hand 0: hpm=1 -> shared=0
03-27 06:57:55.456 18091 18205 I [CT]    : HandPoseSampler: Filter reset
03-27 06:57:55.456 18091 18205 I InputDevice_Hand: HANDTRACKING ADMIRE hand 1: hpm=1 -> shared=0
03-27 06:57:55.466   920 14201 I VD628x  : Flicker results: freq 120.000000, max 119.918495, dcr 33.175491, pct 0.039799, idx 0.012626, conf 0.906018, snr 9.884147, svm 0.067877, sus 0
03-27 06:57:55.467 18091 18205 I [CT]    : HandPoseSampler: Filter reset
03-27 06:57:55.467 18091 18205 I InputDevice_Hand: HANDTRACKING ADMIRE hand 0: hpm=1 -> shared=0
03-27 06:57:55.467 18091 18205 I [CT]    : HandPoseSampler: Filter reset
03-27 06:57:55.467 18091 18205 I InputDevice_Hand: HANDTRACKING ADMIRE hand 1: hpm=1 -> shared=0
03-27 06:57:55.478 18091 18205 I [CT]    : HandPoseSampler: Filter reset
03-27 06:57:55.478 18091 18205 I InputDevice_Hand: HANDTRACKING ADMIRE hand 0: hpm=1 -> shared=0
03-27 06:57:55.478 18091 18205 I [CT]    : HandPoseSampler: Filter reset
03-27 06:57:55.478 18091 18205 I InputDevice_Hand: HANDTRACKING ADMIRE hand 1: hpm=1 -> shared=0
03-27 06:57:55.480 18224 18352 I AutoStationaryHelper: [AutoStationaryHelper::getGuardianDataFromNearbyRoomscale] Checking 1 existing guardian data
03-27 06:57:55.480 18224 18352 I GuardianMapDataMgr: [GuardianMapDataMgr::isValidTrackedRoomscale] [2575043440] Valid=yes, Roomscale=yes, Anchor [2cee9d32-7f24-ff1e-5555-ae309d8ea246] Tracked=yes
03-27 06:57:55.480 18224 18352 I AutoStationaryHelper: [AutoStationaryHelper::getGuardianDataFromNearbyRoomscale] [2575043440] Distance to HMD: 3.795735
03-27 06:57:55.489 18091 18205 I [CT]    : HandPoseSampler: Filter reset
03-27 06:57:55.489 18091 18205 I InputDevice_Hand: HANDTRACKING ADMIRE hand 0: hpm=1 -> shared=0
03-27 06:57:55.489 18091 18205 I [CT]    : HandPoseSampler: Filter reset
03-27 06:57:55.489 18091 18205 I InputDevice_Hand: HANDTRACKING ADMIRE hand 1: hpm=1 -> shared=0
03-27 06:57:55.500 18091 18205 I [CT]    : HandPoseSampler: Filter reset
03-27 06:57:55.500 18091 18205 I InputDevice_Hand: HANDTRACKING ADMIRE hand 0: hpm=1 -> shared=0
03-27 06:57:55.500 18091 18205 I [CT]    : HandPoseSampler: Filter reset
03-27 06:57:55.500 18091 18205 I InputDevice_Hand: HANDTRACKING ADMIRE hand 1: hpm=1 -> shared=0
03-27 06:57:55.512 18091 18205 I [CT]    : HandPoseSampler: Filter reset
03-27 06:57:55.512 18091 18205 I InputDevice_Hand: HANDTRACKING ADMIRE hand 0: hpm=1 -> shared=0
03-27 06:57:55.512 18091 18205 I [CT]    : HandPoseSampler: Filter reset
03-27 06:57:55.512 18091 18205 I InputDevice_Hand: HANDTRACKING ADMIRE hand 1: hpm=1 -> shared=0
03-27 06:57:55.522 18091 18205 I [CT]    : HandPoseSampler: Filter reset
03-27 06:57:55.522 18091 18205 I InputDevice_Hand: HANDTRACKING ADMIRE hand 0: hpm=1 -> shared=0
03-27 06:57:55.523 18091 18205 I [CT]    : HandPoseSampler: Filter reset
03-27 06:57:55.523 18091 18205 I InputDevice_Hand: HANDTRACKING ADMIRE hand 1: hpm=1 -> shared=0
03-27 06:57:55.523   927 19557 I libcamerahal: [INSIGHTS][2.00s] recv/ret/req heartbeat: cam0: 90/90/0, cam1: 90/90/0, cam2: 90/90/0, cam3: 90/90/0
03-27 06:57:55.533 18091 18205 I [CT]    : HandPoseSampler: Filter reset
03-27 06:57:55.533 18091 18205 I InputDevice_Hand: HANDTRACKING ADMIRE hand 0: hpm=1 -> shared=0
03-27 06:57:55.533 18091 18205 I [CT]    : HandPoseSampler: Filter reset
03-27 06:57:55.533 18091 18205 I InputDevice_Hand: HANDTRACKING ADMIRE hand 1: hpm=1 -> shared=0
03-27 06:57:55.545 18091 18205 I [CT]    : HandPoseSampler: Filter reset
03-27 06:57:55.545 18091 18205 I InputDevice_Hand: HANDTRACKING ADMIRE hand 0: hpm=1 -> shared=0
03-27 06:57:55.545 18091 18205 I [CT]    : HandPoseSampler: Filter reset
03-27 06:57:55.545 18091 18205 I InputDevice_Hand: HANDTRACKING ADMIRE hand 1: hpm=1 -> shared=0
03-27 06:57:55.556 18091 18205 I [CT]    : HandPoseSampler: Filter reset
03-27 06:57:55.556 18091 18205 I InputDevice_Hand: HANDTRACKING ADMIRE hand 0: hpm=1 -> shared=0
03-27 06:57:55.556 18091 18205 I [CT]    : HandPoseSampler: Filter reset
03-27 06:57:55.556 18091 18205 I InputDevice_Hand: HANDTRACKING ADMIRE hand 1: hpm=1 -> shared=0
03-27 06:57:55.558  5144 24453 W MetaCamNative (streaming_cast_agent): StreamingCastAgent::SendPingMessage() - socket_id=11
03-27 06:57:55.563  1156  1981 V telemetry-statsd: Fetched statsd reports. Config: 2 UID 1000 Initiator: periodic Report size: 25965
03-27 06:57:55.563  1156  1981 V telemetry-statsd: Fetched statsd reports. Config: 12 UID 1000 Initiator: periodic Report size: 18138
03-27 06:57:55.563  1156  1981 V telemetry-statsd: Fetched statsd reports. Config: 3 UID 1000 Initiator: periodic Report size: 14587
03-27 06:57:55.563  1156  1981 V telemetry-statsd: Fetched statsd reports. Config: 5 UID 1000 Initiator: periodic Report size: 14607
03-27 06:57:55.563  1156  1981 V telemetry-statsd: Fetched statsd reports. Config: 6 UID 1000 Initiator: periodic Report size: 13323
03-27 06:57:55.563  1156  1981 V telemetry-statsd: Fetched statsd reports. Config: 7 UID 1000 Initiator: periodic Report size: 13323
03-27 06:57:55.563  1156  1981 V telemetry-statsd: Fetched statsd reports. Config: 8 UID 1000 Initiator: periodic Report size: 13323
03-27 06:57:55.563  1156  1981 V telemetry-statsd: Fetched statsd reports. Config: 9 UID 1000 Initiator: periodic Report size: 13323
03-27 06:57:55.563  1156  1981 V telemetry-statsd: Fetched statsd reports. Config: 10 UID 1000 Initiator: periodic Report size: 13323
03-27 06:57:55.567 18091 18205 I [CT]    : HandPoseSampler: Filter reset
03-27 06:57:55.567 18091 18205 I InputDevice_Hand: HANDTRACKING ADMIRE hand 0: hpm=1 -> shared=0
03-27 06:57:55.567 18091 18205 I [CT]    : HandPoseSampler: Filter reset
03-27 06:57:55.567 18091 18205 I InputDevice_Hand: HANDTRACKING ADMIRE hand 1: hpm=1 -> shared=0
03-27 06:57:55.578 18091 18205 I [CT]    : HandPoseSampler: Filter reset
03-27 06:57:55.578 18091 18205 I InputDevice_Hand: HANDTRACKING ADMIRE hand 0: hpm=1 -> shared=0
03-27 06:57:55.578 18091 18205 I [CT]    : HandPoseSampler: Filter reset
03-27 06:57:55.578 18091 18205 I InputDevice_Hand: HANDTRACKING ADMIRE hand 1: hpm=1 -> shared=0
03-27 06:57:55.589 18091 18205 I [CT]    : HandPoseSampler: Filter reset
03-27 06:57:55.589 18091 18205 I InputDevice_Hand: HANDTRACKING ADMIRE hand 0: hpm=1 -> shared=0
03-27 06:57:55.589 18091 18205 I [CT]    : HandPoseSampler: Filter reset
03-27 06:57:55.589 18091 18205 I InputDevice_Hand: HANDTRACKING ADMIRE hand 1: hpm=1 -> shared=0
03-27 06:57:55.600 18091 18205 I [CT]    : HandPoseSampler: Filter reset
03-27 06:57:55.600 18091 18205 I InputDevice_Hand: HANDTRACKING ADMIRE hand 0: hpm=1 -> shared=0
03-27 06:57:55.600 18091 18205 I [CT]    : HandPoseSampler: Filter reset
03-27 06:57:55.600 18091 18205 I InputDevice_Hand: HANDTRACKING ADMIRE hand 1: hpm=1 -> shared=0
03-27 06:57:55.611 18091 18205 I [CT]    : HandPoseSampler: Filter reset
03-27 06:57:55.611 18091 18205 I InputDevice_Hand: HANDTRACKING ADMIRE hand 0: hpm=1 -> shared=0
03-27 06:57:55.611 18091 18205 I [CT]    : HandPoseSampler: Filter reset
03-27 06:57:55.611 18091 18205 I InputDevice_Hand: HANDTRACKING ADMIRE hand 1: hpm=1 -> shared=0
03-27 06:57:55.623 18091 18205 I [CT]    : HandPoseSampler: Filter reset
03-27 06:57:55.623 18091 18205 I InputDevice_Hand: HANDTRACKING ADMIRE hand 0: hpm=1 -> shared=0
03-27 06:57:55.623 18091 18205 I [CT]    : HandPoseSampler: Filter reset
03-27 06:57:55.623 18091 18205 I InputDevice_Hand: HANDTRACKING ADMIRE hand 1: hpm=1 -> shared=0
03-27 06:57:55.634 18091 18205 I [CT]    : HandPoseSampler: Filter reset
03-27 06:57:55.634 18091 18205 I InputDevice_Hand: HANDTRACKING ADMIRE hand 0: hpm=1 -> shared=0
03-27 06:57:55.634 18091 18205 I [CT]    : HandPoseSampler: Filter reset
03-27 06:57:55.634 18091 18205 I InputDevice_Hand: HANDTRACKING ADMIRE hand 1: hpm=1 -> shared=0
03-27 06:57:55.638 18091 18457 W ShellHsr: Renderer: RenderableFilter has 108 tags, which is more than 10. This is expected to be rare. If this becomes common, consider changing RenderableFilter logic to use something other than linear searches for filtering renderable tags (like registered bitsets).
03-27 06:57:55.645 18091 18205 I [CT]    : HandPoseSampler: Filter reset
03-27 06:57:55.645 18091 18205 I InputDevice_Hand: HANDTRACKING ADMIRE hand 0: hpm=1 -> shared=0
03-27 06:57:55.645 18091 18205 I [CT]    : HandPoseSampler: Filter reset
03-27 06:57:55.645 18091 18205 I InputDevice_Hand: HANDTRACKING ADMIRE hand 1: hpm=1 -> shared=0
03-27 06:57:55.656 18091 18205 I [CT]    : HandPoseSampler: Filter reset
03-27 06:57:55.656 18091 18205 I InputDevice_Hand: HANDTRACKING ADMIRE hand 0: hpm=1 -> shared=0
03-27 06:57:55.656 18091 18205 I [CT]    : HandPoseSampler: Filter reset
03-27 06:57:55.656 18091 18205 I InputDevice_Hand: HANDTRACKING ADMIRE hand 1: hpm=1 -> shared=0
03-27 06:57:55.667 18091 18205 I [CT]    : HandPoseSampler: Filter reset
03-27 06:57:55.667 18091 18205 I InputDevice_Hand: HANDTRACKING ADMIRE hand 0: hpm=1 -> shared=0
03-27 06:57:55.667 18091 18205 I [CT]    : HandPoseSampler: Filter reset
03-27 06:57:55.667 18091 18205 I InputDevice_Hand: HANDTRACKING ADMIRE hand 1: hpm=1 -> shared=0
03-27 06:57:55.678 18091 18205 I [CT]    : HandPoseSampler: Filter reset
03-27 06:57:55.678 18091 18205 I InputDevice_Hand: HANDTRACKING ADMIRE hand 0: hpm=1 -> shared=0
03-27 06:57:55.678 18091 18205 I [CT]    : HandPoseSampler: Filter reset
03-27 06:57:55.678 18091 18205 I InputDevice_Hand: HANDTRACKING ADMIRE hand 1: hpm=1 -> shared=0
03-27 06:57:55.690 18091 18205 I [CT]    : HandPoseSampler: Filter reset
03-27 06:57:55.690 18091 18205 I InputDevice_Hand: HANDTRACKING ADMIRE hand 0: hpm=1 -> shared=0
03-27 06:57:55.690 18091 18205 I [CT]    : HandPoseSampler: Filter reset
03-27 06:57:55.690 18091 18205 I InputDevice_Hand: HANDTRACKING ADMIRE hand 1: hpm=1 -> shared=0
03-27 06:57:55.701 18091 18205 I [CT]    : HandPoseSampler: Filter reset
03-27 06:57:55.701 18091 18205 I InputDevice_Hand: HANDTRACKING ADMIRE hand 0: hpm=1 -> shared=0
03-27 06:57:55.701 18091 18205 I [CT]    : HandPoseSampler: Filter reset
03-27 06:57:55.701 18091 18205 I InputDevice_Hand: HANDTRACKING ADMIRE hand 1: hpm=1 -> shared=0
03-27 06:57:55.712 18091 18205 I [CT]    : HandPoseSampler: Filter reset
03-27 06:57:55.712 18091 18205 I InputDevice_Hand: HANDTRACKING ADMIRE hand 0: hpm=1 -> shared=0
03-27 06:57:55.712 18091 18205 I [CT]    : HandPoseSampler: Filter reset
03-27 06:57:55.712 18091 18205 I InputDevice_Hand: HANDTRACKING ADMIRE hand 1: hpm=1 -> shared=0
03-27 06:57:55.722   897 14312 I Tracking: INPUT_TRACKING: InputTrackingTelemetryStats::populateTelemetry(): controller_device_id: 0x2e7e5d32cf134aad, handedness: Right, tracking_portion: 1, num_ekf_internal_flyaway: 0,num_output_flyaways: 0, num_output_flyaways_v2: 0, num_output_flyaways_v3: 0, num_output_flyaways_v4: 0, num_imu_samples_dropped_max_consecutive: 0, output_jitter_mean: 2.3512613722687092e-07, output_reacquisition_jump_distances_mean: nan, internal_reset_jump_distances_mean: nan, process_imu_data_duration_p90: 5.679507739841938e-05
03-27 06:57:55.722   897 14312 I Tracking: INPUT_TRACKING: InputTrackingTelemetryStats::populateTelemetry(): controller_device_id: 0x9a0f3b964e7e111f, handedness: Left, tracking_portion: 0, num_ekf_internal_flyaway: 0,num_output_flyaways: 0, num_output_flyaways_v2: 0, num_output_flyaways_v3: 0, num_output_flyaways_v4: 0, num_imu_samples_dropped_max_consecutive: 0, output_jitter_mean: 0, output_reacquisition_jump_distances_mean: nan, internal_reset_jump_distances_mean: nan, process_imu_data_duration_p90: 3.1139181373873726e-05
03-27 06:57:55.722   897 14312 I Tracking: INPUT_TRACKING: InputTrackingTelemetryStats::populateTelemetry(): controller_device_id: 0x0, handedness: Unknown, tracking_portion: 0, num_ekf_internal_flyaway: 0,num_output_flyaways: 0, num_output_flyaways_v2: 0, num_output_flyaways_v3: 0, num_output_flyaways_v4: 0, num_imu_samples_dropped_max_consecutive: 0, output_jitter_mean: 0, output_reacquisition_jump_distances_mean: nan, internal_reset_jump_distances_mean: nan, process_imu_data_duration_p90: 0
03-27 06:57:55.723   897 14312 I Tracking: INPUT_TRACKING: InputTrackingTelemetryStats::populateTelemetry(): controller_device_id: 0x0, handedness: Unknown, tracking_portion: 0, num_ekf_internal_flyaway: 0,num_output_flyaways: 0, num_output_flyaways_v2: 0, num_output_flyaways_v3: 0, num_output_flyaways_v4: 0, num_imu_samples_dropped_max_consecutive: 0, output_jitter_mean: 0, output_reacquisition_jump_distances_mean: nan, internal_reset_jump_distances_mean: nan, process_imu_data_duration_p90: 0
03-27 06:57:55.723   897 14312 I Tracking: telemetry::MrHandTrackingAggregator: populateTelemetry (hands_environment_ml_periodic_events)
03-27 06:57:55.723   897 14312 I Tracking: telemetry::MrHandTrackingAggregator: reportHalEvent (hands_environment_ml_periodic_events)
03-27 06:57:55.723 18091 18205 I [CT]    : HandPoseSampler: Filter reset
03-27 06:57:55.723 18091 18205 I InputDevice_Hand: HANDTRACKING ADMIRE hand 0: hpm=1 -> shared=0
03-27 06:57:55.723 18091 18205 I [CT]    : HandPoseSampler: Filter reset
03-27 06:57:55.723 18091 18205 I InputDevice_Hand: HANDTRACKING ADMIRE hand 1: hpm=1 -> shared=0
03-27 06:57:55.723   897 14312 I Tracking: telemetry::MrHandTrackingAggregator: populateTelemetry (hands_performance_ml_essential_periodic_events)
03-27 06:57:55.723   897 14312 I Tracking: telemetry::MrHandTrackingAggregator: reportHalEvent (hands_performance_ml_essential_periodic_events)
03-27 06:57:55.724   897 14312 I Tracking: telemetry::MrHandTrackingAggregator: populateTelemetry (hands_quality_ml_essential_periodic_events)
03-27 06:57:55.724   897 14312 I Tracking: telemetry::MrHandTrackingAggregator: reportHalEvent (hands_quality_ml_essential_periodic_events)
03-27 06:57:55.734 18091 18205 I [CT]    : HandPoseSampler: Filter reset
03-27 06:57:55.734 18091 18205 I InputDevice_Hand: HANDTRACKING ADMIRE hand 0: hpm=1 -> shared=0
03-27 06:57:55.734 18091 18205 I [CT]    : HandPoseSampler: Filter reset
03-27 06:57:55.734 18091 18205 I InputDevice_Hand: HANDTRACKING ADMIRE hand 1: hpm=1 -> shared=0
03-27 06:57:55.745 18091 18205 I [CT]    : HandPoseSampler: Filter reset
03-27 06:57:55.745 18091 18205 I InputDevice_Hand: HANDTRACKING ADMIRE hand 0: hpm=1 -> shared=0
03-27 06:57:55.745 18091 18205 I [CT]    : HandPoseSampler: Filter reset
03-27 06:57:55.745 18091 18205 I InputDevice_Hand: HANDTRACKING ADMIRE hand 1: hpm=1 -> shared=0
03-27 06:57:55.756 18091 18205 I [CT]    : HandPoseSampler: Filter reset
03-27 06:57:55.756 18091 18205 I InputDevice_Hand: HANDTRACKING ADMIRE hand 0: hpm=1 -> shared=0
03-27 06:57:55.756 18091 18205 I [CT]    : HandPoseSampler: Filter reset
03-27 06:57:55.756 18091 18205 I InputDevice_Hand: HANDTRACKING ADMIRE hand 1: hpm=1 -> shared=0
03-27 06:57:55.767 18091 18205 I [CT]    : HandPoseSampler: Filter reset
03-27 06:57:55.767 18091 18205 I InputDevice_Hand: HANDTRACKING ADMIRE hand 0: hpm=1 -> shared=0
03-27 06:57:55.767 18091 18205 I [CT]    : HandPoseSampler: Filter reset
03-27 06:57:55.767 18091 18205 I InputDevice_Hand: HANDTRACKING ADMIRE hand 1: hpm=1 -> shared=0
03-27 06:57:55.778 18091 18205 I [CT]    : HandPoseSampler: Filter reset
03-27 06:57:55.778 18091 18205 I InputDevice_Hand: HANDTRACKING ADMIRE hand 0: hpm=1 -> shared=0
03-27 06:57:55.778 18091 18205 I [CT]    : HandPoseSampler: Filter reset
03-27 06:57:55.778 18091 18205 I InputDevice_Hand: HANDTRACKING ADMIRE hand 1: hpm=1 -> shared=0
03-27 06:57:55.789 18091 18205 I [CT]    : HandPoseSampler: Filter reset
03-27 06:57:55.789 18091 18205 I InputDevice_Hand: HANDTRACKING ADMIRE hand 0: hpm=1 -> shared=0
03-27 06:57:55.789 18091 18205 I [CT]    : HandPoseSampler: Filter reset
03-27 06:57:55.789 18091 18205 I InputDevice_Hand: HANDTRACKING ADMIRE hand 1: hpm=1 -> shared=0
03-27 06:57:55.800 18091 18205 I [CT]    : HandPoseSampler: Filter reset
03-27 06:57:55.801 18091 18205 I InputDevice_Hand: HANDTRACKING ADMIRE hand 0: hpm=1 -> shared=0
03-27 06:57:55.801 18091 18205 I [CT]    : HandPoseSampler: Filter reset
03-27 06:57:55.801 18091 18205 I InputDevice_Hand: HANDTRACKING ADMIRE hand 1: hpm=1 -> shared=0
03-27 06:57:55.811 18091 18205 I [CT]    : HandPoseSampler: Filter reset
03-27 06:57:55.811 18091 18205 I InputDevice_Hand: HANDTRACKING ADMIRE hand 0: hpm=1 -> shared=0
03-27 06:57:55.811 18091 18205 I [CT]    : HandPoseSampler: Filter reset
03-27 06:57:55.811 18091 18205 I InputDevice_Hand: HANDTRACKING ADMIRE hand 1: hpm=1 -> shared=0
03-27 06:57:55.822 18091 18205 I [CT]    : HandPoseSampler: Filter reset
03-27 06:57:55.822 18091 18205 I InputDevice_Hand: HANDTRACKING ADMIRE hand 0: hpm=1 -> shared=0
03-27 06:57:55.822 18091 18205 I [CT]    : HandPoseSampler: Filter reset
03-27 06:57:55.822 18091 18205 I InputDevice_Hand: HANDTRACKING ADMIRE hand 1: hpm=1 -> shared=0
03-27 06:57:55.834 18091 18205 I [CT]    : HandPoseSampler: Filter reset
03-27 06:57:55.834 18091 18205 I InputDevice_Hand: HANDTRACKING ADMIRE hand 0: hpm=1 -> shared=0
03-27 06:57:55.834 18091 18205 I [CT]    : HandPoseSampler: Filter reset
03-27 06:57:55.834 18091 18205 I InputDevice_Hand: HANDTRACKING ADMIRE hand 1: hpm=1 -> shared=0
03-27 06:57:55.845 18091 18205 I [CT]    : HandPoseSampler: Filter reset
03-27 06:57:55.845 18091 18205 I InputDevice_Hand: HANDTRACKING ADMIRE hand 0: hpm=1 -> shared=0
03-27 06:57:55.845 18091 18205 I [CT]    : HandPoseSampler: Filter reset
03-27 06:57:55.845 18091 18205 I InputDevice_Hand: HANDTRACKING ADMIRE hand 1: hpm=1 -> shared=0
03-27 06:57:55.856 18091 18205 I [CT]    : HandPoseSampler: Filter reset
03-27 06:57:55.856 18091 18205 I InputDevice_Hand: HANDTRACKING ADMIRE hand 0: hpm=1 -> shared=0
03-27 06:57:55.856 18091 18205 I [CT]    : HandPoseSampler: Filter reset
03-27 06:57:55.856 18091 18205 I InputDevice_Hand: HANDTRACKING ADMIRE hand 1: hpm=1 -> shared=0
03-27 06:57:55.867 18091 18205 I [CT]    : HandPoseSampler: Filter reset
03-27 06:57:55.867 18091 18205 I InputDevice_Hand: HANDTRACKING ADMIRE hand 0: hpm=1 -> shared=0
03-27 06:57:55.867 18091 18205 I [CT]    : HandPoseSampler: Filter reset
03-27 06:57:55.867 18091 18205 I InputDevice_Hand: HANDTRACKING ADMIRE hand 1: hpm=1 -> shared=0
03-27 06:57:55.878 18091 18205 I [CT]    : HandPoseSampler: Filter reset
03-27 06:57:55.878 18091 18205 I InputDevice_Hand: HANDTRACKING ADMIRE hand 0: hpm=1 -> shared=0
03-27 06:57:55.878 18091 18205 I [CT]    : HandPoseSampler: Filter reset
03-27 06:57:55.878 18091 18205 I InputDevice_Hand: HANDTRACKING ADMIRE hand 1: hpm=1 -> shared=0
03-27 06:57:55.886   897 14310 W Tracking: CONSTELLATION_Left: [Throttled count=503] P+C Left: Could not retrieve 3dof fallback pose.
03-27 06:57:55.889 18091 18205 I [CT]    : HandPoseSampler: Filter reset
03-27 06:57:55.889 18091 18205 I InputDevice_Hand: HANDTRACKING ADMIRE hand 0: hpm=1 -> shared=0
03-27 06:57:55.889 18091 18205 I [CT]    : HandPoseSampler: Filter reset
03-27 06:57:55.889 18091 18205 I InputDevice_Hand: HANDTRACKING ADMIRE hand 1: hpm=1 -> shared=0
03-27 06:57:55.900 18091 18205 I [CT]    : HandPoseSampler: Filter reset
03-27 06:57:55.900 18091 18205 I InputDevice_Hand: HANDTRACKING ADMIRE hand 0: hpm=1 -> shared=0
03-27 06:57:55.900 18091 18205 I [CT]    : HandPoseSampler: Filter reset
03-27 06:57:55.900 18091 18205 I InputDevice_Hand: HANDTRACKING ADMIRE hand 1: hpm=1 -> shared=0
03-27 06:57:55.900   920 14202 D libflickersensor: Recording telemetry for aggregation period of 30.0 seconds
03-27 06:57:55.912 18091 18205 I [CT]    : HandPoseSampler: Filter reset
03-27 06:57:55.912 18091 18205 I InputDevice_Hand: HANDTRACKING ADMIRE hand 0: hpm=1 -> shared=0
03-27 06:57:55.912 18091 18205 I [CT]    : HandPoseSampler: Filter reset
03-27 06:57:55.912 18091 18205 I InputDevice_Hand: HANDTRACKING ADMIRE hand 1: hpm=1 -> shared=0
03-27 06:57:55.923 18091 18205 I [CT]    : HandPoseSampler: Filter reset
03-27 06:57:55.923 18091 18205 I InputDevice_Hand: HANDTRACKING ADMIRE hand 0: hpm=1 -> shared=0
03-27 06:57:55.923 18091 18205 I [CT]    : HandPoseSampler: Filter reset
03-27 06:57:55.923 18091 18205 I InputDevice_Hand: HANDTRACKING ADMIRE hand 1: hpm=1 -> shared=0
03-27 06:57:55.934 18091 18205 I [CT]    : HandPoseSampler: Filter reset
03-27 06:57:55.934 18091 18205 I InputDevice_Hand: HANDTRACKING ADMIRE hand 0: hpm=1 -> shared=0
03-27 06:57:55.934 18091 18205 I [CT]    : HandPoseSampler: Filter reset
03-27 06:57:55.934 18091 18205 I InputDevice_Hand: HANDTRACKING ADMIRE hand 1: hpm=1 -> shared=0
03-27 06:57:55.945 18091 18205 I [CT]    : HandPoseSampler: Filter reset
03-27 06:57:55.945 18091 18205 I InputDevice_Hand: HANDTRACKING ADMIRE hand 0: hpm=1 -> shared=0
03-27 06:57:55.945 18091 18205 I [CT]    : HandPoseSampler: Filter reset
03-27 06:57:55.945 18091 18205 I InputDevice_Hand: HANDTRACKING ADMIRE hand 1: hpm=1 -> shared=0
03-27 06:57:55.957 18091 18205 I [CT]    : HandPoseSampler: Filter reset
03-27 06:57:55.957 18091 18205 I InputDevice_Hand: HANDTRACKING ADMIRE hand 0: hpm=1 -> shared=0
03-27 06:57:55.957 18091 18205 I [CT]    : HandPoseSampler: Filter reset
03-27 06:57:55.957 18091 18205 I InputDevice_Hand: HANDTRACKING ADMIRE hand 1: hpm=1 -> shared=0
03-27 06:57:55.968 18091 18205 I [CT]    : HandPoseSampler: Filter reset
03-27 06:57:55.968 18091 18205 I InputDevice_Hand: HANDTRACKING ADMIRE hand 0: hpm=1 -> shared=0
03-27 06:57:55.968 18091 18205 I [CT]    : HandPoseSampler: Filter reset
03-27 06:57:55.968 18091 18205 I InputDevice_Hand: HANDTRACKING ADMIRE hand 1: hpm=1 -> shared=0
03-27 06:57:55.979 18091 18205 I [CT]    : HandPoseSampler: Filter reset
03-27 06:57:55.979 18091 18205 I InputDevice_Hand: HANDTRACKING ADMIRE hand 0: hpm=1 -> shared=0
03-27 06:57:55.979 18091 18205 I [CT]    : HandPoseSampler: Filter reset
03-27 06:57:55.979 18091 18205 I InputDevice_Hand: HANDTRACKING ADMIRE hand 1: hpm=1 -> shared=0
03-27 06:57:55.984   927  1672 I DUMPSYS_LOG: {"additional_data":{"camera_fps":[{"fps":44.979720202493574,"frames":451,"id":0},{"fps":44.979720202493574,"frames":451,"id":1},{"fps":44.979720202493574,"frames":451,"id":2},{"fps":44.979720202493574,"frames":451,"id":3}]},"event":"CameraFPS","service":"SensorService","tid":"478314216240","ts":1774609075984905,"ts_proc":130048369273}
03-27 06:57:55.990 18091 18205 I [CT]    : HandPoseSampler: Filter reset
03-27 06:57:55.990 18091 18205 I InputDevice_Hand: HANDTRACKING ADMIRE hand 0: hpm=1 -> shared=0
03-27 06:57:55.990 18091 18205 I [CT]    : HandPoseSampler: Filter reset
03-27 06:57:55.990 18091 18205 I InputDevice_Hand: HANDTRACKING ADMIRE hand 1: hpm=1 -> shared=0
03-27 06:57:56.001 18091 18205 I [CT]    : HandPoseSampler: Filter reset
03-27 06:57:56.001 18091 18205 I InputDevice_Hand: HANDTRACKING ADMIRE hand 0: hpm=1 -> shared=0
03-27 06:57:56.001 18091 18205 I [CT]    : HandPoseSampler: Filter reset
03-27 06:57:56.001 18091 18205 I InputDevice_Hand: HANDTRACKING ADMIRE hand 1: hpm=1 -> shared=0
03-27 06:57:56.012 18091 18205 I [CT]    : HandPoseSampler: Filter reset
03-27 06:57:56.012 18091 18205 I InputDevice_Hand: HANDTRACKING ADMIRE hand 0: hpm=1 -> shared=0
03-27 06:57:56.012 18091 18205 I [CT]    : HandPoseSampler: Filter reset
03-27 06:57:56.012 18091 18205 I InputDevice_Hand: HANDTRACKING ADMIRE hand 1: hpm=1 -> shared=0
03-27 06:57:56.023 18091 18205 I [CT]    : HandPoseSampler: Filter reset
03-27 06:57:56.023 18091 18205 I InputDevice_Hand: HANDTRACKING ADMIRE hand 0: hpm=1 -> shared=0
03-27 06:57:56.024 18091 18205 I [CT]    : HandPoseSampler: Filter reset
03-27 06:57:56.024 18091 18205 I InputDevice_Hand: HANDTRACKING ADMIRE hand 1: hpm=1 -> shared=0
03-27 06:57:56.031  2697  3402 I FaceEyeTrackingServerManager_Impl: [FaceEyeTrackingServerManager] - orthofitManager is NULL.
03-27 06:57:56.034 18091 18205 I [CT]    : HandPoseSampler: Filter reset
03-27 06:57:56.034 18091 18205 I InputDevice_Hand: HANDTRACKING ADMIRE hand 0: hpm=1 -> shared=0
03-27 06:57:56.034 18091 18205 I [CT]    : HandPoseSampler: Filter reset
03-27 06:57:56.034 18091 18205 I InputDevice_Hand: HANDTRACKING ADMIRE hand 1: hpm=1 -> shared=0
03-27 06:57:56.046 18091 18205 I [CT]    : HandPoseSampler: Filter reset
03-27 06:57:56.046 18091 18205 I InputDevice_Hand: HANDTRACKING ADMIRE hand 0: hpm=1 -> shared=0
03-27 06:57:56.046 18091 18205 I [CT]    : HandPoseSampler: Filter reset
03-27 06:57:56.046 18091 18205 I InputDevice_Hand: HANDTRACKING ADMIRE hand 1: hpm=1 -> shared=0
03-27 06:57:56.056 18091 18205 I [CT]    : HandPoseSampler: Filter reset
03-27 06:57:56.056 18091 18205 I InputDevice_Hand: HANDTRACKING ADMIRE hand 0: hpm=1 -> shared=0
03-27 06:57:56.056 18091 18205 I [CT]    : HandPoseSampler: Filter reset
03-27 06:57:56.056 18091 18205 I InputDevice_Hand: HANDTRACKING ADMIRE hand 1: hpm=1 -> shared=0
03-27 06:57:56.058 18091 14209 V ClientSharedTelemetryStats: App memory usage: PSS=191 MiB, PrivateDirty=90 MiB, PrivateClean=0 MiB, GPU=108.5/108.5 MiB (100% allocated)
03-27 06:57:56.058 18091 14209 I VrApi   : FPS=90/90,Prd=23ms,Tear=0,Early=0,Stale=1,Stale2/5/10/max=0/0/0/1,VSnc=1,Lat=-4,Fov=3,CPU4/GPU=-1/-1,1920/545MHz,OC=3F,TA=0/0/0,SP=N/N/N,Mem=2092MHz,Free=4006MB,PLS=0,Temp=34.0C/0.0C,TW=0.52ms,App=1.33ms,GD=0.00ms,CPU&GPU=7.78ms,LCnt=1(DR89,LM0),GPU%=0.19,CPU%=0.19(W0.30),CFL=11.29/15.32,ICFLp95=13.42,LD=0,CABC=1,SF=0.78,LP=1,DVFS=0,Preempt=180,PoseAgeP95=0.00
03-27 06:57:56.058 18091 14209 I VrApi   : ASW=1,Type=PTWFromStereo,E=0.000/0.000,D=0.000/0.000
03-27 06:57:56.067 18091 18205 I [CT]    : HandPoseSampler: Filter reset
03-27 06:57:56.067 18091 18205 I InputDevice_Hand: HANDTRACKING ADMIRE hand 0: hpm=1 -> shared=0
03-27 06:57:56.067 18091 18205 I [CT]    : HandPoseSampler: Filter reset
03-27 06:57:56.067 18091 18205 I InputDevice_Hand: HANDTRACKING ADMIRE hand 1: hpm=1 -> shared=0
03-27 06:57:56.078 18091 18205 I [CT]    : HandPoseSampler: Filter reset
03-27 06:57:56.078 18091 18205 I InputDevice_Hand: HANDTRACKING ADMIRE hand 0: hpm=1 -> shared=0
03-27 06:57:56.078 18091 18205 I [CT]    : HandPoseSampler: Filter reset
03-27 06:57:56.078 18091 18205 I InputDevice_Hand: HANDTRACKING ADMIRE hand 1: hpm=1 -> shared=0
03-27 06:57:56.090 18091 18205 I [CT]    : HandPoseSampler: Filter reset
03-27 06:57:56.090 18091 18205 I InputDevice_Hand: HANDTRACKING ADMIRE hand 0: hpm=1 -> shared=0
03-27 06:57:56.090 18091 18205 I [CT]    : HandPoseSampler: Filter reset
03-27 06:57:56.090 18091 18205 I InputDevice_Hand: HANDTRACKING ADMIRE hand 1: hpm=1 -> shared=0
03-27 06:57:56.101 18091 18205 I [CT]    : HandPoseSampler: Filter reset
03-27 06:57:56.101 18091 18205 I InputDevice_Hand: HANDTRACKING ADMIRE hand 0: hpm=1 -> shared=0
03-27 06:57:56.101 18091 18205 I [CT]    : HandPoseSampler: Filter reset
03-27 06:57:56.101 18091 18205 I InputDevice_Hand: HANDTRACKING ADMIRE hand 1: hpm=1 -> shared=0
03-27 06:57:56.111 18091 18205 I [CT]    : HandPoseSampler: Filter reset
03-27 06:57:56.111 18091 18205 I InputDevice_Hand: HANDTRACKING ADMIRE hand 0: hpm=1 -> shared=0
03-27 06:57:56.111 18091 18205 I [CT]    : HandPoseSampler: Filter reset
03-27 06:57:56.111 18091 18205 I InputDevice_Hand: HANDTRACKING ADMIRE hand 1: hpm=1 -> shared=0
03-27 06:57:56.121  2697 14219 I [CT]    : PTApiClients: 1/1:com.oculus.vrshell,PT=1,EnvDepth=0,VrMode=1,LCnt=0/2(rec=0,proj=0,bg=0),SppMeshes=1(vs=4,ts=2),SppInst=1(vs=4,ts=2),NS=0,Sty=0
03-27 06:57:56.123 18091 18205 I [CT]    : HandPoseSampler: Filter reset
03-27 06:57:56.123 18091 18205 I InputDevice_Hand: HANDTRACKING ADMIRE hand 0: hpm=1 -> shared=0
03-27 06:57:56.123 18091 18205 I [CT]    : HandPoseSampler: Filter reset
03-27 06:57:56.123 18091 18205 I InputDevice_Hand: HANDTRACKING ADMIRE hand 1: hpm=1 -> shared=0
03-27 06:57:56.134 18091 18205 I [CT]    : HandPoseSampler: Filter reset
03-27 06:57:56.134 18091 18205 I InputDevice_Hand: HANDTRACKING ADMIRE hand 0: hpm=1 -> shared=0
03-27 06:57:56.134 18091 18205 I [CT]    : HandPoseSampler: Filter reset
03-27 06:57:56.134 18091 18205 I InputDevice_Hand: HANDTRACKING ADMIRE hand 1: hpm=1 -> shared=0
03-27 06:57:56.145 18091 18205 I [CT]    : HandPoseSampler: Filter reset
03-27 06:57:56.145 18091 18205 I InputDevice_Hand: HANDTRACKING ADMIRE hand 0: hpm=1 -> shared=0
03-27 06:57:56.145 18091 18205 I [CT]    : HandPoseSampler: Filter reset
03-27 06:57:56.145 18091 18205 I InputDevice_Hand: HANDTRACKING ADMIRE hand 1: hpm=1 -> shared=0
03-27 06:57:56.156 18091 18205 I [CT]    : HandPoseSampler: Filter reset
03-27 06:57:56.156 18091 18205 I InputDevice_Hand: HANDTRACKING ADMIRE hand 0: hpm=1 -> shared=0
03-27 06:57:56.156 18091 18205 I [CT]    : HandPoseSampler: Filter reset
03-27 06:57:56.156 18091 18205 I InputDevice_Hand: HANDTRACKING ADMIRE hand 1: hpm=1 -> shared=0
03-27 06:57:56.168 18091 18205 I [CT]    : HandPoseSampler: Filter reset
03-27 06:57:56.168 18091 18205 I InputDevice_Hand: HANDTRACKING ADMIRE hand 0: hpm=1 -> shared=0
03-27 06:57:56.168 18091 18205 I [CT]    : HandPoseSampler: Filter reset
03-27 06:57:56.168 18091 18205 I InputDevice_Hand: HANDTRACKING ADMIRE hand 1: hpm=1 -> shared=0
03-27 06:57:56.178 18091 18205 I [CT]    : HandPoseSampler: Filter reset
03-27 06:57:56.178 18091 18205 I InputDevice_Hand: HANDTRACKING ADMIRE hand 0: hpm=1 -> shared=0
03-27 06:57:56.178 18091 18205 I [CT]    : HandPoseSampler: Filter reset
03-27 06:57:56.178 18091 18205 I InputDevice_Hand: HANDTRACKING ADMIRE hand 1: hpm=1 -> shared=0
03-27 06:57:56.190 18091 18205 I [CT]    : HandPoseSampler: Filter reset
03-27 06:57:56.190 18091 18205 I InputDevice_Hand: HANDTRACKING ADMIRE hand 0: hpm=1 -> shared=0
03-27 06:57:56.190 18091 18205 I [CT]    : HandPoseSampler: Filter reset
03-27 06:57:56.190 18091 18205 I InputDevice_Hand: HANDTRACKING ADMIRE hand 1: hpm=1 -> shared=0
03-27 06:57:56.201 18091 18205 I [CT]    : HandPoseSampler: Filter reset
03-27 06:57:56.201 18091 18205 I InputDevice_Hand: HANDTRACKING ADMIRE hand 0: hpm=1 -> shared=0
03-27 06:57:56.201 18091 18205 I [CT]    : HandPoseSampler: Filter reset
03-27 06:57:56.201 18091 18205 I InputDevice_Hand: HANDTRACKING ADMIRE hand 1: hpm=1 -> shared=0
03-27 06:57:56.207   897 14310 D TrackingService: 2e7e5d32cf134aad: isControllerInHand(130046.59s): 0 ctEnabled: 1 btnPress(129651.07s): 0 *btnOrTpdTouch(129661.93s): 0 *btnOrTpdProx(129662.01s): 0 static(130046.59s): 0 thbstkOffCenter(129643.30s): 0 
03-27 06:57:56.207   897 14310 D TrackingService: [HANDTRACKING] Controller 2e7e5d32cf134aad in hand: N, valid: Y
03-27 06:57:56.207  2391 14195 D ControllerManagement: RemoteService::recordControllerStatusUpdate: device 2e7e5d32cf134aad: status: CONNECTED_ACTIVE tracking: POSITION, errors: --
03-27 06:57:56.208   920 14201 I VD628x  : Flicker results: freq 120.000000, max 119.917946, dcr 33.175491, pct 0.040092, idx 0.012748, conf 0.906018, snr 9.884147, svm 0.068105, sus 0
03-27 06:57:56.212 18091 18205 I [CT]    : HandPoseSampler: Filter reset
03-27 06:57:56.212 18091 18205 I InputDevice_Hand: HANDTRACKING ADMIRE hand 0: hpm=1 -> shared=0
03-27 06:57:56.212 18091 18205 I [CT]    : HandPoseSampler: Filter reset
03-27 06:57:56.212 18091 18205 I InputDevice_Hand: HANDTRACKING ADMIRE hand 1: hpm=1 -> shared=0
03-27 06:57:56.212 18091 18205 I OpenXR_ClientState: [OATS]: IP changed: unknown/interaction_profiles/meta/touch_controller_plus, 7
03-27 06:57:56.212 18091 18205 I OpenXR_ClientState: [OATS]: IP changed: /user/hand/right/interaction_profiles/meta/touch_controller_plus, -1
03-27 06:57:56.213 18091 18205 I [SEO] ShellInputConfigurationDataProvider: InteractionMode changed, mode: Null activation method: No Device Present displayTimeActivated 130048.608289
03-27 06:57:56.217 18091 18205 W [SEO] InputOpenXr: Interaction Profile retrieval failed: /user/eyes_ext
03-27 06:57:56.223 18091 18205 I [CT]    : HandPoseSampler: Filter reset
03-27 06:57:56.223 18091 18205 I InputDevice_Hand: HANDTRACKING ADMIRE hand 0: hpm=1 -> shared=0
03-27 06:57:56.223 18091 18205 I [CT]    : HandPoseSampler: Filter reset
03-27 06:57:56.223 18091 18205 I InputDevice_Hand: HANDTRACKING ADMIRE hand 1: hpm=1 -> shared=0
03-27 06:57:56.224 18091 18205 I ShellHsr: Input: Destroying hand instance: hand=Right
03-27 06:57:56.234 18091 18205 I [CT]    : HandPoseSampler: Filter reset
03-27 06:57:56.234 18091 18205 I InputDevice_Hand: HANDTRACKING ADMIRE hand 0: hpm=1 -> shared=0
03-27 06:57:56.234 18091 18205 I [CT]    : HandPoseSampler: Filter reset
03-27 06:57:56.234 18091 18205 I InputDevice_Hand: HANDTRACKING ADMIRE hand 1: hpm=1 -> shared=0
03-27 06:57:56.245 18091 18205 I [CT]    : HandPoseSampler: Filter reset
03-27 06:57:56.246 18091 18205 I InputDevice_Hand: HANDTRACKING ADMIRE hand 0: hpm=1 -> shared=0
03-27 06:57:56.246 18091 18205 I [CT]    : HandPoseSampler: Filter reset
03-27 06:57:56.246 18091 18205 I InputDevice_Hand: HANDTRACKING ADMIRE hand 1: hpm=1 -> shared=0
03-27 06:57:56.257 18091 18205 I [CT]    : HandPoseSampler: Filter reset
03-27 06:57:56.257 18091 18205 I InputDevice_Hand: HANDTRACKING ADMIRE hand 0: hpm=1 -> shared=0
03-27 06:57:56.257 18091 18205 I [CT]    : HandPoseSampler: Filter reset
03-27 06:57:56.257 18091 18205 I InputDevice_Hand: HANDTRACKING ADMIRE hand 1: hpm=1 -> shared=0
03-27 06:57:56.267 18091 18205 I [CT]    : HandPoseSampler: Filter reset
03-27 06:57:56.267 18091 18205 I InputDevice_Hand: HANDTRACKING ADMIRE hand 0: hpm=1 -> shared=0
03-27 06:57:56.267 18091 18205 I [CT]    : HandPoseSampler: Filter reset
03-27 06:57:56.267 18091 18205 I InputDevice_Hand: HANDTRACKING ADMIRE hand 1: hpm=1 -> shared=0
03-27 06:57:56.278 18091 18205 I [CT]    : HandPoseSampler: Filter reset
03-27 06:57:56.278 18091 18205 I InputDevice_Hand: HANDTRACKING ADMIRE hand 0: hpm=1 -> shared=0
03-27 06:57:56.278 18091 18205 I [CT]    : HandPoseSampler: Filter reset
03-27 06:57:56.278 18091 18205 I InputDevice_Hand: HANDTRACKING ADMIRE hand 1: hpm=1 -> shared=0
03-27 06:57:56.290 18091 18205 I [CT]    : HandPoseSampler: Filter reset
03-27 06:57:56.290 18091 18205 I InputDevice_Hand: HANDTRACKING ADMIRE hand 0: hpm=1 -> shared=0
03-27 06:57:56.290 18091 18205 I [CT]    : HandPoseSampler: Filter reset
03-27 06:57:56.290 18091 18205 I InputDevice_Hand: HANDTRACKING ADMIRE hand 1: hpm=1 -> shared=0
03-27 06:57:56.301 18091 18205 I [CT]    : HandPoseSampler: Filter reset
03-27 06:57:56.301 18091 18205 I InputDevice_Hand: HANDTRACKING ADMIRE hand 0: hpm=1 -> shared=0
03-27 06:57:56.301 18091 18205 I [CT]    : HandPoseSampler: Filter reset
03-27 06:57:56.301 18091 18205 I InputDevice_Hand: HANDTRACKING ADMIRE hand 1: hpm=1 -> shared=0
03-27 06:57:56.311 18091 18205 I [CT]    : HandPoseSampler: Filter reset
03-27 06:57:56.311 18091 18205 I InputDevice_Hand: HANDTRACKING ADMIRE hand 0: hpm=1 -> shared=0
03-27 06:57:56.311 18091 18205 I [CT]    : HandPoseSampler: Filter reset
03-27 06:57:56.311 18091 18205 I InputDevice_Hand: HANDTRACKING ADMIRE hand 1: hpm=1 -> shared=0
03-27 06:57:56.323 18091 18205 I [CT]    : HandPoseSampler: Filter reset
03-27 06:57:56.323 18091 18205 I InputDevice_Hand: HANDTRACKING ADMIRE hand 0: hpm=1 -> shared=0
03-27 06:57:56.323 18091 18205 I [CT]    : HandPoseSampler: Filter reset
03-27 06:57:56.323 18091 18205 I InputDevice_Hand: HANDTRACKING ADMIRE hand 1: hpm=1 -> shared=0
03-27 06:57:56.334 18091 18205 I [CT]    : HandPoseSampler: Filter reset
03-27 06:57:56.334 18091 18205 I InputDevice_Hand: HANDTRACKING ADMIRE hand 0: hpm=1 -> shared=0
03-27 06:57:56.334 18091 18205 I [CT]    : HandPoseSampler: Filter reset
03-27 06:57:56.334 18091 18205 I InputDevice_Hand: HANDTRACKING ADMIRE hand 1: hpm=1 -> shared=0
03-27 06:57:56.345 18091 18205 I [CT]    : HandPoseSampler: Filter reset
03-27 06:57:56.345 18091 18205 I InputDevice_Hand: HANDTRACKING ADMIRE hand 0: hpm=1 -> shared=0
03-27 06:57:56.345 18091 18205 I [CT]    : HandPoseSampler: Filter reset
03-27 06:57:56.345 18091 18205 I InputDevice_Hand: HANDTRACKING ADMIRE hand 1: hpm=1 -> shared=0
03-27 06:57:56.356 18091 18205 I [CT]    : HandPoseSampler: Filter reset
03-27 06:57:56.356 18091 18205 I InputDevice_Hand: HANDTRACKING ADMIRE hand 0: hpm=1 -> shared=0
03-27 06:57:56.356 18091 18205 I [CT]    : HandPoseSampler: Filter reset
03-27 06:57:56.356 18091 18205 I InputDevice_Hand: HANDTRACKING ADMIRE hand 1: hpm=1 -> shared=0
03-27 06:57:56.367 18091 18205 I [CT]    : HandPoseSampler: Filter reset
03-27 06:57:56.367 18091 18205 I InputDevice_Hand: HANDTRACKING ADMIRE hand 0: hpm=1 -> shared=0
03-27 06:57:56.367 18091 18205 I [CT]    : HandPoseSampler: Filter reset
03-27 06:57:56.367 18091 18205 I InputDevice_Hand: HANDTRACKING ADMIRE hand 1: hpm=1 -> shared=0
03-27 06:57:56.379 18091 18205 I [CT]    : HandPoseSampler: Filter reset
03-27 06:57:56.379 18091 18205 I InputDevice_Hand: HANDTRACKING ADMIRE hand 0: hpm=1 -> shared=0
03-27 06:57:56.379 18091 18205 I [CT]    : HandPoseSampler: Filter reset
03-27 06:57:56.379 18091 18205 I InputDevice_Hand: HANDTRACKING ADMIRE hand 1: hpm=1 -> shared=0
03-27 06:57:56.390 18091 18205 I [CT]    : HandPoseSampler: Filter reset
03-27 06:57:56.390 18091 18205 I InputDevice_Hand: HANDTRACKING ADMIRE hand 0: hpm=1 -> shared=0
03-27 06:57:56.390 18091 18205 I [CT]    : HandPoseSampler: Filter reset
03-27 06:57:56.390 18091 18205 I InputDevice_Hand: HANDTRACKING ADMIRE hand 1: hpm=1 -> shared=0
03-27 06:57:56.401 18091 18205 I [CT]    : HandPoseSampler: Filter reset
03-27 06:57:56.401 18091 18205 I InputDevice_Hand: HANDTRACKING ADMIRE hand 0: hpm=1 -> shared=0
03-27 06:57:56.401 18091 18205 I [CT]    : HandPoseSampler: Filter reset
03-27 06:57:56.401 18091 18205 I InputDevice_Hand: HANDTRACKING ADMIRE hand 1: hpm=1 -> shared=0
03-27 06:57:56.412 18091 18205 I [CT]    : HandPoseSampler: Filter reset
03-27 06:57:56.412 18091 18205 I InputDevice_Hand: HANDTRACKING ADMIRE hand 0: hpm=1 -> shared=0
03-27 06:57:56.412 18091 18205 I [CT]    : HandPoseSampler: Filter reset
03-27 06:57:56.412 18091 18205 I InputDevice_Hand: HANDTRACKING ADMIRE hand 1: hpm=1 -> shared=0
03-27 06:57:56.423 18091 18205 I [CT]    : HandPoseSampler: Filter reset
03-27 06:57:56.423 18091 18205 I InputDevice_Hand: HANDTRACKING ADMIRE hand 0: hpm=1 -> shared=0
03-27 06:57:56.423 18091 18205 I [CT]    : HandPoseSampler: Filter reset
03-27 06:57:56.423 18091 18205 I InputDevice_Hand: HANDTRACKING ADMIRE hand 1: hpm=1 -> shared=0
03-27 06:57:56.434 18091 18205 I [CT]    : HandPoseSampler: Filter reset
03-27 06:57:56.434 18091 18205 I InputDevice_Hand: HANDTRACKING ADMIRE hand 0: hpm=1 -> shared=0
03-27 06:57:56.434 18091 18205 I [CT]    : HandPoseSampler: Filter reset
03-27 06:57:56.434 18091 18205 I InputDevice_Hand: HANDTRACKING ADMIRE hand 1: hpm=1 -> shared=0
03-27 06:57:56.445 18091 18205 I [CT]    : HandPoseSampler: Filter reset
03-27 06:57:56.445 18091 18205 I InputDevice_Hand: HANDTRACKING ADMIRE hand 0: hpm=1 -> shared=0
03-27 06:57:56.445 18091 18205 I [CT]    : HandPoseSampler: Filter reset
03-27 06:57:56.445 18091 18205 I InputDevice_Hand: HANDTRACKING ADMIRE hand 1: hpm=1 -> shared=0
03-27 06:57:56.456 18091 18205 I [CT]    : HandPoseSampler: Filter reset
03-27 06:57:56.456 18091 18205 I InputDevice_Hand: HANDTRACKING ADMIRE hand 0: hpm=1 -> shared=0
03-27 06:57:56.456 18091 18205 I [CT]    : HandPoseSampler: Filter reset
03-27 06:57:56.456 18091 18205 I InputDevice_Hand: HANDTRACKING ADMIRE hand 1: hpm=1 -> shared=0
03-27 06:57:56.468 18091 18205 I [CT]    : HandPoseSampler: Filter reset
03-27 06:57:56.468 18091 18205 I InputDevice_Hand: HANDTRACKING ADMIRE hand 0: hpm=1 -> shared=0
03-27 06:57:56.468 18091 18205 I [CT]    : HandPoseSampler: Filter reset
03-27 06:57:56.468 18091 18205 I InputDevice_Hand: HANDTRACKING ADMIRE hand 1: hpm=1 -> shared=0
03-27 06:57:56.479 18091 18205 I [CT]    : HandPoseSampler: Filter reset
03-27 06:57:56.479 18091 18205 I InputDevice_Hand: HANDTRACKING ADMIRE hand 0: hpm=1 -> shared=0
03-27 06:57:56.479 18091 18205 I [CT]    : HandPoseSampler: Filter reset
03-27 06:57:56.479 18091 18205 I InputDevice_Hand: HANDTRACKING ADMIRE hand 1: hpm=1 -> shared=0
03-27 06:57:56.490 18091 18205 I [CT]    : HandPoseSampler: Filter reset
03-27 06:57:56.490 18091 18205 I InputDevice_Hand: HANDTRACKING ADMIRE hand 0: hpm=1 -> shared=0
03-27 06:57:56.490 18091 18205 I [CT]    : HandPoseSampler: Filter reset
03-27 06:57:56.490 18091 18205 I InputDevice_Hand: HANDTRACKING ADMIRE hand 1: hpm=1 -> shared=0
03-27 06:57:56.501 18091 18205 I [CT]    : HandPoseSampler: Filter reset
03-27 06:57:56.501 18091 18205 I InputDevice_Hand: HANDTRACKING ADMIRE hand 0: hpm=1 -> shared=0
03-27 06:57:56.501 18091 18205 I [CT]    : HandPoseSampler: Filter reset
03-27 06:57:56.501 18091 18205 I InputDevice_Hand: HANDTRACKING ADMIRE hand 1: hpm=1 -> shared=0
03-27 06:57:56.512 18091 18205 I [CT]    : HandPoseSampler: Filter reset
03-27 06:57:56.512 18091 18205 I InputDevice_Hand: HANDTRACKING ADMIRE hand 0: hpm=1 -> shared=0
03-27 06:57:56.512 18091 18205 I [CT]    : HandPoseSampler: Filter reset
03-27 06:57:56.512 18091 18205 I InputDevice_Hand: HANDTRACKING ADMIRE hand 1: hpm=1 -> shared=0
03-27 06:57:56.523 18091 18205 I [CT]    : HandPoseSampler: Filter reset
03-27 06:57:56.523 18091 18205 I InputDevice_Hand: HANDTRACKING ADMIRE hand 0: hpm=1 -> shared=0
03-27 06:57:56.523 18091 18205 I [CT]    : HandPoseSampler: Filter reset
03-27 06:57:56.523 18091 18205 I InputDevice_Hand: HANDTRACKING ADMIRE hand 1: hpm=1 -> shared=0
03-27 06:57:56.534 18091 18205 I [CT]    : HandPoseSampler: Filter reset
03-27 06:57:56.534 18091 18205 I InputDevice_Hand: HANDTRACKING ADMIRE hand 0: hpm=1 -> shared=0
03-27 06:57:56.534 18091 18205 I [CT]    : HandPoseSampler: Filter reset
03-27 06:57:56.534 18091 18205 I InputDevice_Hand: HANDTRACKING ADMIRE hand 1: hpm=1 -> shared=0
03-27 06:57:56.545 18091 18205 I [CT]    : HandPoseSampler: Filter reset
03-27 06:57:56.546 18091 18205 I InputDevice_Hand: HANDTRACKING ADMIRE hand 0: hpm=1 -> shared=0
03-27 06:57:56.546 18091 18205 I [CT]    : HandPoseSampler: Filter reset
03-27 06:57:56.546 18091 18205 I InputDevice_Hand: HANDTRACKING ADMIRE hand 1: hpm=1 -> shared=0
03-27 06:57:56.549   897  1854 I Tracking: CONSTELLATION_Right: [Throttled count=89] P+C Right: Applying Consistent Zero Velocity Update during slow motion.
03-27 06:57:56.557 18091 18205 I [CT]    : HandPoseSampler: Filter reset
03-27 06:57:56.557 18091 18205 I InputDevice_Hand: HANDTRACKING ADMIRE hand 0: hpm=1 -> shared=0
03-27 06:57:56.557 18091 18205 I [CT]    : HandPoseSampler: Filter reset
03-27 06:57:56.557 18091 18205 I InputDevice_Hand: HANDTRACKING ADMIRE hand 1: hpm=1 -> shared=0
03-27 06:57:56.568 18091 18205 I [CT]    : HandPoseSampler: Filter reset
03-27 06:57:56.568 18091 18205 I InputDevice_Hand: HANDTRACKING ADMIRE hand 0: hpm=1 -> shared=0
03-27 06:57:56.568 18091 18205 I [CT]    : HandPoseSampler: Filter reset
03-27 06:57:56.568 18091 18205 I InputDevice_Hand: HANDTRACKING ADMIRE hand 1: hpm=1 -> shared=0
03-27 06:57:56.578 18091 18205 I [CT]    : HandPoseSampler: Filter reset
03-27 06:57:56.578 18091 18205 I InputDevice_Hand: HANDTRACKING ADMIRE hand 0: hpm=1 -> shared=0
03-27 06:57:56.578 18091 18205 I [CT]    : HandPoseSampler: Filter reset
03-27 06:57:56.578 18091 18205 I InputDevice_Hand: HANDTRACKING ADMIRE hand 1: hpm=1 -> shared=0
03-27 06:57:56.580 18224 18352 I AutoStationaryHelper: [AutoStationaryHelper::getGuardianDataFromNearbyRoomscale] Checking 1 existing guardian data
03-27 06:57:56.580 18224 18352 I GuardianMapDataMgr: [GuardianMapDataMgr::isValidTrackedRoomscale] [2575043440] Valid=yes, Roomscale=yes, Anchor [2cee9d32-7f24-ff1e-5555-ae309d8ea246] Tracked=yes
03-27 06:57:56.580 18224 18352 I AutoStationaryHelper: [AutoStationaryHelper::getGuardianDataFromNearbyRoomscale] [2575043440] Distance to HMD: 3.794540
03-27 06:57:56.589 18091 18205 I [CT]    : HandPoseSampler: Filter reset
03-27 06:57:56.590 18091 18205 I InputDevice_Hand: HANDTRACKING ADMIRE hand 0: hpm=1 -> shared=0
03-27 06:57:56.590 18091 18205 I [CT]    : HandPoseSampler: Filter reset
03-27 06:57:56.590 18091 18205 I InputDevice_Hand: HANDTRACKING ADMIRE hand 1: hpm=1 -> shared=0
03-27 06:57:56.600 18091 18205 I [CT]    : HandPoseSampler: Filter reset
03-27 06:57:56.600 18091 18205 I InputDevice_Hand: HANDTRACKING ADMIRE hand 0: hpm=1 -> shared=0
03-27 06:57:56.600 18091 18205 I [CT]    : HandPoseSampler: Filter reset
03-27 06:57:56.600 18091 18205 I InputDevice_Hand: HANDTRACKING ADMIRE hand 1: hpm=1 -> shared=0
03-27 06:57:56.611 18091 18205 I [CT]    : HandPoseSampler: Filter reset
03-27 06:57:56.611 18091 18205 I InputDevice_Hand: HANDTRACKING ADMIRE hand 0: hpm=1 -> shared=0
03-27 06:57:56.611 18091 18205 I [CT]    : HandPoseSampler: Filter reset
03-27 06:57:56.611 18091 18205 I InputDevice_Hand: HANDTRACKING ADMIRE hand 1: hpm=1 -> shared=0
03-27 06:57:56.623 18091 18205 I [CT]    : HandPoseSampler: Filter reset
03-27 06:57:56.623 18091 18205 I InputDevice_Hand: HANDTRACKING ADMIRE hand 0: hpm=1 -> shared=0
03-27 06:57:56.623 18091 18205 I [CT]    : HandPoseSampler: Filter reset
03-27 06:57:56.623 18091 18205 I InputDevice_Hand: HANDTRACKING ADMIRE hand 1: hpm=1 -> shared=0
03-27 06:57:56.634 18091 18205 I [CT]    : HandPoseSampler: Filter reset
03-27 06:57:56.634 18091 18205 I InputDevice_Hand: HANDTRACKING ADMIRE hand 0: hpm=1 -> shared=0
03-27 06:57:56.634 18091 18205 I [CT]    : HandPoseSampler: Filter reset
03-27 06:57:56.634 18091 18205 I InputDevice_Hand: HANDTRACKING ADMIRE hand 1: hpm=1 -> shared=0
03-27 06:57:56.645 18091 18205 I [CT]    : HandPoseSampler: Filter reset
03-27 06:57:56.645 18091 18205 I InputDevice_Hand: HANDTRACKING ADMIRE hand 0: hpm=1 -> shared=0
03-27 06:57:56.645 18091 18205 I [CT]    : HandPoseSampler: Filter reset
03-27 06:57:56.645 18091 18205 I InputDevice_Hand: HANDTRACKING ADMIRE hand 1: hpm=1 -> shared=0
03-27 06:57:56.649 18091 18457 W ShellHsr: Renderer: RenderableFilter has 108 tags, which is more than 10. This is expected to be rare. If this becomes common, consider changing RenderableFilter logic to use something other than linear searches for filtering renderable tags (like registered bitsets).
03-27 06:57:56.655  2697 14219 I [CT]    : MIXEDREALITY: PassthroughApiManager: GetUpdatedLayerState: (every 2 seconds) PT is: ON numLayers: 0
03-27 06:57:56.656 18091 18205 I [CT]    : HandPoseSampler: Filter reset
03-27 06:57:56.656 18091 18205 I InputDevice_Hand: HANDTRACKING ADMIRE hand 0: hpm=1 -> shared=0
03-27 06:57:56.657 18091 18205 I [CT]    : HandPoseSampler: Filter reset
03-27 06:57:56.657 18091 18205 I InputDevice_Hand: HANDTRACKING ADMIRE hand 1: hpm=1 -> shared=0
03-27 06:57:56.667 18091 18205 I [CT]    : HandPoseSampler: Filter reset
03-27 06:57:56.667 18091 18205 I InputDevice_Hand: HANDTRACKING ADMIRE hand 0: hpm=1 -> shared=0
03-27 06:57:56.668 18091 18205 I [CT]    : HandPoseSampler: Filter reset
03-27 06:57:56.668 18091 18205 I InputDevice_Hand: HANDTRACKING ADMIRE hand 1: hpm=1 -> shared=0
03-27 06:57:56.679 18091 18205 I [CT]    : HandPoseSampler: Filter reset
03-27 06:57:56.679 18091 18205 I InputDevice_Hand: HANDTRACKING ADMIRE hand 0: hpm=1 -> shared=0
03-27 06:57:56.679 18091 18205 I [CT]    : HandPoseSampler: Filter reset
03-27 06:57:56.679 18091 18205 I InputDevice_Hand: HANDTRACKING ADMIRE hand 1: hpm=1 -> shared=0
03-27 06:57:56.690 18091 18205 I [CT]    : HandPoseSampler: Filter reset
03-27 06:57:56.690 18091 18205 I InputDevice_Hand: HANDTRACKING ADMIRE hand 0: hpm=1 -> shared=0
03-27 06:57:56.690 18091 18205 I [CT]    : HandPoseSampler: Filter reset
03-27 06:57:56.690 18091 18205 I InputDevice_Hand: HANDTRACKING ADMIRE hand 1: hpm=1 -> shared=0
03-27 06:57:56.701 18091 18205 I [CT]    : HandPoseSampler: Filter reset
03-27 06:57:56.701 18091 18205 I InputDevice_Hand: HANDTRACKING ADMIRE hand 0: hpm=1 -> shared=0
03-27 06:57:56.701 18091 18205 I [CT]    : HandPoseSampler: Filter reset
03-27 06:57:56.701 18091 18205 I InputDevice_Hand: HANDTRACKING ADMIRE hand 1: hpm=1 -> shared=0
03-27 06:57:56.712 18091 18205 I [CT]    : HandPoseSampler: Filter reset
03-27 06:57:56.712 18091 18205 I InputDevice_Hand: HANDTRACKING ADMIRE hand 0: hpm=1 -> shared=0
03-27 06:57:56.712 18091 18205 I [CT]    : HandPoseSampler: Filter reset
03-27 06:57:56.712 18091 18205 I InputDevice_Hand: HANDTRACKING ADMIRE hand 1: hpm=1 -> shared=0
03-27 06:57:56.724 18091 18205 I [CT]    : HandPoseSampler: Filter reset
03-27 06:57:56.724 18091 18205 I InputDevice_Hand: HANDTRACKING ADMIRE hand 0: hpm=1 -> shared=0
03-27 06:57:56.724 18091 18205 I [CT]    : HandPoseSampler: Filter reset
03-27 06:57:56.724 18091 18205 I InputDevice_Hand: HANDTRACKING ADMIRE hand 1: hpm=1 -> shared=0
03-27 06:57:56.735 18091 18205 I [CT]    : HandPoseSampler: Filter reset
03-27 06:57:56.735 18091 18205 I InputDevice_Hand: HANDTRACKING ADMIRE hand 0: hpm=1 -> shared=0
03-27 06:57:56.735 18091 18205 I [CT]    : HandPoseSampler: Filter reset
03-27 06:57:56.735 18091 18205 I InputDevice_Hand: HANDTRACKING ADMIRE hand 1: hpm=1 -> shared=0
03-27 06:57:56.746 18091 18205 I [CT]    : HandPoseSampler: Filter reset
03-27 06:57:56.746 18091 18205 I InputDevice_Hand: HANDTRACKING ADMIRE hand 0: hpm=1 -> shared=0
03-27 06:57:56.746 18091 18205 I [CT]    : HandPoseSampler: Filter reset
03-27 06:57:56.746 18091 18205 I InputDevice_Hand: HANDTRACKING ADMIRE hand 1: hpm=1 -> shared=0
03-27 06:57:56.757 18091 18205 I [CT]    : HandPoseSampler: Filter reset
03-27 06:57:56.757 18091 18205 I InputDevice_Hand: HANDTRACKING ADMIRE hand 0: hpm=1 -> shared=0
03-27 06:57:56.757 18091 18205 I [CT]    : HandPoseSampler: Filter reset
03-27 06:57:56.757 18091 18205 I InputDevice_Hand: HANDTRACKING ADMIRE hand 1: hpm=1 -> shared=0
03-27 06:57:56.767 18091 18205 I [CT]    : HandPoseSampler: Filter reset
03-27 06:57:56.767 18091 18205 I InputDevice_Hand: HANDTRACKING ADMIRE hand 0: hpm=1 -> shared=0
03-27 06:57:56.767 18091 18205 I [CT]    : HandPoseSampler: Filter reset
03-27 06:57:56.767 18091 18205 I InputDevice_Hand: HANDTRACKING ADMIRE hand 1: hpm=1 -> shared=0
03-27 06:57:56.778 18091 18205 I [CT]    : HandPoseSampler: Filter reset
03-27 06:57:56.778 18091 18205 I InputDevice_Hand: HANDTRACKING ADMIRE hand 0: hpm=1 -> shared=0
03-27 06:57:56.778 18091 18205 I [CT]    : HandPoseSampler: Filter reset
03-27 06:57:56.778 18091 18205 I InputDevice_Hand: HANDTRACKING ADMIRE hand 1: hpm=1 -> shared=0
03-27 06:57:56.788 18091 18205 I [CT]    : HandPoseSampler: Filter reset
03-27 06:57:56.788 18091 18205 I InputDevice_Hand: HANDTRACKING ADMIRE hand 0: hpm=1 -> shared=0
03-27 06:57:56.788 18091 18205 I [CT]    : HandPoseSampler: Filter reset
03-27 06:57:56.789 18091 18205 I InputDevice_Hand: HANDTRACKING ADMIRE hand 1: hpm=1 -> shared=0
03-27 06:57:56.801 18091 18205 I [CT]    : HandPoseSampler: Filter reset
03-27 06:57:56.801 18091 18205 I InputDevice_Hand: HANDTRACKING ADMIRE hand 0: hpm=1 -> shared=0
03-27 06:57:56.801 18091 18205 I [CT]    : HandPoseSampler: Filter reset
03-27 06:57:56.801 18091 18205 I InputDevice_Hand: HANDTRACKING ADMIRE hand 1: hpm=1 -> shared=0
03-27 06:57:56.811 18091 18205 I [CT]    : HandPoseSampler: Filter reset
03-27 06:57:56.812 18091 18205 I InputDevice_Hand: HANDTRACKING ADMIRE hand 0: hpm=1 -> shared=0
03-27 06:57:56.812 18091 18205 I [CT]    : HandPoseSampler: Filter reset
03-27 06:57:56.812 18091 18205 I InputDevice_Hand: HANDTRACKING ADMIRE hand 1: hpm=1 -> shared=0
03-27 06:57:56.823 18091 18205 I [CT]    : HandPoseSampler: Filter reset
03-27 06:57:56.823 18091 18205 I InputDevice_Hand: HANDTRACKING ADMIRE hand 0: hpm=1 -> shared=0
03-27 06:57:56.823 18091 18205 I [CT]    : HandPoseSampler: Filter reset
03-27 06:57:56.823 18091 18205 I InputDevice_Hand: HANDTRACKING ADMIRE hand 1: hpm=1 -> shared=0
03-27 06:57:56.834 18091 18205 I [CT]    : HandPoseSampler: Filter reset
03-27 06:57:56.834 18091 18205 I InputDevice_Hand: HANDTRACKING ADMIRE hand 0: hpm=1 -> shared=0
03-27 06:57:56.834 18091 18205 I [CT]    : HandPoseSampler: Filter reset
03-27 06:57:56.834 18091 18205 I InputDevice_Hand: HANDTRACKING ADMIRE hand 1: hpm=1 -> shared=0
03-27 06:57:56.845 18091 18205 I [CT]    : HandPoseSampler: Filter reset
03-27 06:57:56.845 18091 18205 I InputDevice_Hand: HANDTRACKING ADMIRE hand 0: hpm=1 -> shared=0
03-27 06:57:56.845 18091 18205 I [CT]    : HandPoseSampler: Filter reset
03-27 06:57:56.845 18091 18205 I InputDevice_Hand: HANDTRACKING ADMIRE hand 1: hpm=1 -> shared=0
03-27 06:57:56.856 18091 18205 I [CT]    : HandPoseSampler: Filter reset
03-27 06:57:56.856 18091 18205 I InputDevice_Hand: HANDTRACKING ADMIRE hand 0: hpm=1 -> shared=0
03-27 06:57:56.856 18091 18205 I [CT]    : HandPoseSampler: Filter reset
03-27 06:57:56.856 18091 18205 I InputDevice_Hand: HANDTRACKING ADMIRE hand 1: hpm=1 -> shared=0
03-27 06:57:56.868 18091 18205 I [CT]    : HandPoseSampler: Filter reset
03-27 06:57:56.868 18091 18205 I InputDevice_Hand: HANDTRACKING ADMIRE hand 0: hpm=1 -> shared=0
03-27 06:57:56.868 18091 18205 I [CT]    : HandPoseSampler: Filter reset
03-27 06:57:56.868 18091 18205 I InputDevice_Hand: HANDTRACKING ADMIRE hand 1: hpm=1 -> shared=0
03-27 06:57:56.878 18091 18205 I [CT]    : HandPoseSampler: Filter reset
03-27 06:57:56.879 18091 18205 I InputDevice_Hand: HANDTRACKING ADMIRE hand 0: hpm=1 -> shared=0
03-27 06:57:56.879 18091 18205 I [CT]    : HandPoseSampler: Filter reset
03-27 06:57:56.879 18091 18205 I InputDevice_Hand: HANDTRACKING ADMIRE hand 1: hpm=1 -> shared=0
03-27 06:57:56.888   897 14310 W Tracking: CONSTELLATION_Left: [Throttled count=503] P+C Left: Could not retrieve 3dof fallback pose.
03-27 06:57:56.889 18091 18205 I [CT]    : HandPoseSampler: Filter reset
03-27 06:57:56.889 18091 18205 I InputDevice_Hand: HANDTRACKING ADMIRE hand 0: hpm=1 -> shared=0
03-27 06:57:56.889 18091 18205 I [CT]    : HandPoseSampler: Filter reset
03-27 06:57:56.889 18091 18205 I InputDevice_Hand: HANDTRACKING ADMIRE hand 1: hpm=1 -> shared=0
03-27 06:57:56.900 18091 18205 I [CT]    : HandPoseSampler: Filter reset
03-27 06:57:56.900 18091 18205 I InputDevice_Hand: HANDTRACKING ADMIRE hand 0: hpm=1 -> shared=0
03-27 06:57:56.900 18091 18205 I [CT]    : HandPoseSampler: Filter reset
03-27 06:57:56.900 18091 18205 I InputDevice_Hand: HANDTRACKING ADMIRE hand 1: hpm=1 -> shared=0
03-27 06:57:56.912 18091 18205 I [CT]    : HandPoseSampler: Filter reset
03-27 06:57:56.912 18091 18205 I InputDevice_Hand: HANDTRACKING ADMIRE hand 0: hpm=1 -> shared=0
03-27 06:57:56.912 18091 18205 I [CT]    : HandPoseSampler: Filter reset
03-27 06:57:56.912 18091 18205 I InputDevice_Hand: HANDTRACKING ADMIRE hand 1: hpm=1 -> shared=0
03-27 06:57:56.923 18091 18205 I [CT]    : HandPoseSampler: Filter reset
03-27 06:57:56.923 18091 18205 I InputDevice_Hand: HANDTRACKING ADMIRE hand 0: hpm=1 -> shared=0
03-27 06:57:56.923 18091 18205 I [CT]    : HandPoseSampler: Filter reset
03-27 06:57:56.923 18091 18205 I InputDevice_Hand: HANDTRACKING ADMIRE hand 1: hpm=1 -> shared=0
03-27 06:57:56.934 18091 18205 I [CT]    : HandPoseSampler: Filter reset
03-27 06:57:56.934 18091 18205 I InputDevice_Hand: HANDTRACKING ADMIRE hand 0: hpm=1 -> shared=0
03-27 06:57:56.934 18091 18205 I [CT]    : HandPoseSampler: Filter reset
03-27 06:57:56.934 18091 18205 I InputDevice_Hand: HANDTRACKING ADMIRE hand 1: hpm=1 -> shared=0
03-27 06:57:56.942   920 14201 I VD628x  : Flicker results: freq 120.000000, max 119.923363, dcr 33.175491, pct 0.039799, idx 0.012626, conf 0.906018, snr 9.884147, svm 0.067878, sus 0
03-27 06:57:56.945 18091 18205 I [CT]    : HandPoseSampler: Filter reset
03-27 06:57:56.945 18091 18205 I InputDevice_Hand: HANDTRACKING ADMIRE hand 0: hpm=1 -> shared=0
03-27 06:57:56.945 18091 18205 I [CT]    : HandPoseSampler: Filter reset
03-27 06:57:56.945 18091 18205 I InputDevice_Hand: HANDTRACKING ADMIRE hand 1: hpm=1 -> shared=0
03-27 06:57:56.956 18091 18205 I [CT]    : HandPoseSampler: Filter reset
03-27 06:57:56.956 18091 18205 I InputDevice_Hand: HANDTRACKING ADMIRE hand 0: hpm=1 -> shared=0
03-27 06:57:56.956 18091 18205 I [CT]    : HandPoseSampler: Filter reset
03-27 06:57:56.956 18091 18205 I InputDevice_Hand: HANDTRACKING ADMIRE hand 1: hpm=1 -> shared=0
03-27 06:57:56.967 18091 18205 I [CT]    : HandPoseSampler: Filter reset
03-27 06:57:56.967 18091 18205 I InputDevice_Hand: HANDTRACKING ADMIRE hand 0: hpm=1 -> shared=0
03-27 06:57:56.967 18091 18205 I [CT]    : HandPoseSampler: Filter reset
03-27 06:57:56.967 18091 18205 I InputDevice_Hand: HANDTRACKING ADMIRE hand 1: hpm=1 -> shared=0
03-27 06:57:56.978 18091 18205 I [CT]    : HandPoseSampler: Filter reset
03-27 06:57:56.978 18091 18205 I InputDevice_Hand: HANDTRACKING ADMIRE hand 0: hpm=1 -> shared=0
03-27 06:57:56.978 18091 18205 I [CT]    : HandPoseSampler: Filter reset
03-27 06:57:56.978 18091 18205 I InputDevice_Hand: HANDTRACKING ADMIRE hand 1: hpm=1 -> shared=0
03-27 06:57:56.990 18091 18205 I [CT]    : HandPoseSampler: Filter reset
03-27 06:57:56.990 18091 18205 I InputDevice_Hand: HANDTRACKING ADMIRE hand 0: hpm=1 -> shared=0
03-27 06:57:56.990 18091 18205 I [CT]    : HandPoseSampler: Filter reset
03-27 06:57:56.990 18091 18205 I InputDevice_Hand: HANDTRACKING ADMIRE hand 1: hpm=1 -> shared=0
03-27 06:57:57.001 18091 18205 I [CT]    : HandPoseSampler: Filter reset
03-27 06:57:57.001 18091 18205 I InputDevice_Hand: HANDTRACKING ADMIRE hand 0: hpm=1 -> shared=0
03-27 06:57:57.001 18091 18205 I [CT]    : HandPoseSampler: Filter reset
03-27 06:57:57.001 18091 18205 I InputDevice_Hand: HANDTRACKING ADMIRE hand 1: hpm=1 -> shared=0
03-27 06:57:57.012 18091 18205 I [CT]    : HandPoseSampler: Filter reset
03-27 06:57:57.012 18091 18205 I InputDevice_Hand: HANDTRACKING ADMIRE hand 0: hpm=1 -> shared=0
03-27 06:57:57.012 18091 18205 I [CT]    : HandPoseSampler: Filter reset
03-27 06:57:57.012 18091 18205 I InputDevice_Hand: HANDTRACKING ADMIRE hand 1: hpm=1 -> shared=0
03-27 06:57:57.016   897  1854 I Tracking: CONSTELLATION_Left: [Throttled count=181] P+C Left: Imu state is invalid when querying vision state!
03-27 06:57:57.023 18091 18205 I [CT]    : HandPoseSampler: Filter reset
03-27 06:57:57.023 18091 18205 I InputDevice_Hand: HANDTRACKING ADMIRE hand 0: hpm=1 -> shared=0
03-27 06:57:57.023 18091 18205 I [CT]    : HandPoseSampler: Filter reset
03-27 06:57:57.023 18091 18205 I InputDevice_Hand: HANDTRACKING ADMIRE hand 1: hpm=1 -> shared=0
03-27 06:57:57.033 18091 14209 I VrApi   : FPS=91/90,Prd=23ms,Tear=0,Early=0,Stale=0,Stale2/5/10/max=0/0/0/0,VSnc=1,Lat=-4,Fov=3,CPU4/GPU=-1/-1,1920/545MHz,OC=3F,TA=0/0/0,SP=N/N/N,Mem=2092MHz,Free=4006MB,PLS=0,Temp=34.0C/0.0C,TW=0.54ms,App=1.35ms,GD=0.00ms,CPU&GPU=7.50ms,LCnt=1(DR90,LM0),GPU%=0.19,CPU%=0.22(W0.32),CFL=11.28/14.58,ICFLp95=13.24,LD=0,CABC=1,SF=0.78,LP=1,DVFS=0,Preempt=180,PoseAgeP95=0.00
03-27 06:57:57.033 18091 14209 I VrApi   : ASW=0,Type=PTWFromStereo,E=0.000/0.000,D=0.000/0.000
03-27 06:57:57.034 18091 18205 I [CT]    : HandPoseSampler: Filter reset
03-27 06:57:57.034 18091 18205 I InputDevice_Hand: HANDTRACKING ADMIRE hand 0: hpm=1 -> shared=0
03-27 06:57:57.034 18091 18205 I [CT]    : HandPoseSampler: Filter reset
03-27 06:57:57.034 18091 18205 I InputDevice_Hand: HANDTRACKING ADMIRE hand 1: hpm=1 -> shared=0
03-27 06:57:57.045 18091 18205 I [CT]    : HandPoseSampler: Filter reset
03-27 06:57:57.045 18091 18205 I InputDevice_Hand: HANDTRACKING ADMIRE hand 0: hpm=1 -> shared=0
03-27 06:57:57.045 18091 18205 I [CT]    : HandPoseSampler: Filter reset
03-27 06:57:57.045 18091 18205 I InputDevice_Hand: HANDTRACKING ADMIRE hand 1: hpm=1 -> shared=0
03-27 06:57:57.056 18091 18205 I [CT]    : HandPoseSampler: Filter reset
03-27 06:57:57.056 18091 18205 I InputDevice_Hand: HANDTRACKING ADMIRE hand 0: hpm=1 -> shared=0
03-27 06:57:57.056 18091 18205 I [CT]    : HandPoseSampler: Filter reset
03-27 06:57:57.056 18091 18205 I InputDevice_Hand: HANDTRACKING ADMIRE hand 1: hpm=1 -> shared=0
03-27 06:57:57.067 18091 18205 I [CT]    : HandPoseSampler: Filter reset
03-27 06:57:57.067 18091 18205 I InputDevice_Hand: HANDTRACKING ADMIRE hand 0: hpm=1 -> shared=0
03-27 06:57:57.067 18091 18205 I [CT]    : HandPoseSampler: Filter reset
03-27 06:57:57.067 18091 18205 I InputDevice_Hand: HANDTRACKING ADMIRE hand 1: hpm=1 -> shared=0
03-27 06:57:57.079 18091 18205 I [CT]    : HandPoseSampler: Filter reset
03-27 06:57:57.079 18091 18205 I InputDevice_Hand: HANDTRACKING ADMIRE hand 0: hpm=1 -> shared=0
03-27 06:57:57.079 18091 18205 I [CT]    : HandPoseSampler: Filter reset
03-27 06:57:57.079 18091 18205 I InputDevice_Hand: HANDTRACKING ADMIRE hand 1: hpm=1 -> shared=0
03-27 06:57:57.083   897  1854 I Tracking: CONSTELLATION_Left: [Throttled count=90] P+C Left: Not reinitializing 6DoF filter yet (no valid pose from vision).
03-27 06:57:57.090 18091 18205 I [CT]    : HandPoseSampler: Filter reset
03-27 06:57:57.090 18091 18205 I InputDevice_Hand: HANDTRACKING ADMIRE hand 0: hpm=1 -> shared=0
03-27 06:57:57.090 18091 18205 I [CT]    : HandPoseSampler: Filter reset
03-27 06:57:57.090 18091 18205 I InputDevice_Hand: HANDTRACKING ADMIRE hand 1: hpm=1 -> shared=0
03-27 06:57:57.101 18091 18205 I [CT]    : HandPoseSampler: Filter reset
03-27 06:57:57.101 18091 18205 I InputDevice_Hand: HANDTRACKING ADMIRE hand 0: hpm=1 -> shared=0
03-27 06:57:57.101 18091 18205 I [CT]    : HandPoseSampler: Filter reset
03-27 06:57:57.101 18091 18205 I InputDevice_Hand: HANDTRACKING ADMIRE hand 1: hpm=1 -> shared=0
03-27 06:57:57.113 18091 18205 I [CT]    : HandPoseSampler: Filter reset
03-27 06:57:57.113 18091 18205 I InputDevice_Hand: HANDTRACKING ADMIRE hand 0: hpm=1 -> shared=0
03-27 06:57:57.113 18091 18205 I [CT]    : HandPoseSampler: Filter reset
03-27 06:57:57.113 18091 18205 I InputDevice_Hand: HANDTRACKING ADMIRE hand 1: hpm=1 -> shared=0
03-27 06:57:57.124 18091 18205 I [CT]    : HandPoseSampler: Filter reset
03-27 06:57:57.124 18091 18205 I InputDevice_Hand: HANDTRACKING ADMIRE hand 0: hpm=1 -> shared=0
03-27 06:57:57.124 18091 18205 I [CT]    : HandPoseSampler: Filter reset
03-27 06:57:57.124 18091 18205 I InputDevice_Hand: HANDTRACKING ADMIRE hand 1: hpm=1 -> shared=0
03-27 06:57:57.134 18091 18205 I [CT]    : HandPoseSampler: Filter reset
03-27 06:57:57.135 18091 18205 I InputDevice_Hand: HANDTRACKING ADMIRE hand 0: hpm=1 -> shared=0
03-27 06:57:57.135 18091 18205 I [CT]    : HandPoseSampler: Filter reset
03-27 06:57:57.135 18091 18205 I InputDevice_Hand: HANDTRACKING ADMIRE hand 1: hpm=1 -> shared=0
03-27 06:57:57.146 18091 18205 I [CT]    : HandPoseSampler: Filter reset
03-27 06:57:57.146 18091 18205 I InputDevice_Hand: HANDTRACKING ADMIRE hand 0: hpm=1 -> shared=0
03-27 06:57:57.146 18091 18205 I [CT]    : HandPoseSampler: Filter reset
03-27 06:57:57.146 18091 18205 I InputDevice_Hand: HANDTRACKING ADMIRE hand 1: hpm=1 -> shared=0
03-27 06:57:57.156 18091 18205 I [CT]    : HandPoseSampler: Filter reset
03-27 06:57:57.156 18091 18205 I InputDevice_Hand: HANDTRACKING ADMIRE hand 0: hpm=1 -> shared=0
03-27 06:57:57.156 18091 18205 I [CT]    : HandPoseSampler: Filter reset
03-27 06:57:57.156 18091 18205 I InputDevice_Hand: HANDTRACKING ADMIRE hand 1: hpm=1 -> shared=0
03-27 06:57:57.167 18091 18205 I [CT]    : HandPoseSampler: Filter reset
03-27 06:57:57.167 18091 18205 I InputDevice_Hand: HANDTRACKING ADMIRE hand 0: hpm=1 -> shared=0
03-27 06:57:57.167 18091 18205 I [CT]    : HandPoseSampler: Filter reset
03-27 06:57:57.167 18091 18205 I InputDevice_Hand: HANDTRACKING ADMIRE hand 1: hpm=1 -> shared=0
03-27 06:57:57.179 18091 18205 I [CT]    : HandPoseSampler: Filter reset
03-27 06:57:57.179 18091 18205 I InputDevice_Hand: HANDTRACKING ADMIRE hand 0: hpm=1 -> shared=0
03-27 06:57:57.179 18091 18205 I [CT]    : HandPoseSampler: Filter reset
03-27 06:57:57.179 18091 18205 I InputDevice_Hand: HANDTRACKING ADMIRE hand 1: hpm=1 -> shared=0
03-27 06:57:57.190 18091 18205 I [CT]    : HandPoseSampler: Filter reset
03-27 06:57:57.190 18091 18205 I InputDevice_Hand: HANDTRACKING ADMIRE hand 0: hpm=1 -> shared=0
03-27 06:57:57.190 18091 18205 I [CT]    : HandPoseSampler: Filter reset
03-27 06:57:57.190 18091 18205 I InputDevice_Hand: HANDTRACKING ADMIRE hand 1: hpm=1 -> shared=0
03-27 06:57:57.201 18091 18205 I [CT]    : HandPoseSampler: Filter reset
03-27 06:57:57.201 18091 18205 I InputDevice_Hand: HANDTRACKING ADMIRE hand 0: hpm=1 -> shared=0
03-27 06:57:57.201 18091 18205 I [CT]    : HandPoseSampler: Filter reset
03-27 06:57:57.201 18091 18205 I InputDevice_Hand: HANDTRACKING ADMIRE hand 1: hpm=1 -> shared=0
03-27 06:57:57.212 18091 18205 I [CT]    : HandPoseSampler: Filter reset
03-27 06:57:57.212 18091 18205 I InputDevice_Hand: HANDTRACKING ADMIRE hand 0: hpm=1 -> shared=0
03-27 06:57:57.212 18091 18205 I [CT]    : HandPoseSampler: Filter reset
03-27 06:57:57.212 18091 18205 I InputDevice_Hand: HANDTRACKING ADMIRE hand 1: hpm=1 -> shared=0
03-27 06:57:57.224 18091 18205 I [CT]    : HandPoseSampler: Filter reset
03-27 06:57:57.224 18091 18205 I InputDevice_Hand: HANDTRACKING ADMIRE hand 0: hpm=1 -> shared=0
03-27 06:57:57.224 18091 18205 I [CT]    : HandPoseSampler: Filter reset
03-27 06:57:57.224 18091 18205 I InputDevice_Hand: HANDTRACKING ADMIRE hand 1: hpm=1 -> shared=0
03-27 06:57:57.234 18091 18205 I [CT]    : HandPoseSampler: Filter reset
03-27 06:57:57.235 18091 18205 I InputDevice_Hand: HANDTRACKING ADMIRE hand 0: hpm=1 -> shared=0
03-27 06:57:57.235 18091 18205 I [CT]    : HandPoseSampler: Filter reset
03-27 06:57:57.235 18091 18205 I InputDevice_Hand: HANDTRACKING ADMIRE hand 1: hpm=1 -> shared=0
03-27 06:57:57.246 18091 18205 I [CT]    : HandPoseSampler: Filter reset
03-27 06:57:57.246 18091 18205 I InputDevice_Hand: HANDTRACKING ADMIRE hand 0: hpm=1 -> shared=0
03-27 06:57:57.246 18091 18205 I [CT]    : HandPoseSampler: Filter reset
03-27 06:57:57.246 18091 18205 I InputDevice_Hand: HANDTRACKING ADMIRE hand 1: hpm=1 -> shared=0
03-27 06:57:57.256 18091 18205 I [CT]    : HandPoseSampler: Filter reset
03-27 06:57:57.256 18091 18205 I InputDevice_Hand: HANDTRACKING ADMIRE hand 0: hpm=1 -> shared=0
03-27 06:57:57.256 18091 18205 I [CT]    : HandPoseSampler: Filter reset
03-27 06:57:57.256 18091 18205 I InputDevice_Hand: HANDTRACKING ADMIRE hand 1: hpm=1 -> shared=0
03-27 06:57:57.267 18091 18205 I [CT]    : HandPoseSampler: Filter reset
03-27 06:57:57.267 18091 18205 I InputDevice_Hand: HANDTRACKING ADMIRE hand 0: hpm=1 -> shared=0
03-27 06:57:57.268 18091 18205 I [CT]    : HandPoseSampler: Filter reset
03-27 06:57:57.268 18091 18205 I InputDevice_Hand: HANDTRACKING ADMIRE hand 1: hpm=1 -> shared=0
03-27 06:57:57.279 18091 18205 I [CT]    : HandPoseSampler: Filter reset
03-27 06:57:57.279 18091 18205 I InputDevice_Hand: HANDTRACKING ADMIRE hand 0: hpm=1 -> shared=0
03-27 06:57:57.279 18091 18205 I [CT]    : HandPoseSampler: Filter reset
03-27 06:57:57.279 18091 18205 I InputDevice_Hand: HANDTRACKING ADMIRE hand 1: hpm=1 -> shared=0
03-27 06:57:57.289 18091 18205 I [CT]    : HandPoseSampler: Filter reset
03-27 06:57:57.290 18091 18205 I InputDevice_Hand: HANDTRACKING ADMIRE hand 0: hpm=1 -> shared=0
03-27 06:57:57.290 18091 18205 I [CT]    : HandPoseSampler: Filter reset
03-27 06:57:57.290 18091 18205 I InputDevice_Hand: HANDTRACKING ADMIRE hand 1: hpm=1 -> shared=0
03-27 06:57:57.301 18091 18205 I [CT]    : HandPoseSampler: Filter reset
03-27 06:57:57.301 18091 18205 I InputDevice_Hand: HANDTRACKING ADMIRE hand 0: hpm=1 -> shared=0
03-27 06:57:57.301 18091 18205 I [CT]    : HandPoseSampler: Filter reset
03-27 06:57:57.301 18091 18205 I InputDevice_Hand: HANDTRACKING ADMIRE hand 1: hpm=1 -> shared=0
03-27 06:57:57.313 18091 18205 I [CT]    : HandPoseSampler: Filter reset
03-27 06:57:57.313 18091 18205 I InputDevice_Hand: HANDTRACKING ADMIRE hand 0: hpm=1 -> shared=0
03-27 06:57:57.313 18091 18205 I [CT]    : HandPoseSampler: Filter reset
03-27 06:57:57.313 18091 18205 I InputDevice_Hand: HANDTRACKING ADMIRE hand 1: hpm=1 -> shared=0
03-27 06:57:57.324 18091 18205 I [CT]    : HandPoseSampler: Filter reset
03-27 06:57:57.324 18091 18205 I InputDevice_Hand: HANDTRACKING ADMIRE hand 0: hpm=1 -> shared=0
03-27 06:57:57.324 18091 18205 I [CT]    : HandPoseSampler: Filter reset
03-27 06:57:57.324 18091 18205 I InputDevice_Hand: HANDTRACKING ADMIRE hand 1: hpm=1 -> shared=0
03-27 06:57:57.334 18091 18205 I [CT]    : HandPoseSampler: Filter reset
03-27 06:57:57.334 18091 18205 I InputDevice_Hand: HANDTRACKING ADMIRE hand 0: hpm=1 -> shared=0
03-27 06:57:57.334 18091 18205 I [CT]    : HandPoseSampler: Filter reset
03-27 06:57:57.334 18091 18205 I InputDevice_Hand: HANDTRACKING ADMIRE hand 1: hpm=1 -> shared=0
03-27 06:57:57.346 18091 18205 I [CT]    : HandPoseSampler: Filter reset
03-27 06:57:57.346 18091 18205 I InputDevice_Hand: HANDTRACKING ADMIRE hand 0: hpm=1 -> shared=0
03-27 06:57:57.346 18091 18205 I [CT]    : HandPoseSampler: Filter reset
03-27 06:57:57.346 18091 18205 I InputDevice_Hand: HANDTRACKING ADMIRE hand 1: hpm=1 -> shared=0
03-27 06:57:57.357 18091 18205 I [CT]    : HandPoseSampler: Filter reset
03-27 06:57:57.357 18091 18205 I InputDevice_Hand: HANDTRACKING ADMIRE hand 0: hpm=1 -> shared=0
03-27 06:57:57.357 18091 18205 I [CT]    : HandPoseSampler: Filter reset
03-27 06:57:57.357 18091 18205 I InputDevice_Hand: HANDTRACKING ADMIRE hand 1: hpm=1 -> shared=0
03-27 06:57:57.368 18091 18205 I [CT]    : HandPoseSampler: Filter reset
03-27 06:57:57.368 18091 18205 I InputDevice_Hand: HANDTRACKING ADMIRE hand 0: hpm=1 -> shared=0
03-27 06:57:57.368 18091 18205 I [CT]    : HandPoseSampler: Filter reset
03-27 06:57:57.368 18091 18205 I InputDevice_Hand: HANDTRACKING ADMIRE hand 1: hpm=1 -> shared=0
03-27 06:57:57.378 18091 18205 I [CT]    : HandPoseSampler: Filter reset
03-27 06:57:57.378 18091 18205 I InputDevice_Hand: HANDTRACKING ADMIRE hand 0: hpm=1 -> shared=0
03-27 06:57:57.378 18091 18205 I [CT]    : HandPoseSampler: Filter reset
03-27 06:57:57.378 18091 18205 I InputDevice_Hand: HANDTRACKING ADMIRE hand 1: hpm=1 -> shared=0
03-27 06:57:57.390 18091 18205 I [CT]    : HandPoseSampler: Filter reset
03-27 06:57:57.390 18091 18205 I InputDevice_Hand: HANDTRACKING ADMIRE hand 0: hpm=1 -> shared=0
03-27 06:57:57.390 18091 18205 I [CT]    : HandPoseSampler: Filter reset
03-27 06:57:57.390 18091 18205 I InputDevice_Hand: HANDTRACKING ADMIRE hand 1: hpm=1 -> shared=0
03-27 06:57:57.401 18091 18205 I [CT]    : HandPoseSampler: Filter reset
03-27 06:57:57.401 18091 18205 I InputDevice_Hand: HANDTRACKING ADMIRE hand 0: hpm=1 -> shared=0
03-27 06:57:57.401 18091 18205 I [CT]    : HandPoseSampler: Filter reset
03-27 06:57:57.401 18091 18205 I InputDevice_Hand: HANDTRACKING ADMIRE hand 1: hpm=1 -> shared=0
03-27 06:57:57.406   897 14271 W Tracking: IoteLogging: IMU Update exceeded imu sampling period: update=0.001373525 [sec], period=0.001250000 [sec].
03-27 06:57:57.413 18091 18205 I [CT]    : HandPoseSampler: Filter reset
03-27 06:57:57.413 18091 18205 I InputDevice_Hand: HANDTRACKING ADMIRE hand 0: hpm=1 -> shared=0
03-27 06:57:57.413 18091 18205 I [CT]    : HandPoseSampler: Filter reset
03-27 06:57:57.413 18091 18205 I InputDevice_Hand: HANDTRACKING ADMIRE hand 1: hpm=1 -> shared=0
03-27 06:57:57.424 18091 18205 I [CT]    : HandPoseSampler: Filter reset
03-27 06:57:57.424 18091 18205 I InputDevice_Hand: HANDTRACKING ADMIRE hand 0: hpm=1 -> shared=0
03-27 06:57:57.424 18091 18205 I [CT]    : HandPoseSampler: Filter reset
03-27 06:57:57.424 18091 18205 I InputDevice_Hand: HANDTRACKING ADMIRE hand 1: hpm=1 -> shared=0
03-27 06:57:57.435 18091 18205 I [CT]    : HandPoseSampler: Filter reset
03-27 06:57:57.435 18091 18205 I InputDevice_Hand: HANDTRACKING ADMIRE hand 0: hpm=1 -> shared=0
03-27 06:57:57.435 18091 18205 I [CT]    : HandPoseSampler: Filter reset
03-27 06:57:57.435 18091 18205 I InputDevice_Hand: HANDTRACKING ADMIRE hand 1: hpm=1 -> shared=0
03-27 06:57:57.446 18091 18205 I [CT]    : HandPoseSampler: Filter reset
03-27 06:57:57.446 18091 18205 I InputDevice_Hand: HANDTRACKING ADMIRE hand 0: hpm=1 -> shared=0
03-27 06:57:57.446 18091 18205 I [CT]    : HandPoseSampler: Filter reset
03-27 06:57:57.446 18091 18205 I InputDevice_Hand: HANDTRACKING ADMIRE hand 1: hpm=1 -> shared=0
03-27 06:57:57.457 18091 18205 I [CT]    : HandPoseSampler: Filter reset
03-27 06:57:57.457 18091 18205 I InputDevice_Hand: HANDTRACKING ADMIRE hand 0: hpm=1 -> shared=0
03-27 06:57:57.457 18091 18205 I [CT]    : HandPoseSampler: Filter reset
03-27 06:57:57.457 18091 18205 I InputDevice_Hand: HANDTRACKING ADMIRE hand 1: hpm=1 -> shared=0
03-27 06:57:57.467 18091 18205 I [CT]    : HandPoseSampler: Filter reset
03-27 06:57:57.468 18091 18205 I InputDevice_Hand: HANDTRACKING ADMIRE hand 0: hpm=1 -> shared=0
03-27 06:57:57.468 18091 18205 I [CT]    : HandPoseSampler: Filter reset
03-27 06:57:57.468 18091 18205 I InputDevice_Hand: HANDTRACKING ADMIRE hand 1: hpm=1 -> shared=0
03-27 06:57:57.479 18091 18205 I [CT]    : HandPoseSampler: Filter reset
03-27 06:57:57.479 18091 18205 I InputDevice_Hand: HANDTRACKING ADMIRE hand 0: hpm=1 -> shared=0
03-27 06:57:57.479 18091 18205 I [CT]    : HandPoseSampler: Filter reset
03-27 06:57:57.479 18091 18205 I InputDevice_Hand: HANDTRACKING ADMIRE hand 1: hpm=1 -> shared=0
03-27 06:57:57.490 18091 18205 I [CT]    : HandPoseSampler: Filter reset
03-27 06:57:57.490 18091 18205 I InputDevice_Hand: HANDTRACKING ADMIRE hand 0: hpm=1 -> shared=0
03-27 06:57:57.490 18091 18205 I [CT]    : HandPoseSampler: Filter reset
03-27 06:57:57.490 18091 18205 I InputDevice_Hand: HANDTRACKING ADMIRE hand 1: hpm=1 -> shared=0
03-27 06:57:57.501 18091 18205 I [CT]    : HandPoseSampler: Filter reset
03-27 06:57:57.501 18091 18205 I InputDevice_Hand: HANDTRACKING ADMIRE hand 0: hpm=1 -> shared=0
03-27 06:57:57.501 18091 18205 I [CT]    : HandPoseSampler: Filter reset
03-27 06:57:57.501 18091 18205 I InputDevice_Hand: HANDTRACKING ADMIRE hand 1: hpm=1 -> shared=0
03-27 06:57:57.512 18091 18205 I [CT]    : HandPoseSampler: Filter reset
03-27 06:57:57.512 18091 18205 I InputDevice_Hand: HANDTRACKING ADMIRE hand 0: hpm=1 -> shared=0
03-27 06:57:57.512 18091 18205 I [CT]    : HandPoseSampler: Filter reset
03-27 06:57:57.512 18091 18205 I InputDevice_Hand: HANDTRACKING ADMIRE hand 1: hpm=1 -> shared=0
03-27 06:57:57.522   897  1848 I Tracking: Vega: [INSIGHTS] Mode=DescriptorVega,6DoF,Agg=1s,Inl=26,26,27,Mem=96.3,FrameDur=5.3,6.6,PoseLat=1.5,2.0,CamImuLat=9.3,10.1,Jit=0.0,0.0,Drops(Cam=0,IMU=0),MeanIr=2426.5,Exp(4.5ms,g=4,I=59)(4.5ms,g=4,I=59)(5.6ms,g=6,I=59)(6.1ms,g=7,I=59)(0.0ms,g=0)(0.0ms,g=0),NonInertEnv=n
03-27 06:57:57.524 18091 18205 I [CT]    : HandPoseSampler: Filter reset
03-27 06:57:57.524 18091 18205 I InputDevice_Hand: HANDTRACKING ADMIRE hand 0: hpm=1 -> shared=0
03-27 06:57:57.524 18091 18205 I [CT]    : HandPoseSampler: Filter reset
03-27 06:57:57.524 18091 18205 I InputDevice_Hand: HANDTRACKING ADMIRE hand 1: hpm=1 -> shared=0
03-27 06:57:57.524   927 19557 I libcamerahal: [INSIGHTS][2.00s] recv/ret/req heartbeat: cam0: 90/90/0, cam1: 90/90/0, cam2: 90/90/0, cam3: 90/90/0
03-27 06:57:57.535 18091 18205 I [CT]    : HandPoseSampler: Filter reset
03-27 06:57:57.535 18091 18205 I InputDevice_Hand: HANDTRACKING ADMIRE hand 0: hpm=1 -> shared=0
03-27 06:57:57.535 18091 18205 I [CT]    : HandPoseSampler: Filter reset
03-27 06:57:57.535 18091 18205 I InputDevice_Hand: HANDTRACKING ADMIRE hand 1: hpm=1 -> shared=0
03-27 06:57:57.546 18091 18205 I [CT]    : HandPoseSampler: Filter reset
03-27 06:57:57.546 18091 18205 I InputDevice_Hand: HANDTRACKING ADMIRE hand 0: hpm=1 -> shared=0
03-27 06:57:57.546 18091 18205 I [CT]    : HandPoseSampler: Filter reset
03-27 06:57:57.546 18091 18205 I InputDevice_Hand: HANDTRACKING ADMIRE hand 1: hpm=1 -> shared=0
03-27 06:57:57.556 18091 18205 I [CT]    : HandPoseSampler: Filter reset
03-27 06:57:57.556 18091 18205 I InputDevice_Hand: HANDTRACKING ADMIRE hand 0: hpm=1 -> shared=0
03-27 06:57:57.557 18091 18205 I [CT]    : HandPoseSampler: Filter reset
03-27 06:57:57.557 18091 18205 I InputDevice_Hand: HANDTRACKING ADMIRE hand 1: hpm=1 -> shared=0
03-27 06:57:57.568 18091 18205 I [CT]    : HandPoseSampler: Filter reset
03-27 06:57:57.568 18091 18205 I InputDevice_Hand: HANDTRACKING ADMIRE hand 0: hpm=1 -> shared=0
03-27 06:57:57.568 18091 18205 I [CT]    : HandPoseSampler: Filter reset
03-27 06:57:57.568 18091 18205 I InputDevice_Hand: HANDTRACKING ADMIRE hand 1: hpm=1 -> shared=0
03-27 06:57:57.579 18091 18205 I [CT]    : HandPoseSampler: Filter reset
03-27 06:57:57.579 18091 18205 I InputDevice_Hand: HANDTRACKING ADMIRE hand 0: hpm=1 -> shared=0
03-27 06:57:57.579 18091 18205 I [CT]    : HandPoseSampler: Filter reset
03-27 06:57:57.579 18091 18205 I InputDevice_Hand: HANDTRACKING ADMIRE hand 1: hpm=1 -> shared=0
03-27 06:57:57.590 18091 18205 I [CT]    : HandPoseSampler: Filter reset
03-27 06:57:57.590 18091 18205 I InputDevice_Hand: HANDTRACKING ADMIRE hand 0: hpm=1 -> shared=0
03-27 06:57:57.590 18091 18205 I [CT]    : HandPoseSampler: Filter reset
03-27 06:57:57.590 18091 18205 I InputDevice_Hand: HANDTRACKING ADMIRE hand 1: hpm=1 -> shared=0
03-27 06:57:57.601 18091 18205 I [CT]    : HandPoseSampler: Filter reset
03-27 06:57:57.601 18091 18205 I InputDevice_Hand: HANDTRACKING ADMIRE hand 0: hpm=1 -> shared=0
03-27 06:57:57.602 18091 18205 I [CT]    : HandPoseSampler: Filter reset
03-27 06:57:57.602 18091 18205 I InputDevice_Hand: HANDTRACKING ADMIRE hand 1: hpm=1 -> shared=0
03-27 06:57:57.612 18091 18205 I [CT]    : HandPoseSampler: Filter reset
03-27 06:57:57.612 18091 18205 I InputDevice_Hand: HANDTRACKING ADMIRE hand 0: hpm=1 -> shared=0
03-27 06:57:57.612 18091 18205 I [CT]    : HandPoseSampler: Filter reset
03-27 06:57:57.612 18091 18205 I InputDevice_Hand: HANDTRACKING ADMIRE hand 1: hpm=1 -> shared=0
03-27 06:57:57.623 18091 18205 I [CT]    : HandPoseSampler: Filter reset
03-27 06:57:57.623 18091 18205 I InputDevice_Hand: HANDTRACKING ADMIRE hand 0: hpm=1 -> shared=0
03-27 06:57:57.623 18091 18205 I [CT]    : HandPoseSampler: Filter reset
03-27 06:57:57.623 18091 18205 I InputDevice_Hand: HANDTRACKING ADMIRE hand 1: hpm=1 -> shared=0
03-27 06:57:57.634 18091 18205 I [CT]    : HandPoseSampler: Filter reset
03-27 06:57:57.635 18091 18205 I InputDevice_Hand: HANDTRACKING ADMIRE hand 0: hpm=1 -> shared=0
03-27 06:57:57.635 18091 18205 I [CT]    : HandPoseSampler: Filter reset
03-27 06:57:57.635 18091 18205 I InputDevice_Hand: HANDTRACKING ADMIRE hand 1: hpm=1 -> shared=0
03-27 06:57:57.646 18091 18205 I [CT]    : HandPoseSampler: Filter reset
03-27 06:57:57.646 18091 18205 I InputDevice_Hand: HANDTRACKING ADMIRE hand 0: hpm=1 -> shared=0
03-27 06:57:57.646 18091 18205 I [CT]    : HandPoseSampler: Filter reset
03-27 06:57:57.646 18091 18205 I InputDevice_Hand: HANDTRACKING ADMIRE hand 1: hpm=1 -> shared=0
03-27 06:57:57.651 18091 18457 W ShellHsr: Renderer: RenderableFilter has 108 tags, which is more than 10. This is expected to be rare. If this becomes common, consider changing RenderableFilter logic to use something other than linear searches for filtering renderable tags (like registered bitsets).
03-27 06:57:57.657 18091 18205 I [CT]    : HandPoseSampler: Filter reset
03-27 06:57:57.657 18091 18205 I InputDevice_Hand: HANDTRACKING ADMIRE hand 0: hpm=1 -> shared=0
03-27 06:57:57.657 18091 18205 I [CT]    : HandPoseSampler: Filter reset
03-27 06:57:57.657 18091 18205 I InputDevice_Hand: HANDTRACKING ADMIRE hand 1: hpm=1 -> shared=0
03-27 06:57:57.668 18091 18205 I [CT]    : HandPoseSampler: Filter reset
03-27 06:57:57.668 18091 18205 I InputDevice_Hand: HANDTRACKING ADMIRE hand 0: hpm=1 -> shared=0
03-27 06:57:57.668 18091 18205 I [CT]    : HandPoseSampler: Filter reset
03-27 06:57:57.668 18091 18205 I InputDevice_Hand: HANDTRACKING ADMIRE hand 1: hpm=1 -> shared=0
03-27 06:57:57.672   920 14201 I VD628x  : Flicker results: freq 120.000000, max 119.921860, dcr 33.175491, pct 0.039799, idx 0.012626, conf 0.904576, snr 9.860797, svm 0.067778, sus 0
03-27 06:57:57.678 18091 18205 I [CT]    : HandPoseSampler: Filter reset
03-27 06:57:57.678 18091 18205 I InputDevice_Hand: HANDTRACKING ADMIRE hand 0: hpm=1 -> shared=0
03-27 06:57:57.678 18091 18205 I [CT]    : HandPoseSampler: Filter reset
03-27 06:57:57.678 18091 18205 I InputDevice_Hand: HANDTRACKING ADMIRE hand 1: hpm=1 -> shared=0
03-27 06:57:57.682 18224 18352 I AutoStationaryHelper: [AutoStationaryHelper::getGuardianDataFromNearbyRoomscale] Checking 1 existing guardian data
03-27 06:57:57.682 18224 18352 I GuardianMapDataMgr: [GuardianMapDataMgr::isValidTrackedRoomscale] [2575043440] Valid=yes, Roomscale=yes, Anchor [2cee9d32-7f24-ff1e-5555-ae309d8ea246] Tracked=yes
03-27 06:57:57.682 18224 18352 I AutoStationaryHelper: [AutoStationaryHelper::getGuardianDataFromNearbyRoomscale] [2575043440] Distance to HMD: 3.793462
03-27 06:57:57.689 18091 18205 I [CT]    : HandPoseSampler: Filter reset
03-27 06:57:57.690 18091 18205 I InputDevice_Hand: HANDTRACKING ADMIRE hand 0: hpm=1 -> shared=0
03-27 06:57:57.690 18091 18205 I [CT]    : HandPoseSampler: Filter reset
03-27 06:57:57.690 18091 18205 I InputDevice_Hand: HANDTRACKING ADMIRE hand 1: hpm=1 -> shared=0
03-27 06:57:57.701 18091 18205 I [CT]    : HandPoseSampler: Filter reset
03-27 06:57:57.701 18091 18205 I InputDevice_Hand: HANDTRACKING ADMIRE hand 0: hpm=1 -> shared=0
03-27 06:57:57.701 18091 18205 I [CT]    : HandPoseSampler: Filter reset
03-27 06:57:57.701 18091 18205 I InputDevice_Hand: HANDTRACKING ADMIRE hand 1: hpm=1 -> shared=0
03-27 06:57:57.712 18091 18205 I [CT]    : HandPoseSampler: Filter reset
03-27 06:57:57.712 18091 18205 I InputDevice_Hand: HANDTRACKING ADMIRE hand 0: hpm=1 -> shared=0
03-27 06:57:57.712 18091 18205 I [CT]    : HandPoseSampler: Filter reset
03-27 06:57:57.712 18091 18205 I InputDevice_Hand: HANDTRACKING ADMIRE hand 1: hpm=1 -> shared=0
03-27 06:57:57.724 18091 18205 I [CT]    : HandPoseSampler: Filter reset
03-27 06:57:57.724 18091 18205 I InputDevice_Hand: HANDTRACKING ADMIRE hand 0: hpm=1 -> shared=0
03-27 06:57:57.724 18091 18205 I [CT]    : HandPoseSampler: Filter reset
03-27 06:57:57.724 18091 18205 I InputDevice_Hand: HANDTRACKING ADMIRE hand 1: hpm=1 -> shared=0
03-27 06:57:57.734 18091 18205 I [CT]    : HandPoseSampler: Filter reset
03-27 06:57:57.734 18091 18205 I InputDevice_Hand: HANDTRACKING ADMIRE hand 0: hpm=1 -> shared=0
03-27 06:57:57.734 18091 18205 I [CT]    : HandPoseSampler: Filter reset
03-27 06:57:57.734 18091 18205 I InputDevice_Hand: HANDTRACKING ADMIRE hand 1: hpm=1 -> shared=0
03-27 06:57:57.745 18091 18205 I [CT]    : HandPoseSampler: Filter reset
03-27 06:57:57.745 18091 18205 I InputDevice_Hand: HANDTRACKING ADMIRE hand 0: hpm=1 -> shared=0
03-27 06:57:57.745 18091 18205 I [CT]    : HandPoseSampler: Filter reset
03-27 06:57:57.745 18091 18205 I InputDevice_Hand: HANDTRACKING ADMIRE hand 1: hpm=1 -> shared=0
03-27 06:57:57.756 18091 18205 I [CT]    : HandPoseSampler: Filter reset
03-27 06:57:57.756 18091 18205 I InputDevice_Hand: HANDTRACKING ADMIRE hand 0: hpm=1 -> shared=0
03-27 06:57:57.756 18091 18205 I [CT]    : HandPoseSampler: Filter reset
03-27 06:57:57.756 18091 18205 I InputDevice_Hand: HANDTRACKING ADMIRE hand 1: hpm=1 -> shared=0
03-27 06:57:57.767 18091 18205 I [CT]    : HandPoseSampler: Filter reset
03-27 06:57:57.767 18091 18205 I InputDevice_Hand: HANDTRACKING ADMIRE hand 0: hpm=1 -> shared=0
03-27 06:57:57.767 18091 18205 I [CT]    : HandPoseSampler: Filter reset
03-27 06:57:57.767 18091 18205 I InputDevice_Hand: HANDTRACKING ADMIRE hand 1: hpm=1 -> shared=0
03-27 06:57:57.779 18091 18205 I [CT]    : HandPoseSampler: Filter reset
03-27 06:57:57.779 18091 18205 I InputDevice_Hand: HANDTRACKING ADMIRE hand 0: hpm=1 -> shared=0
03-27 06:57:57.779 18091 18205 I [CT]    : HandPoseSampler: Filter reset
03-27 06:57:57.779 18091 18205 I InputDevice_Hand: HANDTRACKING ADMIRE hand 1: hpm=1 -> shared=0
03-27 06:57:57.790 18091 18205 I [CT]    : HandPoseSampler: Filter reset
03-27 06:57:57.790 18091 18205 I InputDevice_Hand: HANDTRACKING ADMIRE hand 0: hpm=1 -> shared=0
03-27 06:57:57.790 18091 18205 I [CT]    : HandPoseSampler: Filter reset
03-27 06:57:57.790 18091 18205 I InputDevice_Hand: HANDTRACKING ADMIRE hand 1: hpm=1 -> shared=0
03-27 06:57:57.801 18091 18205 I [CT]    : HandPoseSampler: Filter reset
03-27 06:57:57.801 18091 18205 I InputDevice_Hand: HANDTRACKING ADMIRE hand 0: hpm=1 -> shared=0
03-27 06:57:57.801 18091 18205 I [CT]    : HandPoseSampler: Filter reset
03-27 06:57:57.801 18091 18205 I InputDevice_Hand: HANDTRACKING ADMIRE hand 1: hpm=1 -> shared=0
03-27 06:57:57.812 18091 18205 I [CT]    : HandPoseSampler: Filter reset
03-27 06:57:57.812 18091 18205 I InputDevice_Hand: HANDTRACKING ADMIRE hand 0: hpm=1 -> shared=0
03-27 06:57:57.812 18091 18205 I [CT]    : HandPoseSampler: Filter reset
03-27 06:57:57.812 18091 18205 I InputDevice_Hand: HANDTRACKING ADMIRE hand 1: hpm=1 -> shared=0
03-27 06:57:57.823 18091 18205 I [CT]    : HandPoseSampler: Filter reset
03-27 06:57:57.823 18091 18205 I InputDevice_Hand: HANDTRACKING ADMIRE hand 0: hpm=1 -> shared=0
03-27 06:57:57.823 18091 18205 I [CT]    : HandPoseSampler: Filter reset
03-27 06:57:57.823 18091 18205 I InputDevice_Hand: HANDTRACKING ADMIRE hand 1: hpm=1 -> shared=0
03-27 06:57:57.835 18091 18205 I [CT]    : HandPoseSampler: Filter reset
03-27 06:57:57.835 18091 18205 I InputDevice_Hand: HANDTRACKING ADMIRE hand 0: hpm=1 -> shared=0
03-27 06:57:57.835 18091 18205 I [CT]    : HandPoseSampler: Filter reset
03-27 06:57:57.835 18091 18205 I InputDevice_Hand: HANDTRACKING ADMIRE hand 1: hpm=1 -> shared=0
03-27 06:57:57.845 18091 18205 I [CT]    : HandPoseSampler: Filter reset
03-27 06:57:57.845 18091 18205 I InputDevice_Hand: HANDTRACKING ADMIRE hand 0: hpm=1 -> shared=0
03-27 06:57:57.845 18091 18205 I [CT]    : HandPoseSampler: Filter reset
03-27 06:57:57.845 18091 18205 I InputDevice_Hand: HANDTRACKING ADMIRE hand 1: hpm=1 -> shared=0
03-27 06:57:57.857 18091 18205 I [CT]    : HandPoseSampler: Filter reset
03-27 06:57:57.857 18091 18205 I InputDevice_Hand: HANDTRACKING ADMIRE hand 0: hpm=1 -> shared=0
03-27 06:57:57.857 18091 18205 I [CT]    : HandPoseSampler: Filter reset
03-27 06:57:57.857 18091 18205 I InputDevice_Hand: HANDTRACKING ADMIRE hand 1: hpm=1 -> shared=0
03-27 06:57:57.867 18091 18205 I [CT]    : HandPoseSampler: Filter reset
03-27 06:57:57.867 18091 18205 I InputDevice_Hand: HANDTRACKING ADMIRE hand 0: hpm=1 -> shared=0
03-27 06:57:57.867 18091 18205 I [CT]    : HandPoseSampler: Filter reset
03-27 06:57:57.867 18091 18205 I InputDevice_Hand: HANDTRACKING ADMIRE hand 1: hpm=1 -> shared=0
03-27 06:57:57.878 18091 18205 I [CT]    : HandPoseSampler: Filter reset
03-27 06:57:57.878 18091 18205 I InputDevice_Hand: HANDTRACKING ADMIRE hand 0: hpm=1 -> shared=0
03-27 06:57:57.878 18091 18205 I [CT]    : HandPoseSampler: Filter reset
03-27 06:57:57.878 18091 18205 I InputDevice_Hand: HANDTRACKING ADMIRE hand 1: hpm=1 -> shared=0
03-27 06:57:57.890 18091 18205 I [CT]    : HandPoseSampler: Filter reset
03-27 06:57:57.890 18091 18205 I InputDevice_Hand: HANDTRACKING ADMIRE hand 0: hpm=1 -> shared=0
03-27 06:57:57.890 18091 18205 I [CT]    : HandPoseSampler: Filter reset
03-27 06:57:57.890 18091 18205 I InputDevice_Hand: HANDTRACKING ADMIRE hand 1: hpm=1 -> shared=0
03-27 06:57:57.890   897 14310 W Tracking: CONSTELLATION_Left: [Throttled count=503] P+C Left: Could not retrieve 3dof fallback pose.
03-27 06:57:57.901 18091 18205 I [CT]    : HandPoseSampler: Filter reset
03-27 06:57:57.901 18091 18205 I InputDevice_Hand: HANDTRACKING ADMIRE hand 0: hpm=1 -> shared=0
03-27 06:57:57.901 18091 18205 I [CT]    : HandPoseSampler: Filter reset
03-27 06:57:57.901 18091 18205 I InputDevice_Hand: HANDTRACKING ADMIRE hand 1: hpm=1 -> shared=0
03-27 06:57:57.912 18091 18205 I [CT]    : HandPoseSampler: Filter reset
03-27 06:57:57.912 18091 18205 I InputDevice_Hand: HANDTRACKING ADMIRE hand 0: hpm=1 -> shared=0
03-27 06:57:57.912 18091 18205 I [CT]    : HandPoseSampler: Filter reset
03-27 06:57:57.912 18091 18205 I InputDevice_Hand: HANDTRACKING ADMIRE hand 1: hpm=1 -> shared=0
03-27 06:57:57.924 18091 18205 I [CT]    : HandPoseSampler: Filter reset
03-27 06:57:57.924 18091 18205 I InputDevice_Hand: HANDTRACKING ADMIRE hand 0: hpm=1 -> shared=0
03-27 06:57:57.924 18091 18205 I [CT]    : HandPoseSampler: Filter reset
03-27 06:57:57.924 18091 18205 I InputDevice_Hand: HANDTRACKING ADMIRE hand 1: hpm=1 -> shared=0
03-27 06:57:57.934 18091 18205 I [CT]    : HandPoseSampler: Filter reset
03-27 06:57:57.934 18091 18205 I InputDevice_Hand: HANDTRACKING ADMIRE hand 0: hpm=1 -> shared=0
03-27 06:57:57.934 18091 18205 I [CT]    : HandPoseSampler: Filter reset
03-27 06:57:57.934 18091 18205 I InputDevice_Hand: HANDTRACKING ADMIRE hand 1: hpm=1 -> shared=0
03-27 06:57:57.945 18091 18205 I [CT]    : HandPoseSampler: Filter reset
03-27 06:57:57.945 18091 18205 I InputDevice_Hand: HANDTRACKING ADMIRE hand 0: hpm=1 -> shared=0
03-27 06:57:57.945 18091 18205 I [CT]    : HandPoseSampler: Filter reset
03-27 06:57:57.945 18091 18205 I InputDevice_Hand: HANDTRACKING ADMIRE hand 1: hpm=1 -> shared=0
03-27 06:57:57.957 18091 18205 I [CT]    : HandPoseSampler: Filter reset
03-27 06:57:57.957 18091 18205 I InputDevice_Hand: HANDTRACKING ADMIRE hand 0: hpm=1 -> shared=0
03-27 06:57:57.957 18091 18205 I [CT]    : HandPoseSampler: Filter reset
03-27 06:57:57.957 18091 18205 I InputDevice_Hand: HANDTRACKING ADMIRE hand 1: hpm=1 -> shared=0
03-27 06:57:57.967 18091 18205 I [CT]    : HandPoseSampler: Filter reset
03-27 06:57:57.967 18091 18205 I InputDevice_Hand: HANDTRACKING ADMIRE hand 0: hpm=1 -> shared=0
03-27 06:57:57.967 18091 18205 I [CT]    : HandPoseSampler: Filter reset
03-27 06:57:57.968 18091 18205 I InputDevice_Hand: HANDTRACKING ADMIRE hand 1: hpm=1 -> shared=0
03-27 06:57:57.979 18091 18205 I [CT]    : HandPoseSampler: Filter reset
03-27 06:57:57.979 18091 18205 I InputDevice_Hand: HANDTRACKING ADMIRE hand 0: hpm=1 -> shared=0
03-27 06:57:57.979 18091 18205 I [CT]    : HandPoseSampler: Filter reset
03-27 06:57:57.979 18091 18205 I InputDevice_Hand: HANDTRACKING ADMIRE hand 1: hpm=1 -> shared=0
03-27 06:57:57.990 18091 18205 I [CT]    : HandPoseSampler: Filter reset
03-27 06:57:57.990 18091 18205 I InputDevice_Hand: HANDTRACKING ADMIRE hand 0: hpm=1 -> shared=0
03-27 06:57:57.990 18091 18205 I [CT]    : HandPoseSampler: Filter reset
03-27 06:57:57.990 18091 18205 I InputDevice_Hand: HANDTRACKING ADMIRE hand 1: hpm=1 -> shared=0
03-27 06:57:58.001 18091 18205 I [CT]    : HandPoseSampler: Filter reset
03-27 06:57:58.001 18091 18205 I InputDevice_Hand: HANDTRACKING ADMIRE hand 0: hpm=1 -> shared=0
03-27 06:57:58.001 18091 18205 I [CT]    : HandPoseSampler: Filter reset
03-27 06:57:58.001 18091 18205 I InputDevice_Hand: HANDTRACKING ADMIRE hand 1: hpm=1 -> shared=0
03-27 06:57:58.012 18091 18205 I [CT]    : HandPoseSampler: Filter reset
03-27 06:57:58.012 18091 18205 I InputDevice_Hand: HANDTRACKING ADMIRE hand 0: hpm=1 -> shared=0
03-27 06:57:58.012 18091 18205 I [CT]    : HandPoseSampler: Filter reset
03-27 06:57:58.012 18091 18205 I InputDevice_Hand: HANDTRACKING ADMIRE hand 1: hpm=1 -> shared=0
03-27 06:57:58.023 18091 18205 I [CT]    : HandPoseSampler: Filter reset
03-27 06:57:58.024 18091 18205 I InputDevice_Hand: HANDTRACKING ADMIRE hand 0: hpm=1 -> shared=0
03-27 06:57:58.024 18091 18205 I [CT]    : HandPoseSampler: Filter reset
03-27 06:57:58.024 18091 18205 I InputDevice_Hand: HANDTRACKING ADMIRE hand 1: hpm=1 -> shared=0
03-27 06:57:58.033 18091 14209 I VrApi   : FPS=90/90,Prd=23ms,Tear=0,Early=0,Stale=0,Stale2/5/10/max=0/0/0/0,VSnc=1,Lat=-4,Fov=3,CPU4/GPU=-1/-1,1920/545MHz,OC=3F,TA=0/0/0,SP=N/N/N,Mem=2092MHz,Free=4006MB,PLS=0,Temp=34.0C/0.0C,TW=0.54ms,App=1.34ms,GD=0.00ms,CPU&GPU=7.04ms,LCnt=1(DR91,LM0),GPU%=0.19,CPU%=0.20(W0.24),CFL=11.28/14.88,ICFLp95=13.29,LD=0,CABC=1,SF=0.78,LP=1,DVFS=0,Preempt=182,PoseAgeP95=0.00
03-27 06:57:58.033 18091 14209 I VrApi   : ASW=0,Type=PTWFromStereo,E=0.000/0.000,D=0.000/0.000
03-27 06:57:58.034 18091 18205 I [CT]    : HandPoseSampler: Filter reset
03-27 06:57:58.034 18091 18205 I InputDevice_Hand: HANDTRACKING ADMIRE hand 0: hpm=1 -> shared=0
03-27 06:57:58.034 18091 18205 I [CT]    : HandPoseSampler: Filter reset
03-27 06:57:58.034 18091 18205 I InputDevice_Hand: HANDTRACKING ADMIRE hand 1: hpm=1 -> shared=0
03-27 06:57:58.045 18091 18205 I [CT]    : HandPoseSampler: Filter reset
03-27 06:57:58.045 18091 18205 I InputDevice_Hand: HANDTRACKING ADMIRE hand 0: hpm=1 -> shared=0
03-27 06:57:58.045 18091 18205 I [CT]    : HandPoseSampler: Filter reset
03-27 06:57:58.045 18091 18205 I InputDevice_Hand: HANDTRACKING ADMIRE hand 1: hpm=1 -> shared=0
03-27 06:57:58.056 18091 18205 I [CT]    : HandPoseSampler: Filter reset
03-27 06:57:58.056 18091 18205 I InputDevice_Hand: HANDTRACKING ADMIRE hand 0: hpm=1 -> shared=0
03-27 06:57:58.056 18091 18205 I [CT]    : HandPoseSampler: Filter reset
03-27 06:57:58.056 18091 18205 I InputDevice_Hand: HANDTRACKING ADMIRE hand 1: hpm=1 -> shared=0
03-27 06:57:58.068 18091 18205 I [CT]    : HandPoseSampler: Filter reset
03-27 06:57:58.068 18091 18205 I InputDevice_Hand: HANDTRACKING ADMIRE hand 0: hpm=1 -> shared=0
03-27 06:57:58.068 18091 18205 I [CT]    : HandPoseSampler: Filter reset
03-27 06:57:58.068 18091 18205 I InputDevice_Hand: HANDTRACKING ADMIRE hand 1: hpm=1 -> shared=0
03-27 06:57:58.079 18091 18205 I [CT]    : HandPoseSampler: Filter reset
03-27 06:57:58.079 18091 18205 I InputDevice_Hand: HANDTRACKING ADMIRE hand 0: hpm=1 -> shared=0
03-27 06:57:58.079 18091 18205 I [CT]    : HandPoseSampler: Filter reset
03-27 06:57:58.079 18091 18205 I InputDevice_Hand: HANDTRACKING ADMIRE hand 1: hpm=1 -> shared=0
03-27 06:57:58.090 18091 18205 I [CT]    : HandPoseSampler: Filter reset
03-27 06:57:58.090 18091 18205 I InputDevice_Hand: HANDTRACKING ADMIRE hand 0: hpm=1 -> shared=0
03-27 06:57:58.090 18091 18205 I [CT]    : HandPoseSampler: Filter reset
03-27 06:57:58.090 18091 18205 I InputDevice_Hand: HANDTRACKING ADMIRE hand 1: hpm=1 -> shared=0
03-27 06:57:58.101 18091 18205 I [CT]    : HandPoseSampler: Filter reset
03-27 06:57:58.101 18091 18205 I InputDevice_Hand: HANDTRACKING ADMIRE hand 0: hpm=1 -> shared=0
03-27 06:57:58.101 18091 18205 I [CT]    : HandPoseSampler: Filter reset
03-27 06:57:58.101 18091 18205 I InputDevice_Hand: HANDTRACKING ADMIRE hand 1: hpm=1 -> shared=0
03-27 06:57:58.112 18091 18205 I [CT]    : HandPoseSampler: Filter reset
03-27 06:57:58.112 18091 18205 I InputDevice_Hand: HANDTRACKING ADMIRE hand 0: hpm=1 -> shared=0
03-27 06:57:58.112 18091 18205 I [CT]    : HandPoseSampler: Filter reset
03-27 06:57:58.112 18091 18205 I InputDevice_Hand: HANDTRACKING ADMIRE hand 1: hpm=1 -> shared=0
03-27 06:57:58.124 18091 18205 I [CT]    : HandPoseSampler: Filter reset
03-27 06:57:58.124 18091 18205 I InputDevice_Hand: HANDTRACKING ADMIRE hand 0: hpm=1 -> shared=0
03-27 06:57:58.124 18091 18205 I [CT]    : HandPoseSampler: Filter reset
03-27 06:57:58.124 18091 18205 I InputDevice_Hand: HANDTRACKING ADMIRE hand 1: hpm=1 -> shared=0
03-27 06:57:58.135 18091 18205 I [CT]    : HandPoseSampler: Filter reset
03-27 06:57:58.135 18091 18205 I InputDevice_Hand: HANDTRACKING ADMIRE hand 0: hpm=1 -> shared=0
03-27 06:57:58.135 18091 18205 I [CT]    : HandPoseSampler: Filter reset
03-27 06:57:58.135 18091 18205 I InputDevice_Hand: HANDTRACKING ADMIRE hand 1: hpm=1 -> shared=0
03-27 06:57:58.145 18091 18205 I [CT]    : HandPoseSampler: Filter reset
03-27 06:57:58.145 18091 18205 I InputDevice_Hand: HANDTRACKING ADMIRE hand 0: hpm=1 -> shared=0
03-27 06:57:58.145 18091 18205 I [CT]    : HandPoseSampler: Filter reset
03-27 06:57:58.145 18091 18205 I InputDevice_Hand: HANDTRACKING ADMIRE hand 1: hpm=1 -> shared=0
03-27 06:57:58.156 18091 18205 I [CT]    : HandPoseSampler: Filter reset
03-27 06:57:58.156 18091 18205 I InputDevice_Hand: HANDTRACKING ADMIRE hand 0: hpm=1 -> shared=0
03-27 06:57:58.156 18091 18205 I [CT]    : HandPoseSampler: Filter reset
03-27 06:57:58.156 18091 18205 I InputDevice_Hand: HANDTRACKING ADMIRE hand 1: hpm=1 -> shared=0
03-27 06:57:58.168 18091 18205 I [CT]    : HandPoseSampler: Filter reset
03-27 06:57:58.168 18091 18205 I InputDevice_Hand: HANDTRACKING ADMIRE hand 0: hpm=1 -> shared=0
03-27 06:57:58.168 18091 18205 I [CT]    : HandPoseSampler: Filter reset
03-27 06:57:58.168 18091 18205 I InputDevice_Hand: HANDTRACKING ADMIRE hand 1: hpm=1 -> shared=0
03-27 06:57:58.179 18091 18205 I [CT]    : HandPoseSampler: Filter reset
03-27 06:57:58.179 18091 18205 I InputDevice_Hand: HANDTRACKING ADMIRE hand 0: hpm=1 -> shared=0
03-27 06:57:58.179 18091 18205 I [CT]    : HandPoseSampler: Filter reset
03-27 06:57:58.179 18091 18205 I InputDevice_Hand: HANDTRACKING ADMIRE hand 1: hpm=1 -> shared=0
03-27 06:57:58.190 18091 18205 I [CT]    : HandPoseSampler: Filter reset
03-27 06:57:58.190 18091 18205 I InputDevice_Hand: HANDTRACKING ADMIRE hand 0: hpm=1 -> shared=0
03-27 06:57:58.190 18091 18205 I [CT]    : HandPoseSampler: Filter reset
03-27 06:57:58.190 18091 18205 I InputDevice_Hand: HANDTRACKING ADMIRE hand 1: hpm=1 -> shared=0
03-27 06:57:58.201 18091 18205 I [CT]    : HandPoseSampler: Filter reset
03-27 06:57:58.201 18091 18205 I InputDevice_Hand: HANDTRACKING ADMIRE hand 0: hpm=1 -> shared=0
03-27 06:57:58.201 18091 18205 I [CT]    : HandPoseSampler: Filter reset
03-27 06:57:58.201 18091 18205 I InputDevice_Hand: HANDTRACKING ADMIRE hand 1: hpm=1 -> shared=0
03-27 06:57:58.212 18091 18205 I [CT]    : HandPoseSampler: Filter reset
03-27 06:57:58.212 18091 18205 I InputDevice_Hand: HANDTRACKING ADMIRE hand 0: hpm=1 -> shared=0
03-27 06:57:58.212 18091 18205 I [CT]    : HandPoseSampler: Filter reset
03-27 06:57:58.212 18091 18205 I InputDevice_Hand: HANDTRACKING ADMIRE hand 1: hpm=1 -> shared=0
03-27 06:57:58.223 18091 18205 I [CT]    : HandPoseSampler: Filter reset
03-27 06:57:58.223 18091 18205 I InputDevice_Hand: HANDTRACKING ADMIRE hand 0: hpm=1 -> shared=0
03-27 06:57:58.223 18091 18205 I [CT]    : HandPoseSampler: Filter reset
03-27 06:57:58.223 18091 18205 I InputDevice_Hand: HANDTRACKING ADMIRE hand 1: hpm=1 -> shared=0
03-27 06:57:58.235 18091 18205 I [CT]    : HandPoseSampler: Filter reset
03-27 06:57:58.235 18091 18205 I InputDevice_Hand: HANDTRACKING ADMIRE hand 0: hpm=1 -> shared=0
03-27 06:57:58.235 18091 18205 I [CT]    : HandPoseSampler: Filter reset
03-27 06:57:58.235 18091 18205 I InputDevice_Hand: HANDTRACKING ADMIRE hand 1: hpm=1 -> shared=0
03-27 06:57:58.246 18091 18205 I [CT]    : HandPoseSampler: Filter reset
03-27 06:57:58.246 18091 18205 I InputDevice_Hand: HANDTRACKING ADMIRE hand 0: hpm=1 -> shared=0
03-27 06:57:58.246 18091 18205 I [CT]    : HandPoseSampler: Filter reset
03-27 06:57:58.246 18091 18205 I InputDevice_Hand: HANDTRACKING ADMIRE hand 1: hpm=1 -> shared=0
03-27 06:57:58.257 18091 18205 I [CT]    : HandPoseSampler: Filter reset
03-27 06:57:58.257 18091 18205 I InputDevice_Hand: HANDTRACKING ADMIRE hand 0: hpm=1 -> shared=0
03-27 06:57:58.257 18091 18205 I [CT]    : HandPoseSampler: Filter reset
03-27 06:57:58.257 18091 18205 I InputDevice_Hand: HANDTRACKING ADMIRE hand 1: hpm=1 -> shared=0
03-27 06:57:58.268 18091 18205 I [CT]    : HandPoseSampler: Filter reset
03-27 06:57:58.268 18091 18205 I InputDevice_Hand: HANDTRACKING ADMIRE hand 0: hpm=1 -> shared=0
03-27 06:57:58.268 18091 18205 I [CT]    : HandPoseSampler: Filter reset
03-27 06:57:58.268 18091 18205 I InputDevice_Hand: HANDTRACKING ADMIRE hand 1: hpm=1 -> shared=0
03-27 06:57:58.279 18091 18205 I [CT]    : HandPoseSampler: Filter reset
03-27 06:57:58.279 18091 18205 I InputDevice_Hand: HANDTRACKING ADMIRE hand 0: hpm=1 -> shared=0
03-27 06:57:58.279 18091 18205 I [CT]    : HandPoseSampler: Filter reset
03-27 06:57:58.279 18091 18205 I InputDevice_Hand: HANDTRACKING ADMIRE hand 1: hpm=1 -> shared=0
03-27 06:57:58.290 18091 18205 I [CT]    : HandPoseSampler: Filter reset
03-27 06:57:58.290 18091 18205 I InputDevice_Hand: HANDTRACKING ADMIRE hand 0: hpm=1 -> shared=0
03-27 06:57:58.290 18091 18205 I [CT]    : HandPoseSampler: Filter reset
03-27 06:57:58.290 18091 18205 I InputDevice_Hand: HANDTRACKING ADMIRE hand 1: hpm=1 -> shared=0
03-27 06:57:58.301 18091 18205 I [CT]    : HandPoseSampler: Filter reset
03-27 06:57:58.301 18091 18205 I InputDevice_Hand: HANDTRACKING ADMIRE hand 0: hpm=1 -> shared=0
03-27 06:57:58.301 18091 18205 I [CT]    : HandPoseSampler: Filter reset
03-27 06:57:58.301 18091 18205 I InputDevice_Hand: HANDTRACKING ADMIRE hand 1: hpm=1 -> shared=0
03-27 06:57:58.313 18091 18205 I [CT]    : HandPoseSampler: Filter reset
03-27 06:57:58.313 18091 18205 I InputDevice_Hand: HANDTRACKING ADMIRE hand 0: hpm=1 -> shared=0
03-27 06:57:58.313 18091 18205 I [CT]    : HandPoseSampler: Filter reset
03-27 06:57:58.313 18091 18205 I InputDevice_Hand: HANDTRACKING ADMIRE hand 1: hpm=1 -> shared=0
03-27 06:57:58.323 18091 18205 I [CT]    : HandPoseSampler: Filter reset
03-27 06:57:58.323 18091 18205 I InputDevice_Hand: HANDTRACKING ADMIRE hand 0: hpm=1 -> shared=0
03-27 06:57:58.323 18091 18205 I [CT]    : HandPoseSampler: Filter reset
03-27 06:57:58.323 18091 18205 I InputDevice_Hand: HANDTRACKING ADMIRE hand 1: hpm=1 -> shared=0
03-27 06:57:58.334 18091 18205 I [CT]    : HandPoseSampler: Filter reset
03-27 06:57:58.334 18091 18205 I InputDevice_Hand: HANDTRACKING ADMIRE hand 0: hpm=1 -> shared=0
03-27 06:57:58.334 18091 18205 I [CT]    : HandPoseSampler: Filter reset
03-27 06:57:58.334 18091 18205 I InputDevice_Hand: HANDTRACKING ADMIRE hand 1: hpm=1 -> shared=0
03-27 06:57:58.346 18091 18205 I [CT]    : HandPoseSampler: Filter reset
03-27 06:57:58.346 18091 18205 I InputDevice_Hand: HANDTRACKING ADMIRE hand 0: hpm=1 -> shared=0
03-27 06:57:58.346 18091 18205 I [CT]    : HandPoseSampler: Filter reset
03-27 06:57:58.346 18091 18205 I InputDevice_Hand: HANDTRACKING ADMIRE hand 1: hpm=1 -> shared=0
03-27 06:57:58.357 18091 18205 I [CT]    : HandPoseSampler: Filter reset
03-27 06:57:58.357 18091 18205 I InputDevice_Hand: HANDTRACKING ADMIRE hand 0: hpm=1 -> shared=0
03-27 06:57:58.357 18091 18205 I [CT]    : HandPoseSampler: Filter reset
03-27 06:57:58.357 18091 18205 I InputDevice_Hand: HANDTRACKING ADMIRE hand 1: hpm=1 -> shared=0
03-27 06:57:58.368 18091 18205 I [CT]    : HandPoseSampler: Filter reset
03-27 06:57:58.368 18091 18205 I InputDevice_Hand: HANDTRACKING ADMIRE hand 0: hpm=1 -> shared=0
03-27 06:57:58.368 18091 18205 I [CT]    : HandPoseSampler: Filter reset
03-27 06:57:58.368 18091 18205 I InputDevice_Hand: HANDTRACKING ADMIRE hand 1: hpm=1 -> shared=0
03-27 06:57:58.379 18091 18205 I [CT]    : HandPoseSampler: Filter reset
03-27 06:57:58.379 18091 18205 I InputDevice_Hand: HANDTRACKING ADMIRE hand 0: hpm=1 -> shared=0
03-27 06:57:58.379 18091 18205 I [CT]    : HandPoseSampler: Filter reset
03-27 06:57:58.379 18091 18205 I InputDevice_Hand: HANDTRACKING ADMIRE hand 1: hpm=1 -> shared=0
03-27 06:57:58.390 18091 18205 I [CT]    : HandPoseSampler: Filter reset
03-27 06:57:58.390 18091 18205 I InputDevice_Hand: HANDTRACKING ADMIRE hand 0: hpm=1 -> shared=0
03-27 06:57:58.390 18091 18205 I [CT]    : HandPoseSampler: Filter reset
03-27 06:57:58.390 18091 18205 I InputDevice_Hand: HANDTRACKING ADMIRE hand 1: hpm=1 -> shared=0
03-27 06:57:58.401 18091 18205 I [CT]    : HandPoseSampler: Filter reset
03-27 06:57:58.401 18091 18205 I InputDevice_Hand: HANDTRACKING ADMIRE hand 0: hpm=1 -> shared=0
03-27 06:57:58.401 18091 18205 I [CT]    : HandPoseSampler: Filter reset
03-27 06:57:58.401 18091 18205 I InputDevice_Hand: HANDTRACKING ADMIRE hand 1: hpm=1 -> shared=0
03-27 06:57:58.410   920 14201 I VD628x  : Flicker results: freq 120.000000, max 119.914986, dcr 33.175491, pct 0.040254, idx 0.012488, conf 0.903912, snr 9.746266, svm 0.067518, sus 0
03-27 06:57:58.413 18091 18205 I [CT]    : HandPoseSampler: Filter reset
03-27 06:57:58.413 18091 18205 I InputDevice_Hand: HANDTRACKING ADMIRE hand 0: hpm=1 -> shared=0
03-27 06:57:58.413 18091 18205 I [CT]    : HandPoseSampler: Filter reset
03-27 06:57:58.413 18091 18205 I InputDevice_Hand: HANDTRACKING ADMIRE hand 1: hpm=1 -> shared=0
03-27 06:57:58.423 18091 18205 I [CT]    : HandPoseSampler: Filter reset
03-27 06:57:58.423 18091 18205 I InputDevice_Hand: HANDTRACKING ADMIRE hand 0: hpm=1 -> shared=0
03-27 06:57:58.423 18091 18205 I [CT]    : HandPoseSampler: Filter reset
03-27 06:57:58.423 18091 18205 I InputDevice_Hand: HANDTRACKING ADMIRE hand 1: hpm=1 -> shared=0
03-27 06:57:58.434 18091 18205 I [CT]    : HandPoseSampler: Filter reset
03-27 06:57:58.434 18091 18205 I InputDevice_Hand: HANDTRACKING ADMIRE hand 0: hpm=1 -> shared=0
03-27 06:57:58.434 18091 18205 I [CT]    : HandPoseSampler: Filter reset
03-27 06:57:58.434 18091 18205 I InputDevice_Hand: HANDTRACKING ADMIRE hand 1: hpm=1 -> shared=0
03-27 06:57:58.445 18091 18205 I [CT]    : HandPoseSampler: Filter reset
03-27 06:57:58.445 18091 18205 I InputDevice_Hand: HANDTRACKING ADMIRE hand 0: hpm=1 -> shared=0
03-27 06:57:58.445 18091 18205 I [CT]    : HandPoseSampler: Filter reset
03-27 06:57:58.445 18091 18205 I InputDevice_Hand: HANDTRACKING ADMIRE hand 1: hpm=1 -> shared=0
03-27 06:57:58.456 18091 18205 I [CT]    : HandPoseSampler: Filter reset
03-27 06:57:58.456 18091 18205 I InputDevice_Hand: HANDTRACKING ADMIRE hand 0: hpm=1 -> shared=0
03-27 06:57:58.456 18091 18205 I [CT]    : HandPoseSampler: Filter reset
03-27 06:57:58.456 18091 18205 I InputDevice_Hand: HANDTRACKING ADMIRE hand 1: hpm=1 -> shared=0
03-27 06:57:58.467 18091 18205 I [CT]    : HandPoseSampler: Filter reset
03-27 06:57:58.467 18091 18205 I InputDevice_Hand: HANDTRACKING ADMIRE hand 0: hpm=1 -> shared=0
03-27 06:57:58.467 18091 18205 I [CT]    : HandPoseSampler: Filter reset
03-27 06:57:58.467 18091 18205 I InputDevice_Hand: HANDTRACKING ADMIRE hand 1: hpm=1 -> shared=0
03-27 06:57:58.479 18091 18205 I [CT]    : HandPoseSampler: Filter reset
03-27 06:57:58.479 18091 18205 I InputDevice_Hand: HANDTRACKING ADMIRE hand 0: hpm=1 -> shared=0
03-27 06:57:58.479 18091 18205 I [CT]    : HandPoseSampler: Filter reset
03-27 06:57:58.479 18091 18205 I InputDevice_Hand: HANDTRACKING ADMIRE hand 1: hpm=1 -> shared=0
03-27 06:57:58.487   897 14310 I Tracking: CONSTELLATION:IMU_STATUS: 0x9a0f3b964e7e111f (L): [#Samples=2516] 423.702s | [FusionTracked=0.000, OutputTracked=0.000, OutputValid=0.000] [AccelSat=0.000, GyroSat=0.000] [AccelMinMeanMax: X=-7.871|-7.820|-7.776, Y=5.210|5.247|5.293, Z=-2.478|-2.415|-2.357] [GyroMinMeanMax: X=0.000|0.005|0.011, Y=-0.019|-0.012|-0.006, Z=-0.004|0.001|0.009] [AccelStuck: X=0|0.000, Y=0|0.000, Z=0|0.000] [GyroStuck: X=0|0.000, Y=0|0.000, Z=0|0.000]  [Current time=423.702s, last log time=418.700s]
03-27 06:57:58.490 18091 18205 I [CT]    : HandPoseSampler: Filter reset
03-27 06:57:58.490 18091 18205 I InputDevice_Hand: HANDTRACKING ADMIRE hand 0: hpm=1 -> shared=0
03-27 06:57:58.490 18091 18205 I [CT]    : HandPoseSampler: Filter reset
03-27 06:57:58.490 18091 18205 I InputDevice_Hand: HANDTRACKING ADMIRE hand 1: hpm=1 -> shared=0
03-27 06:57:58.501 18091 18205 I [CT]    : HandPoseSampler: Filter reset
03-27 06:57:58.501 18091 18205 I InputDevice_Hand: HANDTRACKING ADMIRE hand 0: hpm=1 -> shared=0
03-27 06:57:58.501 18091 18205 I [CT]    : HandPoseSampler: Filter reset
03-27 06:57:58.501 18091 18205 I InputDevice_Hand: HANDTRACKING ADMIRE hand 1: hpm=1 -> shared=0
03-27 06:57:58.509   897 14310 I Tracking: CONSTELLATION:IMU_STATUS: 0x2e7e5d32cf134aad (R): [#Samples=2515] 423.727s | [FusionTracked=1.000, OutputTracked=1.000, OutputValid=1.000] [AccelSat=0.000, GyroSat=0.000] [AccelMinMeanMax: X=4.282|4.343|4.424, Y=5.057|5.118|5.177, Z=-6.950|-6.903|-6.850] [GyroMinMeanMax: X=0.002|0.007|0.015, Y=-0.019|-0.003|0.009, Z=-0.009|0.002|0.011] [AccelStuck: X=0|0.000, Y=0|0.000, Z=0|0.000] [GyroStuck: X=0|0.000, Y=0|0.000, Z=0|0.000]  [Current time=423.727s, last log time=418.725s]
03-27 06:57:58.512 18091 18205 I [CT]    : HandPoseSampler: Filter reset
03-27 06:57:58.512 18091 18205 I InputDevice_Hand: HANDTRACKING ADMIRE hand 0: hpm=1 -> shared=0
03-27 06:57:58.512 18091 18205 I [CT]    : HandPoseSampler: Filter reset
03-27 06:57:58.512 18091 18205 I InputDevice_Hand: HANDTRACKING ADMIRE hand 1: hpm=1 -> shared=0
03-27 06:57:58.523 18091 18205 I [CT]    : HandPoseSampler: Filter reset
03-27 06:57:58.523 18091 18205 I InputDevice_Hand: HANDTRACKING ADMIRE hand 0: hpm=1 -> shared=0
03-27 06:57:58.523 18091 18205 I [CT]    : HandPoseSampler: Filter reset
03-27 06:57:58.523 18091 18205 I InputDevice_Hand: HANDTRACKING ADMIRE hand 1: hpm=1 -> shared=0
03-27 06:57:58.534 18091 18205 I [CT]    : HandPoseSampler: Filter reset
03-27 06:57:58.534 18091 18205 I InputDevice_Hand: HANDTRACKING ADMIRE hand 0: hpm=1 -> shared=0
03-27 06:57:58.534 18091 18205 I [CT]    : HandPoseSampler: Filter reset
03-27 06:57:58.534 18091 18205 I InputDevice_Hand: HANDTRACKING ADMIRE hand 1: hpm=1 -> shared=0
03-27 06:57:58.546 18091 18205 I [CT]    : HandPoseSampler: Filter reset
03-27 06:57:58.546 18091 18205 I InputDevice_Hand: HANDTRACKING ADMIRE hand 0: hpm=1 -> shared=0
03-27 06:57:58.546 18091 18205 I [CT]    : HandPoseSampler: Filter reset
03-27 06:57:58.546 18091 18205 I InputDevice_Hand: HANDTRACKING ADMIRE hand 1: hpm=1 -> shared=0
03-27 06:57:58.550   897  1854 I Tracking: CONSTELLATION_Right: [Throttled count=89] P+C Right: Applying Consistent Zero Velocity Update during slow motion.
03-27 06:57:58.556 18091 18205 I [CT]    : HandPoseSampler: Filter reset
03-27 06:57:58.556 18091 18205 I InputDevice_Hand: HANDTRACKING ADMIRE hand 0: hpm=1 -> shared=0
03-27 06:57:58.556 18091 18205 I [CT]    : HandPoseSampler: Filter reset
03-27 06:57:58.556 18091 18205 I InputDevice_Hand: HANDTRACKING ADMIRE hand 1: hpm=1 -> shared=0
03-27 06:57:58.566   897 14310 D TrackingService: 2e7e5d32cf134aad: isControllerInHand(130050.95s): 1 ctEnabled: 1 btnPress(129651.07s): 0 *btnOrTpdTouch(129661.93s): 0 *btnOrTpdProx(129662.01s): 0 static(130050.95s): 1 thbstkOffCenter(129643.30s): 0 
03-27 06:57:58.566   897 14310 D TrackingService: [HANDTRACKING] Controller 2e7e5d32cf134aad in hand: Y, valid: Y
03-27 06:57:58.566  2391 14195 D ControllerManagement: RemoteService::recordControllerStatusUpdate: device 2e7e5d32cf134aad: status: CONNECTED_ACTIVE tracking: POSITION, errors: --
03-27 06:57:58.567 18091 18205 I [CT]    : HandPoseSampler: Filter reset
03-27 06:57:58.567 18091 18205 I InputDevice_Hand: HANDTRACKING ADMIRE hand 0: hpm=1 -> shared=0
03-27 06:57:58.567 18091 18205 I [CT]    : HandPoseSampler: Filter reset
03-27 06:57:58.567 18091 18205 I InputDevice_Hand: HANDTRACKING ADMIRE hand 1: hpm=1 -> shared=0
03-27 06:57:58.578 18091 18205 I [CT]    : HandPoseSampler: Filter reset
03-27 06:57:58.578 18091 18205 I InputDevice_Hand: HANDTRACKING ADMIRE hand 0: hpm=1 -> shared=0
03-27 06:57:58.579 18091 18205 I [CT]    : HandPoseSampler: Filter reset
03-27 06:57:58.579 18091 18205 I InputDevice_Hand: HANDTRACKING ADMIRE hand 1: hpm=1 -> shared=0
03-27 06:57:58.579 18091 18205 I OpenXR_ClientState: [OATS]: IP changed: /user/hand/right/interaction_profiles/meta/touch_controller_plus, 7
03-27 06:57:58.579 18091 18205 I OpenXR_ClientState: [OATS]: IP changed: unknown/interaction_profiles/meta/touch_controller_plus, -1
03-27 06:57:58.582 18091 18205 W [SEO] InputOpenXr: Interaction Profile retrieval failed: /user/eyes_ext
03-27 06:57:58.590 18091 18205 I [CT]    : HandPoseSampler: Filter reset
03-27 06:57:58.590 18091 18205 I InputDevice_Hand: HANDTRACKING ADMIRE hand 0: hpm=1 -> shared=0
03-27 06:57:58.590 18091 18205 I [CT]    : HandPoseSampler: Filter reset
03-27 06:57:58.590 18091 18205 I InputDevice_Hand: HANDTRACKING ADMIRE hand 1: hpm=1 -> shared=0
03-27 06:57:58.590 18091 18205 I [SEO] ShellInputConfigurationDataProvider: InteractionMode changed, mode: HybridChiral activation method: Controller Presence displayTimeActivated 130050.986067
03-27 06:57:58.592 18091 18205 I ShellHsr: Input: Creating hand instance: hand=Right
03-27 06:57:58.601 18091 18205 I [CT]    : HandPoseSampler: Filter reset
03-27 06:57:58.601 18091 18205 I InputDevice_Hand: HANDTRACKING ADMIRE hand 0: hpm=1 -> shared=0
03-27 06:57:58.601 18091 18205 I [CT]    : HandPoseSampler: Filter reset
03-27 06:57:58.601 18091 18205 I InputDevice_Hand: HANDTRACKING ADMIRE hand 1: hpm=1 -> shared=0
03-27 06:57:58.612 18091 18205 I [CT]    : HandPoseSampler: Filter reset
03-27 06:57:58.612 18091 18205 I InputDevice_Hand: HANDTRACKING ADMIRE hand 0: hpm=1 -> shared=0
03-27 06:57:58.612 18091 18205 I [CT]    : HandPoseSampler: Filter reset
03-27 06:57:58.612 18091 18205 I InputDevice_Hand: HANDTRACKING ADMIRE hand 1: hpm=1 -> shared=0
03-27 06:57:58.623 18091 18205 I [CT]    : HandPoseSampler: Filter reset
03-27 06:57:58.623 18091 18205 I InputDevice_Hand: HANDTRACKING ADMIRE hand 0: hpm=1 -> shared=0
03-27 06:57:58.623 18091 18205 I [CT]    : HandPoseSampler: Filter reset
03-27 06:57:58.623 18091 18205 I InputDevice_Hand: HANDTRACKING ADMIRE hand 1: hpm=1 -> shared=0
03-27 06:57:58.634 18091 18205 I [CT]    : HandPoseSampler: Filter reset
03-27 06:57:58.634 18091 18205 I InputDevice_Hand: HANDTRACKING ADMIRE hand 0: hpm=1 -> shared=0
03-27 06:57:58.634 18091 18205 I [CT]    : HandPoseSampler: Filter reset
03-27 06:57:58.634 18091 18205 I InputDevice_Hand: HANDTRACKING ADMIRE hand 1: hpm=1 -> shared=0
03-27 06:57:58.644 18091 18205 I [CT]    : HandPoseSampler: Filter reset
03-27 06:57:58.644 18091 18205 I InputDevice_Hand: HANDTRACKING ADMIRE hand 0: hpm=1 -> shared=0
03-27 06:57:58.644 18091 18205 I [CT]    : HandPoseSampler: Filter reset
03-27 06:57:58.644 18091 18205 I InputDevice_Hand: HANDTRACKING ADMIRE hand 1: hpm=1 -> shared=0
03-27 06:57:58.655  2697 14219 I [CT]    : MIXEDREALITY: PassthroughApiManager: GetUpdatedLayerState: (every 2 seconds) PT is: ON numLayers: 0
03-27 06:57:58.656 18091 18205 I [CT]    : HandPoseSampler: Filter reset
03-27 06:57:58.656 18091 18205 I InputDevice_Hand: HANDTRACKING ADMIRE hand 0: hpm=1 -> shared=0
03-27 06:57:58.656 18091 18205 I [CT]    : HandPoseSampler: Filter reset
03-27 06:57:58.656 18091 18205 I InputDevice_Hand: HANDTRACKING ADMIRE hand 1: hpm=1 -> shared=0
03-27 06:57:58.660 18091 18457 W ShellHsr: Renderer: RenderableFilter has 108 tags, which is more than 10. This is expected to be rare. If this becomes common, consider changing RenderableFilter logic to use something other than linear searches for filtering renderable tags (like registered bitsets).
03-27 06:57:58.667 18091 18205 I [CT]    : HandPoseSampler: Filter reset
03-27 06:57:58.667 18091 18205 I InputDevice_Hand: HANDTRACKING ADMIRE hand 0: hpm=1 -> shared=0
03-27 06:57:58.667 18091 18205 I [CT]    : HandPoseSampler: Filter reset
03-27 06:57:58.667 18091 18205 I InputDevice_Hand: HANDTRACKING ADMIRE hand 1: hpm=1 -> shared=0
03-27 06:57:58.678 18091 18205 I [CT]    : HandPoseSampler: Filter reset
03-27 06:57:58.678 18091 18205 I InputDevice_Hand: HANDTRACKING ADMIRE hand 0: hpm=1 -> shared=0
03-27 06:57:58.678 18091 18205 I [CT]    : HandPoseSampler: Filter reset
03-27 06:57:58.678 18091 18205 I InputDevice_Hand: HANDTRACKING ADMIRE hand 1: hpm=1 -> shared=0
03-27 06:57:58.689 18091 18205 I [CT]    : HandPoseSampler: Filter reset
03-27 06:57:58.689 18091 18205 I InputDevice_Hand: HANDTRACKING ADMIRE hand 0: hpm=1 -> shared=0
03-27 06:57:58.689 18091 18205 I [CT]    : HandPoseSampler: Filter reset
03-27 06:57:58.689 18091 18205 I InputDevice_Hand: HANDTRACKING ADMIRE hand 1: hpm=1 -> shared=0
03-27 06:57:58.701 18091 18205 I [CT]    : HandPoseSampler: Filter reset
03-27 06:57:58.701 18091 18205 I InputDevice_Hand: HANDTRACKING ADMIRE hand 0: hpm=1 -> shared=0
03-27 06:57:58.701 18091 18205 I [CT]    : HandPoseSampler: Filter reset
03-27 06:57:58.701 18091 18205 I InputDevice_Hand: HANDTRACKING ADMIRE hand 1: hpm=1 -> shared=0
03-27 06:57:58.712 18091 18205 I [CT]    : HandPoseSampler: Filter reset
03-27 06:57:58.712 18091 18205 I InputDevice_Hand: HANDTRACKING ADMIRE hand 0: hpm=1 -> shared=0
03-27 06:57:58.712 18091 18205 I [CT]    : HandPoseSampler: Filter reset
03-27 06:57:58.712 18091 18205 I InputDevice_Hand: HANDTRACKING ADMIRE hand 1: hpm=1 -> shared=0
03-27 06:57:58.724 18091 18205 I [CT]    : HandPoseSampler: Filter reset
03-27 06:57:58.724 18091 18205 I InputDevice_Hand: HANDTRACKING ADMIRE hand 0: hpm=1 -> shared=0
03-27 06:57:58.724 18091 18205 I [CT]    : HandPoseSampler: Filter reset
03-27 06:57:58.724 18091 18205 I InputDevice_Hand: HANDTRACKING ADMIRE hand 1: hpm=1 -> shared=0
03-27 06:57:58.732   897  1854 I Tracking: CONSTELLATION:VISION_STATUS: 0x2e7e5d32cf134aad (R): [#Samples=76] 423.943s | BlobDetection:[#BlobsDetected=(9.88, 1.39)]Matching:[MatchSuccess=1.000, MatchCost=(0.00435, 0.00001), #MatchedBlobs=(7.63, 0.92), #MatchedLeds=(4.63, 0.36), RematchM=0.974, SkipRefine=0.000] MatchMethod:[Prox=0.000, ConstBrute=1.000, AttiBrute=0.000, UnconstBrute=0.000] MatchResets[AnomBlobSize=0.000, SharedMatch=0.000, DenseReacq=0.000] | Fusion:[FusionError=0.000, ImuFromCamMs=(-422442.942, 2138717.781), RematchF=0.000] FusionUpdates:[Successful=0.000, Reliable=0.000, TightFusion=0.000, FullPose=0.000, StaticPrior=0.000, StaticForHandTrans=0.000, PoseUpdateMD=(0.0000, 0.0000)] FusionResets[6DoFReset=0.000, ResetSuccess=0.000] FusionStatus[HasPosition=0.000, HasVelocity=0.000]  [Current time=423.943s, last log time=418.876s]
03-27 06:57:58.732   897  1854 I Tracking: CONSTELLATION:VISION_STATUS: 0x9a0f3b964e7e111f (L): [#Samples=76] 423.943s | BlobDetection:[#BlobsDetected=(9.88, 1.39)]Matching:[MatchSuccess=0.000, MatchCost=(0.00000, 0.00000), #MatchedBlobs=(0.00, 0.00), #MatchedLeds=(0.00, 0.00), RematchM=0.000, SkipRefine=0.000] MatchMethod:[Prox=0.000, ConstBrute=0.000, AttiBrute=0.000, UnconstBrute=0.000] MatchResets[AnomBlobSize=0.000, SharedMatch=0.000, DenseReacq=0.000] | Fusion:[FusionError=0.000, ImuFromCamMs=(-422442.942, 2138717.781), RematchF=0.000] FusionUpdates:[Successful=0.000, Reliable=0.000, TightFusion=0.000, FullPose=0.000, StaticPrior=0.000, StaticForHandTrans=0.000, PoseUpdateMD=(0.0000, 0.0000)] FusionResets[6DoFReset=0.000, ResetSuccess=0.000] FusionStatus[HasPosition=0.000, HasVelocity=0.000]  [Current time=423.943s, last log time=418.876s]
03-27 06:57:58.734 18091 18205 I [CT]    : HandPoseSampler: Filter reset
03-27 06:57:58.734 18091 18205 I InputDevice_Hand: HANDTRACKING ADMIRE hand 0: hpm=1 -> shared=0
03-27 06:57:58.734 18091 18205 I [CT]    : HandPoseSampler: Filter reset
03-27 06:57:58.734 18091 18205 I InputDevice_Hand: HANDTRACKING ADMIRE hand 1: hpm=1 -> shared=0
03-27 06:57:58.745 18091 18205 I [CT]    : HandPoseSampler: Filter reset
03-27 06:57:58.746 18091 18205 I InputDevice_Hand: HANDTRACKING ADMIRE hand 0: hpm=1 -> shared=0
03-27 06:57:58.746 18091 18205 I [CT]    : HandPoseSampler: Filter reset
03-27 06:57:58.746 18091 18205 I InputDevice_Hand: HANDTRACKING ADMIRE hand 1: hpm=1 -> shared=0
03-27 06:57:58.756 18091 18205 I [CT]    : HandPoseSampler: Filter reset
03-27 06:57:58.756 18091 18205 I InputDevice_Hand: HANDTRACKING ADMIRE hand 0: hpm=1 -> shared=0
03-27 06:57:58.756 18091 18205 I [CT]    : HandPoseSampler: Filter reset
03-27 06:57:58.756 18091 18205 I InputDevice_Hand: HANDTRACKING ADMIRE hand 1: hpm=1 -> shared=0
03-27 06:57:58.767 18091 18205 I [CT]    : HandPoseSampler: Filter reset
03-27 06:57:58.767 18091 18205 I InputDevice_Hand: HANDTRACKING ADMIRE hand 0: hpm=1 -> shared=0
03-27 06:57:58.767 18091 18205 I [CT]    : HandPoseSampler: Filter reset
03-27 06:57:58.767 18091 18205 I InputDevice_Hand: HANDTRACKING ADMIRE hand 1: hpm=1 -> shared=0
03-27 06:57:58.778 18091 18205 I [CT]    : HandPoseSampler: Filter reset
03-27 06:57:58.778 18091 18205 I InputDevice_Hand: HANDTRACKING ADMIRE hand 0: hpm=1 -> shared=0
03-27 06:57:58.778 18091 18205 I [CT]    : HandPoseSampler: Filter reset
03-27 06:57:58.778 18091 18205 I InputDevice_Hand: HANDTRACKING ADMIRE hand 1: hpm=1 -> shared=0
03-27 06:57:58.783 18224 18352 I AutoStationaryHelper: [AutoStationaryHelper::getGuardianDataFromNearbyRoomscale] Checking 1 existing guardian data
03-27 06:57:58.783 18224 18352 I GuardianMapDataMgr: [GuardianMapDataMgr::isValidTrackedRoomscale] [2575043440] Valid=yes, Roomscale=yes, Anchor [2cee9d32-7f24-ff1e-5555-ae309d8ea246] Tracked=yes
03-27 06:57:58.783 18224 18352 I AutoStationaryHelper: [AutoStationaryHelper::getGuardianDataFromNearbyRoomscale] [2575043440] Distance to HMD: 3.785133
03-27 06:57:58.790 18091 18205 I [CT]    : HandPoseSampler: Filter reset
03-27 06:57:58.790 18091 18205 I InputDevice_Hand: HANDTRACKING ADMIRE hand 0: hpm=1 -> shared=0
03-27 06:57:58.790 18091 18205 I [CT]    : HandPoseSampler: Filter reset
03-27 06:57:58.790 18091 18205 I InputDevice_Hand: HANDTRACKING ADMIRE hand 1: hpm=1 -> shared=0
03-27 06:57:58.801 18091 18205 I [CT]    : HandPoseSampler: Filter reset
03-27 06:57:58.801 18091 18205 I InputDevice_Hand: HANDTRACKING ADMIRE hand 0: hpm=1 -> shared=0
03-27 06:57:58.801 18091 18205 I [CT]    : HandPoseSampler: Filter reset
03-27 06:57:58.801 18091 18205 I InputDevice_Hand: HANDTRACKING ADMIRE hand 1: hpm=1 -> shared=0
03-27 06:57:58.812 18091 18205 I [CT]    : HandPoseSampler: Filter reset
03-27 06:57:58.812 18091 18205 I InputDevice_Hand: HANDTRACKING ADMIRE hand 0: hpm=1 -> shared=0
03-27 06:57:58.812 18091 18205 I [CT]    : HandPoseSampler: Filter reset
03-27 06:57:58.812 18091 18205 I InputDevice_Hand: HANDTRACKING ADMIRE hand 1: hpm=1 -> shared=0
03-27 06:57:58.823 18091 18205 I [CT]    : HandPoseSampler: Filter reset
03-27 06:57:58.823 18091 18205 I InputDevice_Hand: HANDTRACKING ADMIRE hand 0: hpm=1 -> shared=0
03-27 06:57:58.823 18091 18205 I [CT]    : HandPoseSampler: Filter reset
03-27 06:57:58.823 18091 18205 I InputDevice_Hand: HANDTRACKING ADMIRE hand 1: hpm=1 -> shared=0
03-27 06:57:58.834 18091 18205 I [CT]    : HandPoseSampler: Filter reset
03-27 06:57:58.834 18091 18205 I InputDevice_Hand: HANDTRACKING ADMIRE hand 0: hpm=1 -> shared=0
03-27 06:57:58.834 18091 18205 I [CT]    : HandPoseSampler: Filter reset
03-27 06:57:58.834 18091 18205 I InputDevice_Hand: HANDTRACKING ADMIRE hand 1: hpm=1 -> shared=0
03-27 06:57:58.845 18091 18205 I [CT]    : HandPoseSampler: Filter reset
03-27 06:57:58.845 18091 18205 I InputDevice_Hand: HANDTRACKING ADMIRE hand 0: hpm=1 -> shared=0
03-27 06:57:58.845 18091 18205 I [CT]    : HandPoseSampler: Filter reset
03-27 06:57:58.845 18091 18205 I InputDevice_Hand: HANDTRACKING ADMIRE hand 1: hpm=1 -> shared=0
03-27 06:57:58.856 18091 18205 I [CT]    : HandPoseSampler: Filter reset
03-27 06:57:58.856 18091 18205 I InputDevice_Hand: HANDTRACKING ADMIRE hand 0: hpm=1 -> shared=0
03-27 06:57:58.856 18091 18205 I [CT]    : HandPoseSampler: Filter reset
03-27 06:57:58.856 18091 18205 I InputDevice_Hand: HANDTRACKING ADMIRE hand 1: hpm=1 -> shared=0
03-27 06:57:58.867 18091 18205 I [CT]    : HandPoseSampler: Filter reset
03-27 06:57:58.867 18091 18205 I InputDevice_Hand: HANDTRACKING ADMIRE hand 0: hpm=1 -> shared=0
03-27 06:57:58.867 18091 18205 I [CT]    : HandPoseSampler: Filter reset
03-27 06:57:58.867 18091 18205 I InputDevice_Hand: HANDTRACKING ADMIRE hand 1: hpm=1 -> shared=0
03-27 06:57:58.878 18091 18205 I [CT]    : HandPoseSampler: Filter reset
03-27 06:57:58.878 18091 18205 I InputDevice_Hand: HANDTRACKING ADMIRE hand 0: hpm=1 -> shared=0
03-27 06:57:58.878 18091 18205 I [CT]    : HandPoseSampler: Filter reset
03-27 06:57:58.878 18091 18205 I InputDevice_Hand: HANDTRACKING ADMIRE hand 1: hpm=1 -> shared=0
03-27 06:57:58.890 18091 18205 I [CT]    : HandPoseSampler: Filter reset
03-27 06:57:58.890 18091 18205 I InputDevice_Hand: HANDTRACKING ADMIRE hand 0: hpm=1 -> shared=0
03-27 06:57:58.890 18091 18205 I [CT]    : HandPoseSampler: Filter reset
03-27 06:57:58.890 18091 18205 I InputDevice_Hand: HANDTRACKING ADMIRE hand 1: hpm=1 -> shared=0
03-27 06:57:58.891   897 14310 W Tracking: CONSTELLATION_Left: [Throttled count=502] P+C Left: Could not retrieve 3dof fallback pose.
03-27 06:57:58.900 18091 18205 I [CT]    : HandPoseSampler: Filter reset
03-27 06:57:58.901 18091 18205 I InputDevice_Hand: HANDTRACKING ADMIRE hand 0: hpm=1 -> shared=0
03-27 06:57:58.901 18091 18205 I [CT]    : HandPoseSampler: Filter reset
03-27 06:57:58.901 18091 18205 I InputDevice_Hand: HANDTRACKING ADMIRE hand 1: hpm=1 -> shared=0
03-27 06:57:58.912 18091 18205 I [CT]    : HandPoseSampler: Filter reset
03-27 06:57:58.912 18091 18205 I InputDevice_Hand: HANDTRACKING ADMIRE hand 0: hpm=1 -> shared=0
03-27 06:57:58.912 18091 18205 I [CT]    : HandPoseSampler: Filter reset
03-27 06:57:58.912 18091 18205 I InputDevice_Hand: HANDTRACKING ADMIRE hand 1: hpm=1 -> shared=0
03-27 06:57:58.923 18091 18205 I [CT]    : HandPoseSampler: Filter reset
03-27 06:57:58.923 18091 18205 I InputDevice_Hand: HANDTRACKING ADMIRE hand 0: hpm=1 -> shared=0
03-27 06:57:58.923 18091 18205 I [CT]    : HandPoseSampler: Filter reset
03-27 06:57:58.923 18091 18205 I InputDevice_Hand: HANDTRACKING ADMIRE hand 1: hpm=1 -> shared=0
03-27 06:57:58.934 18091 18205 I [CT]    : HandPoseSampler: Filter reset
03-27 06:57:58.934 18091 18205 I InputDevice_Hand: HANDTRACKING ADMIRE hand 0: hpm=1 -> shared=0
03-27 06:57:58.934 18091 18205 I [CT]    : HandPoseSampler: Filter reset
03-27 06:57:58.934 18091 18205 I InputDevice_Hand: HANDTRACKING ADMIRE hand 1: hpm=1 -> shared=0
03-27 06:57:58.945 18091 18205 I [CT]    : HandPoseSampler: Filter reset
03-27 06:57:58.945 18091 18205 I InputDevice_Hand: HANDTRACKING ADMIRE hand 0: hpm=1 -> shared=0
03-27 06:57:58.945 18091 18205 I [CT]    : HandPoseSampler: Filter reset
03-27 06:57:58.945 18091 18205 I InputDevice_Hand: HANDTRACKING ADMIRE hand 1: hpm=1 -> shared=0
03-27 06:57:58.956 18091 18205 I [CT]    : HandPoseSampler: Filter reset
03-27 06:57:58.956 18091 18205 I InputDevice_Hand: HANDTRACKING ADMIRE hand 0: hpm=1 -> shared=0
03-27 06:57:58.956 18091 18205 I [CT]    : HandPoseSampler: Filter reset
03-27 06:57:58.956 18091 18205 I InputDevice_Hand: HANDTRACKING ADMIRE hand 1: hpm=1 -> shared=0
03-27 06:57:58.968 18091 18205 I [CT]    : HandPoseSampler: Filter reset
03-27 06:57:58.968 18091 18205 I InputDevice_Hand: HANDTRACKING ADMIRE hand 0: hpm=1 -> shared=0
03-27 06:57:58.968 18091 18205 I [CT]    : HandPoseSampler: Filter reset
03-27 06:57:58.968 18091 18205 I InputDevice_Hand: HANDTRACKING ADMIRE hand 1: hpm=1 -> shared=0
03-27 06:57:58.978 18091 18205 I [CT]    : HandPoseSampler: Filter reset
03-27 06:57:58.978 18091 18205 I InputDevice_Hand: HANDTRACKING ADMIRE hand 0: hpm=1 -> shared=0
03-27 06:57:58.978 18091 18205 I [CT]    : HandPoseSampler: Filter reset
03-27 06:57:58.978 18091 18205 I InputDevice_Hand: HANDTRACKING ADMIRE hand 1: hpm=1 -> shared=0
03-27 06:57:58.990 18091 18205 I [CT]    : HandPoseSampler: Filter reset
03-27 06:57:58.990 18091 18205 I InputDevice_Hand: HANDTRACKING ADMIRE hand 0: hpm=1 -> shared=0
03-27 06:57:58.990 18091 18205 I [CT]    : HandPoseSampler: Filter reset
03-27 06:57:58.990 18091 18205 I InputDevice_Hand: HANDTRACKING ADMIRE hand 1: hpm=1 -> shared=0
03-27 06:57:59.001 18091 18205 I [CT]    : HandPoseSampler: Filter reset
03-27 06:57:59.001 18091 18205 I InputDevice_Hand: HANDTRACKING ADMIRE hand 0: hpm=1 -> shared=0
03-27 06:57:59.001 18091 18205 I [CT]    : HandPoseSampler: Filter reset
03-27 06:57:59.001 18091 18205 I InputDevice_Hand: HANDTRACKING ADMIRE hand 1: hpm=1 -> shared=0
03-27 06:57:59.011 18091 18205 I [CT]    : HandPoseSampler: Filter reset
03-27 06:57:59.011 18091 18205 I InputDevice_Hand: HANDTRACKING ADMIRE hand 0: hpm=1 -> shared=0
03-27 06:57:59.011 18091 18205 I [CT]    : HandPoseSampler: Filter reset
03-27 06:57:59.011 18091 18205 I InputDevice_Hand: HANDTRACKING ADMIRE hand 1: hpm=1 -> shared=0
03-27 06:57:59.017   897  1854 I Tracking: CONSTELLATION_Left: [Throttled count=179] P+C Left: Imu state is invalid when querying vision state!
03-27 06:57:59.023 18091 18205 I [CT]    : HandPoseSampler: Filter reset
03-27 06:57:59.023 18091 18205 I InputDevice_Hand: HANDTRACKING ADMIRE hand 0: hpm=1 -> shared=0
03-27 06:57:59.023 18091 18205 I [CT]    : HandPoseSampler: Filter reset
03-27 06:57:59.023 18091 18205 I InputDevice_Hand: HANDTRACKING ADMIRE hand 1: hpm=1 -> shared=0
03-27 06:57:59.033 18091 14209 I VrApi   : FPS=90/90,Prd=23ms,Tear=0,Early=0,Stale=0,Stale2/5/10/max=0/0/0/0,VSnc=1,Lat=-4,Fov=3,CPU4/GPU=-1/-1,1920/545MHz,OC=3F,TA=0/0/0,SP=N/N/N,Mem=2092MHz,Free=4006MB,PLS=0,Temp=34.0C/0.0C,TW=0.54ms,App=1.35ms,GD=0.00ms,CPU&GPU=7.62ms,LCnt=1(DR91,LM0),GPU%=0.19,CPU%=0.21(W0.28),CFL=11.32/14.53,ICFLp95=13.35,LD=0,CABC=1,SF=0.78,LP=1,DVFS=0,Preempt=182,PoseAgeP95=0.00
03-27 06:57:59.033 18091 14209 I VrApi   : ASW=0,Type=PTWFromStereo,E=0.000/0.000,D=0.000/0.000
03-27 06:57:59.034 18091 18205 I [CT]    : HandPoseSampler: Filter reset
03-27 06:57:59.034 18091 18205 I InputDevice_Hand: HANDTRACKING ADMIRE hand 0: hpm=1 -> shared=0
03-27 06:57:59.034 18091 18205 I [CT]    : HandPoseSampler: Filter reset
03-27 06:57:59.034 18091 18205 I InputDevice_Hand: HANDTRACKING ADMIRE hand 1: hpm=1 -> shared=0
03-27 06:57:59.045 18091 18205 I [CT]    : HandPoseSampler: Filter reset
03-27 06:57:59.045 18091 18205 I InputDevice_Hand: HANDTRACKING ADMIRE hand 0: hpm=1 -> shared=0
03-27 06:57:59.045 18091 18205 I [CT]    : HandPoseSampler: Filter reset
03-27 06:57:59.045 18091 18205 I InputDevice_Hand: HANDTRACKING ADMIRE hand 1: hpm=1 -> shared=0
03-27 06:57:59.056 18091 18205 I [CT]    : HandPoseSampler: Filter reset
03-27 06:57:59.056 18091 18205 I InputDevice_Hand: HANDTRACKING ADMIRE hand 0: hpm=1 -> shared=0
03-27 06:57:59.056 18091 18205 I [CT]    : HandPoseSampler: Filter reset
03-27 06:57:59.056 18091 18205 I InputDevice_Hand: HANDTRACKING ADMIRE hand 1: hpm=1 -> shared=0
03-27 06:57:59.067 18091 18205 I [CT]    : HandPoseSampler: Filter reset
03-27 06:57:59.067 18091 18205 I InputDevice_Hand: HANDTRACKING ADMIRE hand 0: hpm=1 -> shared=0
03-27 06:57:59.067 18091 18205 I [CT]    : HandPoseSampler: Filter reset
03-27 06:57:59.067 18091 18205 I InputDevice_Hand: HANDTRACKING ADMIRE hand 1: hpm=1 -> shared=0
03-27 06:57:59.079 18091 18205 I [CT]    : HandPoseSampler: Filter reset
03-27 06:57:59.079 18091 18205 I InputDevice_Hand: HANDTRACKING ADMIRE hand 0: hpm=1 -> shared=0
03-27 06:57:59.079 18091 18205 I [CT]    : HandPoseSampler: Filter reset
03-27 06:57:59.079 18091 18205 I InputDevice_Hand: HANDTRACKING ADMIRE hand 1: hpm=1 -> shared=0
03-27 06:57:59.083   897  1854 I Tracking: CONSTELLATION_Left: [Throttled count=89] P+C Left: Not reinitializing 6DoF filter yet (no valid pose from vision).
03-27 06:57:59.090 18091 18205 I [CT]    : HandPoseSampler: Filter reset
03-27 06:57:59.090 18091 18205 I InputDevice_Hand: HANDTRACKING ADMIRE hand 0: hpm=1 -> shared=0
03-27 06:57:59.090 18091 18205 I [CT]    : HandPoseSampler: Filter reset
03-27 06:57:59.090 18091 18205 I InputDevice_Hand: HANDTRACKING ADMIRE hand 1: hpm=1 -> shared=0
03-27 06:57:59.101 18091 18205 I [CT]    : HandPoseSampler: Filter reset
03-27 06:57:59.101 18091 18205 I InputDevice_Hand: HANDTRACKING ADMIRE hand 0: hpm=1 -> shared=0
03-27 06:57:59.101 18091 18205 I [CT]    : HandPoseSampler: Filter reset
03-27 06:57:59.101 18091 18205 I InputDevice_Hand: HANDTRACKING ADMIRE hand 1: hpm=1 -> shared=0
03-27 06:57:59.112 18091 18205 I [CT]    : HandPoseSampler: Filter reset
03-27 06:57:59.112 18091 18205 I InputDevice_Hand: HANDTRACKING ADMIRE hand 0: hpm=1 -> shared=0
03-27 06:57:59.112 18091 18205 I [CT]    : HandPoseSampler: Filter reset
03-27 06:57:59.112 18091 18205 I InputDevice_Hand: HANDTRACKING ADMIRE hand 1: hpm=1 -> shared=0
03-27 06:57:59.124 18091 18205 I [CT]    : HandPoseSampler: Filter reset
03-27 06:57:59.124 18091 18205 I InputDevice_Hand: HANDTRACKING ADMIRE hand 0: hpm=1 -> shared=0
03-27 06:57:59.124 18091 18205 I [CT]    : HandPoseSampler: Filter reset
03-27 06:57:59.124 18091 18205 I InputDevice_Hand: HANDTRACKING ADMIRE hand 1: hpm=1 -> shared=0
03-27 06:57:59.134 18091 18205 I [CT]    : HandPoseSampler: Filter reset
03-27 06:57:59.134 18091 18205 I InputDevice_Hand: HANDTRACKING ADMIRE hand 0: hpm=1 -> shared=0
03-27 06:57:59.134 18091 18205 I [CT]    : HandPoseSampler: Filter reset
03-27 06:57:59.134 18091 18205 I InputDevice_Hand: HANDTRACKING ADMIRE hand 1: hpm=1 -> shared=0
03-27 06:57:59.145 18091 18205 I [CT]    : HandPoseSampler: Filter reset
03-27 06:57:59.145 18091 18205 I InputDevice_Hand: HANDTRACKING ADMIRE hand 0: hpm=1 -> shared=0
03-27 06:57:59.145 18091 18205 I [CT]    : HandPoseSampler: Filter reset
03-27 06:57:59.145 18091 18205 I InputDevice_Hand: HANDTRACKING ADMIRE hand 1: hpm=1 -> shared=0
03-27 06:57:59.157 18091 18205 I [CT]    : HandPoseSampler: Filter reset
03-27 06:57:59.157 18091 18205 I InputDevice_Hand: HANDTRACKING ADMIRE hand 0: hpm=1 -> shared=0
03-27 06:57:59.157 18091 18205 I [CT]    : HandPoseSampler: Filter reset
03-27 06:57:59.157 18091 18205 I InputDevice_Hand: HANDTRACKING ADMIRE hand 1: hpm=1 -> shared=0
03-27 06:57:59.160   920 14201 I VD628x  : Flicker results: freq 120.000000, max 119.912666, dcr 33.180355, pct 0.040254, idx 0.012626, conf 0.903391, snr 9.721978, svm 0.067301, sus 0
03-27 06:57:59.167 18091 18205 I [CT]    : HandPoseSampler: Filter reset
03-27 06:57:59.168 18091 18205 I InputDevice_Hand: HANDTRACKING ADMIRE hand 0: hpm=1 -> shared=0
03-27 06:57:59.168 18091 18205 I [CT]    : HandPoseSampler: Filter reset
03-27 06:57:59.168 18091 18205 I InputDevice_Hand: HANDTRACKING ADMIRE hand 1: hpm=1 -> shared=0
03-27 06:57:59.179 18091 18205 I [CT]    : HandPoseSampler: Filter reset
03-27 06:57:59.179 18091 18205 I InputDevice_Hand: HANDTRACKING ADMIRE hand 0: hpm=1 -> shared=0
03-27 06:57:59.179 18091 18205 I [CT]    : HandPoseSampler: Filter reset
03-27 06:57:59.179 18091 18205 I InputDevice_Hand: HANDTRACKING ADMIRE hand 1: hpm=1 -> shared=0
03-27 06:57:59.190 18091 18205 I [CT]    : HandPoseSampler: Filter reset
03-27 06:57:59.190 18091 18205 I InputDevice_Hand: HANDTRACKING ADMIRE hand 0: hpm=1 -> shared=0
03-27 06:57:59.190 18091 18205 I [CT]    : HandPoseSampler: Filter reset
03-27 06:57:59.190 18091 18205 I InputDevice_Hand: HANDTRACKING ADMIRE hand 1: hpm=1 -> shared=0
03-27 06:57:59.201 18091 18205 I [CT]    : HandPoseSampler: Filter reset
03-27 06:57:59.201 18091 18205 I InputDevice_Hand: HANDTRACKING ADMIRE hand 0: hpm=1 -> shared=0
03-27 06:57:59.201 18091 18205 I [CT]    : HandPoseSampler: Filter reset
03-27 06:57:59.201 18091 18205 I InputDevice_Hand: HANDTRACKING ADMIRE hand 1: hpm=1 -> shared=0
03-27 06:57:59.212 18091 18205 I [CT]    : HandPoseSampler: Filter reset
03-27 06:57:59.212 18091 18205 I InputDevice_Hand: HANDTRACKING ADMIRE hand 0: hpm=1 -> shared=0
03-27 06:57:59.212 18091 18205 I [CT]    : HandPoseSampler: Filter reset
03-27 06:57:59.212 18091 18205 I InputDevice_Hand: HANDTRACKING ADMIRE hand 1: hpm=1 -> shared=0
03-27 06:57:59.223 18091 18205 I [CT]    : HandPoseSampler: Filter reset
03-27 06:57:59.223 18091 18205 I InputDevice_Hand: HANDTRACKING ADMIRE hand 0: hpm=1 -> shared=0
03-27 06:57:59.223 18091 18205 I [CT]    : HandPoseSampler: Filter reset
03-27 06:57:59.223 18091 18205 I InputDevice_Hand: HANDTRACKING ADMIRE hand 1: hpm=1 -> shared=0
03-27 06:57:59.234 18091 18205 I [CT]    : HandPoseSampler: Filter reset
03-27 06:57:59.234 18091 18205 I InputDevice_Hand: HANDTRACKING ADMIRE hand 0: hpm=1 -> shared=0
03-27 06:57:59.234 18091 18205 I [CT]    : HandPoseSampler: Filter reset
03-27 06:57:59.234 18091 18205 I InputDevice_Hand: HANDTRACKING ADMIRE hand 1: hpm=1 -> shared=0
03-27 06:57:59.246 18091 18205 I [CT]    : HandPoseSampler: Filter reset
03-27 06:57:59.246 18091 18205 I InputDevice_Hand: HANDTRACKING ADMIRE hand 0: hpm=1 -> shared=0
03-27 06:57:59.246 18091 18205 I [CT]    : HandPoseSampler: Filter reset
03-27 06:57:59.246 18091 18205 I InputDevice_Hand: HANDTRACKING ADMIRE hand 1: hpm=1 -> shared=0
03-27 06:57:59.257 18091 18205 I [CT]    : HandPoseSampler: Filter reset
03-27 06:57:59.257 18091 18205 I InputDevice_Hand: HANDTRACKING ADMIRE hand 0: hpm=1 -> shared=0
03-27 06:57:59.257 18091 18205 I [CT]    : HandPoseSampler: Filter reset
03-27 06:57:59.257 18091 18205 I InputDevice_Hand: HANDTRACKING ADMIRE hand 1: hpm=1 -> shared=0
03-27 06:57:59.268 18091 18205 I [CT]    : HandPoseSampler: Filter reset
03-27 06:57:59.268 18091 18205 I InputDevice_Hand: HANDTRACKING ADMIRE hand 0: hpm=1 -> shared=0
03-27 06:57:59.268 18091 18205 I [CT]    : HandPoseSampler: Filter reset
03-27 06:57:59.268 18091 18205 I InputDevice_Hand: HANDTRACKING ADMIRE hand 1: hpm=1 -> shared=0
03-27 06:57:59.279 18091 18205 I [CT]    : HandPoseSampler: Filter reset
03-27 06:57:59.279 18091 18205 I InputDevice_Hand: HANDTRACKING ADMIRE hand 0: hpm=1 -> shared=0
03-27 06:57:59.279 18091 18205 I [CT]    : HandPoseSampler: Filter reset
03-27 06:57:59.279 18091 18205 I InputDevice_Hand: HANDTRACKING ADMIRE hand 1: hpm=1 -> shared=0
03-27 06:57:59.290 18091 18205 I [CT]    : HandPoseSampler: Filter reset
03-27 06:57:59.290 18091 18205 I InputDevice_Hand: HANDTRACKING ADMIRE hand 0: hpm=1 -> shared=0
03-27 06:57:59.290 18091 18205 I [CT]    : HandPoseSampler: Filter reset
03-27 06:57:59.290 18091 18205 I InputDevice_Hand: HANDTRACKING ADMIRE hand 1: hpm=1 -> shared=0
03-27 06:57:59.301 18091 18205 I [CT]    : HandPoseSampler: Filter reset
03-27 06:57:59.301 18091 18205 I InputDevice_Hand: HANDTRACKING ADMIRE hand 0: hpm=1 -> shared=0
03-27 06:57:59.301 18091 18205 I [CT]    : HandPoseSampler: Filter reset
03-27 06:57:59.301 18091 18205 I InputDevice_Hand: HANDTRACKING ADMIRE hand 1: hpm=1 -> shared=0
03-27 06:57:59.312 18091 18205 I [CT]    : HandPoseSampler: Filter reset
03-27 06:57:59.312 18091 18205 I InputDevice_Hand: HANDTRACKING ADMIRE hand 0: hpm=1 -> shared=0
03-27 06:57:59.312 18091 18205 I [CT]    : HandPoseSampler: Filter reset
03-27 06:57:59.312 18091 18205 I InputDevice_Hand: HANDTRACKING ADMIRE hand 1: hpm=1 -> shared=0
03-27 06:57:59.323 18091 18205 I [CT]    : HandPoseSampler: Filter reset
03-27 06:57:59.323 18091 18205 I InputDevice_Hand: HANDTRACKING ADMIRE hand 0: hpm=1 -> shared=0
03-27 06:57:59.323 18091 18205 I [CT]    : HandPoseSampler: Filter reset
03-27 06:57:59.324 18091 18205 I InputDevice_Hand: HANDTRACKING ADMIRE hand 1: hpm=1 -> shared=0
03-27 06:57:59.334 18091 18205 I [CT]    : HandPoseSampler: Filter reset
03-27 06:57:59.334 18091 18205 I InputDevice_Hand: HANDTRACKING ADMIRE hand 0: hpm=1 -> shared=0
03-27 06:57:59.334 18091 18205 I [CT]    : HandPoseSampler: Filter reset
03-27 06:57:59.334 18091 18205 I InputDevice_Hand: HANDTRACKING ADMIRE hand 1: hpm=1 -> shared=0
03-27 06:57:59.345 18091 18205 I [CT]    : HandPoseSampler: Filter reset
03-27 06:57:59.345 18091 18205 I InputDevice_Hand: HANDTRACKING ADMIRE hand 0: hpm=1 -> shared=0
03-27 06:57:59.345 18091 18205 I [CT]    : HandPoseSampler: Filter reset
03-27 06:57:59.345 18091 18205 I InputDevice_Hand: HANDTRACKING ADMIRE hand 1: hpm=1 -> shared=0
