--------- beginning of main
03-27 06:18:48.404 18091 18205 I [CT]    : HandPoseSampler: Filter reset
03-27 06:18:48.404 18091 18205 I InputDevice_Hand: HANDTRACKING ADMIRE hand 0: hpm=1 -> shared=0
03-27 06:18:48.404 18091 18205 I [CT]    : HandPoseSampler: Filter reset
03-27 06:18:48.404 18091 18205 I InputDevice_Hand: HANDTRACKING ADMIRE hand 1: hpm=1 -> shared=0
03-27 06:18:48.419 18091 18205 I [CT]    : HandPoseSampler: Filter reset
03-27 06:18:48.419 18091 18205 I InputDevice_Hand: HANDTRACKING ADMIRE hand 0: hpm=1 -> shared=0
03-27 06:18:48.419 18091 18205 I [CT]    : HandPoseSampler: Filter reset
03-27 06:18:48.419 18091 18205 I InputDevice_Hand: HANDTRACKING ADMIRE hand 1: hpm=1 -> shared=0
03-27 06:18:48.432 18091 18205 I [CT]    : HandPoseSampler: Filter reset
03-27 06:18:48.432 18091 18205 I InputDevice_Hand: HANDTRACKING ADMIRE hand 0: hpm=1 -> shared=0
03-27 06:18:48.432 18091 18205 I [CT]    : HandPoseSampler: Filter reset
03-27 06:18:48.432 18091 18205 I InputDevice_Hand: HANDTRACKING ADMIRE hand 1: hpm=1 -> shared=0
--------- beginning of system
03-27 06:18:48.438  1419  3523 W ActivityLaunchInterceptorController: onPreInterceptActivityLaunch: null activity info
03-27 06:18:48.438  1419  3523 I ActivityTaskManager: START u0 {flg=0x10000000 cmp=com.libopenmw.openmw/ui.activity.VrEntryActivity} with LAUNCH_MULTIPLE from uid 2000 result code=-92
03-27 06:18:48.446 18091 18205 I [CT]    : HandPoseSampler: Filter reset
03-27 06:18:48.446 18091 18205 I InputDevice_Hand: HANDTRACKING ADMIRE hand 0: hpm=1 -> shared=0
03-27 06:18:48.446 18091 18205 I [CT]    : HandPoseSampler: Filter reset
03-27 06:18:48.446 18091 18205 I InputDevice_Hand: HANDTRACKING ADMIRE hand 1: hpm=1 -> shared=0
03-27 06:18:48.460 18091 18205 I [CT]    : HandPoseSampler: Filter reset
03-27 06:18:48.460 18091 18205 I InputDevice_Hand: HANDTRACKING ADMIRE hand 0: hpm=1 -> shared=0
03-27 06:18:48.460 18091 18205 I [CT]    : HandPoseSampler: Filter reset
03-27 06:18:48.460 18091 18205 I InputDevice_Hand: HANDTRACKING ADMIRE hand 1: hpm=1 -> shared=0
03-27 06:18:48.474 18091 18205 I [CT]    : HandPoseSampler: Filter reset
03-27 06:18:48.474 18091 18205 I InputDevice_Hand: HANDTRACKING ADMIRE hand 0: hpm=1 -> shared=0
03-27 06:18:48.474 18091 18205 I [CT]    : HandPoseSampler: Filter reset
03-27 06:18:48.474 18091 18205 I InputDevice_Hand: HANDTRACKING ADMIRE hand 1: hpm=1 -> shared=0
03-27 06:18:48.476 18091 18205 I OpenXR_Anchor: xrQuerySpacesFB: split anchor query enabled
03-27 06:18:48.477  4500 18556 I [CT]    : SP:AP:AnchorPersistenceRuntimeIpcServer: checkRPC start: sessionUuid:de76105c-3765-3cfc-f025-996364c4337d, clientId:3936617581, givenPackageName:com.oculus.vrshell
03-27 06:18:48.477  4500 18556 I [CT]    : SP:AP:AnchorPersistenceRuntimeIpcServer: checkPackageAccess - detectedPackageName:com.oculus.vrshell, detectedProcessName:com.oculus.vrshell, givenPackageName:com.oculus.vrshell
03-27 06:18:48.477  4500 18556 I [CT]    : SP:AP:AnchorPersistenceRuntimeIpcServer: checkRPC package name matches: sessionUuid:de76105c-3765-3cfc-f025-996364c4337d, clientId:3936617581, givenPackageName:com.oculus.vrshell, detectedPackageName:com.oculus.vrshell, detectedProcessName:com.oculus.vrshell
03-27 06:18:48.477  4500 18556 I [CT]    : SP:AP:AnchorPersistenceRuntimeIpcServer: queryAvailableAnchorsSMV2: clientId: 3936617581, maxAnchors: 500, filter: 0, queryMultipleRoomsEnabledByOpenXrVersion: true, source: 1, appId: com.oculus.vrshell
03-27 06:18:48.477  4500 18556 I [CT]    : SP:AP:AnchorPersistenceConfig: getSceneRuntimePermissionEnabled: USE_SCENE permission is enabled on this device
03-27 06:18:48.477  4500 18556 I [CT]    : SP:AP:AnchorPersistenceScenePermissions: hasClientGrantedScenePermission: USE_SCENE permission is enabled on this device, check client 3936617581, grant is true
03-27 06:18:48.477  4500 18556 I [CT]    : SP:AP:AnchorPersistenceConfig: getSceneRuntimePermissionEnabled: USE_SCENE permission is enabled on this device
03-27 06:18:48.478  4500 18556 I [CT]    : SP:SceneAnchorFilterUtil: filterSceneDataByPermission: com.oculus.vrshell permission check passed, keep scene data. anchors size: 0
03-27 06:18:48.488 18091 18205 I [CT]    : HandPoseSampler: Filter reset
03-27 06:18:48.488 18091 18205 I InputDevice_Hand: HANDTRACKING ADMIRE hand 0: hpm=1 -> shared=0
03-27 06:18:48.488 18091 18205 I [CT]    : HandPoseSampler: Filter reset
03-27 06:18:48.488 18091 18205 I InputDevice_Hand: HANDTRACKING ADMIRE hand 1: hpm=1 -> shared=0
03-27 06:18:48.501  4500  4806 I DynamicObjectClient: Query Dynamic Object Tracker anchors
03-27 06:18:48.501  4500  4806 I DynamicObjectClient: Object in query has empty predictions or tracking flags
03-27 06:18:48.502 18091 18205 I [CT]    : HandPoseSampler: Filter reset
03-27 06:18:48.502 18091 18205 I InputDevice_Hand: HANDTRACKING ADMIRE hand 0: hpm=1 -> shared=0
03-27 06:18:48.502 18091 18205 I [CT]    : HandPoseSampler: Filter reset
03-27 06:18:48.502 18091 18205 I InputDevice_Hand: HANDTRACKING ADMIRE hand 1: hpm=1 -> shared=0
03-27 06:18:48.516 18091 18205 I [CT]    : HandPoseSampler: Filter reset
03-27 06:18:48.516 18091 18205 I InputDevice_Hand: HANDTRACKING ADMIRE hand 0: hpm=1 -> shared=0
03-27 06:18:48.516 18091 18205 I [CT]    : HandPoseSampler: Filter reset
03-27 06:18:48.516 18091 18205 I InputDevice_Hand: HANDTRACKING ADMIRE hand 1: hpm=1 -> shared=0
03-27 06:18:48.530 18091 18205 I [CT]    : HandPoseSampler: Filter reset
03-27 06:18:48.530 18091 18205 I InputDevice_Hand: HANDTRACKING ADMIRE hand 0: hpm=1 -> shared=0
03-27 06:18:48.530 18091 18205 I [CT]    : HandPoseSampler: Filter reset
03-27 06:18:48.530 18091 18205 I InputDevice_Hand: HANDTRACKING ADMIRE hand 1: hpm=1 -> shared=0
03-27 06:18:48.544 18091 18205 I [CT]    : HandPoseSampler: Filter reset
03-27 06:18:48.544 18091 18205 I InputDevice_Hand: HANDTRACKING ADMIRE hand 0: hpm=1 -> shared=0
03-27 06:18:48.544 18091 18205 I [CT]    : HandPoseSampler: Filter reset
03-27 06:18:48.544 18091 18205 I InputDevice_Hand: HANDTRACKING ADMIRE hand 1: hpm=1 -> shared=0
03-27 06:18:48.557 18091 18205 I [CT]    : HandPoseSampler: Filter reset
03-27 06:18:48.557 18091 18205 I InputDevice_Hand: HANDTRACKING ADMIRE hand 0: hpm=1 -> shared=0
03-27 06:18:48.557 18091 18205 I [CT]    : HandPoseSampler: Filter reset
03-27 06:18:48.558 18091 18205 I InputDevice_Hand: HANDTRACKING ADMIRE hand 1: hpm=1 -> shared=0
03-27 06:18:48.559   897  8215 W Tracking: CONSTELLATION_Left: [Throttled count=503] P+C Left: Could not retrieve 3dof fallback pose.
03-27 06:18:48.571 18091 18205 I [CT]    : HandPoseSampler: Filter reset
03-27 06:18:48.571 18091 18205 I InputDevice_Hand: HANDTRACKING ADMIRE hand 0: hpm=1 -> shared=0
03-27 06:18:48.571 18091 18205 I [CT]    : HandPoseSampler: Filter reset
03-27 06:18:48.571 18091 18205 I InputDevice_Hand: HANDTRACKING ADMIRE hand 1: hpm=1 -> shared=0
03-27 06:18:48.585 18091 18205 I [CT]    : HandPoseSampler: Filter reset
03-27 06:18:48.585 18091 18205 I InputDevice_Hand: HANDTRACKING ADMIRE hand 0: hpm=1 -> shared=0
03-27 06:18:48.585 18091 18205 I [CT]    : HandPoseSampler: Filter reset
03-27 06:18:48.585 18091 18205 I InputDevice_Hand: HANDTRACKING ADMIRE hand 1: hpm=1 -> shared=0
03-27 06:18:48.587 18091 18205 I OpenXR_Anchor: xrQuerySpacesFB: split anchor query enabled
03-27 06:18:48.588  4500 18556 I [CT]    : SP:AP:AnchorPersistenceRuntimeIpcServer: checkRPC start: sessionUuid:de76105c-3765-3cfc-f025-996364c4337d, clientId:3936617581, givenPackageName:com.oculus.vrshell
03-27 06:18:48.588  4500 18556 I [CT]    : SP:AP:AnchorPersistenceRuntimeIpcServer: checkPackageAccess - detectedPackageName:com.oculus.vrshell, detectedProcessName:com.oculus.vrshell, givenPackageName:com.oculus.vrshell
03-27 06:18:48.588  4500 18556 I [CT]    : SP:AP:AnchorPersistenceRuntimeIpcServer: checkRPC package name matches: sessionUuid:de76105c-3765-3cfc-f025-996364c4337d, clientId:3936617581, givenPackageName:com.oculus.vrshell, detectedPackageName:com.oculus.vrshell, detectedProcessName:com.oculus.vrshell
03-27 06:18:48.588  4500 18556 I [CT]    : SP:AP:AnchorPersistenceRuntimeIpcServer: queryAvailableAnchorsSMV2: clientId: 3936617581, maxAnchors: 500, filter: 0, queryMultipleRoomsEnabledByOpenXrVersion: true, source: 1, appId: com.oculus.vrshell
03-27 06:18:48.588  4500 18556 I [CT]    : SP:AP:AnchorPersistenceConfig: getSceneRuntimePermissionEnabled: USE_SCENE permission is enabled on this device
03-27 06:18:48.588  4500 18556 I [CT]    : SP:AP:AnchorPersistenceScenePermissions: hasClientGrantedScenePermission: USE_SCENE permission is enabled on this device, check client 3936617581, grant is true
03-27 06:18:48.588  4500 18556 I [CT]    : SP:AP:AnchorPersistenceConfig: getSceneRuntimePermissionEnabled: USE_SCENE permission is enabled on this device
03-27 06:18:48.589  4500 18556 I [CT]    : SP:SceneAnchorFilterUtil: filterSceneDataByPermission: com.oculus.vrshell permission check passed, keep scene data. anchors size: 0
03-27 06:18:48.599 18091 18205 I [CT]    : HandPoseSampler: Filter reset
03-27 06:18:48.599 18091 18205 I InputDevice_Hand: HANDTRACKING ADMIRE hand 0: hpm=1 -> shared=0
03-27 06:18:48.599 18091 18205 I [CT]    : HandPoseSampler: Filter reset
03-27 06:18:48.599 18091 18205 I InputDevice_Hand: HANDTRACKING ADMIRE hand 1: hpm=1 -> shared=0
03-27 06:18:48.613 18091 18205 I [CT]    : HandPoseSampler: Filter reset
03-27 06:18:48.613 18091 18205 I InputDevice_Hand: HANDTRACKING ADMIRE hand 0: hpm=1 -> shared=0
03-27 06:18:48.613 18091 18205 I [CT]    : HandPoseSampler: Filter reset
03-27 06:18:48.613 18091 18205 I InputDevice_Hand: HANDTRACKING ADMIRE hand 1: hpm=1 -> shared=0
03-27 06:18:48.627 18091 18205 I [CT]    : HandPoseSampler: Filter reset
03-27 06:18:48.627 18091 18205 I InputDevice_Hand: HANDTRACKING ADMIRE hand 0: hpm=1 -> shared=0
03-27 06:18:48.627 18091 18205 I [CT]    : HandPoseSampler: Filter reset
03-27 06:18:48.627 18091 18205 I InputDevice_Hand: HANDTRACKING ADMIRE hand 1: hpm=1 -> shared=0
03-27 06:18:48.641 18091 18205 I [CT]    : HandPoseSampler: Filter reset
03-27 06:18:48.641 18091 18205 I InputDevice_Hand: HANDTRACKING ADMIRE hand 0: hpm=1 -> shared=0
03-27 06:18:48.641 18091 18205 I [CT]    : HandPoseSampler: Filter reset
03-27 06:18:48.641 18091 18205 I InputDevice_Hand: HANDTRACKING ADMIRE hand 1: hpm=1 -> shared=0
03-27 06:18:48.652   920  8050 I VD628x  : Flicker results: freq 120.000000, max 119.814713, dcr 33.099697, pct 0.039986, idx 0.012761, conf 0.913534, snr 10.338712, svm 0.070438, sus 0
03-27 06:18:48.655 18091 18205 I [CT]    : HandPoseSampler: Filter reset
03-27 06:18:48.655 18091 18205 I InputDevice_Hand: HANDTRACKING ADMIRE hand 0: hpm=1 -> shared=0
03-27 06:18:48.655 18091 18205 I [CT]    : HandPoseSampler: Filter reset
03-27 06:18:48.655 18091 18205 I InputDevice_Hand: HANDTRACKING ADMIRE hand 1: hpm=1 -> shared=0
03-27 06:18:48.669 18091 18205 I [CT]    : HandPoseSampler: Filter reset
03-27 06:18:48.669 18091 18205 I InputDevice_Hand: HANDTRACKING ADMIRE hand 0: hpm=1 -> shared=0
03-27 06:18:48.669 18091 18205 I [CT]    : HandPoseSampler: Filter reset
03-27 06:18:48.669 18091 18205 I InputDevice_Hand: HANDTRACKING ADMIRE hand 1: hpm=1 -> shared=0
03-27 06:18:48.673 18091 18457 W ShellHsr: Renderer: RenderableFilter has 97 tags, which is more than 10. This is expected to be rare. If this becomes common, consider changing RenderableFilter logic to use something other than linear searches for filtering renderable tags (like registered bitsets).
03-27 06:18:48.682 18091 18205 I [CT]    : HandPoseSampler: Filter reset
03-27 06:18:48.682 18091 18205 I InputDevice_Hand: HANDTRACKING ADMIRE hand 0: hpm=1 -> shared=0
03-27 06:18:48.682 18091 18205 I [CT]    : HandPoseSampler: Filter reset
03-27 06:18:48.682 18091 18205 I InputDevice_Hand: HANDTRACKING ADMIRE hand 1: hpm=1 -> shared=0
03-27 06:18:48.697 18091 18205 I [CT]    : HandPoseSampler: Filter reset
03-27 06:18:48.697 18091 18205 I InputDevice_Hand: HANDTRACKING ADMIRE hand 0: hpm=1 -> shared=0
03-27 06:18:48.697 18091 18205 I [CT]    : HandPoseSampler: Filter reset
03-27 06:18:48.697 18091 18205 I InputDevice_Hand: HANDTRACKING ADMIRE hand 1: hpm=1 -> shared=0
03-27 06:18:48.698 18091 18205 I OpenXR_Anchor: xrQuerySpacesFB: split anchor query enabled
03-27 06:18:48.699  4500 18556 I [CT]    : SP:AP:AnchorPersistenceRuntimeIpcServer: checkRPC start: sessionUuid:de76105c-3765-3cfc-f025-996364c4337d, clientId:3936617581, givenPackageName:com.oculus.vrshell
03-27 06:18:48.699  4500 18556 I [CT]    : SP:AP:AnchorPersistenceRuntimeIpcServer: checkPackageAccess - detectedPackageName:com.oculus.vrshell, detectedProcessName:com.oculus.vrshell, givenPackageName:com.oculus.vrshell
03-27 06:18:48.699  4500 18556 I [CT]    : SP:AP:AnchorPersistenceRuntimeIpcServer: checkRPC package name matches: sessionUuid:de76105c-3765-3cfc-f025-996364c4337d, clientId:3936617581, givenPackageName:com.oculus.vrshell, detectedPackageName:com.oculus.vrshell, detectedProcessName:com.oculus.vrshell
03-27 06:18:48.699  4500 18556 I [CT]    : SP:AP:AnchorPersistenceRuntimeIpcServer: queryAvailableAnchorsSMV2: clientId: 3936617581, maxAnchors: 500, filter: 0, queryMultipleRoomsEnabledByOpenXrVersion: true, source: 1, appId: com.oculus.vrshell
03-27 06:18:48.699  4500 18556 I [CT]    : SP:AP:AnchorPersistenceConfig: getSceneRuntimePermissionEnabled: USE_SCENE permission is enabled on this device
03-27 06:18:48.699  4500 18556 I [CT]    : SP:AP:AnchorPersistenceScenePermissions: hasClientGrantedScenePermission: USE_SCENE permission is enabled on this device, check client 3936617581, grant is true
03-27 06:18:48.699  4500 18556 I [CT]    : SP:AP:AnchorPersistenceConfig: getSceneRuntimePermissionEnabled: USE_SCENE permission is enabled on this device
03-27 06:18:48.700  4500 18556 I [CT]    : SP:SceneAnchorFilterUtil: filterSceneDataByPermission: com.oculus.vrshell permission check passed, keep scene data. anchors size: 0
03-27 06:18:48.703  1168  1347 I MRSS    : MIXEDREALITY: MrFeatureTelemetry: Number of frames processed for slam-based metrics: 353
03-27 06:18:48.711 18091 18205 I [CT]    : HandPoseSampler: Filter reset
03-27 06:18:48.711 18091 18205 I InputDevice_Hand: HANDTRACKING ADMIRE hand 0: hpm=1 -> shared=0
03-27 06:18:48.711 18091 18205 I [CT]    : HandPoseSampler: Filter reset
03-27 06:18:48.711 18091 18205 I InputDevice_Hand: HANDTRACKING ADMIRE hand 1: hpm=1 -> shared=0
03-27 06:18:48.724 18091 18205 I [CT]    : HandPoseSampler: Filter reset
03-27 06:18:48.724 18091 18205 I InputDevice_Hand: HANDTRACKING ADMIRE hand 0: hpm=1 -> shared=0
03-27 06:18:48.724 18091 18205 I [CT]    : HandPoseSampler: Filter reset
03-27 06:18:48.724 18091 18205 I InputDevice_Hand: HANDTRACKING ADMIRE hand 1: hpm=1 -> shared=0
03-27 06:18:48.738 18091 18205 I [CT]    : HandPoseSampler: Filter reset
03-27 06:18:48.738 18091 18205 I InputDevice_Hand: HANDTRACKING ADMIRE hand 0: hpm=1 -> shared=0
03-27 06:18:48.738 18091 18205 I [CT]    : HandPoseSampler: Filter reset
03-27 06:18:48.738 18091 18205 I InputDevice_Hand: HANDTRACKING ADMIRE hand 1: hpm=1 -> shared=0
03-27 06:18:48.752 18091 18205 I [CT]    : HandPoseSampler: Filter reset
03-27 06:18:48.752 18091 18205 I InputDevice_Hand: HANDTRACKING ADMIRE hand 0: hpm=1 -> shared=0
03-27 06:18:48.752 18091 18205 I [CT]    : HandPoseSampler: Filter reset
03-27 06:18:48.752 18091 18205 I InputDevice_Hand: HANDTRACKING ADMIRE hand 1: hpm=1 -> shared=0
--------- beginning of kernel
03-27 06:18:48.719     0     0 W healthd : battery l=100 v=4417 t=33.0 h=2 st=5 c=0 fc=4476000 cc=54 chg=a
03-27 06:18:48.766 18091 18205 I [CT]    : HandPoseSampler: Filter reset
03-27 06:18:48.766 18091 18205 I InputDevice_Hand: HANDTRACKING ADMIRE hand 0: hpm=1 -> shared=0
03-27 06:18:48.766 18091 18205 I [CT]    : HandPoseSampler: Filter reset
03-27 06:18:48.766 18091 18205 I InputDevice_Hand: HANDTRACKING ADMIRE hand 1: hpm=1 -> shared=0
03-27 06:18:48.781 18091 18205 I [CT]    : HandPoseSampler: Filter reset
03-27 06:18:48.781 18091 18205 I InputDevice_Hand: HANDTRACKING ADMIRE hand 0: hpm=1 -> shared=0
03-27 06:18:48.781 18091 18205 I [CT]    : HandPoseSampler: Filter reset
03-27 06:18:48.781 18091 18205 I InputDevice_Hand: HANDTRACKING ADMIRE hand 1: hpm=1 -> shared=0
03-27 06:18:48.783 18224 18352 I AutoStationaryHelper: [AutoStationaryHelper::getGuardianDataFromNearbyRoomscale] Checking 1 existing guardian data
03-27 06:18:48.783 18224 18352 I GuardianMapDataMgr: [GuardianMapDataMgr::isValidTrackedRoomscale] [2575043440] Valid=yes, Roomscale=yes, Anchor [2cee9d32-7f24-ff1e-5555-ae309d8ea246] Tracked=yes
03-27 06:18:48.783 18224 18352 I AutoStationaryHelper: [AutoStationaryHelper::getGuardianDataFromNearbyRoomscale] [2575043440] Distance to HMD: 3.776813
03-27 06:18:48.794 18091 18205 I [CT]    : HandPoseSampler: Filter reset
03-27 06:18:48.794 18091 18205 I InputDevice_Hand: HANDTRACKING ADMIRE hand 0: hpm=1 -> shared=0
03-27 06:18:48.794 18091 18205 I [CT]    : HandPoseSampler: Filter reset
03-27 06:18:48.794 18091 18205 I InputDevice_Hand: HANDTRACKING ADMIRE hand 1: hpm=1 -> shared=0
03-27 06:18:48.807 18091 18205 I [CT]    : HandPoseSampler: Filter reset
03-27 06:18:48.807 18091 18205 I InputDevice_Hand: HANDTRACKING ADMIRE hand 0: hpm=1 -> shared=0
03-27 06:18:48.807 18091 18205 I [CT]    : HandPoseSampler: Filter reset
03-27 06:18:48.807 18091 18205 I InputDevice_Hand: HANDTRACKING ADMIRE hand 1: hpm=1 -> shared=0
03-27 06:18:48.810 18091 18205 I OpenXR_Anchor: xrQuerySpacesFB: split anchor query enabled
03-27 06:18:48.810  4500 18556 I [CT]    : SP:AP:AnchorPersistenceRuntimeIpcServer: checkRPC start: sessionUuid:de76105c-3765-3cfc-f025-996364c4337d, clientId:3936617581, givenPackageName:com.oculus.vrshell
03-27 06:18:48.810  4500 18556 I [CT]    : SP:AP:AnchorPersistenceRuntimeIpcServer: checkPackageAccess - detectedPackageName:com.oculus.vrshell, detectedProcessName:com.oculus.vrshell, givenPackageName:com.oculus.vrshell
03-27 06:18:48.810  4500 18556 I [CT]    : SP:AP:AnchorPersistenceRuntimeIpcServer: checkRPC package name matches: sessionUuid:de76105c-3765-3cfc-f025-996364c4337d, clientId:3936617581, givenPackageName:com.oculus.vrshell, detectedPackageName:com.oculus.vrshell, detectedProcessName:com.oculus.vrshell
03-27 06:18:48.810  4500 18556 I [CT]    : SP:AP:AnchorPersistenceRuntimeIpcServer: queryAvailableAnchorsSMV2: clientId: 3936617581, maxAnchors: 500, filter: 0, queryMultipleRoomsEnabledByOpenXrVersion: true, source: 1, appId: com.oculus.vrshell
03-27 06:18:48.810  4500 18556 I [CT]    : SP:AP:AnchorPersistenceConfig: getSceneRuntimePermissionEnabled: USE_SCENE permission is enabled on this device
03-27 06:18:48.810  4500 18556 I [CT]    : SP:AP:AnchorPersistenceScenePermissions: hasClientGrantedScenePermission: USE_SCENE permission is enabled on this device, check client 3936617581, grant is true
03-27 06:18:48.810  4500 18556 I [CT]    : SP:AP:AnchorPersistenceConfig: getSceneRuntimePermissionEnabled: USE_SCENE permission is enabled on this device
03-27 06:18:48.811  4500 18556 I [CT]    : SP:SceneAnchorFilterUtil: filterSceneDataByPermission: com.oculus.vrshell permission check passed, keep scene data. anchors size: 0
03-27 06:18:48.822 18091 18205 I [CT]    : HandPoseSampler: Filter reset
03-27 06:18:48.822 18091 18205 I InputDevice_Hand: HANDTRACKING ADMIRE hand 0: hpm=1 -> shared=0
03-27 06:18:48.822 18091 18205 I [CT]    : HandPoseSampler: Filter reset
03-27 06:18:48.822 18091 18205 I InputDevice_Hand: HANDTRACKING ADMIRE hand 1: hpm=1 -> shared=0
03-27 06:18:48.835 18091 18205 I [CT]    : HandPoseSampler: Filter reset
03-27 06:18:48.835 18091 18205 I InputDevice_Hand: HANDTRACKING ADMIRE hand 0: hpm=1 -> shared=0
03-27 06:18:48.835 18091 18205 I [CT]    : HandPoseSampler: Filter reset
03-27 06:18:48.835 18091 18205 I InputDevice_Hand: HANDTRACKING ADMIRE hand 1: hpm=1 -> shared=0
03-27 06:18:48.849 18091 18205 I [CT]    : HandPoseSampler: Filter reset
03-27 06:18:48.849 18091 18205 I InputDevice_Hand: HANDTRACKING ADMIRE hand 0: hpm=1 -> shared=0
03-27 06:18:48.849 18091 18205 I [CT]    : HandPoseSampler: Filter reset
03-27 06:18:48.849 18091 18205 I InputDevice_Hand: HANDTRACKING ADMIRE hand 1: hpm=1 -> shared=0
03-27 06:18:48.863 18091 18205 I [CT]    : HandPoseSampler: Filter reset
03-27 06:18:48.863 18091 18205 I InputDevice_Hand: HANDTRACKING ADMIRE hand 0: hpm=1 -> shared=0
03-27 06:18:48.863 18091 18205 I [CT]    : HandPoseSampler: Filter reset
03-27 06:18:48.863 18091 18205 I InputDevice_Hand: HANDTRACKING ADMIRE hand 1: hpm=1 -> shared=0
03-27 06:18:48.878 18091 18205 I [CT]    : HandPoseSampler: Filter reset
03-27 06:18:48.878 18091 18205 I InputDevice_Hand: HANDTRACKING ADMIRE hand 0: hpm=1 -> shared=0
03-27 06:18:48.878 18091 18205 I [CT]    : HandPoseSampler: Filter reset
03-27 06:18:48.878 18091 18205 I InputDevice_Hand: HANDTRACKING ADMIRE hand 1: hpm=1 -> shared=0
03-27 06:18:48.891 18091 18205 I [CT]    : HandPoseSampler: Filter reset
03-27 06:18:48.891 18091 18205 I InputDevice_Hand: HANDTRACKING ADMIRE hand 0: hpm=1 -> shared=0
03-27 06:18:48.891 18091 18205 I [CT]    : HandPoseSampler: Filter reset
03-27 06:18:48.891 18091 18205 I InputDevice_Hand: HANDTRACKING ADMIRE hand 1: hpm=1 -> shared=0
03-27 06:18:48.905 18091 18205 I [CT]    : HandPoseSampler: Filter reset
03-27 06:18:48.905 18091 18205 I InputDevice_Hand: HANDTRACKING ADMIRE hand 0: hpm=1 -> shared=0
03-27 06:18:48.905 18091 18205 I [CT]    : HandPoseSampler: Filter reset
03-27 06:18:48.905 18091 18205 I InputDevice_Hand: HANDTRACKING ADMIRE hand 1: hpm=1 -> shared=0
03-27 06:18:48.919 18091 18205 I [CT]    : HandPoseSampler: Filter reset
03-27 06:18:48.919 18091 18205 I InputDevice_Hand: HANDTRACKING ADMIRE hand 0: hpm=1 -> shared=0
03-27 06:18:48.919 18091 18205 I [CT]    : HandPoseSampler: Filter reset
03-27 06:18:48.919 18091 18205 I InputDevice_Hand: HANDTRACKING ADMIRE hand 1: hpm=1 -> shared=0
03-27 06:18:48.921 18091 18205 I OpenXR_Anchor: xrQuerySpacesFB: split anchor query enabled
03-27 06:18:48.921  4500 18556 I [CT]    : SP:AP:AnchorPersistenceRuntimeIpcServer: checkRPC start: sessionUuid:de76105c-3765-3cfc-f025-996364c4337d, clientId:3936617581, givenPackageName:com.oculus.vrshell
03-27 06:18:48.921  4500 18556 I [CT]    : SP:AP:AnchorPersistenceRuntimeIpcServer: checkPackageAccess - detectedPackageName:com.oculus.vrshell, detectedProcessName:com.oculus.vrshell, givenPackageName:com.oculus.vrshell
03-27 06:18:48.921  4500 18556 I [CT]    : SP:AP:AnchorPersistenceRuntimeIpcServer: checkRPC package name matches: sessionUuid:de76105c-3765-3cfc-f025-996364c4337d, clientId:3936617581, givenPackageName:com.oculus.vrshell, detectedPackageName:com.oculus.vrshell, detectedProcessName:com.oculus.vrshell
03-27 06:18:48.921  4500 18556 I [CT]    : SP:AP:AnchorPersistenceRuntimeIpcServer: queryAvailableAnchorsSMV2: clientId: 3936617581, maxAnchors: 500, filter: 0, queryMultipleRoomsEnabledByOpenXrVersion: true, source: 1, appId: com.oculus.vrshell
03-27 06:18:48.921  4500 18556 I [CT]    : SP:AP:AnchorPersistenceConfig: getSceneRuntimePermissionEnabled: USE_SCENE permission is enabled on this device
03-27 06:18:48.921  4500 18556 I [CT]    : SP:AP:AnchorPersistenceScenePermissions: hasClientGrantedScenePermission: USE_SCENE permission is enabled on this device, check client 3936617581, grant is true
03-27 06:18:48.921  4500 18556 I [CT]    : SP:AP:AnchorPersistenceConfig: getSceneRuntimePermissionEnabled: USE_SCENE permission is enabled on this device
03-27 06:18:48.922  4500 18556 I [CT]    : SP:SceneAnchorFilterUtil: filterSceneDataByPermission: com.oculus.vrshell permission check passed, keep scene data. anchors size: 0
03-27 06:18:48.933 18091 18205 I [CT]    : HandPoseSampler: Filter reset
03-27 06:18:48.933 18091 18205 I InputDevice_Hand: HANDTRACKING ADMIRE hand 0: hpm=1 -> shared=0
03-27 06:18:48.933 18091 18205 I [CT]    : HandPoseSampler: Filter reset
03-27 06:18:48.933 18091 18205 I InputDevice_Hand: HANDTRACKING ADMIRE hand 1: hpm=1 -> shared=0
03-27 06:18:48.946 18091 18205 I [CT]    : HandPoseSampler: Filter reset
03-27 06:18:48.946 18091 18205 I InputDevice_Hand: HANDTRACKING ADMIRE hand 0: hpm=1 -> shared=0
03-27 06:18:48.946 18091 18205 I [CT]    : HandPoseSampler: Filter reset
03-27 06:18:48.946 18091 18205 I InputDevice_Hand: HANDTRACKING ADMIRE hand 1: hpm=1 -> shared=0
03-27 06:18:48.956  2697  8068 I [CT]    : MIXEDREALITY: PassthroughApiManager: GetUpdatedLayerState: (every 2 seconds) PT is: ON numLayers: 1
03-27 06:18:48.961 18091 18205 I [CT]    : HandPoseSampler: Filter reset
03-27 06:18:48.961 18091 18205 I InputDevice_Hand: HANDTRACKING ADMIRE hand 0: hpm=1 -> shared=0
03-27 06:18:48.961 18091 18205 I [CT]    : HandPoseSampler: Filter reset
03-27 06:18:48.961 18091 18205 I InputDevice_Hand: HANDTRACKING ADMIRE hand 1: hpm=1 -> shared=0
03-27 06:18:48.975 18091 18205 I [CT]    : HandPoseSampler: Filter reset
03-27 06:18:48.975 18091 18205 I InputDevice_Hand: HANDTRACKING ADMIRE hand 0: hpm=1 -> shared=0
03-27 06:18:48.975 18091 18205 I [CT]    : HandPoseSampler: Filter reset
03-27 06:18:48.975 18091 18205 I InputDevice_Hand: HANDTRACKING ADMIRE hand 1: hpm=1 -> shared=0
03-27 06:18:48.989 18091 18205 I [CT]    : HandPoseSampler: Filter reset
03-27 06:18:48.989 18091 18205 I InputDevice_Hand: HANDTRACKING ADMIRE hand 0: hpm=1 -> shared=0
03-27 06:18:48.989 18091 18205 I [CT]    : HandPoseSampler: Filter reset
03-27 06:18:48.989 18091 18205 I InputDevice_Hand: HANDTRACKING ADMIRE hand 1: hpm=1 -> shared=0
03-27 06:18:49.002 18091 18205 I [CT]    : HandPoseSampler: Filter reset
03-27 06:18:49.003 18091 18205 I InputDevice_Hand: HANDTRACKING ADMIRE hand 0: hpm=1 -> shared=0
03-27 06:18:49.003 18091 18205 I [CT]    : HandPoseSampler: Filter reset
03-27 06:18:49.003 18091 18205 I InputDevice_Hand: HANDTRACKING ADMIRE hand 1: hpm=1 -> shared=0
03-27 06:18:49.016 18091 18205 I [CT]    : HandPoseSampler: Filter reset
03-27 06:18:49.016 18091 18205 I InputDevice_Hand: HANDTRACKING ADMIRE hand 0: hpm=1 -> shared=0
03-27 06:18:49.017 18091 18205 I [CT]    : HandPoseSampler: Filter reset
03-27 06:18:49.017 18091 18205 I InputDevice_Hand: HANDTRACKING ADMIRE hand 1: hpm=1 -> shared=0
03-27 06:18:49.028 18091  8056 I VrApi   : FPS=73/72,Prd=23ms,Tear=0,Early=0,Stale=0,Stale2/5/10/max=0/0/0/0,VSnc=1,Lat=-4,Fov=3,CPU4/GPU=-1/-1,1920/545MHz,OC=3F,TA=0/0/0,SP=N/N/N,Mem=2736MHz,Free=2985MB,PLS=0,Temp=33.0C/0.0C,TW=1.31ms,App=0.80ms,GD=0.00ms,CPU&GPU=6.40ms,LCnt=4(DR73,LM2),GPU%=0.17,CPU%=0.31(W0.36),CFL=12.19/15.82,ICFLp95=14.33,LD=0,CABC=1,SF=0.78,LP=1,DVFS=0,ShrpLCnt=1,ShrpR=0.000,SSLCnt=1/2,Preempt=168,PoseAgeP95=0.00
03-27 06:18:49.028 18091  8056 I VrApi   : ASW=0,Type=PTWFromStereo,E=0.000/0.000,D=0.000/0.000
03-27 06:18:49.031 18091 18205 I [CT]    : HandPoseSampler: Filter reset
03-27 06:18:49.031 18091 18205 I InputDevice_Hand: HANDTRACKING ADMIRE hand 0: hpm=1 -> shared=0
03-27 06:18:49.031 18091 18205 I [CT]    : HandPoseSampler: Filter reset
03-27 06:18:49.031 18091 18205 I InputDevice_Hand: HANDTRACKING ADMIRE hand 1: hpm=1 -> shared=0
03-27 06:18:49.033 18091 18205 I OpenXR_Anchor: xrQuerySpacesFB: split anchor query enabled
03-27 06:18:49.033  4500 18556 I [CT]    : SP:AP:AnchorPersistenceRuntimeIpcServer: checkRPC start: sessionUuid:de76105c-3765-3cfc-f025-996364c4337d, clientId:3936617581, givenPackageName:com.oculus.vrshell
03-27 06:18:49.033  4500 18556 I [CT]    : SP:AP:AnchorPersistenceRuntimeIpcServer: checkPackageAccess - detectedPackageName:com.oculus.vrshell, detectedProcessName:com.oculus.vrshell, givenPackageName:com.oculus.vrshell
03-27 06:18:49.033  4500 18556 I [CT]    : SP:AP:AnchorPersistenceRuntimeIpcServer: checkRPC package name matches: sessionUuid:de76105c-3765-3cfc-f025-996364c4337d, clientId:3936617581, givenPackageName:com.oculus.vrshell, detectedPackageName:com.oculus.vrshell, detectedProcessName:com.oculus.vrshell
03-27 06:18:49.033  4500 18556 I [CT]    : SP:AP:AnchorPersistenceRuntimeIpcServer: queryAvailableAnchorsSMV2: clientId: 3936617581, maxAnchors: 500, filter: 0, queryMultipleRoomsEnabledByOpenXrVersion: true, source: 1, appId: com.oculus.vrshell
03-27 06:18:49.033  4500 18556 I [CT]    : SP:AP:AnchorPersistenceConfig: getSceneRuntimePermissionEnabled: USE_SCENE permission is enabled on this device
03-27 06:18:49.033  4500 18556 I [CT]    : SP:AP:AnchorPersistenceScenePermissions: hasClientGrantedScenePermission: USE_SCENE permission is enabled on this device, check client 3936617581, grant is true
03-27 06:18:49.033  4500 18556 I [CT]    : SP:AP:AnchorPersistenceConfig: getSceneRuntimePermissionEnabled: USE_SCENE permission is enabled on this device
03-27 06:18:49.034  4500 18556 I [CT]    : SP:SceneAnchorFilterUtil: filterSceneDataByPermission: com.oculus.vrshell permission check passed, keep scene data. anchors size: 0
03-27 06:18:49.044 18091 18205 I [CT]    : HandPoseSampler: Filter reset
03-27 06:18:49.045 18091 18205 I InputDevice_Hand: HANDTRACKING ADMIRE hand 0: hpm=1 -> shared=0
03-27 06:18:49.045 18091 18205 I [CT]    : HandPoseSampler: Filter reset
03-27 06:18:49.045 18091 18205 I InputDevice_Hand: HANDTRACKING ADMIRE hand 1: hpm=1 -> shared=0
03-27 06:18:49.058 18091 18205 I [CT]    : HandPoseSampler: Filter reset
03-27 06:18:49.058 18091 18205 I InputDevice_Hand: HANDTRACKING ADMIRE hand 0: hpm=1 -> shared=0
03-27 06:18:49.058 18091 18205 I [CT]    : HandPoseSampler: Filter reset
03-27 06:18:49.059 18091 18205 I InputDevice_Hand: HANDTRACKING ADMIRE hand 1: hpm=1 -> shared=0
03-27 06:18:49.072 18091 18205 I [CT]    : HandPoseSampler: Filter reset
03-27 06:18:49.072 18091 18205 I InputDevice_Hand: HANDTRACKING ADMIRE hand 0: hpm=1 -> shared=0
03-27 06:18:49.072 18091 18205 I [CT]    : HandPoseSampler: Filter reset
03-27 06:18:49.072 18091 18205 I InputDevice_Hand: HANDTRACKING ADMIRE hand 1: hpm=1 -> shared=0
03-27 06:18:49.086 18091 18205 I [CT]    : HandPoseSampler: Filter reset
03-27 06:18:49.086 18091 18205 I InputDevice_Hand: HANDTRACKING ADMIRE hand 0: hpm=1 -> shared=0
03-27 06:18:49.086 18091 18205 I [CT]    : HandPoseSampler: Filter reset
03-27 06:18:49.086 18091 18205 I InputDevice_Hand: HANDTRACKING ADMIRE hand 1: hpm=1 -> shared=0
03-27 06:18:49.100 18091 18205 I [CT]    : HandPoseSampler: Filter reset
03-27 06:18:49.100 18091 18205 I InputDevice_Hand: HANDTRACKING ADMIRE hand 0: hpm=1 -> shared=0
03-27 06:18:49.100 18091 18205 I [CT]    : HandPoseSampler: Filter reset
03-27 06:18:49.100 18091 18205 I InputDevice_Hand: HANDTRACKING ADMIRE hand 1: hpm=1 -> shared=0
03-27 06:18:49.114 18091 18205 I [CT]    : HandPoseSampler: Filter reset
03-27 06:18:49.114 18091 18205 I InputDevice_Hand: HANDTRACKING ADMIRE hand 0: hpm=1 -> shared=0
03-27 06:18:49.114 18091 18205 I [CT]    : HandPoseSampler: Filter reset
03-27 06:18:49.114 18091 18205 I InputDevice_Hand: HANDTRACKING ADMIRE hand 1: hpm=1 -> shared=0
03-27 06:18:49.127 18091 18205 I [CT]    : HandPoseSampler: Filter reset
03-27 06:18:49.127 18091 18205 I InputDevice_Hand: HANDTRACKING ADMIRE hand 0: hpm=1 -> shared=0
03-27 06:18:49.127 18091 18205 I [CT]    : HandPoseSampler: Filter reset
03-27 06:18:49.127 18091 18205 I InputDevice_Hand: HANDTRACKING ADMIRE hand 1: hpm=1 -> shared=0
03-27 06:18:49.137  2697  3402 I FaceEyeTrackingServerManager_Impl: [FaceEyeTrackingServerManager] - orthofitManager is NULL.
03-27 06:18:49.142 18091 18205 I [CT]    : HandPoseSampler: Filter reset
03-27 06:18:49.142 18091 18205 I InputDevice_Hand: HANDTRACKING ADMIRE hand 0: hpm=1 -> shared=0
03-27 06:18:49.142 18091 18205 I [CT]    : HandPoseSampler: Filter reset
03-27 06:18:49.142 18091 18205 I InputDevice_Hand: HANDTRACKING ADMIRE hand 1: hpm=1 -> shared=0
03-27 06:18:49.144 18091 18205 I OpenXR_Anchor: xrQuerySpacesFB: split anchor query enabled
03-27 06:18:49.144  4500 18556 I [CT]    : SP:AP:AnchorPersistenceRuntimeIpcServer: checkRPC start: sessionUuid:de76105c-3765-3cfc-f025-996364c4337d, clientId:3936617581, givenPackageName:com.oculus.vrshell
03-27 06:18:49.144  4500 18556 I [CT]    : SP:AP:AnchorPersistenceRuntimeIpcServer: checkPackageAccess - detectedPackageName:com.oculus.vrshell, detectedProcessName:com.oculus.vrshell, givenPackageName:com.oculus.vrshell
03-27 06:18:49.144  4500 18556 I [CT]    : SP:AP:AnchorPersistenceRuntimeIpcServer: checkRPC package name matches: sessionUuid:de76105c-3765-3cfc-f025-996364c4337d, clientId:3936617581, givenPackageName:com.oculus.vrshell, detectedPackageName:com.oculus.vrshell, detectedProcessName:com.oculus.vrshell
03-27 06:18:49.144  4500 18556 I [CT]    : SP:AP:AnchorPersistenceRuntimeIpcServer: queryAvailableAnchorsSMV2: clientId: 3936617581, maxAnchors: 500, filter: 0, queryMultipleRoomsEnabledByOpenXrVersion: true, source: 1, appId: com.oculus.vrshell
03-27 06:18:49.144  4500 18556 I [CT]    : SP:AP:AnchorPersistenceConfig: getSceneRuntimePermissionEnabled: USE_SCENE permission is enabled on this device
03-27 06:18:49.144  4500 18556 I [CT]    : SP:AP:AnchorPersistenceScenePermissions: hasClientGrantedScenePermission: USE_SCENE permission is enabled on this device, check client 3936617581, grant is true
03-27 06:18:49.144  4500 18556 I [CT]    : SP:AP:AnchorPersistenceConfig: getSceneRuntimePermissionEnabled: USE_SCENE permission is enabled on this device
03-27 06:18:49.145  4500 18556 I [CT]    : SP:SceneAnchorFilterUtil: filterSceneDataByPermission: com.oculus.vrshell permission check passed, keep scene data. anchors size: 0
03-27 06:18:49.150  2697  8068 I [CT]    : PTApiClients: 1/1:com.oculus.vrshell,PT=1,EnvDepth=0,VrMode=1,LCnt=1/2(rec=1,proj=0,bg=0),SppMeshes=1(vs=4,ts=2),SppInst=1(vs=4,ts=2),NS=0,Sty=0
03-27 06:18:49.155 18091 18205 I [CT]    : HandPoseSampler: Filter reset
03-27 06:18:49.155 18091 18205 I InputDevice_Hand: HANDTRACKING ADMIRE hand 0: hpm=1 -> shared=0
03-27 06:18:49.155 18091 18205 I [CT]    : HandPoseSampler: Filter reset
03-27 06:18:49.155 18091 18205 I InputDevice_Hand: HANDTRACKING ADMIRE hand 1: hpm=1 -> shared=0
03-27 06:18:49.169 18091 18205 I [CT]    : HandPoseSampler: Filter reset
03-27 06:18:49.169 18091 18205 I InputDevice_Hand: HANDTRACKING ADMIRE hand 0: hpm=1 -> shared=0
03-27 06:18:49.169 18091 18205 I [CT]    : HandPoseSampler: Filter reset
03-27 06:18:49.169 18091 18205 I InputDevice_Hand: HANDTRACKING ADMIRE hand 1: hpm=1 -> shared=0
03-27 06:18:49.183 18091 18205 I [CT]    : HandPoseSampler: Filter reset
03-27 06:18:49.183 18091 18205 I InputDevice_Hand: HANDTRACKING ADMIRE hand 0: hpm=1 -> shared=0
03-27 06:18:49.183 18091 18205 I [CT]    : HandPoseSampler: Filter reset
03-27 06:18:49.183 18091 18205 I InputDevice_Hand: HANDTRACKING ADMIRE hand 1: hpm=1 -> shared=0
03-27 06:18:49.196 18091 18205 I [CT]    : HandPoseSampler: Filter reset
03-27 06:18:49.196 18091 18205 I InputDevice_Hand: HANDTRACKING ADMIRE hand 0: hpm=1 -> shared=0
03-27 06:18:49.196 18091 18205 I [CT]    : HandPoseSampler: Filter reset
03-27 06:18:49.196 18091 18205 I InputDevice_Hand: HANDTRACKING ADMIRE hand 1: hpm=1 -> shared=0
03-27 06:18:49.211 18091 18205 I [CT]    : HandPoseSampler: Filter reset
03-27 06:18:49.211 18091 18205 I InputDevice_Hand: HANDTRACKING ADMIRE hand 0: hpm=1 -> shared=0
03-27 06:18:49.211 18091 18205 I [CT]    : HandPoseSampler: Filter reset
03-27 06:18:49.211 18091 18205 I InputDevice_Hand: HANDTRACKING ADMIRE hand 1: hpm=1 -> shared=0
03-27 06:18:49.224 18091 18205 I [CT]    : HandPoseSampler: Filter reset
03-27 06:18:49.225 18091 18205 I InputDevice_Hand: HANDTRACKING ADMIRE hand 0: hpm=1 -> shared=0
03-27 06:18:49.225 18091 18205 I [CT]    : HandPoseSampler: Filter reset
03-27 06:18:49.225 18091 18205 I InputDevice_Hand: HANDTRACKING ADMIRE hand 1: hpm=1 -> shared=0
03-27 06:18:49.239 18091 18205 I [CT]    : HandPoseSampler: Filter reset
03-27 06:18:49.239 18091 18205 I InputDevice_Hand: HANDTRACKING ADMIRE hand 0: hpm=1 -> shared=0
03-27 06:18:49.239 18091 18205 I [CT]    : HandPoseSampler: Filter reset
03-27 06:18:49.239 18091 18205 I InputDevice_Hand: HANDTRACKING ADMIRE hand 1: hpm=1 -> shared=0
03-27 06:18:49.241 18091 18205 W ShellHsr: Embodiment: BaseAvatarsCoreSystem::setAvatarVisibility could not find avatar for id 131073
03-27 06:18:49.241 18091 18205 W ShellHsr: Embodiment: BaseAvatarsCoreSystem::setNameTagVisibility could not find avatar for id 131073
03-27 06:18:49.241 18091 18205 E ShellHsr: Avatar: avatarState.avatarId is invalid, aborting prePhysicsSystem
03-27 06:18:49.252 18091 18205 I [CT]    : HandPoseSampler: Filter reset
03-27 06:18:49.252 18091 18205 I InputDevice_Hand: HANDTRACKING ADMIRE hand 0: hpm=1 -> shared=0
03-27 06:18:49.252 18091 18205 I [CT]    : HandPoseSampler: Filter reset
03-27 06:18:49.252 18091 18205 I InputDevice_Hand: HANDTRACKING ADMIRE hand 1: hpm=1 -> shared=0
03-27 06:18:49.254 18091 18205 I OpenXR_Anchor: xrQuerySpacesFB: split anchor query enabled
03-27 06:18:49.254  4500 18556 I [CT]    : SP:AP:AnchorPersistenceRuntimeIpcServer: checkRPC start: sessionUuid:de76105c-3765-3cfc-f025-996364c4337d, clientId:3936617581, givenPackageName:com.oculus.vrshell
03-27 06:18:49.254  4500 18556 I [CT]    : SP:AP:AnchorPersistenceRuntimeIpcServer: checkPackageAccess - detectedPackageName:com.oculus.vrshell, detectedProcessName:com.oculus.vrshell, givenPackageName:com.oculus.vrshell
03-27 06:18:49.254  4500 18556 I [CT]    : SP:AP:AnchorPersistenceRuntimeIpcServer: checkRPC package name matches: sessionUuid:de76105c-3765-3cfc-f025-996364c4337d, clientId:3936617581, givenPackageName:com.oculus.vrshell, detectedPackageName:com.oculus.vrshell, detectedProcessName:com.oculus.vrshell
03-27 06:18:49.254  4500 18556 I [CT]    : SP:AP:AnchorPersistenceRuntimeIpcServer: queryAvailableAnchorsSMV2: clientId: 3936617581, maxAnchors: 500, filter: 0, queryMultipleRoomsEnabledByOpenXrVersion: true, source: 1, appId: com.oculus.vrshell
03-27 06:18:49.254  4500 18556 I [CT]    : SP:AP:AnchorPersistenceConfig: getSceneRuntimePermissionEnabled: USE_SCENE permission is enabled on this device
03-27 06:18:49.254  4500 18556 I [CT]    : SP:AP:AnchorPersistenceScenePermissions: hasClientGrantedScenePermission: USE_SCENE permission is enabled on this device, check client 3936617581, grant is true
03-27 06:18:49.254  4500 18556 I [CT]    : SP:AP:AnchorPersistenceConfig: getSceneRuntimePermissionEnabled: USE_SCENE permission is enabled on this device
03-27 06:18:49.255  4500 18556 I [CT]    : SP:SceneAnchorFilterUtil: filterSceneDataByPermission: com.oculus.vrshell permission check passed, keep scene data. anchors size: 0
03-27 06:18:49.256 18091 18205 E ShellHsr: Avatar: avatarState.avatarId is invalid, aborting postFinalizedTransformsSystem
03-27 06:18:49.267 18091 18205 I [CT]    : HandPoseSampler: Filter reset
03-27 06:18:49.267 18091 18205 I InputDevice_Hand: HANDTRACKING ADMIRE hand 0: hpm=1 -> shared=0
03-27 06:18:49.267 18091 18205 I [CT]    : HandPoseSampler: Filter reset
03-27 06:18:49.267 18091 18205 I InputDevice_Hand: HANDTRACKING ADMIRE hand 1: hpm=1 -> shared=0
03-27 06:18:49.280 18091 18205 I [CT]    : HandPoseSampler: Filter reset
03-27 06:18:49.280 18091 18205 I InputDevice_Hand: HANDTRACKING ADMIRE hand 0: hpm=1 -> shared=0
03-27 06:18:49.280 18091 18205 I [CT]    : HandPoseSampler: Filter reset
03-27 06:18:49.280 18091 18205 I InputDevice_Hand: HANDTRACKING ADMIRE hand 1: hpm=1 -> shared=0
03-27 06:18:49.294 18091 18205 I [CT]    : HandPoseSampler: Filter reset
03-27 06:18:49.294 18091 18205 I InputDevice_Hand: HANDTRACKING ADMIRE hand 0: hpm=1 -> shared=0
03-27 06:18:49.294 18091 18205 I [CT]    : HandPoseSampler: Filter reset
03-27 06:18:49.294 18091 18205 I InputDevice_Hand: HANDTRACKING ADMIRE hand 1: hpm=1 -> shared=0
03-27 06:18:49.308 18091 18205 I [CT]    : HandPoseSampler: Filter reset
03-27 06:18:49.308 18091 18205 I InputDevice_Hand: HANDTRACKING ADMIRE hand 0: hpm=1 -> shared=0
03-27 06:18:49.308 18091 18205 I [CT]    : HandPoseSampler: Filter reset
03-27 06:18:49.308 18091 18205 I InputDevice_Hand: HANDTRACKING ADMIRE hand 1: hpm=1 -> shared=0
03-27 06:18:49.322 18091 18205 I [CT]    : HandPoseSampler: Filter reset
03-27 06:18:49.322 18091 18205 I InputDevice_Hand: HANDTRACKING ADMIRE hand 0: hpm=1 -> shared=0
03-27 06:18:49.322 18091 18205 I [CT]    : HandPoseSampler: Filter reset
03-27 06:18:49.322 18091 18205 I InputDevice_Hand: HANDTRACKING ADMIRE hand 1: hpm=1 -> shared=0
03-27 06:18:49.336 18091 18205 I [CT]    : HandPoseSampler: Filter reset
03-27 06:18:49.336 18091 18205 I InputDevice_Hand: HANDTRACKING ADMIRE hand 0: hpm=1 -> shared=0
03-27 06:18:49.336 18091 18205 I [CT]    : HandPoseSampler: Filter reset
03-27 06:18:49.336 18091 18205 I InputDevice_Hand: HANDTRACKING ADMIRE hand 1: hpm=1 -> shared=0
03-27 06:18:49.350 18091 18205 I [CT]    : HandPoseSampler: Filter reset
03-27 06:18:49.350 18091 18205 I InputDevice_Hand: HANDTRACKING ADMIRE hand 0: hpm=1 -> shared=0
03-27 06:18:49.350 18091 18205 I [CT]    : HandPoseSampler: Filter reset
03-27 06:18:49.350 18091 18205 I InputDevice_Hand: HANDTRACKING ADMIRE hand 1: hpm=1 -> shared=0
03-27 06:18:49.364 18091 18205 I [CT]    : HandPoseSampler: Filter reset
03-27 06:18:49.364 18091 18205 I InputDevice_Hand: HANDTRACKING ADMIRE hand 0: hpm=1 -> shared=0
03-27 06:18:49.364 18091 18205 I [CT]    : HandPoseSampler: Filter reset
03-27 06:18:49.364 18091 18205 I InputDevice_Hand: HANDTRACKING ADMIRE hand 1: hpm=1 -> shared=0
03-27 06:18:49.366 18091 18205 I OpenXR_Anchor: xrQuerySpacesFB: split anchor query enabled
03-27 06:18:49.366  4500 18556 I [CT]    : SP:AP:AnchorPersistenceRuntimeIpcServer: checkRPC start: sessionUuid:de76105c-3765-3cfc-f025-996364c4337d, clientId:3936617581, givenPackageName:com.oculus.vrshell
03-27 06:18:49.366  4500 18556 I [CT]    : SP:AP:AnchorPersistenceRuntimeIpcServer: checkPackageAccess - detectedPackageName:com.oculus.vrshell, detectedProcessName:com.oculus.vrshell, givenPackageName:com.oculus.vrshell
03-27 06:18:49.366  4500 18556 I [CT]    : SP:AP:AnchorPersistenceRuntimeIpcServer: checkRPC package name matches: sessionUuid:de76105c-3765-3cfc-f025-996364c4337d, clientId:3936617581, givenPackageName:com.oculus.vrshell, detectedPackageName:com.oculus.vrshell, detectedProcessName:com.oculus.vrshell
03-27 06:18:49.366  4500 18556 I [CT]    : SP:AP:AnchorPersistenceRuntimeIpcServer: queryAvailableAnchorsSMV2: clientId: 3936617581, maxAnchors: 500, filter: 0, queryMultipleRoomsEnabledByOpenXrVersion: true, source: 1, appId: com.oculus.vrshell
03-27 06:18:49.366  4500 18556 I [CT]    : SP:AP:AnchorPersistenceConfig: getSceneRuntimePermissionEnabled: USE_SCENE permission is enabled on this device
03-27 06:18:49.366  4500 18556 I [CT]    : SP:AP:AnchorPersistenceScenePermissions: hasClientGrantedScenePermission: USE_SCENE permission is enabled on this device, check client 3936617581, grant is true
03-27 06:18:49.366  4500 18556 I [CT]    : SP:AP:AnchorPersistenceConfig: getSceneRuntimePermissionEnabled: USE_SCENE permission is enabled on this device
03-27 06:18:49.367  4500 18556 I [CT]    : SP:SceneAnchorFilterUtil: filterSceneDataByPermission: com.oculus.vrshell permission check passed, keep scene data. anchors size: 0
03-27 06:18:49.378 18091 18205 I [CT]    : HandPoseSampler: Filter reset
03-27 06:18:49.378 18091 18205 I InputDevice_Hand: HANDTRACKING ADMIRE hand 0: hpm=1 -> shared=0
03-27 06:18:49.378 18091 18205 I [CT]    : HandPoseSampler: Filter reset
03-27 06:18:49.378 18091 18205 I InputDevice_Hand: HANDTRACKING ADMIRE hand 1: hpm=1 -> shared=0
03-27 06:18:49.385   920  8050 I VD628x  : Flicker results: freq 120.000000, max 119.811966, dcr 33.057949, pct 0.040485, idx 0.012921, conf 0.911434, snr 10.271463, svm 0.070373, sus 0
03-27 06:18:49.389   897  1854 I Tracking: CONSTELLATION_Right: [Throttled count=89] P+C Right: Applying Consistent Zero Velocity Update during slow motion.
03-27 06:18:49.391 18091 18205 I [CT]    : HandPoseSampler: Filter reset
03-27 06:18:49.391 18091 18205 I InputDevice_Hand: HANDTRACKING ADMIRE hand 0: hpm=1 -> shared=0
03-27 06:18:49.391 18091 18205 I [CT]    : HandPoseSampler: Filter reset
03-27 06:18:49.391 18091 18205 I InputDevice_Hand: HANDTRACKING ADMIRE hand 1: hpm=1 -> shared=0
03-27 06:18:49.403   897  1848 I Tracking: Vega: [INSIGHTS] Mode=DescriptorVega,6DoF,Agg=15s,Inl=17,22,28,Mem=92.9,FrameDur=6.1,12.1,PoseLat=1.5,7.0,CamImuLat=24.2,29.9,Jit=0.0,0.0,Drops(Cam=0,IMU=0),MeanIr=2435.6,Exp(5.4ms,g=5,I=58)(5.4ms,g=5,I=58)(5.8ms,g=6,I=59)(4.2ms,g=4,I=59)(6.1ms,g=16)(6.1ms,g=16),NonInertEnv=n
03-27 06:18:49.406 18091 18205 I [CT]    : HandPoseSampler: Filter reset
03-27 06:18:49.406 18091 18205 I InputDevice_Hand: HANDTRACKING ADMIRE hand 0: hpm=1 -> shared=0
03-27 06:18:49.406 18091 18205 I [CT]    : HandPoseSampler: Filter reset
03-27 06:18:49.406 18091 18205 I InputDevice_Hand: HANDTRACKING ADMIRE hand 1: hpm=1 -> shared=0
03-27 06:18:49.406   927 19557 I libcamerahal: [INSIGHTS][2.00s] recv/ret/req heartbeat: cam4: 144/144/0, cam5: 144/144/0
03-27 06:18:49.407   927 19557 I libcamerahal: [INSIGHTS][2.00s] recv/ret/req heartbeat: cam0: 120/120/0, cam1: 120/120/0, cam2: 120/120/0, cam3: 120/120/0
03-27 06:18:49.407   897  8147 W Tracking: IoteLogging: IMU Update exceeded imu sampling period: update=0.001847603 [sec], period=0.001250000 [sec].
03-27 06:18:49.419 18091 18205 I [CT]    : HandPoseSampler: Filter reset
03-27 06:18:49.419 18091 18205 I InputDevice_Hand: HANDTRACKING ADMIRE hand 0: hpm=1 -> shared=0
03-27 06:18:49.419 18091 18205 I [CT]    : HandPoseSampler: Filter reset
03-27 06:18:49.419 18091 18205 I InputDevice_Hand: HANDTRACKING ADMIRE hand 1: hpm=1 -> shared=0
03-27 06:18:49.433 18091 18205 I [CT]    : HandPoseSampler: Filter reset
03-27 06:18:49.433 18091 18205 I InputDevice_Hand: HANDTRACKING ADMIRE hand 0: hpm=1 -> shared=0
03-27 06:18:49.433 18091 18205 I [CT]    : HandPoseSampler: Filter reset
03-27 06:18:49.433 18091 18205 I InputDevice_Hand: HANDTRACKING ADMIRE hand 1: hpm=1 -> shared=0
03-27 06:18:49.447 18091 18205 I [CT]    : HandPoseSampler: Filter reset
03-27 06:18:49.447 18091 18205 I InputDevice_Hand: HANDTRACKING ADMIRE hand 0: hpm=1 -> shared=0
03-27 06:18:49.447 18091 18205 I [CT]    : HandPoseSampler: Filter reset
03-27 06:18:49.447 18091 18205 I InputDevice_Hand: HANDTRACKING ADMIRE hand 1: hpm=1 -> shared=0
03-27 06:18:49.461 18091 18205 I [CT]    : HandPoseSampler: Filter reset
03-27 06:18:49.461 18091 18205 I InputDevice_Hand: HANDTRACKING ADMIRE hand 0: hpm=1 -> shared=0
03-27 06:18:49.461 18091 18205 I [CT]    : HandPoseSampler: Filter reset
03-27 06:18:49.461 18091 18205 I InputDevice_Hand: HANDTRACKING ADMIRE hand 1: hpm=1 -> shared=0
03-27 06:18:49.474 18091 18205 I [CT]    : HandPoseSampler: Filter reset
03-27 06:18:49.475 18091 18205 I InputDevice_Hand: HANDTRACKING ADMIRE hand 0: hpm=1 -> shared=0
03-27 06:18:49.475 18091 18205 I [CT]    : HandPoseSampler: Filter reset
03-27 06:18:49.475 18091 18205 I InputDevice_Hand: HANDTRACKING ADMIRE hand 1: hpm=1 -> shared=0
03-27 06:18:49.477 18091 18205 I OpenXR_Anchor: xrQuerySpacesFB: split anchor query enabled
03-27 06:18:49.477  4500 18556 I [CT]    : SP:AP:AnchorPersistenceRuntimeIpcServer: checkRPC start: sessionUuid:de76105c-3765-3cfc-f025-996364c4337d, clientId:3936617581, givenPackageName:com.oculus.vrshell
03-27 06:18:49.477  4500 18556 I [CT]    : SP:AP:AnchorPersistenceRuntimeIpcServer: checkPackageAccess - detectedPackageName:com.oculus.vrshell, detectedProcessName:com.oculus.vrshell, givenPackageName:com.oculus.vrshell
03-27 06:18:49.477  4500 18556 I [CT]    : SP:AP:AnchorPersistenceRuntimeIpcServer: checkRPC package name matches: sessionUuid:de76105c-3765-3cfc-f025-996364c4337d, clientId:3936617581, givenPackageName:com.oculus.vrshell, detectedPackageName:com.oculus.vrshell, detectedProcessName:com.oculus.vrshell
03-27 06:18:49.477  4500 18556 I [CT]    : SP:AP:AnchorPersistenceRuntimeIpcServer: queryAvailableAnchorsSMV2: clientId: 3936617581, maxAnchors: 500, filter: 0, queryMultipleRoomsEnabledByOpenXrVersion: true, source: 1, appId: com.oculus.vrshell
03-27 06:18:49.477  4500 18556 I [CT]    : SP:SM:SceneManager: queryAvailableAnchors: maxAnchors: 500, filter: 0, queryMultipleRoomsEnabledByOpenXrVersion: true, source: 1, appId: com.oculus.vrshell
03-27 06:18:49.477  4500 18556 I [CT]    : SP:AP:AnchorPersistenceConfig: getSceneRuntimePermissionEnabled: USE_SCENE permission is enabled on this device
03-27 06:18:49.477  4500 18556 I [CT]    : SP:AP:AnchorPersistenceScenePermissions: hasClientGrantedScenePermission: USE_SCENE permission is enabled on this device, check client 3936617581, grant is true
03-27 06:18:49.477  4500 18556 I [CT]    : SP:AP:AnchorPersistenceConfig: getSceneRuntimePermissionEnabled: USE_SCENE permission is enabled on this device
03-27 06:18:49.478  4500 18556 I [CT]    : SP:SceneAnchorFilterUtil: filterSceneDataByPermission: com.oculus.vrshell permission check passed, keep scene data. anchors size: 0
03-27 06:18:49.489 18091 18205 I [CT]    : HandPoseSampler: Filter reset
03-27 06:18:49.489 18091 18205 I InputDevice_Hand: HANDTRACKING ADMIRE hand 0: hpm=1 -> shared=0
03-27 06:18:49.489 18091 18205 I [CT]    : HandPoseSampler: Filter reset
03-27 06:18:49.489 18091 18205 I InputDevice_Hand: HANDTRACKING ADMIRE hand 1: hpm=1 -> shared=0
03-27 06:18:49.501  4500  4806 I DynamicObjectClient: Query Dynamic Object Tracker anchors
03-27 06:18:49.501  4500  4806 I DynamicObjectClient: Object in query has empty predictions or tracking flags
03-27 06:18:49.502 18091 18205 I [CT]    : HandPoseSampler: Filter reset
03-27 06:18:49.502 18091 18205 I InputDevice_Hand: HANDTRACKING ADMIRE hand 0: hpm=1 -> shared=0
03-27 06:18:49.502 18091 18205 I [CT]    : HandPoseSampler: Filter reset
03-27 06:18:49.502 18091 18205 I InputDevice_Hand: HANDTRACKING ADMIRE hand 1: hpm=1 -> shared=0
03-27 06:18:49.516 18091 18205 I [CT]    : HandPoseSampler: Filter reset
03-27 06:18:49.516 18091 18205 I InputDevice_Hand: HANDTRACKING ADMIRE hand 0: hpm=1 -> shared=0
03-27 06:18:49.516 18091 18205 I [CT]    : HandPoseSampler: Filter reset
03-27 06:18:49.516 18091 18205 I InputDevice_Hand: HANDTRACKING ADMIRE hand 1: hpm=1 -> shared=0
03-27 06:18:49.531 18091 18205 I [CT]    : HandPoseSampler: Filter reset
03-27 06:18:49.531 18091 18205 I InputDevice_Hand: HANDTRACKING ADMIRE hand 0: hpm=1 -> shared=0
03-27 06:18:49.531 18091 18205 I [CT]    : HandPoseSampler: Filter reset
03-27 06:18:49.531 18091 18205 I InputDevice_Hand: HANDTRACKING ADMIRE hand 1: hpm=1 -> shared=0
03-27 06:18:49.544 18091 18205 I [CT]    : HandPoseSampler: Filter reset
03-27 06:18:49.544 18091 18205 I InputDevice_Hand: HANDTRACKING ADMIRE hand 0: hpm=1 -> shared=0
03-27 06:18:49.544 18091 18205 I [CT]    : HandPoseSampler: Filter reset
03-27 06:18:49.544 18091 18205 I InputDevice_Hand: HANDTRACKING ADMIRE hand 1: hpm=1 -> shared=0
03-27 06:18:49.558 18091 18205 I [CT]    : HandPoseSampler: Filter reset
03-27 06:18:49.558 18091 18205 I InputDevice_Hand: HANDTRACKING ADMIRE hand 0: hpm=1 -> shared=0
03-27 06:18:49.558 18091 18205 I [CT]    : HandPoseSampler: Filter reset
03-27 06:18:49.558 18091 18205 I InputDevice_Hand: HANDTRACKING ADMIRE hand 1: hpm=1 -> shared=0
03-27 06:18:49.561   897  8215 W Tracking: CONSTELLATION_Left: [Throttled count=503] P+C Left: Could not retrieve 3dof fallback pose.
03-27 06:18:49.572 18091 18205 I [CT]    : HandPoseSampler: Filter reset
03-27 06:18:49.572 18091 18205 I InputDevice_Hand: HANDTRACKING ADMIRE hand 0: hpm=1 -> shared=0
03-27 06:18:49.572 18091 18205 I [CT]    : HandPoseSampler: Filter reset
03-27 06:18:49.572 18091 18205 I InputDevice_Hand: HANDTRACKING ADMIRE hand 1: hpm=1 -> shared=0
03-27 06:18:49.586 18091 18205 I [CT]    : HandPoseSampler: Filter reset
03-27 06:18:49.586 18091 18205 I InputDevice_Hand: HANDTRACKING ADMIRE hand 0: hpm=1 -> shared=0
03-27 06:18:49.586 18091 18205 I [CT]    : HandPoseSampler: Filter reset
03-27 06:18:49.586 18091 18205 I InputDevice_Hand: HANDTRACKING ADMIRE hand 1: hpm=1 -> shared=0
03-27 06:18:49.588 18091 18205 I OpenXR_Anchor: xrQuerySpacesFB: split anchor query enabled
03-27 06:18:49.589  4500 18556 I [CT]    : SP:AP:AnchorPersistenceRuntimeIpcServer: checkRPC start: sessionUuid:de76105c-3765-3cfc-f025-996364c4337d, clientId:3936617581, givenPackageName:com.oculus.vrshell
03-27 06:18:49.589  4500 18556 I [CT]    : SP:AP:AnchorPersistenceRuntimeIpcServer: checkPackageAccess - detectedPackageName:com.oculus.vrshell, detectedProcessName:com.oculus.vrshell, givenPackageName:com.oculus.vrshell
03-27 06:18:49.589  4500 18556 I [CT]    : SP:AP:AnchorPersistenceRuntimeIpcServer: checkRPC package name matches: sessionUuid:de76105c-3765-3cfc-f025-996364c4337d, clientId:3936617581, givenPackageName:com.oculus.vrshell, detectedPackageName:com.oculus.vrshell, detectedProcessName:com.oculus.vrshell
03-27 06:18:49.589  4500 18556 I [CT]    : SP:AP:AnchorPersistenceRuntimeIpcServer: queryAvailableAnchorsSMV2: clientId: 3936617581, maxAnchors: 500, filter: 0, queryMultipleRoomsEnabledByOpenXrVersion: true, source: 1, appId: com.oculus.vrshell
03-27 06:18:49.589  4500 18556 I [CT]    : SP:AP:AnchorPersistenceConfig: getSceneRuntimePermissionEnabled: USE_SCENE permission is enabled on this device
03-27 06:18:49.589  4500 18556 I [CT]    : SP:AP:AnchorPersistenceScenePermissions: hasClientGrantedScenePermission: USE_SCENE permission is enabled on this device, check client 3936617581, grant is true
03-27 06:18:49.589  4500 18556 I [CT]    : SP:AP:AnchorPersistenceConfig: getSceneRuntimePermissionEnabled: USE_SCENE permission is enabled on this device
03-27 06:18:49.589  4500 18556 I [CT]    : SP:SceneAnchorFilterUtil: filterSceneDataByPermission: com.oculus.vrshell permission check passed, keep scene data. anchors size: 0
03-27 06:18:49.600 18091 18205 I [CT]    : HandPoseSampler: Filter reset
03-27 06:18:49.600 18091 18205 I InputDevice_Hand: HANDTRACKING ADMIRE hand 0: hpm=1 -> shared=0
03-27 06:18:49.600 18091 18205 I [CT]    : HandPoseSampler: Filter reset
03-27 06:18:49.600 18091 18205 I InputDevice_Hand: HANDTRACKING ADMIRE hand 1: hpm=1 -> shared=0
03-27 06:18:49.614 18091 18205 I [CT]    : HandPoseSampler: Filter reset
03-27 06:18:49.614 18091 18205 I InputDevice_Hand: HANDTRACKING ADMIRE hand 0: hpm=1 -> shared=0
03-27 06:18:49.614 18091 18205 I [CT]    : HandPoseSampler: Filter reset
03-27 06:18:49.614 18091 18205 I InputDevice_Hand: HANDTRACKING ADMIRE hand 1: hpm=1 -> shared=0
03-27 06:18:49.627 18091 18205 I [CT]    : HandPoseSampler: Filter reset
03-27 06:18:49.627 18091 18205 I InputDevice_Hand: HANDTRACKING ADMIRE hand 0: hpm=1 -> shared=0
03-27 06:18:49.627 18091 18205 I [CT]    : HandPoseSampler: Filter reset
03-27 06:18:49.627 18091 18205 I InputDevice_Hand: HANDTRACKING ADMIRE hand 1: hpm=1 -> shared=0
03-27 06:18:49.642 18091 18205 I [CT]    : HandPoseSampler: Filter reset
03-27 06:18:49.642 18091 18205 I InputDevice_Hand: HANDTRACKING ADMIRE hand 0: hpm=1 -> shared=0
03-27 06:18:49.642 18091 18205 I [CT]    : HandPoseSampler: Filter reset
03-27 06:18:49.642 18091 18205 I InputDevice_Hand: HANDTRACKING ADMIRE hand 1: hpm=1 -> shared=0
03-27 06:18:49.655 18091 18205 I [CT]    : HandPoseSampler: Filter reset
03-27 06:18:49.655 18091 18205 I InputDevice_Hand: HANDTRACKING ADMIRE hand 0: hpm=1 -> shared=0
03-27 06:18:49.655 18091 18205 I [CT]    : HandPoseSampler: Filter reset
03-27 06:18:49.655 18091 18205 I InputDevice_Hand: HANDTRACKING ADMIRE hand 1: hpm=1 -> shared=0
03-27 06:18:49.669 18091 18205 I [CT]    : HandPoseSampler: Filter reset
03-27 06:18:49.669 18091 18205 I InputDevice_Hand: HANDTRACKING ADMIRE hand 0: hpm=1 -> shared=0
03-27 06:18:49.669 18091 18205 I [CT]    : HandPoseSampler: Filter reset
03-27 06:18:49.669 18091 18205 I InputDevice_Hand: HANDTRACKING ADMIRE hand 1: hpm=1 -> shared=0
03-27 06:18:49.673 18091 18457 W ShellHsr: Renderer: RenderableFilter has 97 tags, which is more than 10. This is expected to be rare. If this becomes common, consider changing RenderableFilter logic to use something other than linear searches for filtering renderable tags (like registered bitsets).
03-27 06:18:49.683 18091 18205 I [CT]    : HandPoseSampler: Filter reset
03-27 06:18:49.683 18091 18205 I InputDevice_Hand: HANDTRACKING ADMIRE hand 0: hpm=1 -> shared=0
03-27 06:18:49.683 18091 18205 I [CT]    : HandPoseSampler: Filter reset
03-27 06:18:49.683 18091 18205 I InputDevice_Hand: HANDTRACKING ADMIRE hand 1: hpm=1 -> shared=0
03-27 06:18:49.697 18091 18205 I [CT]    : HandPoseSampler: Filter reset
03-27 06:18:49.697 18091 18205 I InputDevice_Hand: HANDTRACKING ADMIRE hand 0: hpm=1 -> shared=0
03-27 06:18:49.697 18091 18205 I [CT]    : HandPoseSampler: Filter reset
03-27 06:18:49.697 18091 18205 I InputDevice_Hand: HANDTRACKING ADMIRE hand 1: hpm=1 -> shared=0
03-27 06:18:49.699 18091 18205 I OpenXR_Anchor: xrQuerySpacesFB: split anchor query enabled
03-27 06:18:49.699  4500 18556 I [CT]    : SP:AP:AnchorPersistenceRuntimeIpcServer: checkRPC start: sessionUuid:de76105c-3765-3cfc-f025-996364c4337d, clientId:3936617581, givenPackageName:com.oculus.vrshell
03-27 06:18:49.699  4500 18556 I [CT]    : SP:AP:AnchorPersistenceRuntimeIpcServer: checkPackageAccess - detectedPackageName:com.oculus.vrshell, detectedProcessName:com.oculus.vrshell, givenPackageName:com.oculus.vrshell
03-27 06:18:49.699  4500 18556 I [CT]    : SP:AP:AnchorPersistenceRuntimeIpcServer: checkRPC package name matches: sessionUuid:de76105c-3765-3cfc-f025-996364c4337d, clientId:3936617581, givenPackageName:com.oculus.vrshell, detectedPackageName:com.oculus.vrshell, detectedProcessName:com.oculus.vrshell
03-27 06:18:49.699  4500 18556 I [CT]    : SP:AP:AnchorPersistenceRuntimeIpcServer: queryAvailableAnchorsSMV2: clientId: 3936617581, maxAnchors: 500, filter: 0, queryMultipleRoomsEnabledByOpenXrVersion: true, source: 1, appId: com.oculus.vrshell
03-27 06:18:49.699  4500 18556 I [CT]    : SP:AP:AnchorPersistenceConfig: getSceneRuntimePermissionEnabled: USE_SCENE permission is enabled on this device
03-27 06:18:49.699  4500 18556 I [CT]    : SP:AP:AnchorPersistenceScenePermissions: hasClientGrantedScenePermission: USE_SCENE permission is enabled on this device, check client 3936617581, grant is true
03-27 06:18:49.699  4500 18556 I [CT]    : SP:AP:AnchorPersistenceConfig: getSceneRuntimePermissionEnabled: USE_SCENE permission is enabled on this device
03-27 06:18:49.700  4500 18556 I [CT]    : SP:SceneAnchorFilterUtil: filterSceneDataByPermission: com.oculus.vrshell permission check passed, keep scene data. anchors size: 0
03-27 06:18:49.711 18091 18205 I [CT]    : HandPoseSampler: Filter reset
03-27 06:18:49.711 18091 18205 I InputDevice_Hand: HANDTRACKING ADMIRE hand 0: hpm=1 -> shared=0
03-27 06:18:49.711 18091 18205 I [CT]    : HandPoseSampler: Filter reset
03-27 06:18:49.711 18091 18205 I InputDevice_Hand: HANDTRACKING ADMIRE hand 1: hpm=1 -> shared=0
03-27 06:18:49.725 18091 18205 I [CT]    : HandPoseSampler: Filter reset
03-27 06:18:49.725 18091 18205 I InputDevice_Hand: HANDTRACKING ADMIRE hand 0: hpm=1 -> shared=0
03-27 06:18:49.725 18091 18205 I [CT]    : HandPoseSampler: Filter reset
03-27 06:18:49.725 18091 18205 I InputDevice_Hand: HANDTRACKING ADMIRE hand 1: hpm=1 -> shared=0
03-27 06:18:49.739 18091 18205 I [CT]    : HandPoseSampler: Filter reset
03-27 06:18:49.739 18091 18205 I InputDevice_Hand: HANDTRACKING ADMIRE hand 0: hpm=1 -> shared=0
03-27 06:18:49.739 18091 18205 I [CT]    : HandPoseSampler: Filter reset
03-27 06:18:49.739 18091 18205 I InputDevice_Hand: HANDTRACKING ADMIRE hand 1: hpm=1 -> shared=0
03-27 06:18:49.753 18091 18205 I [CT]    : HandPoseSampler: Filter reset
03-27 06:18:49.753 18091 18205 I InputDevice_Hand: HANDTRACKING ADMIRE hand 0: hpm=1 -> shared=0
03-27 06:18:49.753 18091 18205 I [CT]    : HandPoseSampler: Filter reset
03-27 06:18:49.753 18091 18205 I InputDevice_Hand: HANDTRACKING ADMIRE hand 1: hpm=1 -> shared=0
03-27 06:18:49.767 18091 18205 I [CT]    : HandPoseSampler: Filter reset
03-27 06:18:49.767 18091 18205 I InputDevice_Hand: HANDTRACKING ADMIRE hand 0: hpm=1 -> shared=0
03-27 06:18:49.767 18091 18205 I [CT]    : HandPoseSampler: Filter reset
03-27 06:18:49.767 18091 18205 I InputDevice_Hand: HANDTRACKING ADMIRE hand 1: hpm=1 -> shared=0
03-27 06:18:49.781 18091 18205 I [CT]    : HandPoseSampler: Filter reset
03-27 06:18:49.781 18091 18205 I InputDevice_Hand: HANDTRACKING ADMIRE hand 0: hpm=1 -> shared=0
03-27 06:18:49.781 18091 18205 I [CT]    : HandPoseSampler: Filter reset
03-27 06:18:49.781 18091 18205 I InputDevice_Hand: HANDTRACKING ADMIRE hand 1: hpm=1 -> shared=0
03-27 06:18:49.791 18224 18352 I AutoStationaryHelper: [AutoStationaryHelper::getGuardianDataFromNearbyRoomscale] Checking 1 existing guardian data
03-27 06:18:49.791 18224 18352 I GuardianMapDataMgr: [GuardianMapDataMgr::isValidTrackedRoomscale] [2575043440] Valid=yes, Roomscale=yes, Anchor [2cee9d32-7f24-ff1e-5555-ae309d8ea246] Tracked=yes
03-27 06:18:49.791 18224 18352 I AutoStationaryHelper: [AutoStationaryHelper::getGuardianDataFromNearbyRoomscale] [2575043440] Distance to HMD: 3.776834
03-27 06:18:49.794 18091 18205 I [CT]    : HandPoseSampler: Filter reset
03-27 06:18:49.794 18091 18205 I InputDevice_Hand: HANDTRACKING ADMIRE hand 0: hpm=1 -> shared=0
03-27 06:18:49.794 18091 18205 I [CT]    : HandPoseSampler: Filter reset
03-27 06:18:49.794 18091 18205 I InputDevice_Hand: HANDTRACKING ADMIRE hand 1: hpm=1 -> shared=0
03-27 06:18:49.808 18091 18205 I [CT]    : HandPoseSampler: Filter reset
03-27 06:18:49.808 18091 18205 I InputDevice_Hand: HANDTRACKING ADMIRE hand 0: hpm=1 -> shared=0
03-27 06:18:49.808 18091 18205 I [CT]    : HandPoseSampler: Filter reset
03-27 06:18:49.808 18091 18205 I InputDevice_Hand: HANDTRACKING ADMIRE hand 1: hpm=1 -> shared=0
03-27 06:18:49.810 18091 18205 I OpenXR_Anchor: xrQuerySpacesFB: split anchor query enabled
03-27 06:18:49.811  4500 18556 I [CT]    : SP:AP:AnchorPersistenceRuntimeIpcServer: checkRPC start: sessionUuid:de76105c-3765-3cfc-f025-996364c4337d, clientId:3936617581, givenPackageName:com.oculus.vrshell
03-27 06:18:49.811  4500 18556 I [CT]    : SP:AP:AnchorPersistenceRuntimeIpcServer: checkPackageAccess - detectedPackageName:com.oculus.vrshell, detectedProcessName:com.oculus.vrshell, givenPackageName:com.oculus.vrshell
03-27 06:18:49.811  4500 18556 I [CT]    : SP:AP:AnchorPersistenceRuntimeIpcServer: checkRPC package name matches: sessionUuid:de76105c-3765-3cfc-f025-996364c4337d, clientId:3936617581, givenPackageName:com.oculus.vrshell, detectedPackageName:com.oculus.vrshell, detectedProcessName:com.oculus.vrshell
03-27 06:18:49.811  4500 18556 I [CT]    : SP:AP:AnchorPersistenceRuntimeIpcServer: queryAvailableAnchorsSMV2: clientId: 3936617581, maxAnchors: 500, filter: 0, queryMultipleRoomsEnabledByOpenXrVersion: true, source: 1, appId: com.oculus.vrshell
03-27 06:18:49.811  4500 18556 I [CT]    : SP:AP:AnchorPersistenceConfig: getSceneRuntimePermissionEnabled: USE_SCENE permission is enabled on this device
03-27 06:18:49.811  4500 18556 I [CT]    : SP:AP:AnchorPersistenceScenePermissions: hasClientGrantedScenePermission: USE_SCENE permission is enabled on this device, check client 3936617581, grant is true
03-27 06:18:49.811  4500 18556 I [CT]    : SP:AP:AnchorPersistenceConfig: getSceneRuntimePermissionEnabled: USE_SCENE permission is enabled on this device
03-27 06:18:49.811  4500 18556 I [CT]    : SP:SceneAnchorFilterUtil: filterSceneDataByPermission: com.oculus.vrshell permission check passed, keep scene data. anchors size: 0
03-27 06:18:49.822 18091 18205 I [CT]    : HandPoseSampler: Filter reset
03-27 06:18:49.822 18091 18205 I InputDevice_Hand: HANDTRACKING ADMIRE hand 0: hpm=1 -> shared=0
03-27 06:18:49.822 18091 18205 I [CT]    : HandPoseSampler: Filter reset
03-27 06:18:49.822 18091 18205 I InputDevice_Hand: HANDTRACKING ADMIRE hand 1: hpm=1 -> shared=0
03-27 06:18:49.836 18091 18205 I [CT]    : HandPoseSampler: Filter reset
03-27 06:18:49.836 18091 18205 I InputDevice_Hand: HANDTRACKING ADMIRE hand 0: hpm=1 -> shared=0
03-27 06:18:49.836 18091 18205 I [CT]    : HandPoseSampler: Filter reset
03-27 06:18:49.836 18091 18205 I InputDevice_Hand: HANDTRACKING ADMIRE hand 1: hpm=1 -> shared=0
03-27 06:18:49.849 18091 18205 I [CT]    : HandPoseSampler: Filter reset
03-27 06:18:49.850 18091 18205 I InputDevice_Hand: HANDTRACKING ADMIRE hand 0: hpm=1 -> shared=0
03-27 06:18:49.850 18091 18205 I [CT]    : HandPoseSampler: Filter reset
03-27 06:18:49.850 18091 18205 I InputDevice_Hand: HANDTRACKING ADMIRE hand 1: hpm=1 -> shared=0
03-27 06:18:49.863 18091 18205 I [CT]    : HandPoseSampler: Filter reset
03-27 06:18:49.863 18091 18205 I InputDevice_Hand: HANDTRACKING ADMIRE hand 0: hpm=1 -> shared=0
03-27 06:18:49.863 18091 18205 I [CT]    : HandPoseSampler: Filter reset
03-27 06:18:49.863 18091 18205 I InputDevice_Hand: HANDTRACKING ADMIRE hand 1: hpm=1 -> shared=0
03-27 06:18:49.877 18091 18205 I [CT]    : HandPoseSampler: Filter reset
03-27 06:18:49.877 18091 18205 I InputDevice_Hand: HANDTRACKING ADMIRE hand 0: hpm=1 -> shared=0
03-27 06:18:49.877 18091 18205 I [CT]    : HandPoseSampler: Filter reset
03-27 06:18:49.877 18091 18205 I InputDevice_Hand: HANDTRACKING ADMIRE hand 1: hpm=1 -> shared=0
03-27 06:18:49.884  1168  1840 I MRSS    : BOLT:HexagonTelemetry: Global DSP utilization: 27.39% (1370 / 5002 ms), Scalar Util: 71.23%, HVX Util: 55.92%, HMX Util: 27.64%, DMA Active: 0.00%, Freq: 787.1999999999999 MHz
03-27 06:18:49.884  1168  1840 I MRSS    : boltlib: DSP Rpc stats over 5002 ms: {"HexagonCvpPreprocessorCompute":150,"zelda_qvga_boltnn_delegate":150}
03-27 06:18:49.891 18091 18205 I [CT]    : HandPoseSampler: Filter reset
03-27 06:18:49.891 18091 18205 I InputDevice_Hand: HANDTRACKING ADMIRE hand 0: hpm=1 -> shared=0
03-27 06:18:49.891 18091 18205 I [CT]    : HandPoseSampler: Filter reset
03-27 06:18:49.891 18091 18205 I InputDevice_Hand: HANDTRACKING ADMIRE hand 1: hpm=1 -> shared=0
03-27 06:18:49.905 18091 18205 I [CT]    : HandPoseSampler: Filter reset
03-27 06:18:49.905 18091 18205 I InputDevice_Hand: HANDTRACKING ADMIRE hand 0: hpm=1 -> shared=0
03-27 06:18:49.905 18091 18205 I [CT]    : HandPoseSampler: Filter reset
03-27 06:18:49.905 18091 18205 I InputDevice_Hand: HANDTRACKING ADMIRE hand 1: hpm=1 -> shared=0
03-27 06:18:49.919 18091 18205 I [CT]    : HandPoseSampler: Filter reset
03-27 06:18:49.919 18091 18205 I InputDevice_Hand: HANDTRACKING ADMIRE hand 0: hpm=1 -> shared=0
03-27 06:18:49.919 18091 18205 I [CT]    : HandPoseSampler: Filter reset
03-27 06:18:49.919 18091 18205 I InputDevice_Hand: HANDTRACKING ADMIRE hand 1: hpm=1 -> shared=0
03-27 06:18:49.921 18091 18205 I OpenXR_Anchor: xrQuerySpacesFB: split anchor query enabled
03-27 06:18:49.921  4500 18556 I [CT]    : SP:AP:AnchorPersistenceRuntimeIpcServer: checkRPC start: sessionUuid:de76105c-3765-3cfc-f025-996364c4337d, clientId:3936617581, givenPackageName:com.oculus.vrshell
03-27 06:18:49.921  4500 18556 I [CT]    : SP:AP:AnchorPersistenceRuntimeIpcServer: checkPackageAccess - detectedPackageName:com.oculus.vrshell, detectedProcessName:com.oculus.vrshell, givenPackageName:com.oculus.vrshell
03-27 06:18:49.921  4500 18556 I [CT]    : SP:AP:AnchorPersistenceRuntimeIpcServer: checkRPC package name matches: sessionUuid:de76105c-3765-3cfc-f025-996364c4337d, clientId:3936617581, givenPackageName:com.oculus.vrshell, detectedPackageName:com.oculus.vrshell, detectedProcessName:com.oculus.vrshell
03-27 06:18:49.921  4500 18556 I [CT]    : SP:AP:AnchorPersistenceRuntimeIpcServer: queryAvailableAnchorsSMV2: clientId: 3936617581, maxAnchors: 500, filter: 0, queryMultipleRoomsEnabledByOpenXrVersion: true, source: 1, appId: com.oculus.vrshell
03-27 06:18:49.921  4500 18556 I [CT]    : SP:AP:AnchorPersistenceConfig: getSceneRuntimePermissionEnabled: USE_SCENE permission is enabled on this device
03-27 06:18:49.921  4500 18556 I [CT]    : SP:AP:AnchorPersistenceScenePermissions: hasClientGrantedScenePermission: USE_SCENE permission is enabled on this device, check client 3936617581, grant is true
03-27 06:18:49.921  4500 18556 I [CT]    : SP:AP:AnchorPersistenceConfig: getSceneRuntimePermissionEnabled: USE_SCENE permission is enabled on this device
03-27 06:18:49.922  4500 18556 I [CT]    : SP:SceneAnchorFilterUtil: filterSceneDataByPermission: com.oculus.vrshell permission check passed, keep scene data. anchors size: 0
03-27 06:18:49.933 18091 18205 I [CT]    : HandPoseSampler: Filter reset
03-27 06:18:49.933 18091 18205 I InputDevice_Hand: HANDTRACKING ADMIRE hand 0: hpm=1 -> shared=0
03-27 06:18:49.933 18091 18205 I [CT]    : HandPoseSampler: Filter reset
03-27 06:18:49.933 18091 18205 I InputDevice_Hand: HANDTRACKING ADMIRE hand 1: hpm=1 -> shared=0
03-27 06:18:49.946 18091 18205 I [CT]    : HandPoseSampler: Filter reset
03-27 06:18:49.946 18091 18205 I InputDevice_Hand: HANDTRACKING ADMIRE hand 0: hpm=1 -> shared=0
03-27 06:18:49.946 18091 18205 I [CT]    : HandPoseSampler: Filter reset
03-27 06:18:49.946 18091 18205 I InputDevice_Hand: HANDTRACKING ADMIRE hand 1: hpm=1 -> shared=0
03-27 06:18:49.961 18091 18205 I [CT]    : HandPoseSampler: Filter reset
03-27 06:18:49.961 18091 18205 I InputDevice_Hand: HANDTRACKING ADMIRE hand 0: hpm=1 -> shared=0
03-27 06:18:49.961 18091 18205 I [CT]    : HandPoseSampler: Filter reset
03-27 06:18:49.961 18091 18205 I InputDevice_Hand: HANDTRACKING ADMIRE hand 1: hpm=1 -> shared=0
03-27 06:18:49.975 18091 18205 I [CT]    : HandPoseSampler: Filter reset
03-27 06:18:49.975 18091 18205 I InputDevice_Hand: HANDTRACKING ADMIRE hand 0: hpm=1 -> shared=0
03-27 06:18:49.975 18091 18205 I [CT]    : HandPoseSampler: Filter reset
03-27 06:18:49.975 18091 18205 I InputDevice_Hand: HANDTRACKING ADMIRE hand 1: hpm=1 -> shared=0
03-27 06:18:49.989 18091 18205 I [CT]    : HandPoseSampler: Filter reset
03-27 06:18:49.989 18091 18205 I InputDevice_Hand: HANDTRACKING ADMIRE hand 0: hpm=1 -> shared=0
03-27 06:18:49.989 18091 18205 I [CT]    : HandPoseSampler: Filter reset
03-27 06:18:49.989 18091 18205 I InputDevice_Hand: HANDTRACKING ADMIRE hand 1: hpm=1 -> shared=0
03-27 06:18:50.003 18091 18205 I [CT]    : HandPoseSampler: Filter reset
03-27 06:18:50.003 18091 18205 I InputDevice_Hand: HANDTRACKING ADMIRE hand 0: hpm=1 -> shared=0
03-27 06:18:50.003 18091 18205 I [CT]    : HandPoseSampler: Filter reset
03-27 06:18:50.003 18091 18205 I InputDevice_Hand: HANDTRACKING ADMIRE hand 1: hpm=1 -> shared=0
03-27 06:18:50.016 18091 18205 I [CT]    : HandPoseSampler: Filter reset
03-27 06:18:50.016 18091 18205 I InputDevice_Hand: HANDTRACKING ADMIRE hand 0: hpm=1 -> shared=0
03-27 06:18:50.016 18091 18205 I [CT]    : HandPoseSampler: Filter reset
03-27 06:18:50.016 18091 18205 I InputDevice_Hand: HANDTRACKING ADMIRE hand 1: hpm=1 -> shared=0
03-27 06:18:50.028 18091  8056 I VrApi   : FPS=72/72,Prd=23ms,Tear=0,Early=0,Stale=0,Stale2/5/10/max=0/0/0/0,VSnc=1,Lat=-4,Fov=3,CPU4/GPU=-1/-1,1920/545MHz,OC=3F,TA=0/0/0,SP=N/N/N,Mem=2736MHz,Free=2985MB,PLS=0,Temp=33.0C/0.0C,TW=1.31ms,App=0.78ms,GD=0.00ms,CPU&GPU=6.00ms,LCnt=4(DR72,LM2),GPU%=0.17,CPU%=0.27(W0.38),CFL=12.13/15.71,ICFLp95=14.31,LD=0,CABC=1,SF=0.78,LP=1,DVFS=0,ShrpLCnt=1,ShrpR=0.000,SSLCnt=1/2,Preempt=166,PoseAgeP95=0.00
03-27 06:18:50.028 18091  8056 I VrApi   : ASW=0,Type=PTWFromStereo,E=0.000/0.000,D=0.000/0.000
03-27 06:18:50.031 18091 18205 I [CT]    : HandPoseSampler: Filter reset
03-27 06:18:50.031 18091 18205 I InputDevice_Hand: HANDTRACKING ADMIRE hand 0: hpm=1 -> shared=0
03-27 06:18:50.031 18091 18205 I [CT]    : HandPoseSampler: Filter reset
03-27 06:18:50.031 18091 18205 I InputDevice_Hand: HANDTRACKING ADMIRE hand 1: hpm=1 -> shared=0
03-27 06:18:50.033 18091 18205 I OpenXR_Anchor: xrQuerySpacesFB: split anchor query enabled
03-27 06:18:50.033  4500 18556 I [CT]    : SP:AP:AnchorPersistenceRuntimeIpcServer: checkRPC start: sessionUuid:de76105c-3765-3cfc-f025-996364c4337d, clientId:3936617581, givenPackageName:com.oculus.vrshell
03-27 06:18:50.033  4500 18556 I [CT]    : SP:AP:AnchorPersistenceRuntimeIpcServer: checkPackageAccess - detectedPackageName:com.oculus.vrshell, detectedProcessName:com.oculus.vrshell, givenPackageName:com.oculus.vrshell
03-27 06:18:50.033  4500 18556 I [CT]    : SP:AP:AnchorPersistenceRuntimeIpcServer: checkRPC package name matches: sessionUuid:de76105c-3765-3cfc-f025-996364c4337d, clientId:3936617581, givenPackageName:com.oculus.vrshell, detectedPackageName:com.oculus.vrshell, detectedProcessName:com.oculus.vrshell
03-27 06:18:50.033  4500 18556 I [CT]    : SP:AP:AnchorPersistenceRuntimeIpcServer: queryAvailableAnchorsSMV2: clientId: 3936617581, maxAnchors: 500, filter: 0, queryMultipleRoomsEnabledByOpenXrVersion: true, source: 1, appId: com.oculus.vrshell
03-27 06:18:50.033  4500 18556 I [CT]    : SP:AP:AnchorPersistenceConfig: getSceneRuntimePermissionEnabled: USE_SCENE permission is enabled on this device
03-27 06:18:50.033  4500 18556 I [CT]    : SP:AP:AnchorPersistenceScenePermissions: hasClientGrantedScenePermission: USE_SCENE permission is enabled on this device, check client 3936617581, grant is true
03-27 06:18:50.034  4500 18556 I [CT]    : SP:AP:AnchorPersistenceConfig: getSceneRuntimePermissionEnabled: USE_SCENE permission is enabled on this device
03-27 06:18:50.034  4500 18556 I [CT]    : SP:SceneAnchorFilterUtil: filterSceneDataByPermission: com.oculus.vrshell permission check passed, keep scene data. anchors size: 0
03-27 06:18:50.045 18091 18205 I [CT]    : HandPoseSampler: Filter reset
03-27 06:18:50.045 18091 18205 I InputDevice_Hand: HANDTRACKING ADMIRE hand 0: hpm=1 -> shared=0
03-27 06:18:50.045 18091 18205 I [CT]    : HandPoseSampler: Filter reset
03-27 06:18:50.045 18091 18205 I InputDevice_Hand: HANDTRACKING ADMIRE hand 1: hpm=1 -> shared=0
03-27 06:18:50.058 18091 18205 I [CT]    : HandPoseSampler: Filter reset
03-27 06:18:50.058 18091 18205 I InputDevice_Hand: HANDTRACKING ADMIRE hand 0: hpm=1 -> shared=0
03-27 06:18:50.058 18091 18205 I [CT]    : HandPoseSampler: Filter reset
03-27 06:18:50.058 18091 18205 I InputDevice_Hand: HANDTRACKING ADMIRE hand 1: hpm=1 -> shared=0
03-27 06:18:50.072 18091 18205 I [CT]    : HandPoseSampler: Filter reset
03-27 06:18:50.072 18091 18205 I InputDevice_Hand: HANDTRACKING ADMIRE hand 0: hpm=1 -> shared=0
03-27 06:18:50.072 18091 18205 I [CT]    : HandPoseSampler: Filter reset
03-27 06:18:50.072 18091 18205 I InputDevice_Hand: HANDTRACKING ADMIRE hand 1: hpm=1 -> shared=0
03-27 06:18:50.086 18091 18205 I [CT]    : HandPoseSampler: Filter reset
03-27 06:18:50.086 18091 18205 I InputDevice_Hand: HANDTRACKING ADMIRE hand 0: hpm=1 -> shared=0
03-27 06:18:50.086 18091 18205 I [CT]    : HandPoseSampler: Filter reset
03-27 06:18:50.086 18091 18205 I InputDevice_Hand: HANDTRACKING ADMIRE hand 1: hpm=1 -> shared=0
03-27 06:18:50.089   897  1854 I Tracking: CONSTELLATION_Left: [Throttled count=179] P+C Left: Imu state is invalid when querying vision state!
03-27 06:18:50.089   897  1854 I Tracking: CONSTELLATION_Left: [Throttled count=89] P+C Left: Not reinitializing 6DoF filter yet (no valid pose from vision).
03-27 06:18:50.100 18091 18205 I [CT]    : HandPoseSampler: Filter reset
03-27 06:18:50.100 18091 18205 I InputDevice_Hand: HANDTRACKING ADMIRE hand 0: hpm=1 -> shared=0
03-27 06:18:50.100 18091 18205 I [CT]    : HandPoseSampler: Filter reset
03-27 06:18:50.100 18091 18205 I InputDevice_Hand: HANDTRACKING ADMIRE hand 1: hpm=1 -> shared=0
03-27 06:18:50.114 18091 18205 I [CT]    : HandPoseSampler: Filter reset
03-27 06:18:50.114 18091 18205 I InputDevice_Hand: HANDTRACKING ADMIRE hand 0: hpm=1 -> shared=0
03-27 06:18:50.114 18091 18205 I [CT]    : HandPoseSampler: Filter reset
03-27 06:18:50.114 18091 18205 I InputDevice_Hand: HANDTRACKING ADMIRE hand 1: hpm=1 -> shared=0
03-27 06:18:50.126   920  8050 I VD628x  : Flicker results: freq 120.000000, max 119.807182, dcr 33.037361, pct 0.040485, idx 0.012628, conf 0.911434, snr 10.271463, svm 0.070579, sus 0
03-27 06:18:50.128 18091 18205 I [CT]    : HandPoseSampler: Filter reset
03-27 06:18:50.128 18091 18205 I InputDevice_Hand: HANDTRACKING ADMIRE hand 0: hpm=1 -> shared=0
03-27 06:18:50.128 18091 18205 I [CT]    : HandPoseSampler: Filter reset
03-27 06:18:50.128 18091 18205 I InputDevice_Hand: HANDTRACKING ADMIRE hand 1: hpm=1 -> shared=0
03-27 06:18:50.141 18091 18205 I [CT]    : HandPoseSampler: Filter reset
03-27 06:18:50.142 18091 18205 I InputDevice_Hand: HANDTRACKING ADMIRE hand 0: hpm=1 -> shared=0
03-27 06:18:50.142 18091 18205 I [CT]    : HandPoseSampler: Filter reset
03-27 06:18:50.142 18091 18205 I InputDevice_Hand: HANDTRACKING ADMIRE hand 1: hpm=1 -> shared=0
03-27 06:18:50.143 18091 18205 I OpenXR_Anchor: xrQuerySpacesFB: split anchor query enabled
03-27 06:18:50.144  4500 18556 I [CT]    : SP:AP:AnchorPersistenceRuntimeIpcServer: checkRPC start: sessionUuid:de76105c-3765-3cfc-f025-996364c4337d, clientId:3936617581, givenPackageName:com.oculus.vrshell
03-27 06:18:50.144  4500 18556 I [CT]    : SP:AP:AnchorPersistenceRuntimeIpcServer: checkPackageAccess - detectedPackageName:com.oculus.vrshell, detectedProcessName:com.oculus.vrshell, givenPackageName:com.oculus.vrshell
03-27 06:18:50.144  4500 18556 I [CT]    : SP:AP:AnchorPersistenceRuntimeIpcServer: checkRPC package name matches: sessionUuid:de76105c-3765-3cfc-f025-996364c4337d, clientId:3936617581, givenPackageName:com.oculus.vrshell, detectedPackageName:com.oculus.vrshell, detectedProcessName:com.oculus.vrshell
03-27 06:18:50.144  4500 18556 I [CT]    : SP:AP:AnchorPersistenceRuntimeIpcServer: queryAvailableAnchorsSMV2: clientId: 3936617581, maxAnchors: 500, filter: 0, queryMultipleRoomsEnabledByOpenXrVersion: true, source: 1, appId: com.oculus.vrshell
03-27 06:18:50.144  4500 18556 I [CT]    : SP:AP:AnchorPersistenceConfig: getSceneRuntimePermissionEnabled: USE_SCENE permission is enabled on this device
03-27 06:18:50.144  4500 18556 I [CT]    : SP:AP:AnchorPersistenceScenePermissions: hasClientGrantedScenePermission: USE_SCENE permission is enabled on this device, check client 3936617581, grant is true
03-27 06:18:50.144  4500 18556 I [CT]    : SP:AP:AnchorPersistenceConfig: getSceneRuntimePermissionEnabled: USE_SCENE permission is enabled on this device
03-27 06:18:50.145  4500 18556 I [CT]    : SP:SceneAnchorFilterUtil: filterSceneDataByPermission: com.oculus.vrshell permission check passed, keep scene data. anchors size: 0
03-27 06:18:50.155 18091 18205 I [CT]    : HandPoseSampler: Filter reset
03-27 06:18:50.155 18091 18205 I InputDevice_Hand: HANDTRACKING ADMIRE hand 0: hpm=1 -> shared=0
03-27 06:18:50.155 18091 18205 I [CT]    : HandPoseSampler: Filter reset
03-27 06:18:50.155 18091 18205 I InputDevice_Hand: HANDTRACKING ADMIRE hand 1: hpm=1 -> shared=0
03-27 06:18:50.169 18091 18205 I [CT]    : HandPoseSampler: Filter reset
03-27 06:18:50.169 18091 18205 I InputDevice_Hand: HANDTRACKING ADMIRE hand 0: hpm=1 -> shared=0
03-27 06:18:50.169 18091 18205 I [CT]    : HandPoseSampler: Filter reset
03-27 06:18:50.169 18091 18205 I InputDevice_Hand: HANDTRACKING ADMIRE hand 1: hpm=1 -> shared=0
03-27 06:18:50.183 18091 18205 I [CT]    : HandPoseSampler: Filter reset
03-27 06:18:50.183 18091 18205 I InputDevice_Hand: HANDTRACKING ADMIRE hand 0: hpm=1 -> shared=0
03-27 06:18:50.183 18091 18205 I [CT]    : HandPoseSampler: Filter reset
03-27 06:18:50.183 18091 18205 I InputDevice_Hand: HANDTRACKING ADMIRE hand 1: hpm=1 -> shared=0
03-27 06:18:50.197 18091 18205 I [CT]    : HandPoseSampler: Filter reset
03-27 06:18:50.197 18091 18205 I InputDevice_Hand: HANDTRACKING ADMIRE hand 0: hpm=1 -> shared=0
03-27 06:18:50.197 18091 18205 I [CT]    : HandPoseSampler: Filter reset
03-27 06:18:50.197 18091 18205 I InputDevice_Hand: HANDTRACKING ADMIRE hand 1: hpm=1 -> shared=0
03-27 06:18:50.211 18091 18205 I [CT]    : HandPoseSampler: Filter reset
03-27 06:18:50.211 18091 18205 I InputDevice_Hand: HANDTRACKING ADMIRE hand 0: hpm=1 -> shared=0
03-27 06:18:50.211 18091 18205 I [CT]    : HandPoseSampler: Filter reset
03-27 06:18:50.211 18091 18205 I InputDevice_Hand: HANDTRACKING ADMIRE hand 1: hpm=1 -> shared=0
03-27 06:18:50.225 18091 18205 I [CT]    : HandPoseSampler: Filter reset
03-27 06:18:50.225 18091 18205 I InputDevice_Hand: HANDTRACKING ADMIRE hand 0: hpm=1 -> shared=0
03-27 06:18:50.225 18091 18205 I [CT]    : HandPoseSampler: Filter reset
03-27 06:18:50.225 18091 18205 I InputDevice_Hand: HANDTRACKING ADMIRE hand 1: hpm=1 -> shared=0
03-27 06:18:50.239 18091 18205 I [CT]    : HandPoseSampler: Filter reset
03-27 06:18:50.239 18091 18205 I InputDevice_Hand: HANDTRACKING ADMIRE hand 0: hpm=1 -> shared=0
03-27 06:18:50.239 18091 18205 I [CT]    : HandPoseSampler: Filter reset
03-27 06:18:50.239 18091 18205 I InputDevice_Hand: HANDTRACKING ADMIRE hand 1: hpm=1 -> shared=0
03-27 06:18:50.252 18091 18205 I [CT]    : HandPoseSampler: Filter reset
03-27 06:18:50.252 18091 18205 I InputDevice_Hand: HANDTRACKING ADMIRE hand 0: hpm=1 -> shared=0
03-27 06:18:50.252 18091 18205 I [CT]    : HandPoseSampler: Filter reset
03-27 06:18:50.252 18091 18205 I InputDevice_Hand: HANDTRACKING ADMIRE hand 1: hpm=1 -> shared=0
03-27 06:18:50.254 18091 18205 I OpenXR_Anchor: xrQuerySpacesFB: split anchor query enabled
03-27 06:18:50.255  4500 18556 I [CT]    : SP:AP:AnchorPersistenceRuntimeIpcServer: checkRPC start: sessionUuid:de76105c-3765-3cfc-f025-996364c4337d, clientId:3936617581, givenPackageName:com.oculus.vrshell
03-27 06:18:50.255  4500 18556 I [CT]    : SP:AP:AnchorPersistenceRuntimeIpcServer: checkPackageAccess - detectedPackageName:com.oculus.vrshell, detectedProcessName:com.oculus.vrshell, givenPackageName:com.oculus.vrshell
03-27 06:18:50.255  4500 18556 I [CT]    : SP:AP:AnchorPersistenceRuntimeIpcServer: checkRPC package name matches: sessionUuid:de76105c-3765-3cfc-f025-996364c4337d, clientId:3936617581, givenPackageName:com.oculus.vrshell, detectedPackageName:com.oculus.vrshell, detectedProcessName:com.oculus.vrshell
03-27 06:18:50.255  4500 18556 I [CT]    : SP:AP:AnchorPersistenceRuntimeIpcServer: queryAvailableAnchorsSMV2: clientId: 3936617581, maxAnchors: 500, filter: 0, queryMultipleRoomsEnabledByOpenXrVersion: true, source: 1, appId: com.oculus.vrshell
03-27 06:18:50.255  4500 18556 I [CT]    : SP:AP:AnchorPersistenceConfig: getSceneRuntimePermissionEnabled: USE_SCENE permission is enabled on this device
03-27 06:18:50.255  4500 18556 I [CT]    : SP:AP:AnchorPersistenceScenePermissions: hasClientGrantedScenePermission: USE_SCENE permission is enabled on this device, check client 3936617581, grant is true
03-27 06:18:50.255  4500 18556 I [CT]    : SP:AP:AnchorPersistenceConfig: getSceneRuntimePermissionEnabled: USE_SCENE permission is enabled on this device
03-27 06:18:50.256  4500 18556 I [CT]    : SP:SceneAnchorFilterUtil: filterSceneDataByPermission: com.oculus.vrshell permission check passed, keep scene data. anchors size: 0
03-27 06:18:50.266 18091 18205 I [CT]    : HandPoseSampler: Filter reset
03-27 06:18:50.266 18091 18205 I InputDevice_Hand: HANDTRACKING ADMIRE hand 0: hpm=1 -> shared=0
03-27 06:18:50.266 18091 18205 I [CT]    : HandPoseSampler: Filter reset
03-27 06:18:50.266 18091 18205 I InputDevice_Hand: HANDTRACKING ADMIRE hand 1: hpm=1 -> shared=0
03-27 06:18:50.280 18091 18205 I [CT]    : HandPoseSampler: Filter reset
03-27 06:18:50.280 18091 18205 I InputDevice_Hand: HANDTRACKING ADMIRE hand 0: hpm=1 -> shared=0
03-27 06:18:50.280 18091 18205 I [CT]    : HandPoseSampler: Filter reset
03-27 06:18:50.280 18091 18205 I InputDevice_Hand: HANDTRACKING ADMIRE hand 1: hpm=1 -> shared=0
03-27 06:18:50.294 18091 18205 I [CT]    : HandPoseSampler: Filter reset
03-27 06:18:50.294 18091 18205 I InputDevice_Hand: HANDTRACKING ADMIRE hand 0: hpm=1 -> shared=0
03-27 06:18:50.294 18091 18205 I [CT]    : HandPoseSampler: Filter reset
03-27 06:18:50.294 18091 18205 I InputDevice_Hand: HANDTRACKING ADMIRE hand 1: hpm=1 -> shared=0
03-27 06:18:50.308 18091 18205 I [CT]    : HandPoseSampler: Filter reset
03-27 06:18:50.308 18091 18205 I InputDevice_Hand: HANDTRACKING ADMIRE hand 0: hpm=1 -> shared=0
03-27 06:18:50.308 18091 18205 I [CT]    : HandPoseSampler: Filter reset
03-27 06:18:50.308 18091 18205 I InputDevice_Hand: HANDTRACKING ADMIRE hand 1: hpm=1 -> shared=0
03-27 06:18:50.322 18091 18205 I [CT]    : HandPoseSampler: Filter reset
03-27 06:18:50.322 18091 18205 I InputDevice_Hand: HANDTRACKING ADMIRE hand 0: hpm=1 -> shared=0
03-27 06:18:50.322 18091 18205 I [CT]    : HandPoseSampler: Filter reset
03-27 06:18:50.322 18091 18205 I InputDevice_Hand: HANDTRACKING ADMIRE hand 1: hpm=1 -> shared=0
03-27 06:18:50.336 18091 18205 I [CT]    : HandPoseSampler: Filter reset
03-27 06:18:50.336 18091 18205 I InputDevice_Hand: HANDTRACKING ADMIRE hand 0: hpm=1 -> shared=0
03-27 06:18:50.336 18091 18205 I [CT]    : HandPoseSampler: Filter reset
03-27 06:18:50.336 18091 18205 I InputDevice_Hand: HANDTRACKING ADMIRE hand 1: hpm=1 -> shared=0
03-27 06:18:50.350 18091 18205 I [CT]    : HandPoseSampler: Filter reset
03-27 06:18:50.350 18091 18205 I InputDevice_Hand: HANDTRACKING ADMIRE hand 0: hpm=1 -> shared=0
03-27 06:18:50.350 18091 18205 I [CT]    : HandPoseSampler: Filter reset
03-27 06:18:50.350 18091 18205 I InputDevice_Hand: HANDTRACKING ADMIRE hand 1: hpm=1 -> shared=0
03-27 06:18:50.364 18091 18205 I [CT]    : HandPoseSampler: Filter reset
03-27 06:18:50.364 18091 18205 I InputDevice_Hand: HANDTRACKING ADMIRE hand 0: hpm=1 -> shared=0
03-27 06:18:50.364 18091 18205 I [CT]    : HandPoseSampler: Filter reset
03-27 06:18:50.364 18091 18205 I InputDevice_Hand: HANDTRACKING ADMIRE hand 1: hpm=1 -> shared=0
03-27 06:18:50.366 18091 18205 I OpenXR_Anchor: xrQuerySpacesFB: split anchor query enabled
03-27 06:18:50.366  4500 18556 I [CT]    : SP:AP:AnchorPersistenceRuntimeIpcServer: checkRPC start: sessionUuid:de76105c-3765-3cfc-f025-996364c4337d, clientId:3936617581, givenPackageName:com.oculus.vrshell
03-27 06:18:50.366  4500 18556 I [CT]    : SP:AP:AnchorPersistenceRuntimeIpcServer: checkPackageAccess - detectedPackageName:com.oculus.vrshell, detectedProcessName:com.oculus.vrshell, givenPackageName:com.oculus.vrshell
03-27 06:18:50.366  4500 18556 I [CT]    : SP:AP:AnchorPersistenceRuntimeIpcServer: checkRPC package name matches: sessionUuid:de76105c-3765-3cfc-f025-996364c4337d, clientId:3936617581, givenPackageName:com.oculus.vrshell, detectedPackageName:com.oculus.vrshell, detectedProcessName:com.oculus.vrshell
03-27 06:18:50.366  4500 18556 I [CT]    : SP:AP:AnchorPersistenceRuntimeIpcServer: queryAvailableAnchorsSMV2: clientId: 3936617581, maxAnchors: 500, filter: 0, queryMultipleRoomsEnabledByOpenXrVersion: true, source: 1, appId: com.oculus.vrshell
03-27 06:18:50.366  4500 18556 I [CT]    : SP:AP:AnchorPersistenceConfig: getSceneRuntimePermissionEnabled: USE_SCENE permission is enabled on this device
03-27 06:18:50.366  4500 18556 I [CT]    : SP:AP:AnchorPersistenceScenePermissions: hasClientGrantedScenePermission: USE_SCENE permission is enabled on this device, check client 3936617581, grant is true
03-27 06:18:50.366  4500 18556 I [CT]    : SP:AP:AnchorPersistenceConfig: getSceneRuntimePermissionEnabled: USE_SCENE permission is enabled on this device
03-27 06:18:50.367  4500 18556 I [CT]    : SP:SceneAnchorFilterUtil: filterSceneDataByPermission: com.oculus.vrshell permission check passed, keep scene data. anchors size: 0
03-27 06:18:50.377 18091 18205 I [CT]    : HandPoseSampler: Filter reset
03-27 06:18:50.377 18091 18205 I InputDevice_Hand: HANDTRACKING ADMIRE hand 0: hpm=1 -> shared=0
03-27 06:18:50.378 18091 18205 I [CT]    : HandPoseSampler: Filter reset
03-27 06:18:50.378 18091 18205 I InputDevice_Hand: HANDTRACKING ADMIRE hand 1: hpm=1 -> shared=0
03-27 06:18:50.391 18091 18205 I [CT]    : HandPoseSampler: Filter reset
03-27 06:18:50.392 18091 18205 I InputDevice_Hand: HANDTRACKING ADMIRE hand 0: hpm=1 -> shared=0
03-27 06:18:50.392 18091 18205 I [CT]    : HandPoseSampler: Filter reset
03-27 06:18:50.392 18091 18205 I InputDevice_Hand: HANDTRACKING ADMIRE hand 1: hpm=1 -> shared=0
03-27 06:18:50.405 18091 18205 I [CT]    : HandPoseSampler: Filter reset
03-27 06:18:50.405 18091 18205 I InputDevice_Hand: HANDTRACKING ADMIRE hand 0: hpm=1 -> shared=0
03-27 06:18:50.405 18091 18205 I [CT]    : HandPoseSampler: Filter reset
03-27 06:18:50.405 18091 18205 I InputDevice_Hand: HANDTRACKING ADMIRE hand 1: hpm=1 -> shared=0
03-27 06:18:50.419 18091 18205 I [CT]    : HandPoseSampler: Filter reset
03-27 06:18:50.419 18091 18205 I InputDevice_Hand: HANDTRACKING ADMIRE hand 0: hpm=1 -> shared=0
03-27 06:18:50.419 18091 18205 I [CT]    : HandPoseSampler: Filter reset
03-27 06:18:50.419 18091 18205 I InputDevice_Hand: HANDTRACKING ADMIRE hand 1: hpm=1 -> shared=0
03-27 06:18:50.433 18091 18205 I [CT]    : HandPoseSampler: Filter reset
03-27 06:18:50.433 18091 18205 I InputDevice_Hand: HANDTRACKING ADMIRE hand 0: hpm=1 -> shared=0
03-27 06:18:50.433 18091 18205 I [CT]    : HandPoseSampler: Filter reset
03-27 06:18:50.433 18091 18205 I InputDevice_Hand: HANDTRACKING ADMIRE hand 1: hpm=1 -> shared=0
03-27 06:18:50.446 18091 18205 I [CT]    : HandPoseSampler: Filter reset
03-27 06:18:50.447 18091 18205 I InputDevice_Hand: HANDTRACKING ADMIRE hand 0: hpm=1 -> shared=0
03-27 06:18:50.447 18091 18205 I [CT]    : HandPoseSampler: Filter reset
03-27 06:18:50.447 18091 18205 I InputDevice_Hand: HANDTRACKING ADMIRE hand 1: hpm=1 -> shared=0
03-27 06:18:50.461 18091 18205 I [CT]    : HandPoseSampler: Filter reset
03-27 06:18:50.461 18091 18205 I InputDevice_Hand: HANDTRACKING ADMIRE hand 0: hpm=1 -> shared=0
03-27 06:18:50.461 18091 18205 I [CT]    : HandPoseSampler: Filter reset
03-27 06:18:50.461 18091 18205 I InputDevice_Hand: HANDTRACKING ADMIRE hand 1: hpm=1 -> shared=0
03-27 06:18:50.475 18091 18205 I [CT]    : HandPoseSampler: Filter reset
03-27 06:18:50.475 18091 18205 I InputDevice_Hand: HANDTRACKING ADMIRE hand 0: hpm=1 -> shared=0
03-27 06:18:50.475 18091 18205 I [CT]    : HandPoseSampler: Filter reset
03-27 06:18:50.475 18091 18205 I InputDevice_Hand: HANDTRACKING ADMIRE hand 1: hpm=1 -> shared=0
03-27 06:18:50.477 18091 18205 I OpenXR_Anchor: xrQuerySpacesFB: split anchor query enabled
03-27 06:18:50.477  4500 18556 I [CT]    : SP:AP:AnchorPersistenceRuntimeIpcServer: checkRPC start: sessionUuid:de76105c-3765-3cfc-f025-996364c4337d, clientId:3936617581, givenPackageName:com.oculus.vrshell
03-27 06:18:50.477  4500 18556 I [CT]    : SP:AP:AnchorPersistenceRuntimeIpcServer: checkPackageAccess - detectedPackageName:com.oculus.vrshell, detectedProcessName:com.oculus.vrshell, givenPackageName:com.oculus.vrshell
03-27 06:18:50.477  4500 18556 I [CT]    : SP:AP:AnchorPersistenceRuntimeIpcServer: checkRPC package name matches: sessionUuid:de76105c-3765-3cfc-f025-996364c4337d, clientId:3936617581, givenPackageName:com.oculus.vrshell, detectedPackageName:com.oculus.vrshell, detectedProcessName:com.oculus.vrshell
03-27 06:18:50.477  4500 18556 I [CT]    : SP:AP:AnchorPersistenceRuntimeIpcServer: queryAvailableAnchorsSMV2: clientId: 3936617581, maxAnchors: 500, filter: 0, queryMultipleRoomsEnabledByOpenXrVersion: true, source: 1, appId: com.oculus.vrshell
03-27 06:18:50.477  4500 18556 I [CT]    : SP:AP:AnchorPersistenceConfig: getSceneRuntimePermissionEnabled: USE_SCENE permission is enabled on this device
03-27 06:18:50.477  4500 18556 I [CT]    : SP:AP:AnchorPersistenceScenePermissions: hasClientGrantedScenePermission: USE_SCENE permission is enabled on this device, check client 3936617581, grant is true
03-27 06:18:50.477  4500 18556 I [CT]    : SP:AP:AnchorPersistenceConfig: getSceneRuntimePermissionEnabled: USE_SCENE permission is enabled on this device
03-27 06:18:50.478  4500 18556 I [CT]    : SP:SceneAnchorFilterUtil: filterSceneDataByPermission: com.oculus.vrshell permission check passed, keep scene data. anchors size: 0
03-27 06:18:50.489 18091 18205 I [CT]    : HandPoseSampler: Filter reset
03-27 06:18:50.489 18091 18205 I InputDevice_Hand: HANDTRACKING ADMIRE hand 0: hpm=1 -> shared=0
03-27 06:18:50.489 18091 18205 I [CT]    : HandPoseSampler: Filter reset
03-27 06:18:50.489 18091 18205 I InputDevice_Hand: HANDTRACKING ADMIRE hand 1: hpm=1 -> shared=0
03-27 06:18:50.501  4500  4806 I DynamicObjectClient: Query Dynamic Object Tracker anchors
03-27 06:18:50.501  4500  4806 I DynamicObjectClient: Object in query has empty predictions or tracking flags
03-27 06:18:50.502 18091 18205 I [CT]    : HandPoseSampler: Filter reset
03-27 06:18:50.502 18091 18205 I InputDevice_Hand: HANDTRACKING ADMIRE hand 0: hpm=1 -> shared=0
03-27 06:18:50.502 18091 18205 I [CT]    : HandPoseSampler: Filter reset
03-27 06:18:50.502 18091 18205 I InputDevice_Hand: HANDTRACKING ADMIRE hand 1: hpm=1 -> shared=0
03-27 06:18:50.516 18091 18205 I [CT]    : HandPoseSampler: Filter reset
03-27 06:18:50.516 18091 18205 I InputDevice_Hand: HANDTRACKING ADMIRE hand 0: hpm=1 -> shared=0
03-27 06:18:50.516 18091 18205 I [CT]    : HandPoseSampler: Filter reset
03-27 06:18:50.516 18091 18205 I InputDevice_Hand: HANDTRACKING ADMIRE hand 1: hpm=1 -> shared=0
03-27 06:18:50.530 18091 18205 I [CT]    : HandPoseSampler: Filter reset
03-27 06:18:50.531 18091 18205 I InputDevice_Hand: HANDTRACKING ADMIRE hand 0: hpm=1 -> shared=0
03-27 06:18:50.531 18091 18205 I [CT]    : HandPoseSampler: Filter reset
03-27 06:18:50.531 18091 18205 I InputDevice_Hand: HANDTRACKING ADMIRE hand 1: hpm=1 -> shared=0
03-27 06:18:50.544 18091 18205 I [CT]    : HandPoseSampler: Filter reset
03-27 06:18:50.544 18091 18205 I InputDevice_Hand: HANDTRACKING ADMIRE hand 0: hpm=1 -> shared=0
03-27 06:18:50.544 18091 18205 I [CT]    : HandPoseSampler: Filter reset
03-27 06:18:50.544 18091 18205 I InputDevice_Hand: HANDTRACKING ADMIRE hand 1: hpm=1 -> shared=0
03-27 06:18:50.558 18091 18205 I [CT]    : HandPoseSampler: Filter reset
03-27 06:18:50.558 18091 18205 I InputDevice_Hand: HANDTRACKING ADMIRE hand 0: hpm=1 -> shared=0
03-27 06:18:50.558 18091 18205 I [CT]    : HandPoseSampler: Filter reset
03-27 06:18:50.558 18091 18205 I InputDevice_Hand: HANDTRACKING ADMIRE hand 1: hpm=1 -> shared=0
03-27 06:18:50.563   897  8215 W Tracking: CONSTELLATION_Left: [Throttled count=503] P+C Left: Could not retrieve 3dof fallback pose.
03-27 06:18:50.572 18091 18205 I [CT]    : HandPoseSampler: Filter reset
03-27 06:18:50.572 18091 18205 I InputDevice_Hand: HANDTRACKING ADMIRE hand 0: hpm=1 -> shared=0
03-27 06:18:50.573 18091 18205 I [CT]    : HandPoseSampler: Filter reset
03-27 06:18:50.573 18091 18205 I InputDevice_Hand: HANDTRACKING ADMIRE hand 1: hpm=1 -> shared=0
03-27 06:18:50.586 18091 18205 I [CT]    : HandPoseSampler: Filter reset
03-27 06:18:50.586 18091 18205 I InputDevice_Hand: HANDTRACKING ADMIRE hand 0: hpm=1 -> shared=0
03-27 06:18:50.586 18091 18205 I [CT]    : HandPoseSampler: Filter reset
03-27 06:18:50.586 18091 18205 I InputDevice_Hand: HANDTRACKING ADMIRE hand 1: hpm=1 -> shared=0
03-27 06:18:50.588 18091 18205 I OpenXR_Anchor: xrQuerySpacesFB: split anchor query enabled
03-27 06:18:50.589  4500 18556 I [CT]    : SP:AP:AnchorPersistenceRuntimeIpcServer: checkRPC start: sessionUuid:de76105c-3765-3cfc-f025-996364c4337d, clientId:3936617581, givenPackageName:com.oculus.vrshell
03-27 06:18:50.589  4500 18556 I [CT]    : SP:AP:AnchorPersistenceRuntimeIpcServer: checkPackageAccess - detectedPackageName:com.oculus.vrshell, detectedProcessName:com.oculus.vrshell, givenPackageName:com.oculus.vrshell
03-27 06:18:50.589  4500 18556 I [CT]    : SP:AP:AnchorPersistenceRuntimeIpcServer: checkRPC package name matches: sessionUuid:de76105c-3765-3cfc-f025-996364c4337d, clientId:3936617581, givenPackageName:com.oculus.vrshell, detectedPackageName:com.oculus.vrshell, detectedProcessName:com.oculus.vrshell
03-27 06:18:50.589  4500 18556 I [CT]    : SP:AP:AnchorPersistenceRuntimeIpcServer: queryAvailableAnchorsSMV2: clientId: 3936617581, maxAnchors: 500, filter: 0, queryMultipleRoomsEnabledByOpenXrVersion: true, source: 1, appId: com.oculus.vrshell
03-27 06:18:50.589  4500 18556 I [CT]    : SP:SM:SceneManager: queryAvailableAnchors: maxAnchors: 500, filter: 0, queryMultipleRoomsEnabledByOpenXrVersion: true, source: 1, appId: com.oculus.vrshell
03-27 06:18:50.589  4500 18556 I [CT]    : SP:AP:AnchorPersistenceConfig: getSceneRuntimePermissionEnabled: USE_SCENE permission is enabled on this device
03-27 06:18:50.589  4500 18556 I [CT]    : SP:AP:AnchorPersistenceScenePermissions: hasClientGrantedScenePermission: USE_SCENE permission is enabled on this device, check client 3936617581, grant is true
03-27 06:18:50.589  4500 18556 I [CT]    : SP:AP:AnchorPersistenceConfig: getSceneRuntimePermissionEnabled: USE_SCENE permission is enabled on this device
03-27 06:18:50.590  4500 18556 I [CT]    : SP:SceneAnchorFilterUtil: filterSceneDataByPermission: com.oculus.vrshell permission check passed, keep scene data. anchors size: 0
03-27 06:18:50.600 18091 18205 I [CT]    : HandPoseSampler: Filter reset
03-27 06:18:50.600 18091 18205 I InputDevice_Hand: HANDTRACKING ADMIRE hand 0: hpm=1 -> shared=0
03-27 06:18:50.600 18091 18205 I [CT]    : HandPoseSampler: Filter reset
03-27 06:18:50.600 18091 18205 I InputDevice_Hand: HANDTRACKING ADMIRE hand 1: hpm=1 -> shared=0
03-27 06:18:50.613 18091 18205 I [CT]    : HandPoseSampler: Filter reset
03-27 06:18:50.613 18091 18205 I InputDevice_Hand: HANDTRACKING ADMIRE hand 0: hpm=1 -> shared=0
03-27 06:18:50.613 18091 18205 I [CT]    : HandPoseSampler: Filter reset
03-27 06:18:50.613 18091 18205 I InputDevice_Hand: HANDTRACKING ADMIRE hand 1: hpm=1 -> shared=0
03-27 06:18:50.627 18091 18205 I [CT]    : HandPoseSampler: Filter reset
03-27 06:18:50.627 18091 18205 I InputDevice_Hand: HANDTRACKING ADMIRE hand 0: hpm=1 -> shared=0
03-27 06:18:50.627 18091 18205 I [CT]    : HandPoseSampler: Filter reset
03-27 06:18:50.627 18091 18205 I InputDevice_Hand: HANDTRACKING ADMIRE hand 1: hpm=1 -> shared=0
03-27 06:18:50.641 18091 18205 I [CT]    : HandPoseSampler: Filter reset
03-27 06:18:50.641 18091 18205 I InputDevice_Hand: HANDTRACKING ADMIRE hand 0: hpm=1 -> shared=0
03-27 06:18:50.641 18091 18205 I [CT]    : HandPoseSampler: Filter reset
03-27 06:18:50.641 18091 18205 I InputDevice_Hand: HANDTRACKING ADMIRE hand 1: hpm=1 -> shared=0
03-27 06:18:50.655 18091 18205 I [CT]    : HandPoseSampler: Filter reset
03-27 06:18:50.655 18091 18205 I InputDevice_Hand: HANDTRACKING ADMIRE hand 0: hpm=1 -> shared=0
03-27 06:18:50.655 18091 18205 I [CT]    : HandPoseSampler: Filter reset
03-27 06:18:50.655 18091 18205 I InputDevice_Hand: HANDTRACKING ADMIRE hand 1: hpm=1 -> shared=0
03-27 06:18:50.669 18091 18205 I [CT]    : HandPoseSampler: Filter reset
03-27 06:18:50.669 18091 18205 I InputDevice_Hand: HANDTRACKING ADMIRE hand 0: hpm=1 -> shared=0
03-27 06:18:50.669 18091 18205 I [CT]    : HandPoseSampler: Filter reset
03-27 06:18:50.669 18091 18205 I InputDevice_Hand: HANDTRACKING ADMIRE hand 1: hpm=1 -> shared=0
03-27 06:18:50.683 18091 18205 I [CT]    : HandPoseSampler: Filter reset
03-27 06:18:50.683 18091 18205 I InputDevice_Hand: HANDTRACKING ADMIRE hand 0: hpm=1 -> shared=0
03-27 06:18:50.683 18091 18205 I [CT]    : HandPoseSampler: Filter reset
03-27 06:18:50.683 18091 18205 I InputDevice_Hand: HANDTRACKING ADMIRE hand 1: hpm=1 -> shared=0
03-27 06:18:50.686 18091 18457 W ShellHsr: Renderer: RenderableFilter has 97 tags, which is more than 10. This is expected to be rare. If this becomes common, consider changing RenderableFilter logic to use something other than linear searches for filtering renderable tags (like registered bitsets).
03-27 06:18:50.697 18091 18205 I [CT]    : HandPoseSampler: Filter reset
03-27 06:18:50.698 18091 18205 I InputDevice_Hand: HANDTRACKING ADMIRE hand 0: hpm=1 -> shared=0
03-27 06:18:50.698 18091 18205 I [CT]    : HandPoseSampler: Filter reset
03-27 06:18:50.698 18091 18205 I InputDevice_Hand: HANDTRACKING ADMIRE hand 1: hpm=1 -> shared=0
03-27 06:18:50.699 18091 18205 I OpenXR_Anchor: xrQuerySpacesFB: split anchor query enabled
03-27 06:18:50.700  4500 18556 I [CT]    : SP:AP:AnchorPersistenceRuntimeIpcServer: checkRPC start: sessionUuid:de76105c-3765-3cfc-f025-996364c4337d, clientId:3936617581, givenPackageName:com.oculus.vrshell
03-27 06:18:50.700  4500 18556 I [CT]    : SP:AP:AnchorPersistenceRuntimeIpcServer: checkPackageAccess - detectedPackageName:com.oculus.vrshell, detectedProcessName:com.oculus.vrshell, givenPackageName:com.oculus.vrshell
03-27 06:18:50.700  4500 18556 I [CT]    : SP:AP:AnchorPersistenceRuntimeIpcServer: checkRPC package name matches: sessionUuid:de76105c-3765-3cfc-f025-996364c4337d, clientId:3936617581, givenPackageName:com.oculus.vrshell, detectedPackageName:com.oculus.vrshell, detectedProcessName:com.oculus.vrshell
03-27 06:18:50.700  4500 18556 I [CT]    : SP:AP:AnchorPersistenceRuntimeIpcServer: queryAvailableAnchorsSMV2: clientId: 3936617581, maxAnchors: 500, filter: 0, queryMultipleRoomsEnabledByOpenXrVersion: true, source: 1, appId: com.oculus.vrshell
03-27 06:18:50.700  4500 18556 I [CT]    : SP:AP:AnchorPersistenceConfig: getSceneRuntimePermissionEnabled: USE_SCENE permission is enabled on this device
03-27 06:18:50.700  4500 18556 I [CT]    : SP:AP:AnchorPersistenceScenePermissions: hasClientGrantedScenePermission: USE_SCENE permission is enabled on this device, check client 3936617581, grant is true
03-27 06:18:50.700  4500 18556 I [CT]    : SP:AP:AnchorPersistenceConfig: getSceneRuntimePermissionEnabled: USE_SCENE permission is enabled on this device
03-27 06:18:50.701  4500 18556 I [CT]    : SP:SceneAnchorFilterUtil: filterSceneDataByPermission: com.oculus.vrshell permission check passed, keep scene data. anchors size: 0
03-27 06:18:50.710 18091 18193 D [SEO] VrNotificationFeedManager: Creating GraphQL request to fetch notifications feed with params: {"sentSecondsAgo":30,"includedInFeed":"true","supportedByCaller":"true"}
03-27 06:18:50.711 18091 18205 I [CT]    : HandPoseSampler: Filter reset
03-27 06:18:50.711 18091 18205 I InputDevice_Hand: HANDTRACKING ADMIRE hand 0: hpm=1 -> shared=0
03-27 06:18:50.711 18091 18205 I [CT]    : HandPoseSampler: Filter reset
03-27 06:18:50.711 18091 18205 I InputDevice_Hand: HANDTRACKING ADMIRE hand 1: hpm=1 -> shared=0
03-27 06:18:50.725 18091 18205 I [CT]    : HandPoseSampler: Filter reset
03-27 06:18:50.725 18091 18205 I InputDevice_Hand: HANDTRACKING ADMIRE hand 0: hpm=1 -> shared=0
03-27 06:18:50.725 18091 18205 I [CT]    : HandPoseSampler: Filter reset
03-27 06:18:50.725 18091 18205 I InputDevice_Hand: HANDTRACKING ADMIRE hand 1: hpm=1 -> shared=0
03-27 06:18:50.739 18091 18205 I [CT]    : HandPoseSampler: Filter reset
03-27 06:18:50.739 18091 18205 I InputDevice_Hand: HANDTRACKING ADMIRE hand 0: hpm=1 -> shared=0
03-27 06:18:50.739 18091 18205 I [CT]    : HandPoseSampler: Filter reset
03-27 06:18:50.739 18091 18205 I InputDevice_Hand: HANDTRACKING ADMIRE hand 1: hpm=1 -> shared=0
03-27 06:18:50.752 18091 18205 I [CT]    : HandPoseSampler: Filter reset
03-27 06:18:50.752 18091 18205 I InputDevice_Hand: HANDTRACKING ADMIRE hand 0: hpm=1 -> shared=0
03-27 06:18:50.752 18091 18205 I [CT]    : HandPoseSampler: Filter reset
03-27 06:18:50.752 18091 18205 I InputDevice_Hand: HANDTRACKING ADMIRE hand 1: hpm=1 -> shared=0
03-27 06:18:50.766 18091 18205 I [CT]    : HandPoseSampler: Filter reset
03-27 06:18:50.766 18091 18205 I InputDevice_Hand: HANDTRACKING ADMIRE hand 0: hpm=1 -> shared=0
03-27 06:18:50.766 18091 18205 I [CT]    : HandPoseSampler: Filter reset
03-27 06:18:50.766 18091 18205 I InputDevice_Hand: HANDTRACKING ADMIRE hand 1: hpm=1 -> shared=0
03-27 06:18:50.780 18091 18205 I [CT]    : HandPoseSampler: Filter reset
03-27 06:18:50.780 18091 18205 I InputDevice_Hand: HANDTRACKING ADMIRE hand 0: hpm=1 -> shared=0
03-27 06:18:50.780 18091 18205 I [CT]    : HandPoseSampler: Filter reset
03-27 06:18:50.780 18091 18205 I InputDevice_Hand: HANDTRACKING ADMIRE hand 1: hpm=1 -> shared=0
03-27 06:18:50.794 18091 18205 I [CT]    : HandPoseSampler: Filter reset
03-27 06:18:50.794 18091 18205 I InputDevice_Hand: HANDTRACKING ADMIRE hand 0: hpm=1 -> shared=0
03-27 06:18:50.794 18091 18205 I [CT]    : HandPoseSampler: Filter reset
03-27 06:18:50.794 18091 18205 I InputDevice_Hand: HANDTRACKING ADMIRE hand 1: hpm=1 -> shared=0
03-27 06:18:50.797 18224 18352 I AutoStationaryHelper: [AutoStationaryHelper::getGuardianDataFromNearbyRoomscale] Checking 1 existing guardian data
03-27 06:18:50.797 18224 18352 I GuardianMapDataMgr: [GuardianMapDataMgr::isValidTrackedRoomscale] [2575043440] Valid=yes, Roomscale=yes, Anchor [2cee9d32-7f24-ff1e-5555-ae309d8ea246] Tracked=yes
03-27 06:18:50.797 18224 18352 I AutoStationaryHelper: [AutoStationaryHelper::getGuardianDataFromNearbyRoomscale] [2575043440] Distance to HMD: 3.777291
03-27 06:18:50.808 18091 18205 I [CT]    : HandPoseSampler: Filter reset
03-27 06:18:50.808 18091 18205 I InputDevice_Hand: HANDTRACKING ADMIRE hand 0: hpm=1 -> shared=0
03-27 06:18:50.808 18091 18205 I [CT]    : HandPoseSampler: Filter reset
03-27 06:18:50.808 18091 18205 I InputDevice_Hand: HANDTRACKING ADMIRE hand 1: hpm=1 -> shared=0
03-27 06:18:50.810 18091 18205 I OpenXR_Anchor: xrQuerySpacesFB: split anchor query enabled
03-27 06:18:50.810  4500 18556 I [CT]    : SP:AP:AnchorPersistenceRuntimeIpcServer: checkRPC start: sessionUuid:de76105c-3765-3cfc-f025-996364c4337d, clientId:3936617581, givenPackageName:com.oculus.vrshell
03-27 06:18:50.810  4500 18556 I [CT]    : SP:AP:AnchorPersistenceRuntimeIpcServer: checkPackageAccess - detectedPackageName:com.oculus.vrshell, detectedProcessName:com.oculus.vrshell, givenPackageName:com.oculus.vrshell
03-27 06:18:50.810  4500 18556 I [CT]    : SP:AP:AnchorPersistenceRuntimeIpcServer: checkRPC package name matches: sessionUuid:de76105c-3765-3cfc-f025-996364c4337d, clientId:3936617581, givenPackageName:com.oculus.vrshell, detectedPackageName:com.oculus.vrshell, detectedProcessName:com.oculus.vrshell
03-27 06:18:50.810  4500 18556 I [CT]    : SP:AP:AnchorPersistenceRuntimeIpcServer: queryAvailableAnchorsSMV2: clientId: 3936617581, maxAnchors: 500, filter: 0, queryMultipleRoomsEnabledByOpenXrVersion: true, source: 1, appId: com.oculus.vrshell
03-27 06:18:50.810  4500 18556 I [CT]    : SP:AP:AnchorPersistenceConfig: getSceneRuntimePermissionEnabled: USE_SCENE permission is enabled on this device
03-27 06:18:50.810  4500 18556 I [CT]    : SP:AP:AnchorPersistenceScenePermissions: hasClientGrantedScenePermission: USE_SCENE permission is enabled on this device, check client 3936617581, grant is true
03-27 06:18:50.810  4500 18556 I [CT]    : SP:AP:AnchorPersistenceConfig: getSceneRuntimePermissionEnabled: USE_SCENE permission is enabled on this device
03-27 06:18:50.811  4500 18556 I [CT]    : SP:SceneAnchorFilterUtil: filterSceneDataByPermission: com.oculus.vrshell permission check passed, keep scene data. anchors size: 0
03-27 06:18:50.822 18091 18205 I [CT]    : HandPoseSampler: Filter reset
03-27 06:18:50.822 18091 18205 I InputDevice_Hand: HANDTRACKING ADMIRE hand 0: hpm=1 -> shared=0
03-27 06:18:50.822 18091 18205 I [CT]    : HandPoseSampler: Filter reset
03-27 06:18:50.822 18091 18205 I InputDevice_Hand: HANDTRACKING ADMIRE hand 1: hpm=1 -> shared=0
03-27 06:18:50.836 18091 18205 I [CT]    : HandPoseSampler: Filter reset
03-27 06:18:50.836 18091 18205 I InputDevice_Hand: HANDTRACKING ADMIRE hand 0: hpm=1 -> shared=0
03-27 06:18:50.836 18091 18205 I [CT]    : HandPoseSampler: Filter reset
03-27 06:18:50.836 18091 18205 I InputDevice_Hand: HANDTRACKING ADMIRE hand 1: hpm=1 -> shared=0
03-27 06:18:50.850 18091 18205 I [CT]    : HandPoseSampler: Filter reset
03-27 06:18:50.850 18091 18205 I InputDevice_Hand: HANDTRACKING ADMIRE hand 0: hpm=1 -> shared=0
03-27 06:18:50.850 18091 18205 I [CT]    : HandPoseSampler: Filter reset
03-27 06:18:50.850 18091 18205 I InputDevice_Hand: HANDTRACKING ADMIRE hand 1: hpm=1 -> shared=0
03-27 06:18:50.860   920  8050 I VD628x  : Flicker results: freq 120.000000, max 119.823166, dcr 33.037361, pct 0.040485, idx 0.012921, conf 0.911434, snr 10.271463, svm 0.070201, sus 0
03-27 06:18:50.865 18091 18205 I [CT]    : HandPoseSampler: Filter reset
03-27 06:18:50.865 18091 18205 I InputDevice_Hand: HANDTRACKING ADMIRE hand 0: hpm=1 -> shared=0
03-27 06:18:50.865 18091 18205 I [CT]    : HandPoseSampler: Filter reset
03-27 06:18:50.865 18091 18205 I InputDevice_Hand: HANDTRACKING ADMIRE hand 1: hpm=1 -> shared=0
03-27 06:18:50.877 18091 18205 I [CT]    : HandPoseSampler: Filter reset
03-27 06:18:50.877 18091 18205 I InputDevice_Hand: HANDTRACKING ADMIRE hand 0: hpm=1 -> shared=0
03-27 06:18:50.877 18091 18205 I [CT]    : HandPoseSampler: Filter reset
03-27 06:18:50.877 18091 18205 I InputDevice_Hand: HANDTRACKING ADMIRE hand 1: hpm=1 -> shared=0
03-27 06:18:50.890 18091 18205 I [CT]    : HandPoseSampler: Filter reset
03-27 06:18:50.890 18091 18205 I InputDevice_Hand: HANDTRACKING ADMIRE hand 0: hpm=1 -> shared=0
03-27 06:18:50.890 18091 18205 I [CT]    : HandPoseSampler: Filter reset
03-27 06:18:50.890 18091 18205 I InputDevice_Hand: HANDTRACKING ADMIRE hand 1: hpm=1 -> shared=0
03-27 06:18:50.903 18091 18205 I [CT]    : HandPoseSampler: Filter reset
03-27 06:18:50.904 18091 18205 I InputDevice_Hand: HANDTRACKING ADMIRE hand 0: hpm=1 -> shared=0
03-27 06:18:50.904 18091 18205 I [CT]    : HandPoseSampler: Filter reset
03-27 06:18:50.904 18091 18205 I InputDevice_Hand: HANDTRACKING ADMIRE hand 1: hpm=1 -> shared=0
03-27 06:18:50.918 18091 18205 I [CT]    : HandPoseSampler: Filter reset
03-27 06:18:50.918 18091 18205 I InputDevice_Hand: HANDTRACKING ADMIRE hand 0: hpm=1 -> shared=0
03-27 06:18:50.918 18091 18205 I [CT]    : HandPoseSampler: Filter reset
03-27 06:18:50.918 18091 18205 I InputDevice_Hand: HANDTRACKING ADMIRE hand 1: hpm=1 -> shared=0
03-27 06:18:50.921 18091 18205 I OpenXR_Anchor: xrQuerySpacesFB: split anchor query enabled
03-27 06:18:50.921  4500 18556 I [CT]    : SP:AP:AnchorPersistenceRuntimeIpcServer: checkRPC start: sessionUuid:de76105c-3765-3cfc-f025-996364c4337d, clientId:3936617581, givenPackageName:com.oculus.vrshell
03-27 06:18:50.921  4500 18556 I [CT]    : SP:AP:AnchorPersistenceRuntimeIpcServer: checkPackageAccess - detectedPackageName:com.oculus.vrshell, detectedProcessName:com.oculus.vrshell, givenPackageName:com.oculus.vrshell
03-27 06:18:50.921  4500 18556 I [CT]    : SP:AP:AnchorPersistenceRuntimeIpcServer: checkRPC package name matches: sessionUuid:de76105c-3765-3cfc-f025-996364c4337d, clientId:3936617581, givenPackageName:com.oculus.vrshell, detectedPackageName:com.oculus.vrshell, detectedProcessName:com.oculus.vrshell
03-27 06:18:50.921  4500 18556 I [CT]    : SP:AP:AnchorPersistenceRuntimeIpcServer: queryAvailableAnchorsSMV2: clientId: 3936617581, maxAnchors: 500, filter: 0, queryMultipleRoomsEnabledByOpenXrVersion: true, source: 1, appId: com.oculus.vrshell
03-27 06:18:50.922  4500 18556 I [CT]    : SP:AP:AnchorPersistenceConfig: getSceneRuntimePermissionEnabled: USE_SCENE permission is enabled on this device
03-27 06:18:50.922  4500 18556 I [CT]    : SP:AP:AnchorPersistenceScenePermissions: hasClientGrantedScenePermission: USE_SCENE permission is enabled on this device, check client 3936617581, grant is true
03-27 06:18:50.922  4500 18556 I [CT]    : SP:AP:AnchorPersistenceConfig: getSceneRuntimePermissionEnabled: USE_SCENE permission is enabled on this device
03-27 06:18:50.922  4500 18556 I [CT]    : SP:SceneAnchorFilterUtil: filterSceneDataByPermission: com.oculus.vrshell permission check passed, keep scene data. anchors size: 0
03-27 06:18:50.933 18091 18205 I [CT]    : HandPoseSampler: Filter reset
03-27 06:18:50.933 18091 18205 I InputDevice_Hand: HANDTRACKING ADMIRE hand 0: hpm=1 -> shared=0
03-27 06:18:50.933 18091 18205 I [CT]    : HandPoseSampler: Filter reset
03-27 06:18:50.933 18091 18205 I InputDevice_Hand: HANDTRACKING ADMIRE hand 1: hpm=1 -> shared=0
03-27 06:18:50.946 18091 18205 I [CT]    : HandPoseSampler: Filter reset
03-27 06:18:50.946 18091 18205 I InputDevice_Hand: HANDTRACKING ADMIRE hand 0: hpm=1 -> shared=0
03-27 06:18:50.946 18091 18205 I [CT]    : HandPoseSampler: Filter reset
03-27 06:18:50.946 18091 18205 I InputDevice_Hand: HANDTRACKING ADMIRE hand 1: hpm=1 -> shared=0
03-27 06:18:50.956  2697  8068 I [CT]    : MIXEDREALITY: PassthroughApiManager: GetUpdatedLayerState: (every 2 seconds) PT is: ON numLayers: 1
03-27 06:18:50.960 18091 18205 I [CT]    : HandPoseSampler: Filter reset
03-27 06:18:50.960 18091 18205 I InputDevice_Hand: HANDTRACKING ADMIRE hand 0: hpm=1 -> shared=0
03-27 06:18:50.960 18091 18205 I [CT]    : HandPoseSampler: Filter reset
03-27 06:18:50.960 18091 18205 I InputDevice_Hand: HANDTRACKING ADMIRE hand 1: hpm=1 -> shared=0
03-27 06:18:50.974 18091 18205 I [CT]    : HandPoseSampler: Filter reset
03-27 06:18:50.974 18091 18205 I InputDevice_Hand: HANDTRACKING ADMIRE hand 0: hpm=1 -> shared=0
03-27 06:18:50.974 18091 18205 I [CT]    : HandPoseSampler: Filter reset
03-27 06:18:50.974 18091 18205 I InputDevice_Hand: HANDTRACKING ADMIRE hand 1: hpm=1 -> shared=0
03-27 06:18:50.988 18091 18205 I [CT]    : HandPoseSampler: Filter reset
03-27 06:18:50.988 18091 18205 I InputDevice_Hand: HANDTRACKING ADMIRE hand 0: hpm=1 -> shared=0
03-27 06:18:50.988 18091 18205 I [CT]    : HandPoseSampler: Filter reset
03-27 06:18:50.988 18091 18205 I InputDevice_Hand: HANDTRACKING ADMIRE hand 1: hpm=1 -> shared=0
03-27 06:18:51.002 18091 18205 I [CT]    : HandPoseSampler: Filter reset
03-27 06:18:51.002 18091 18205 I InputDevice_Hand: HANDTRACKING ADMIRE hand 0: hpm=1 -> shared=0
03-27 06:18:51.002 18091 18205 I [CT]    : HandPoseSampler: Filter reset
03-27 06:18:51.003 18091 18205 I InputDevice_Hand: HANDTRACKING ADMIRE hand 1: hpm=1 -> shared=0
03-27 06:18:51.016 18091 18205 I [CT]    : HandPoseSampler: Filter reset
03-27 06:18:51.016 18091 18205 I InputDevice_Hand: HANDTRACKING ADMIRE hand 0: hpm=1 -> shared=0
03-27 06:18:51.016 18091 18205 I [CT]    : HandPoseSampler: Filter reset
03-27 06:18:51.016 18091 18205 I InputDevice_Hand: HANDTRACKING ADMIRE hand 1: hpm=1 -> shared=0
03-27 06:18:51.028 18091  8056 I VrApi   : FPS=72/72,Prd=23ms,Tear=0,Early=0,Stale=0,Stale2/5/10/max=0/0/0/0,VSnc=1,Lat=-4,Fov=3,CPU4/GPU=-1/-1,1920/545MHz,OC=3F,TA=0/0/0,SP=N/N/N,Mem=2736MHz,Free=2985MB,PLS=0,Temp=33.0C/0.0C,TW=1.31ms,App=0.78ms,GD=0.00ms,CPU&GPU=5.69ms,LCnt=4(DR72,LM2),GPU%=0.17,CPU%=0.25(W0.27),CFL=12.04/15.58,ICFLp95=14.12,LD=0,CABC=1,SF=0.78,LP=1,DVFS=0,ShrpLCnt=1,ShrpR=0.000,SSLCnt=1/2,Preempt=166,PoseAgeP95=0.00
03-27 06:18:51.028 18091  8056 I VrApi   : ASW=0,Type=PTWFromStereo,E=0.000/0.000,D=0.000/0.000
03-27 06:18:51.030 18091 18205 I [CT]    : HandPoseSampler: Filter reset
03-27 06:18:51.031 18091 18205 I InputDevice_Hand: HANDTRACKING ADMIRE hand 0: hpm=1 -> shared=0
03-27 06:18:51.031 18091 18205 I [CT]    : HandPoseSampler: Filter reset
03-27 06:18:51.031 18091 18205 I InputDevice_Hand: HANDTRACKING ADMIRE hand 1: hpm=1 -> shared=0
03-27 06:18:51.032 18091 18205 I OpenXR_Anchor: xrQuerySpacesFB: split anchor query enabled
03-27 06:18:51.033  4500 18556 I [CT]    : SP:AP:AnchorPersistenceRuntimeIpcServer: checkRPC start: sessionUuid:de76105c-3765-3cfc-f025-996364c4337d, clientId:3936617581, givenPackageName:com.oculus.vrshell
03-27 06:18:51.033  4500 18556 I [CT]    : SP:AP:AnchorPersistenceRuntimeIpcServer: checkPackageAccess - detectedPackageName:com.oculus.vrshell, detectedProcessName:com.oculus.vrshell, givenPackageName:com.oculus.vrshell
03-27 06:18:51.033  4500 18556 I [CT]    : SP:AP:AnchorPersistenceRuntimeIpcServer: checkRPC package name matches: sessionUuid:de76105c-3765-3cfc-f025-996364c4337d, clientId:3936617581, givenPackageName:com.oculus.vrshell, detectedPackageName:com.oculus.vrshell, detectedProcessName:com.oculus.vrshell
03-27 06:18:51.033  4500 18556 I [CT]    : SP:AP:AnchorPersistenceRuntimeIpcServer: queryAvailableAnchorsSMV2: clientId: 3936617581, maxAnchors: 500, filter: 0, queryMultipleRoomsEnabledByOpenXrVersion: true, source: 1, appId: com.oculus.vrshell
03-27 06:18:51.033  4500 18556 I [CT]    : SP:AP:AnchorPersistenceConfig: getSceneRuntimePermissionEnabled: USE_SCENE permission is enabled on this device
03-27 06:18:51.033  4500 18556 I [CT]    : SP:AP:AnchorPersistenceScenePermissions: hasClientGrantedScenePermission: USE_SCENE permission is enabled on this device, check client 3936617581, grant is true
03-27 06:18:51.033  4500 18556 I [CT]    : SP:AP:AnchorPersistenceConfig: getSceneRuntimePermissionEnabled: USE_SCENE permission is enabled on this device
03-27 06:18:51.034  4500 18556 I [CT]    : SP:SceneAnchorFilterUtil: filterSceneDataByPermission: com.oculus.vrshell permission check passed, keep scene data. anchors size: 0
03-27 06:18:51.044 18091 18205 I [CT]    : HandPoseSampler: Filter reset
03-27 06:18:51.044 18091 18205 I InputDevice_Hand: HANDTRACKING ADMIRE hand 0: hpm=1 -> shared=0
03-27 06:18:51.044 18091 18205 I [CT]    : HandPoseSampler: Filter reset
03-27 06:18:51.044 18091 18205 I InputDevice_Hand: HANDTRACKING ADMIRE hand 1: hpm=1 -> shared=0
03-27 06:18:51.057 18091 18205 I [CT]    : HandPoseSampler: Filter reset
03-27 06:18:51.057 18091 18205 I InputDevice_Hand: HANDTRACKING ADMIRE hand 0: hpm=1 -> shared=0
03-27 06:18:51.057 18091 18205 I [CT]    : HandPoseSampler: Filter reset
03-27 06:18:51.057 18091 18205 I InputDevice_Hand: HANDTRACKING ADMIRE hand 1: hpm=1 -> shared=0
03-27 06:18:51.072 18091 18205 I [CT]    : HandPoseSampler: Filter reset
03-27 06:18:51.072 18091 18205 I InputDevice_Hand: HANDTRACKING ADMIRE hand 0: hpm=1 -> shared=0
03-27 06:18:51.072 18091 18205 I [CT]    : HandPoseSampler: Filter reset
03-27 06:18:51.072 18091 18205 I InputDevice_Hand: HANDTRACKING ADMIRE hand 1: hpm=1 -> shared=0
03-27 06:18:51.086 18091 18205 I [CT]    : HandPoseSampler: Filter reset
03-27 06:18:51.086 18091 18205 I InputDevice_Hand: HANDTRACKING ADMIRE hand 0: hpm=1 -> shared=0
03-27 06:18:51.086 18091 18205 I [CT]    : HandPoseSampler: Filter reset
03-27 06:18:51.086 18091 18205 I InputDevice_Hand: HANDTRACKING ADMIRE hand 1: hpm=1 -> shared=0
03-27 06:18:51.100 18091 18205 I [CT]    : HandPoseSampler: Filter reset
03-27 06:18:51.100 18091 18205 I InputDevice_Hand: HANDTRACKING ADMIRE hand 0: hpm=1 -> shared=0
03-27 06:18:51.100 18091 18205 I [CT]    : HandPoseSampler: Filter reset
03-27 06:18:51.100 18091 18205 I InputDevice_Hand: HANDTRACKING ADMIRE hand 1: hpm=1 -> shared=0
03-27 06:18:51.114 18091 18205 I [CT]    : HandPoseSampler: Filter reset
03-27 06:18:51.114 18091 18205 I InputDevice_Hand: HANDTRACKING ADMIRE hand 0: hpm=1 -> shared=0
03-27 06:18:51.114 18091 18205 I [CT]    : HandPoseSampler: Filter reset
03-27 06:18:51.114 18091 18205 I InputDevice_Hand: HANDTRACKING ADMIRE hand 1: hpm=1 -> shared=0
03-27 06:18:51.128 18091 18205 I [CT]    : HandPoseSampler: Filter reset
03-27 06:18:51.128 18091 18205 I InputDevice_Hand: HANDTRACKING ADMIRE hand 0: hpm=1 -> shared=0
03-27 06:18:51.128 18091 18205 I [CT]    : HandPoseSampler: Filter reset
03-27 06:18:51.128 18091 18205 I InputDevice_Hand: HANDTRACKING ADMIRE hand 1: hpm=1 -> shared=0
03-27 06:18:51.142 18091 18205 I [CT]    : HandPoseSampler: Filter reset
03-27 06:18:51.142 18091 18205 I InputDevice_Hand: HANDTRACKING ADMIRE hand 0: hpm=1 -> shared=0
03-27 06:18:51.142 18091 18205 I [CT]    : HandPoseSampler: Filter reset
03-27 06:18:51.142 18091 18205 I InputDevice_Hand: HANDTRACKING ADMIRE hand 1: hpm=1 -> shared=0
03-27 06:18:51.143 18091 18205 I OpenXR_Anchor: xrQuerySpacesFB: split anchor query enabled
03-27 06:18:51.144  4500 18556 I [CT]    : SP:AP:AnchorPersistenceRuntimeIpcServer: checkRPC start: sessionUuid:de76105c-3765-3cfc-f025-996364c4337d, clientId:3936617581, givenPackageName:com.oculus.vrshell
03-27 06:18:51.144  4500 18556 I [CT]    : SP:AP:AnchorPersistenceRuntimeIpcServer: checkPackageAccess - detectedPackageName:com.oculus.vrshell, detectedProcessName:com.oculus.vrshell, givenPackageName:com.oculus.vrshell
03-27 06:18:51.144  4500 18556 I [CT]    : SP:AP:AnchorPersistenceRuntimeIpcServer: checkRPC package name matches: sessionUuid:de76105c-3765-3cfc-f025-996364c4337d, clientId:3936617581, givenPackageName:com.oculus.vrshell, detectedPackageName:com.oculus.vrshell, detectedProcessName:com.oculus.vrshell
03-27 06:18:51.144  4500 18556 I [CT]    : SP:AP:AnchorPersistenceRuntimeIpcServer: queryAvailableAnchorsSMV2: clientId: 3936617581, maxAnchors: 500, filter: 0, queryMultipleRoomsEnabledByOpenXrVersion: true, source: 1, appId: com.oculus.vrshell
03-27 06:18:51.144  4500 18556 I [CT]    : SP:AP:AnchorPersistenceConfig: getSceneRuntimePermissionEnabled: USE_SCENE permission is enabled on this device
03-27 06:18:51.144  4500 18556 I [CT]    : SP:AP:AnchorPersistenceScenePermissions: hasClientGrantedScenePermission: USE_SCENE permission is enabled on this device, check client 3936617581, grant is true
03-27 06:18:51.144  4500 18556 I [CT]    : SP:AP:AnchorPersistenceConfig: getSceneRuntimePermissionEnabled: USE_SCENE permission is enabled on this device
03-27 06:18:51.145  4500 18556 I [CT]    : SP:SceneAnchorFilterUtil: filterSceneDataByPermission: com.oculus.vrshell permission check passed, keep scene data. anchors size: 0
03-27 06:18:51.156 18091 18205 I [CT]    : HandPoseSampler: Filter reset
03-27 06:18:51.156 18091 18205 I InputDevice_Hand: HANDTRACKING ADMIRE hand 0: hpm=1 -> shared=0
03-27 06:18:51.156 18091 18205 I [CT]    : HandPoseSampler: Filter reset
03-27 06:18:51.156 18091 18205 I InputDevice_Hand: HANDTRACKING ADMIRE hand 1: hpm=1 -> shared=0
03-27 06:18:51.169 18091 18205 I [CT]    : HandPoseSampler: Filter reset
03-27 06:18:51.169 18091 18205 I InputDevice_Hand: HANDTRACKING ADMIRE hand 0: hpm=1 -> shared=0
03-27 06:18:51.169 18091 18205 I [CT]    : HandPoseSampler: Filter reset
03-27 06:18:51.169 18091 18205 I InputDevice_Hand: HANDTRACKING ADMIRE hand 1: hpm=1 -> shared=0
03-27 06:18:51.171   897  1854 I Tracking: CONSTELLATION:VISION_STATUS: 0x2e7e5d32cf134aad (R): [#Samples=76] 258.349s | BlobDetection:[#BlobsDetected=(7.64, 0.89)]Matching:[MatchSuccess=0.934, MatchCost=(0.00161, 0.00000), #MatchedBlobs=(4.46, 1.99), #MatchedLeds=(4.46, 1.99), RematchM=0.921, SkipRefine=0.013] MatchMethod:[Prox=0.000, ConstBrute=0.934, AttiBrute=0.000, UnconstBrute=0.000] MatchResets[AnomBlobSize=0.000, SharedMatch=0.000, DenseReacq=0.000] | Fusion:[FusionError=0.000, ImuFromCamMs=(-256849.566, 2138717.781), RematchF=0.000] FusionUpdates:[Successful=0.000, Reliable=0.000, TightFusion=0.000, FullPose=0.000, StaticPrior=0.000, StaticForHandTrans=0.000, PoseUpdateMD=(0.0000, 0.0000)] FusionResets[6DoFReset=0.000, ResetSuccess=0.000] FusionStatus[HasPosition=0.000, HasVelocity=0.000]  [Current time=258.349s, last log time=253.283s]
03-27 06:18:51.171   897  1854 I Tracking: CONSTELLATION:VISION_STATUS: 0x9a0f3b964e7e111f (L): [#Samples=76] 258.349s | BlobDetection:[#BlobsDetected=(7.64, 0.89)]Matching:[MatchSuccess=0.000, MatchCost=(0.00000, 0.00000), #MatchedBlobs=(0.00, 0.00), #MatchedLeds=(0.00, 0.00), RematchM=0.000, SkipRefine=0.000] MatchMethod:[Prox=0.000, ConstBrute=0.000, AttiBrute=0.000, UnconstBrute=0.000] MatchResets[AnomBlobSize=0.000, SharedMatch=0.000, DenseReacq=0.000] | Fusion:[FusionError=0.000, ImuFromCamMs=(-256849.566, 2138717.781), RematchF=0.000] FusionUpdates:[Successful=0.000, Reliable=0.000, TightFusion=0.000, FullPose=0.000, StaticPrior=0.000, StaticForHandTrans=0.000, PoseUpdateMD=(0.0000, 0.0000)] FusionResets[6DoFReset=0.000, ResetSuccess=0.000] FusionStatus[HasPosition=0.000, HasVelocity=0.000]  [Current time=258.349s, last log time=253.283s]
03-27 06:18:51.183 18091 18205 I [CT]    : HandPoseSampler: Filter reset
03-27 06:18:51.183 18091 18205 I InputDevice_Hand: HANDTRACKING ADMIRE hand 0: hpm=1 -> shared=0
03-27 06:18:51.183 18091 18205 I [CT]    : HandPoseSampler: Filter reset
03-27 06:18:51.183 18091 18205 I InputDevice_Hand: HANDTRACKING ADMIRE hand 1: hpm=1 -> shared=0
03-27 06:18:51.197 18091 18205 I [CT]    : HandPoseSampler: Filter reset
03-27 06:18:51.197 18091 18205 I InputDevice_Hand: HANDTRACKING ADMIRE hand 0: hpm=1 -> shared=0
03-27 06:18:51.197 18091 18205 I [CT]    : HandPoseSampler: Filter reset
03-27 06:18:51.197 18091 18205 I InputDevice_Hand: HANDTRACKING ADMIRE hand 1: hpm=1 -> shared=0
03-27 06:18:51.211 18091 18205 I [CT]    : HandPoseSampler: Filter reset
03-27 06:18:51.211 18091 18205 I InputDevice_Hand: HANDTRACKING ADMIRE hand 0: hpm=1 -> shared=0
03-27 06:18:51.211 18091 18205 I [CT]    : HandPoseSampler: Filter reset
03-27 06:18:51.211 18091 18205 I InputDevice_Hand: HANDTRACKING ADMIRE hand 1: hpm=1 -> shared=0
03-27 06:18:51.224 18091 18205 I [CT]    : HandPoseSampler: Filter reset
03-27 06:18:51.224 18091 18205 I InputDevice_Hand: HANDTRACKING ADMIRE hand 0: hpm=1 -> shared=0
03-27 06:18:51.225 18091 18205 I [CT]    : HandPoseSampler: Filter reset
03-27 06:18:51.225 18091 18205 I InputDevice_Hand: HANDTRACKING ADMIRE hand 1: hpm=1 -> shared=0
03-27 06:18:51.239 18091 18205 I [CT]    : HandPoseSampler: Filter reset
03-27 06:18:51.239 18091 18205 I InputDevice_Hand: HANDTRACKING ADMIRE hand 0: hpm=1 -> shared=0
03-27 06:18:51.239 18091 18205 I [CT]    : HandPoseSampler: Filter reset
03-27 06:18:51.239 18091 18205 I InputDevice_Hand: HANDTRACKING ADMIRE hand 1: hpm=1 -> shared=0
03-27 06:18:51.252 18091 18205 I [CT]    : HandPoseSampler: Filter reset
03-27 06:18:51.252 18091 18205 I InputDevice_Hand: HANDTRACKING ADMIRE hand 0: hpm=1 -> shared=0
03-27 06:18:51.253 18091 18205 I [CT]    : HandPoseSampler: Filter reset
03-27 06:18:51.253 18091 18205 I InputDevice_Hand: HANDTRACKING ADMIRE hand 1: hpm=1 -> shared=0
03-27 06:18:51.254 18091 18205 I OpenXR_Anchor: xrQuerySpacesFB: split anchor query enabled
03-27 06:18:51.255  4500 18556 I [CT]    : SP:AP:AnchorPersistenceRuntimeIpcServer: checkRPC start: sessionUuid:de76105c-3765-3cfc-f025-996364c4337d, clientId:3936617581, givenPackageName:com.oculus.vrshell
03-27 06:18:51.255  4500 18556 I [CT]    : SP:AP:AnchorPersistenceRuntimeIpcServer: checkPackageAccess - detectedPackageName:com.oculus.vrshell, detectedProcessName:com.oculus.vrshell, givenPackageName:com.oculus.vrshell
03-27 06:18:51.255  4500 18556 I [CT]    : SP:AP:AnchorPersistenceRuntimeIpcServer: checkRPC package name matches: sessionUuid:de76105c-3765-3cfc-f025-996364c4337d, clientId:3936617581, givenPackageName:com.oculus.vrshell, detectedPackageName:com.oculus.vrshell, detectedProcessName:com.oculus.vrshell
03-27 06:18:51.255  4500 18556 I [CT]    : SP:AP:AnchorPersistenceRuntimeIpcServer: queryAvailableAnchorsSMV2: clientId: 3936617581, maxAnchors: 500, filter: 0, queryMultipleRoomsEnabledByOpenXrVersion: true, source: 1, appId: com.oculus.vrshell
03-27 06:18:51.255  4500 18556 I [CT]    : SP:AP:AnchorPersistenceConfig: getSceneRuntimePermissionEnabled: USE_SCENE permission is enabled on this device
03-27 06:18:51.255  4500 18556 I [CT]    : SP:AP:AnchorPersistenceScenePermissions: hasClientGrantedScenePermission: USE_SCENE permission is enabled on this device, check client 3936617581, grant is true
03-27 06:18:51.255  4500 18556 I [CT]    : SP:AP:AnchorPersistenceConfig: getSceneRuntimePermissionEnabled: USE_SCENE permission is enabled on this device
03-27 06:18:51.256  4500 18556 I [CT]    : SP:SceneAnchorFilterUtil: filterSceneDataByPermission: com.oculus.vrshell permission check passed, keep scene data. anchors size: 0
03-27 06:18:51.267 18091 18205 I [CT]    : HandPoseSampler: Filter reset
03-27 06:18:51.267 18091 18205 I InputDevice_Hand: HANDTRACKING ADMIRE hand 0: hpm=1 -> shared=0
03-27 06:18:51.267 18091 18205 I [CT]    : HandPoseSampler: Filter reset
03-27 06:18:51.267 18091 18205 I InputDevice_Hand: HANDTRACKING ADMIRE hand 1: hpm=1 -> shared=0
03-27 06:18:51.280 18091 18205 I [CT]    : HandPoseSampler: Filter reset
03-27 06:18:51.280 18091 18205 I InputDevice_Hand: HANDTRACKING ADMIRE hand 0: hpm=1 -> shared=0
03-27 06:18:51.280 18091 18205 I [CT]    : HandPoseSampler: Filter reset
03-27 06:18:51.280 18091 18205 I InputDevice_Hand: HANDTRACKING ADMIRE hand 1: hpm=1 -> shared=0
03-27 06:18:51.294 18091 18205 I [CT]    : HandPoseSampler: Filter reset
03-27 06:18:51.294 18091 18205 I InputDevice_Hand: HANDTRACKING ADMIRE hand 0: hpm=1 -> shared=0
03-27 06:18:51.294 18091 18205 I [CT]    : HandPoseSampler: Filter reset
03-27 06:18:51.294 18091 18205 I InputDevice_Hand: HANDTRACKING ADMIRE hand 1: hpm=1 -> shared=0
03-27 06:18:51.308 18091 18205 I [CT]    : HandPoseSampler: Filter reset
03-27 06:18:51.308 18091 18205 I InputDevice_Hand: HANDTRACKING ADMIRE hand 0: hpm=1 -> shared=0
03-27 06:18:51.308 18091 18205 I [CT]    : HandPoseSampler: Filter reset
03-27 06:18:51.308 18091 18205 I InputDevice_Hand: HANDTRACKING ADMIRE hand 1: hpm=1 -> shared=0
03-27 06:18:51.322 18091 18205 I [CT]    : HandPoseSampler: Filter reset
03-27 06:18:51.322 18091 18205 I InputDevice_Hand: HANDTRACKING ADMIRE hand 0: hpm=1 -> shared=0
03-27 06:18:51.322 18091 18205 I [CT]    : HandPoseSampler: Filter reset
03-27 06:18:51.322 18091 18205 I InputDevice_Hand: HANDTRACKING ADMIRE hand 1: hpm=1 -> shared=0
03-27 06:18:51.337 18091 18205 I [CT]    : HandPoseSampler: Filter reset
03-27 06:18:51.337 18091 18205 I InputDevice_Hand: HANDTRACKING ADMIRE hand 0: hpm=1 -> shared=0
03-27 06:18:51.337 18091 18205 I [CT]    : HandPoseSampler: Filter reset
03-27 06:18:51.337 18091 18205 I InputDevice_Hand: HANDTRACKING ADMIRE hand 1: hpm=1 -> shared=0
03-27 06:18:51.350 18091 18205 I [CT]    : HandPoseSampler: Filter reset
03-27 06:18:51.350 18091 18205 I InputDevice_Hand: HANDTRACKING ADMIRE hand 0: hpm=1 -> shared=0
03-27 06:18:51.350 18091 18205 I [CT]    : HandPoseSampler: Filter reset
03-27 06:18:51.350 18091 18205 I InputDevice_Hand: HANDTRACKING ADMIRE hand 1: hpm=1 -> shared=0
03-27 06:18:51.364 18091 18205 I [CT]    : HandPoseSampler: Filter reset
03-27 06:18:51.364 18091 18205 I InputDevice_Hand: HANDTRACKING ADMIRE hand 0: hpm=1 -> shared=0
03-27 06:18:51.364 18091 18205 I [CT]    : HandPoseSampler: Filter reset
03-27 06:18:51.364 18091 18205 I InputDevice_Hand: HANDTRACKING ADMIRE hand 1: hpm=1 -> shared=0
03-27 06:18:51.366 18091 18205 I OpenXR_Anchor: xrQuerySpacesFB: split anchor query enabled
03-27 06:18:51.366  4500 18556 I [CT]    : SP:AP:AnchorPersistenceRuntimeIpcServer: checkRPC start: sessionUuid:de76105c-3765-3cfc-f025-996364c4337d, clientId:3936617581, givenPackageName:com.oculus.vrshell
03-27 06:18:51.366  4500 18556 I [CT]    : SP:AP:AnchorPersistenceRuntimeIpcServer: checkPackageAccess - detectedPackageName:com.oculus.vrshell, detectedProcessName:com.oculus.vrshell, givenPackageName:com.oculus.vrshell
03-27 06:18:51.366  4500 18556 I [CT]    : SP:AP:AnchorPersistenceRuntimeIpcServer: checkRPC package name matches: sessionUuid:de76105c-3765-3cfc-f025-996364c4337d, clientId:3936617581, givenPackageName:com.oculus.vrshell, detectedPackageName:com.oculus.vrshell, detectedProcessName:com.oculus.vrshell
03-27 06:18:51.366  4500 18556 I [CT]    : SP:AP:AnchorPersistenceRuntimeIpcServer: queryAvailableAnchorsSMV2: clientId: 3936617581, maxAnchors: 500, filter: 0, queryMultipleRoomsEnabledByOpenXrVersion: true, source: 1, appId: com.oculus.vrshell
03-27 06:18:51.366  4500 18556 I [CT]    : SP:AP:AnchorPersistenceConfig: getSceneRuntimePermissionEnabled: USE_SCENE permission is enabled on this device
03-27 06:18:51.366  4500 18556 I [CT]    : SP:AP:AnchorPersistenceScenePermissions: hasClientGrantedScenePermission: USE_SCENE permission is enabled on this device, check client 3936617581, grant is true
03-27 06:18:51.366  4500 18556 I [CT]    : SP:AP:AnchorPersistenceConfig: getSceneRuntimePermissionEnabled: USE_SCENE permission is enabled on this device
03-27 06:18:51.367  4500 18556 I [CT]    : SP:SceneAnchorFilterUtil: filterSceneDataByPermission: com.oculus.vrshell permission check passed, keep scene data. anchors size: 0
03-27 06:18:51.378 18091 18205 I [CT]    : HandPoseSampler: Filter reset
03-27 06:18:51.378 18091 18205 I InputDevice_Hand: HANDTRACKING ADMIRE hand 0: hpm=1 -> shared=0
03-27 06:18:51.378 18091 18205 I [CT]    : HandPoseSampler: Filter reset
03-27 06:18:51.378 18091 18205 I InputDevice_Hand: HANDTRACKING ADMIRE hand 1: hpm=1 -> shared=0
03-27 06:18:51.392 18091 18205 I [CT]    : HandPoseSampler: Filter reset
03-27 06:18:51.392 18091 18205 I InputDevice_Hand: HANDTRACKING ADMIRE hand 0: hpm=1 -> shared=0
03-27 06:18:51.392 18091 18205 I [CT]    : HandPoseSampler: Filter reset
03-27 06:18:51.392 18091 18205 I InputDevice_Hand: HANDTRACKING ADMIRE hand 1: hpm=1 -> shared=0
03-27 06:18:51.406 18091 18205 I [CT]    : HandPoseSampler: Filter reset
03-27 06:18:51.406 18091 18205 I InputDevice_Hand: HANDTRACKING ADMIRE hand 0: hpm=1 -> shared=0
03-27 06:18:51.406 18091 18205 I [CT]    : HandPoseSampler: Filter reset
03-27 06:18:51.406 18091 18205 I InputDevice_Hand: HANDTRACKING ADMIRE hand 1: hpm=1 -> shared=0
03-27 06:18:51.407   927 19557 I libcamerahal: [INSIGHTS][2.00s] recv/ret/req heartbeat: cam4: 145/144/0, cam5: 144/144/0
03-27 06:18:51.407   927 19557 I libcamerahal: [INSIGHTS][2.00s] recv/ret/req heartbeat: cam0: 120/120/0, cam1: 120/120/0, cam2: 120/120/0, cam3: 120/120/0
03-27 06:18:51.408   897  8147 W Tracking: IoteLogging: IMU Update exceeded imu sampling period: update=0.001385688 [sec], period=0.001250000 [sec].
03-27 06:18:51.419 18091 18205 I [CT]    : HandPoseSampler: Filter reset
03-27 06:18:51.419 18091 18205 I InputDevice_Hand: HANDTRACKING ADMIRE hand 0: hpm=1 -> shared=0
03-27 06:18:51.419 18091 18205 I [CT]    : HandPoseSampler: Filter reset
03-27 06:18:51.419 18091 18205 I InputDevice_Hand: HANDTRACKING ADMIRE hand 1: hpm=1 -> shared=0
03-27 06:18:51.426   897  1854 I Tracking: CONSTELLATION_Right: [Throttled count=90] P+C Right: Applying Consistent Zero Velocity Update during slow motion.
03-27 06:18:51.428  7325 10068 I HorizonDsatHelper: fetchTokenValueAsync - callingPackage: com.oculus.horizon, actionName: com.oculus.auth.ACTION_FETCH_HORIZON_DEVICE_SCOPED_CREDENTIALS
03-27 06:18:51.428  7325 10068 I HorizonDsatHelper: fetchTokenAsync - forceRefresh: false, actionName: com.oculus.auth.ACTION_FETCH_HORIZON_DEVICE_SCOPED_CREDENTIALS
03-27 06:18:51.428  7325 10068 I HorizonDsatHelper: Returning stored token
03-27 06:18:51.428  7325 10068 I AuthLogger: Action succeeded: OBTAIN_TOKEN, callingPackage: com.oculus.horizon, accountType: com.oculus, tokenType: dsat, extras: {logging_source=HorizonDsatHelper, options={"forceRefresh":false,"method":"fetchTokenValueAsync","isCachedToken":true}, token_scope=ROOT, outcome=token, status=success}, duration: 0ms
03-27 06:18:51.428  7325 10068 I HorizonDsatHelper: fetchTokenAsync:: OnResult - callingPackage: com.oculus.horizon, actionName: com.oculus.auth.ACTION_FETCH_HORIZON_DEVICE_SCOPED_CREDENTIALS, forceRefresh: false, isResultPresent: true
03-27 06:18:51.433 18091 18205 I [CT]    : HandPoseSampler: Filter reset
03-27 06:18:51.433 18091 18205 I InputDevice_Hand: HANDTRACKING ADMIRE hand 0: hpm=1 -> shared=0
03-27 06:18:51.433 18091 18205 I [CT]    : HandPoseSampler: Filter reset
03-27 06:18:51.433 18091 18205 I InputDevice_Hand: HANDTRACKING ADMIRE hand 1: hpm=1 -> shared=0
03-27 06:18:51.447 18091 18205 I [CT]    : HandPoseSampler: Filter reset
03-27 06:18:51.447 18091 18205 I InputDevice_Hand: HANDTRACKING ADMIRE hand 0: hpm=1 -> shared=0
03-27 06:18:51.447 18091 18205 I [CT]    : HandPoseSampler: Filter reset
03-27 06:18:51.447 18091 18205 I InputDevice_Hand: HANDTRACKING ADMIRE hand 1: hpm=1 -> shared=0
03-27 06:18:51.461 18091 18205 I [CT]    : HandPoseSampler: Filter reset
03-27 06:18:51.461 18091 18205 I InputDevice_Hand: HANDTRACKING ADMIRE hand 0: hpm=1 -> shared=0
03-27 06:18:51.461 18091 18205 I [CT]    : HandPoseSampler: Filter reset
03-27 06:18:51.461 18091 18205 I InputDevice_Hand: HANDTRACKING ADMIRE hand 1: hpm=1 -> shared=0
03-27 06:18:51.475 18091 18205 I [CT]    : HandPoseSampler: Filter reset
03-27 06:18:51.475 18091 18205 I InputDevice_Hand: HANDTRACKING ADMIRE hand 0: hpm=1 -> shared=0
03-27 06:18:51.475 18091 18205 I [CT]    : HandPoseSampler: Filter reset
03-27 06:18:51.475 18091 18205 I InputDevice_Hand: HANDTRACKING ADMIRE hand 1: hpm=1 -> shared=0
03-27 06:18:51.477 18091 18205 I OpenXR_Anchor: xrQuerySpacesFB: split anchor query enabled
03-27 06:18:51.477  4500 18556 I [CT]    : SP:AP:AnchorPersistenceRuntimeIpcServer: checkRPC start: sessionUuid:de76105c-3765-3cfc-f025-996364c4337d, clientId:3936617581, givenPackageName:com.oculus.vrshell
03-27 06:18:51.477  4500 18556 I [CT]    : SP:AP:AnchorPersistenceRuntimeIpcServer: checkPackageAccess - detectedPackageName:com.oculus.vrshell, detectedProcessName:com.oculus.vrshell, givenPackageName:com.oculus.vrshell
03-27 06:18:51.477  4500 18556 I [CT]    : SP:AP:AnchorPersistenceRuntimeIpcServer: checkRPC package name matches: sessionUuid:de76105c-3765-3cfc-f025-996364c4337d, clientId:3936617581, givenPackageName:com.oculus.vrshell, detectedPackageName:com.oculus.vrshell, detectedProcessName:com.oculus.vrshell
03-27 06:18:51.477  4500 18556 I [CT]    : SP:AP:AnchorPersistenceRuntimeIpcServer: queryAvailableAnchorsSMV2: clientId: 3936617581, maxAnchors: 500, filter: 0, queryMultipleRoomsEnabledByOpenXrVersion: true, source: 1, appId: com.oculus.vrshell
03-27 06:18:51.477  4500 18556 I [CT]    : SP:AP:AnchorPersistenceConfig: getSceneRuntimePermissionEnabled: USE_SCENE permission is enabled on this device
03-27 06:18:51.477  4500 18556 I [CT]    : SP:AP:AnchorPersistenceScenePermissions: hasClientGrantedScenePermission: USE_SCENE permission is enabled on this device, check client 3936617581, grant is true
03-27 06:18:51.477  4500 18556 I [CT]    : SP:AP:AnchorPersistenceConfig: getSceneRuntimePermissionEnabled: USE_SCENE permission is enabled on this device
03-27 06:18:51.478  4500 18556 I [CT]    : SP:SceneAnchorFilterUtil: filterSceneDataByPermission: com.oculus.vrshell permission check passed, keep scene data. anchors size: 0
03-27 06:18:51.489 18091 18205 I [CT]    : HandPoseSampler: Filter reset
03-27 06:18:51.489 18091 18205 I InputDevice_Hand: HANDTRACKING ADMIRE hand 0: hpm=1 -> shared=0
03-27 06:18:51.489 18091 18205 I [CT]    : HandPoseSampler: Filter reset
03-27 06:18:51.489 18091 18205 I InputDevice_Hand: HANDTRACKING ADMIRE hand 1: hpm=1 -> shared=0
03-27 06:18:51.502  4500  4806 I DynamicObjectClient: Query Dynamic Object Tracker anchors
03-27 06:18:51.502  4500  4806 I DynamicObjectClient: Object in query has empty predictions or tracking flags
03-27 06:18:51.503 18091 18205 I [CT]    : HandPoseSampler: Filter reset
03-27 06:18:51.503 18091 18205 I InputDevice_Hand: HANDTRACKING ADMIRE hand 0: hpm=1 -> shared=0
03-27 06:18:51.503 18091 18205 I [CT]    : HandPoseSampler: Filter reset
03-27 06:18:51.503 18091 18205 I InputDevice_Hand: HANDTRACKING ADMIRE hand 1: hpm=1 -> shared=0
03-27 06:18:51.516 18091 18205 I [CT]    : HandPoseSampler: Filter reset
03-27 06:18:51.516 18091 18205 I InputDevice_Hand: HANDTRACKING ADMIRE hand 0: hpm=1 -> shared=0
03-27 06:18:51.516 18091 18205 I [CT]    : HandPoseSampler: Filter reset
03-27 06:18:51.516 18091 18205 I InputDevice_Hand: HANDTRACKING ADMIRE hand 1: hpm=1 -> shared=0
03-27 06:18:51.530 18091 18205 I [CT]    : HandPoseSampler: Filter reset
03-27 06:18:51.531 18091 18205 I InputDevice_Hand: HANDTRACKING ADMIRE hand 0: hpm=1 -> shared=0
03-27 06:18:51.531 18091 18205 I [CT]    : HandPoseSampler: Filter reset
03-27 06:18:51.531 18091 18205 I InputDevice_Hand: HANDTRACKING ADMIRE hand 1: hpm=1 -> shared=0
03-27 06:18:51.544 18091 18205 I [CT]    : HandPoseSampler: Filter reset
03-27 06:18:51.544 18091 18205 I InputDevice_Hand: HANDTRACKING ADMIRE hand 0: hpm=1 -> shared=0
03-27 06:18:51.544 18091 18205 I [CT]    : HandPoseSampler: Filter reset
03-27 06:18:51.544 18091 18205 I InputDevice_Hand: HANDTRACKING ADMIRE hand 1: hpm=1 -> shared=0
03-27 06:18:51.558 18091 18205 I [CT]    : HandPoseSampler: Filter reset
03-27 06:18:51.558 18091 18205 I InputDevice_Hand: HANDTRACKING ADMIRE hand 0: hpm=1 -> shared=0
03-27 06:18:51.558 18091 18205 I [CT]    : HandPoseSampler: Filter reset
03-27 06:18:51.558 18091 18205 I InputDevice_Hand: HANDTRACKING ADMIRE hand 1: hpm=1 -> shared=0
03-27 06:18:51.565   897  8215 W Tracking: CONSTELLATION_Left: [Throttled count=503] P+C Left: Could not retrieve 3dof fallback pose.
03-27 06:18:51.571 18091 18205 I [CT]    : HandPoseSampler: Filter reset
03-27 06:18:51.571 18091 18205 I InputDevice_Hand: HANDTRACKING ADMIRE hand 0: hpm=1 -> shared=0
03-27 06:18:51.571 18091 18205 I [CT]    : HandPoseSampler: Filter reset
03-27 06:18:51.571 18091 18205 I InputDevice_Hand: HANDTRACKING ADMIRE hand 1: hpm=1 -> shared=0
03-27 06:18:51.586 18091 18205 I [CT]    : HandPoseSampler: Filter reset
03-27 06:18:51.586 18091 18205 I InputDevice_Hand: HANDTRACKING ADMIRE hand 0: hpm=1 -> shared=0
03-27 06:18:51.586 18091 18205 I [CT]    : HandPoseSampler: Filter reset
03-27 06:18:51.586 18091 18205 I InputDevice_Hand: HANDTRACKING ADMIRE hand 1: hpm=1 -> shared=0
03-27 06:18:51.588 18091 18205 I OpenXR_Anchor: xrQuerySpacesFB: split anchor query enabled
03-27 06:18:51.588  4500 18556 I [CT]    : SP:AP:AnchorPersistenceRuntimeIpcServer: checkRPC start: sessionUuid:de76105c-3765-3cfc-f025-996364c4337d, clientId:3936617581, givenPackageName:com.oculus.vrshell
03-27 06:18:51.588  4500 18556 I [CT]    : SP:AP:AnchorPersistenceRuntimeIpcServer: checkPackageAccess - detectedPackageName:com.oculus.vrshell, detectedProcessName:com.oculus.vrshell, givenPackageName:com.oculus.vrshell
03-27 06:18:51.588  4500 18556 I [CT]    : SP:AP:AnchorPersistenceRuntimeIpcServer: checkRPC package name matches: sessionUuid:de76105c-3765-3cfc-f025-996364c4337d, clientId:3936617581, givenPackageName:com.oculus.vrshell, detectedPackageName:com.oculus.vrshell, detectedProcessName:com.oculus.vrshell
03-27 06:18:51.588  4500 18556 I [CT]    : SP:AP:AnchorPersistenceRuntimeIpcServer: queryAvailableAnchorsSMV2: clientId: 3936617581, maxAnchors: 500, filter: 0, queryMultipleRoomsEnabledByOpenXrVersion: true, source: 1, appId: com.oculus.vrshell
03-27 06:18:51.588  4500 18556 I [CT]    : SP:AP:AnchorPersistenceConfig: getSceneRuntimePermissionEnabled: USE_SCENE permission is enabled on this device
03-27 06:18:51.588  4500 18556 I [CT]    : SP:AP:AnchorPersistenceScenePermissions: hasClientGrantedScenePermission: USE_SCENE permission is enabled on this device, check client 3936617581, grant is true
03-27 06:18:51.588  4500 18556 I [CT]    : SP:AP:AnchorPersistenceConfig: getSceneRuntimePermissionEnabled: USE_SCENE permission is enabled on this device
03-27 06:18:51.589  4500 18556 I [CT]    : SP:SceneAnchorFilterUtil: filterSceneDataByPermission: com.oculus.vrshell permission check passed, keep scene data. anchors size: 0
03-27 06:18:51.600 18091 18205 I [CT]    : HandPoseSampler: Filter reset
03-27 06:18:51.600 18091 18205 I InputDevice_Hand: HANDTRACKING ADMIRE hand 0: hpm=1 -> shared=0
03-27 06:18:51.600 18091 18205 I [CT]    : HandPoseSampler: Filter reset
03-27 06:18:51.600 18091 18205 I InputDevice_Hand: HANDTRACKING ADMIRE hand 1: hpm=1 -> shared=0
03-27 06:18:51.614 18091 18205 I [CT]    : HandPoseSampler: Filter reset
03-27 06:18:51.614 18091 18205 I InputDevice_Hand: HANDTRACKING ADMIRE hand 0: hpm=1 -> shared=0
03-27 06:18:51.614 18091 18205 I [CT]    : HandPoseSampler: Filter reset
03-27 06:18:51.614 18091 18205 I InputDevice_Hand: HANDTRACKING ADMIRE hand 1: hpm=1 -> shared=0
03-27 06:18:51.616   920  8050 I VD628x  : Flicker results: freq 120.000000, max 119.821892, dcr 33.032753, pct 0.040489, idx 0.012921, conf 0.912060, snr 10.273335, svm 0.070485, sus 0
03-27 06:18:51.627 18091 18205 I [CT]    : HandPoseSampler: Filter reset
03-27 06:18:51.627 18091 18205 I InputDevice_Hand: HANDTRACKING ADMIRE hand 0: hpm=1 -> shared=0
03-27 06:18:51.628 18091 18205 I [CT]    : HandPoseSampler: Filter reset
03-27 06:18:51.628 18091 18205 I InputDevice_Hand: HANDTRACKING ADMIRE hand 1: hpm=1 -> shared=0
03-27 06:18:51.642 18091 18205 I [CT]    : HandPoseSampler: Filter reset
03-27 06:18:51.642 18091 18205 I InputDevice_Hand: HANDTRACKING ADMIRE hand 0: hpm=1 -> shared=0
03-27 06:18:51.642 18091 18205 I [CT]    : HandPoseSampler: Filter reset
03-27 06:18:51.642 18091 18205 I InputDevice_Hand: HANDTRACKING ADMIRE hand 1: hpm=1 -> shared=0
03-27 06:18:51.655 18091 18205 I [CT]    : HandPoseSampler: Filter reset
03-27 06:18:51.656 18091 18205 I InputDevice_Hand: HANDTRACKING ADMIRE hand 0: hpm=1 -> shared=0
03-27 06:18:51.656 18091 18205 I [CT]    : HandPoseSampler: Filter reset
03-27 06:18:51.656 18091 18205 I InputDevice_Hand: HANDTRACKING ADMIRE hand 1: hpm=1 -> shared=0
03-27 06:18:51.669 18091 18205 I [CT]    : HandPoseSampler: Filter reset
03-27 06:18:51.669 18091 18205 I InputDevice_Hand: HANDTRACKING ADMIRE hand 0: hpm=1 -> shared=0
03-27 06:18:51.669 18091 18205 I [CT]    : HandPoseSampler: Filter reset
03-27 06:18:51.669 18091 18205 I InputDevice_Hand: HANDTRACKING ADMIRE hand 1: hpm=1 -> shared=0
03-27 06:18:51.683 18091 18205 I [CT]    : HandPoseSampler: Filter reset
03-27 06:18:51.683 18091 18205 I InputDevice_Hand: HANDTRACKING ADMIRE hand 0: hpm=1 -> shared=0
03-27 06:18:51.683 18091 18205 I [CT]    : HandPoseSampler: Filter reset
03-27 06:18:51.683 18091 18205 I InputDevice_Hand: HANDTRACKING ADMIRE hand 1: hpm=1 -> shared=0
03-27 06:18:51.686 18091 18457 W ShellHsr: Renderer: RenderableFilter has 97 tags, which is more than 10. This is expected to be rare. If this becomes common, consider changing RenderableFilter logic to use something other than linear searches for filtering renderable tags (like registered bitsets).
03-27 06:18:51.697 18091 18205 I [CT]    : HandPoseSampler: Filter reset
03-27 06:18:51.697 18091 18205 I InputDevice_Hand: HANDTRACKING ADMIRE hand 0: hpm=1 -> shared=0
03-27 06:18:51.697 18091 18205 I [CT]    : HandPoseSampler: Filter reset
03-27 06:18:51.697 18091 18205 I InputDevice_Hand: HANDTRACKING ADMIRE hand 1: hpm=1 -> shared=0
03-27 06:18:51.699 18091 18205 I OpenXR_Anchor: xrQuerySpacesFB: split anchor query enabled
03-27 06:18:51.700  4500 18556 I [CT]    : SP:AP:AnchorPersistenceRuntimeIpcServer: checkRPC start: sessionUuid:de76105c-3765-3cfc-f025-996364c4337d, clientId:3936617581, givenPackageName:com.oculus.vrshell
03-27 06:18:51.700  4500 18556 I [CT]    : SP:AP:AnchorPersistenceRuntimeIpcServer: checkPackageAccess - detectedPackageName:com.oculus.vrshell, detectedProcessName:com.oculus.vrshell, givenPackageName:com.oculus.vrshell
03-27 06:18:51.700  4500 18556 I [CT]    : SP:AP:AnchorPersistenceRuntimeIpcServer: checkRPC package name matches: sessionUuid:de76105c-3765-3cfc-f025-996364c4337d, clientId:3936617581, givenPackageName:com.oculus.vrshell, detectedPackageName:com.oculus.vrshell, detectedProcessName:com.oculus.vrshell
03-27 06:18:51.700  4500 18556 I [CT]    : SP:AP:AnchorPersistenceRuntimeIpcServer: queryAvailableAnchorsSMV2: clientId: 3936617581, maxAnchors: 500, filter: 0, queryMultipleRoomsEnabledByOpenXrVersion: true, source: 1, appId: com.oculus.vrshell
03-27 06:18:51.700  4500 18556 I [CT]    : SP:SM:SceneManager: queryAvailableAnchors: maxAnchors: 500, filter: 0, queryMultipleRoomsEnabledByOpenXrVersion: true, source: 1, appId: com.oculus.vrshell
03-27 06:18:51.700  4500 18556 I [CT]    : SP:AP:AnchorPersistenceConfig: getSceneRuntimePermissionEnabled: USE_SCENE permission is enabled on this device
03-27 06:18:51.700  4500 18556 I [CT]    : SP:AP:AnchorPersistenceScenePermissions: hasClientGrantedScenePermission: USE_SCENE permission is enabled on this device, check client 3936617581, grant is true
03-27 06:18:51.700  4500 18556 I [CT]    : SP:AP:AnchorPersistenceConfig: getSceneRuntimePermissionEnabled: USE_SCENE permission is enabled on this device
03-27 06:18:51.701  4500 18556 I [CT]    : SP:SceneAnchorFilterUtil: filterSceneDataByPermission: com.oculus.vrshell permission check passed, keep scene data. anchors size: 0
03-27 06:18:51.711 18091 18205 I [CT]    : HandPoseSampler: Filter reset
03-27 06:18:51.711 18091 18205 I InputDevice_Hand: HANDTRACKING ADMIRE hand 0: hpm=1 -> shared=0
03-27 06:18:51.711 18091 18205 I [CT]    : HandPoseSampler: Filter reset
03-27 06:18:51.711 18091 18205 I InputDevice_Hand: HANDTRACKING ADMIRE hand 1: hpm=1 -> shared=0
03-27 06:18:51.725 18091 18205 I [CT]    : HandPoseSampler: Filter reset
03-27 06:18:51.725 18091 18205 I InputDevice_Hand: HANDTRACKING ADMIRE hand 0: hpm=1 -> shared=0
03-27 06:18:51.725 18091 18205 I [CT]    : HandPoseSampler: Filter reset
03-27 06:18:51.725 18091 18205 I InputDevice_Hand: HANDTRACKING ADMIRE hand 1: hpm=1 -> shared=0
03-27 06:18:51.739 18091 18205 I [CT]    : HandPoseSampler: Filter reset
03-27 06:18:51.739 18091 18205 I InputDevice_Hand: HANDTRACKING ADMIRE hand 0: hpm=1 -> shared=0
03-27 06:18:51.739 18091 18205 I [CT]    : HandPoseSampler: Filter reset
03-27 06:18:51.739 18091 18205 I InputDevice_Hand: HANDTRACKING ADMIRE hand 1: hpm=1 -> shared=0
03-27 06:18:51.753 18091 18205 I [CT]    : HandPoseSampler: Filter reset
03-27 06:18:51.753 18091 18205 I InputDevice_Hand: HANDTRACKING ADMIRE hand 0: hpm=1 -> shared=0
03-27 06:18:51.753 18091 18205 I [CT]    : HandPoseSampler: Filter reset
03-27 06:18:51.753 18091 18205 I InputDevice_Hand: HANDTRACKING ADMIRE hand 1: hpm=1 -> shared=0
03-27 06:18:51.767 18091 18205 I [CT]    : HandPoseSampler: Filter reset
03-27 06:18:51.767 18091 18205 I InputDevice_Hand: HANDTRACKING ADMIRE hand 0: hpm=1 -> shared=0
03-27 06:18:51.767 18091 18205 I [CT]    : HandPoseSampler: Filter reset
03-27 06:18:51.767 18091 18205 I InputDevice_Hand: HANDTRACKING ADMIRE hand 1: hpm=1 -> shared=0
03-27 06:18:51.780 18091 18205 I [CT]    : HandPoseSampler: Filter reset
03-27 06:18:51.780 18091 18205 I InputDevice_Hand: HANDTRACKING ADMIRE hand 0: hpm=1 -> shared=0
03-27 06:18:51.780 18091 18205 I [CT]    : HandPoseSampler: Filter reset
03-27 06:18:51.780 18091 18205 I InputDevice_Hand: HANDTRACKING ADMIRE hand 1: hpm=1 -> shared=0
03-27 06:18:51.794 18091 18205 I [CT]    : HandPoseSampler: Filter reset
03-27 06:18:51.794 18091 18205 I InputDevice_Hand: HANDTRACKING ADMIRE hand 0: hpm=1 -> shared=0
03-27 06:18:51.794 18091 18205 I [CT]    : HandPoseSampler: Filter reset
03-27 06:18:51.794 18091 18205 I InputDevice_Hand: HANDTRACKING ADMIRE hand 1: hpm=1 -> shared=0
03-27 06:18:51.803 18224 18352 I AutoStationaryHelper: [AutoStationaryHelper::getGuardianDataFromNearbyRoomscale] Checking 1 existing guardian data
03-27 06:18:51.803 18224 18352 I GuardianMapDataMgr: [GuardianMapDataMgr::isValidTrackedRoomscale] [2575043440] Valid=yes, Roomscale=yes, Anchor [2cee9d32-7f24-ff1e-5555-ae309d8ea246] Tracked=yes
03-27 06:18:51.803 18224 18352 I AutoStationaryHelper: [AutoStationaryHelper::getGuardianDataFromNearbyRoomscale] [2575043440] Distance to HMD: 3.777417
03-27 06:18:51.807 18091 18205 I [CT]    : HandPoseSampler: Filter reset
03-27 06:18:51.807 18091 18205 I InputDevice_Hand: HANDTRACKING ADMIRE hand 0: hpm=1 -> shared=0
03-27 06:18:51.807 18091 18205 I [CT]    : HandPoseSampler: Filter reset
03-27 06:18:51.807 18091 18205 I InputDevice_Hand: HANDTRACKING ADMIRE hand 1: hpm=1 -> shared=0
03-27 06:18:51.809 18091 18205 I [CT]    : SP:AF:AnchorFramework: calculateRigidScenePose: Located 24 / 24 anchors in 87d8209f-8013-a8ea-0f3d-f1b4c56daa64 for calculating rigid scene pose for com.oculus.vrshell
03-27 06:18:51.809 18091 18205 I [CT]    : SP:AF:AnchorAccuracy: New Rigid Scene calculated using 24 anchors attached to 1 IAs. 0.11109763200511225 seconds since last update
03-27 06:18:51.809 18091 18205 I [CT]    : SP:AF:AnchorAccuracy: Translation difference (mean/min/max): 0.02361900112979735 0.004870625678449869 0.0388212576508522
03-27 06:18:51.809 18091 18205 I [CT]    : SP:AF:AnchorAccuracy: Rotation difference (mean/min/max): 0.011599751305766404 0.010449805296957493 0.023865800350904465
03-27 06:18:51.809 18091 18205 I [CT]    : SP:AF:AnchorAccuracy: New scene origin pose: -1.3883576393127441 -1.0442918539047241 -0.8151186108589172 : 0.5191869735717773 -0.5191869735717773 -0.4800468385219574 -0.4800467789173126
03-27 06:18:51.809 18091 18205 I [CT]    : SP:AF:AnchorAccuracy: New scene origin pose moved: 1.6214216884691268e-06 translation 4.842304406338371e-07 rotation
03-27 06:18:51.810 18091 18205 I OpenXR_Anchor: xrQuerySpacesFB: split anchor query enabled
03-27 06:18:51.810  4500 18556 I [CT]    : SP:AP:AnchorPersistenceRuntimeIpcServer: checkRPC start: sessionUuid:de76105c-3765-3cfc-f025-996364c4337d, clientId:3936617581, givenPackageName:com.oculus.vrshell
03-27 06:18:51.810  4500 18556 I [CT]    : SP:AP:AnchorPersistenceRuntimeIpcServer: checkPackageAccess - detectedPackageName:com.oculus.vrshell, detectedProcessName:com.oculus.vrshell, givenPackageName:com.oculus.vrshell
03-27 06:18:51.810  4500 18556 I [CT]    : SP:AP:AnchorPersistenceRuntimeIpcServer: checkRPC package name matches: sessionUuid:de76105c-3765-3cfc-f025-996364c4337d, clientId:3936617581, givenPackageName:com.oculus.vrshell, detectedPackageName:com.oculus.vrshell, detectedProcessName:com.oculus.vrshell
03-27 06:18:51.810  4500 18556 I [CT]    : SP:AP:AnchorPersistenceRuntimeIpcServer: queryAvailableAnchorsSMV2: clientId: 3936617581, maxAnchors: 500, filter: 0, queryMultipleRoomsEnabledByOpenXrVersion: true, source: 1, appId: com.oculus.vrshell
03-27 06:18:51.810  4500 18556 I [CT]    : SP:AP:AnchorPersistenceConfig: getSceneRuntimePermissionEnabled: USE_SCENE permission is enabled on this device
03-27 06:18:51.810  4500 18556 I [CT]    : SP:AP:AnchorPersistenceScenePermissions: hasClientGrantedScenePermission: USE_SCENE permission is enabled on this device, check client 3936617581, grant is true
03-27 06:18:51.810  4500 18556 I [CT]    : SP:AP:AnchorPersistenceConfig: getSceneRuntimePermissionEnabled: USE_SCENE permission is enabled on this device
03-27 06:18:51.811  4500 18556 I [CT]    : SP:SceneAnchorFilterUtil: filterSceneDataByPermission: com.oculus.vrshell permission check passed, keep scene data. anchors size: 0
03-27 06:18:51.822 18091 18205 I [CT]    : HandPoseSampler: Filter reset
03-27 06:18:51.822 18091 18205 I InputDevice_Hand: HANDTRACKING ADMIRE hand 0: hpm=1 -> shared=0
03-27 06:18:51.822 18091 18205 I [CT]    : HandPoseSampler: Filter reset
03-27 06:18:51.822 18091 18205 I InputDevice_Hand: HANDTRACKING ADMIRE hand 1: hpm=1 -> shared=0
03-27 06:18:51.836 18091 18205 I [CT]    : HandPoseSampler: Filter reset
03-27 06:18:51.836 18091 18205 I InputDevice_Hand: HANDTRACKING ADMIRE hand 0: hpm=1 -> shared=0
03-27 06:18:51.836 18091 18205 I [CT]    : HandPoseSampler: Filter reset
03-27 06:18:51.836 18091 18205 I InputDevice_Hand: HANDTRACKING ADMIRE hand 1: hpm=1 -> shared=0
03-27 06:18:51.850 18091 18205 I [CT]    : HandPoseSampler: Filter reset
03-27 06:18:51.850 18091 18205 I InputDevice_Hand: HANDTRACKING ADMIRE hand 0: hpm=1 -> shared=0
03-27 06:18:51.850 18091 18205 I [CT]    : HandPoseSampler: Filter reset
03-27 06:18:51.850 18091 18205 I InputDevice_Hand: HANDTRACKING ADMIRE hand 1: hpm=1 -> shared=0
03-27 06:18:51.863 18091 18205 I [CT]    : HandPoseSampler: Filter reset
03-27 06:18:51.863 18091 18205 I InputDevice_Hand: HANDTRACKING ADMIRE hand 0: hpm=1 -> shared=0
03-27 06:18:51.863 18091 18205 I [CT]    : HandPoseSampler: Filter reset
03-27 06:18:51.863 18091 18205 I InputDevice_Hand: HANDTRACKING ADMIRE hand 1: hpm=1 -> shared=0
03-27 06:18:51.877 18091 18205 I [CT]    : HandPoseSampler: Filter reset
03-27 06:18:51.877 18091 18205 I InputDevice_Hand: HANDTRACKING ADMIRE hand 0: hpm=1 -> shared=0
03-27 06:18:51.877 18091 18205 I [CT]    : HandPoseSampler: Filter reset
03-27 06:18:51.877 18091 18205 I InputDevice_Hand: HANDTRACKING ADMIRE hand 1: hpm=1 -> shared=0
03-27 06:18:51.891 18091 18205 I [CT]    : HandPoseSampler: Filter reset
03-27 06:18:51.891 18091 18205 I InputDevice_Hand: HANDTRACKING ADMIRE hand 0: hpm=1 -> shared=0
03-27 06:18:51.891 18091 18205 I [CT]    : HandPoseSampler: Filter reset
03-27 06:18:51.891 18091 18205 I InputDevice_Hand: HANDTRACKING ADMIRE hand 1: hpm=1 -> shared=0
03-27 06:18:51.902  1168  1344 I MRSS    : MIXEDREALITY: MrFeatureTelemetry: Processing 15 map points for slam-based metrics for timestamp 128251.880726.
03-27 06:18:51.905  1168  1344 I MRSS    : MIXEDREALITY: MrFeatureTelemetry: Passthrough Slam-based mesh metrics for telemetry completed. 128251.880726
03-27 06:18:51.906 18091 18205 I [CT]    : HandPoseSampler: Filter reset
03-27 06:18:51.906 18091 18205 I InputDevice_Hand: HANDTRACKING ADMIRE hand 0: hpm=1 -> shared=0
03-27 06:18:51.906 18091 18205 I [CT]    : HandPoseSampler: Filter reset
03-27 06:18:51.906 18091 18205 I InputDevice_Hand: HANDTRACKING ADMIRE hand 1: hpm=1 -> shared=0
03-27 06:18:51.919 18091 18205 I [CT]    : HandPoseSampler: Filter reset
03-27 06:18:51.919 18091 18205 I InputDevice_Hand: HANDTRACKING ADMIRE hand 0: hpm=1 -> shared=0
03-27 06:18:51.919 18091 18205 I [CT]    : HandPoseSampler: Filter reset
03-27 06:18:51.919 18091 18205 I InputDevice_Hand: HANDTRACKING ADMIRE hand 1: hpm=1 -> shared=0
03-27 06:18:51.921 18091 18205 I OpenXR_Anchor: xrQuerySpacesFB: split anchor query enabled
03-27 06:18:51.922  4500 18556 I [CT]    : SP:AP:AnchorPersistenceRuntimeIpcServer: checkRPC start: sessionUuid:de76105c-3765-3cfc-f025-996364c4337d, clientId:3936617581, givenPackageName:com.oculus.vrshell
03-27 06:18:51.922  4500 18556 I [CT]    : SP:AP:AnchorPersistenceRuntimeIpcServer: checkPackageAccess - detectedPackageName:com.oculus.vrshell, detectedProcessName:com.oculus.vrshell, givenPackageName:com.oculus.vrshell
03-27 06:18:51.922  4500 18556 I [CT]    : SP:AP:AnchorPersistenceRuntimeIpcServer: checkRPC package name matches: sessionUuid:de76105c-3765-3cfc-f025-996364c4337d, clientId:3936617581, givenPackageName:com.oculus.vrshell, detectedPackageName:com.oculus.vrshell, detectedProcessName:com.oculus.vrshell
03-27 06:18:51.922  4500 18556 I [CT]    : SP:AP:AnchorPersistenceRuntimeIpcServer: queryAvailableAnchorsSMV2: clientId: 3936617581, maxAnchors: 500, filter: 0, queryMultipleRoomsEnabledByOpenXrVersion: true, source: 1, appId: com.oculus.vrshell
03-27 06:18:51.922  4500 18556 I [CT]    : SP:AP:AnchorPersistenceConfig: getSceneRuntimePermissionEnabled: USE_SCENE permission is enabled on this device
03-27 06:18:51.922  4500 18556 I [CT]    : SP:AP:AnchorPersistenceScenePermissions: hasClientGrantedScenePermission: USE_SCENE permission is enabled on this device, check client 3936617581, grant is true
03-27 06:18:51.922  4500 18556 I [CT]    : SP:AP:AnchorPersistenceConfig: getSceneRuntimePermissionEnabled: USE_SCENE permission is enabled on this device
03-27 06:18:51.923  4500 18556 I [CT]    : SP:SceneAnchorFilterUtil: filterSceneDataByPermission: com.oculus.vrshell permission check passed, keep scene data. anchors size: 0
03-27 06:18:51.933 18091 18205 I [CT]    : HandPoseSampler: Filter reset
03-27 06:18:51.933 18091 18205 I InputDevice_Hand: HANDTRACKING ADMIRE hand 0: hpm=1 -> shared=0
03-27 06:18:51.933 18091 18205 I [CT]    : HandPoseSampler: Filter reset
03-27 06:18:51.933 18091 18205 I InputDevice_Hand: HANDTRACKING ADMIRE hand 1: hpm=1 -> shared=0
03-27 06:18:51.946 18091 18205 I [CT]    : HandPoseSampler: Filter reset
03-27 06:18:51.947 18091 18205 I InputDevice_Hand: HANDTRACKING ADMIRE hand 0: hpm=1 -> shared=0
03-27 06:18:51.947 18091 18205 I [CT]    : HandPoseSampler: Filter reset
03-27 06:18:51.947 18091 18205 I InputDevice_Hand: HANDTRACKING ADMIRE hand 1: hpm=1 -> shared=0
03-27 06:18:51.961 18091 18205 I [CT]    : HandPoseSampler: Filter reset
03-27 06:18:51.961 18091 18205 I InputDevice_Hand: HANDTRACKING ADMIRE hand 0: hpm=1 -> shared=0
03-27 06:18:51.961 18091 18205 I [CT]    : HandPoseSampler: Filter reset
03-27 06:18:51.961 18091 18205 I InputDevice_Hand: HANDTRACKING ADMIRE hand 1: hpm=1 -> shared=0
03-27 06:18:51.974 18091 18205 I [CT]    : HandPoseSampler: Filter reset
03-27 06:18:51.974 18091 18205 I InputDevice_Hand: HANDTRACKING ADMIRE hand 0: hpm=1 -> shared=0
03-27 06:18:51.974 18091 18205 I [CT]    : HandPoseSampler: Filter reset
03-27 06:18:51.974 18091 18205 I InputDevice_Hand: HANDTRACKING ADMIRE hand 1: hpm=1 -> shared=0
03-27 06:18:51.984  5144 24453 W MetaCamNative (streaming_cast_agent): StreamingCastAgent::SendPingMessage() - socket_id=11
03-27 06:18:51.984  5144 24453 W MetaCamNative (streaming_cast_agent): StreamingCastAgent::SendPingMessage() - socket_id=11
03-27 06:18:51.989 18091 18205 I [CT]    : HandPoseSampler: Filter reset
03-27 06:18:51.989 18091 18205 I InputDevice_Hand: HANDTRACKING ADMIRE hand 0: hpm=1 -> shared=0
03-27 06:18:51.989 18091 18205 I [CT]    : HandPoseSampler: Filter reset
03-27 06:18:51.989 18091 18205 I InputDevice_Hand: HANDTRACKING ADMIRE hand 1: hpm=1 -> shared=0
03-27 06:18:52.003 18091 18205 I [CT]    : HandPoseSampler: Filter reset
03-27 06:18:52.003 18091 18205 I InputDevice_Hand: HANDTRACKING ADMIRE hand 0: hpm=1 -> shared=0
03-27 06:18:52.003 18091 18205 I [CT]    : HandPoseSampler: Filter reset
03-27 06:18:52.003 18091 18205 I InputDevice_Hand: HANDTRACKING ADMIRE hand 1: hpm=1 -> shared=0
03-27 06:18:52.016 18091 18205 I [CT]    : HandPoseSampler: Filter reset
03-27 06:18:52.016 18091 18205 I InputDevice_Hand: HANDTRACKING ADMIRE hand 0: hpm=1 -> shared=0
03-27 06:18:52.016 18091 18205 I [CT]    : HandPoseSampler: Filter reset
03-27 06:18:52.016 18091 18205 I InputDevice_Hand: HANDTRACKING ADMIRE hand 1: hpm=1 -> shared=0
03-27 06:18:52.028 18091  8056 I VrApi   : FPS=73/72,Prd=23ms,Tear=0,Early=0,Stale=0,Stale2/5/10/max=0/0/0/0,VSnc=1,Lat=-4,Fov=3,CPU4/GPU=-1/-1,1920/545MHz,OC=3F,TA=0/0/0,SP=N/N/N,Mem=2736MHz,Free=2985MB,PLS=0,Temp=33.0C/0.0C,TW=1.31ms,App=0.78ms,GD=0.00ms,CPU&GPU=6.12ms,LCnt=4(DR73,LM2),GPU%=0.17,CPU%=0.24(W0.31),CFL=11.94/15.52,ICFLp95=14.12,LD=0,CABC=1,SF=0.78,LP=1,DVFS=0,ShrpLCnt=1,ShrpR=0.000,SSLCnt=1/2,Preempt=166,PoseAgeP95=0.00
03-27 06:18:52.028 18091  8056 I VrApi   : ASW=0,Type=PTWFromStereo,E=0.000/0.000,D=0.000/0.000
03-27 06:18:52.030 18091 18205 I [CT]    : HandPoseSampler: Filter reset
03-27 06:18:52.030 18091 18205 I InputDevice_Hand: HANDTRACKING ADMIRE hand 0: hpm=1 -> shared=0
03-27 06:18:52.030 18091 18205 I [CT]    : HandPoseSampler: Filter reset
03-27 06:18:52.030 18091 18205 I InputDevice_Hand: HANDTRACKING ADMIRE hand 1: hpm=1 -> shared=0
03-27 06:18:52.032 18091 18205 I OpenXR_Anchor: xrQuerySpacesFB: split anchor query enabled
03-27 06:18:52.032  4500 18556 I [CT]    : SP:AP:AnchorPersistenceRuntimeIpcServer: checkRPC start: sessionUuid:de76105c-3765-3cfc-f025-996364c4337d, clientId:3936617581, givenPackageName:com.oculus.vrshell
03-27 06:18:52.032  4500 18556 I [CT]    : SP:AP:AnchorPersistenceRuntimeIpcServer: checkPackageAccess - detectedPackageName:com.oculus.vrshell, detectedProcessName:com.oculus.vrshell, givenPackageName:com.oculus.vrshell
03-27 06:18:52.032  4500 18556 I [CT]    : SP:AP:AnchorPersistenceRuntimeIpcServer: checkRPC package name matches: sessionUuid:de76105c-3765-3cfc-f025-996364c4337d, clientId:3936617581, givenPackageName:com.oculus.vrshell, detectedPackageName:com.oculus.vrshell, detectedProcessName:com.oculus.vrshell
03-27 06:18:52.032  4500 18556 I [CT]    : SP:AP:AnchorPersistenceRuntimeIpcServer: queryAvailableAnchorsSMV2: clientId: 3936617581, maxAnchors: 500, filter: 0, queryMultipleRoomsEnabledByOpenXrVersion: true, source: 1, appId: com.oculus.vrshell
03-27 06:18:52.032  4500 18556 I [CT]    : SP:AP:AnchorPersistenceConfig: getSceneRuntimePermissionEnabled: USE_SCENE permission is enabled on this device
03-27 06:18:52.032  4500 18556 I [CT]    : SP:AP:AnchorPersistenceScenePermissions: hasClientGrantedScenePermission: USE_SCENE permission is enabled on this device, check client 3936617581, grant is true
03-27 06:18:52.032  4500 18556 I [CT]    : SP:AP:AnchorPersistenceConfig: getSceneRuntimePermissionEnabled: USE_SCENE permission is enabled on this device
03-27 06:18:52.033  4500 18556 I [CT]    : SP:SceneAnchorFilterUtil: filterSceneDataByPermission: com.oculus.vrshell permission check passed, keep scene data. anchors size: 0
03-27 06:18:52.044 18091 18205 I [CT]    : HandPoseSampler: Filter reset
03-27 06:18:52.044 18091 18205 I InputDevice_Hand: HANDTRACKING ADMIRE hand 0: hpm=1 -> shared=0
03-27 06:18:52.044 18091 18205 I [CT]    : HandPoseSampler: Filter reset
03-27 06:18:52.044 18091 18205 I InputDevice_Hand: HANDTRACKING ADMIRE hand 1: hpm=1 -> shared=0
03-27 06:18:52.057 18091 18205 I [CT]    : HandPoseSampler: Filter reset
03-27 06:18:52.058 18091 18205 I InputDevice_Hand: HANDTRACKING ADMIRE hand 0: hpm=1 -> shared=0
03-27 06:18:52.058 18091 18205 I [CT]    : HandPoseSampler: Filter reset
03-27 06:18:52.058 18091 18205 I InputDevice_Hand: HANDTRACKING ADMIRE hand 1: hpm=1 -> shared=0
03-27 06:18:52.071 18091 18205 I [CT]    : HandPoseSampler: Filter reset
03-27 06:18:52.071 18091 18205 I InputDevice_Hand: HANDTRACKING ADMIRE hand 0: hpm=1 -> shared=0
03-27 06:18:52.071 18091 18205 I [CT]    : HandPoseSampler: Filter reset
03-27 06:18:52.072 18091 18205 I InputDevice_Hand: HANDTRACKING ADMIRE hand 1: hpm=1 -> shared=0
03-27 06:18:52.086 18091 18205 I [CT]    : HandPoseSampler: Filter reset
03-27 06:18:52.086 18091 18205 I InputDevice_Hand: HANDTRACKING ADMIRE hand 0: hpm=1 -> shared=0
03-27 06:18:52.086 18091 18205 I [CT]    : HandPoseSampler: Filter reset
03-27 06:18:52.086 18091 18205 I InputDevice_Hand: HANDTRACKING ADMIRE hand 1: hpm=1 -> shared=0
03-27 06:18:52.100 18091 18205 I [CT]    : HandPoseSampler: Filter reset
03-27 06:18:52.100 18091 18205 I InputDevice_Hand: HANDTRACKING ADMIRE hand 0: hpm=1 -> shared=0
03-27 06:18:52.100 18091 18205 I [CT]    : HandPoseSampler: Filter reset
03-27 06:18:52.100 18091 18205 I InputDevice_Hand: HANDTRACKING ADMIRE hand 1: hpm=1 -> shared=0
03-27 06:18:52.106   897  1854 I Tracking: CONSTELLATION_Left: [Throttled count=181] P+C Left: Imu state is invalid when querying vision state!
03-27 06:18:52.106   897  1854 I Tracking: CONSTELLATION_Left: [Throttled count=90] P+C Left: Not reinitializing 6DoF filter yet (no valid pose from vision).
03-27 06:18:52.114 18091 18205 I [CT]    : HandPoseSampler: Filter reset
03-27 06:18:52.114 18091 18205 I InputDevice_Hand: HANDTRACKING ADMIRE hand 0: hpm=1 -> shared=0
03-27 06:18:52.114 18091 18205 I [CT]    : HandPoseSampler: Filter reset
03-27 06:18:52.114 18091 18205 I InputDevice_Hand: HANDTRACKING ADMIRE hand 1: hpm=1 -> shared=0
03-27 06:18:52.127 18091 18205 I [CT]    : HandPoseSampler: Filter reset
03-27 06:18:52.127 18091 18205 I InputDevice_Hand: HANDTRACKING ADMIRE hand 0: hpm=1 -> shared=0
03-27 06:18:52.127 18091 18205 I [CT]    : HandPoseSampler: Filter reset
03-27 06:18:52.127 18091 18205 I InputDevice_Hand: HANDTRACKING ADMIRE hand 1: hpm=1 -> shared=0
03-27 06:18:52.142 18091 18205 I [CT]    : HandPoseSampler: Filter reset
03-27 06:18:52.142 18091 18205 I InputDevice_Hand: HANDTRACKING ADMIRE hand 0: hpm=1 -> shared=0
03-27 06:18:52.142 18091 18205 I [CT]    : HandPoseSampler: Filter reset
03-27 06:18:52.142 18091 18205 I InputDevice_Hand: HANDTRACKING ADMIRE hand 1: hpm=1 -> shared=0
03-27 06:18:52.143 18091 18205 I OpenXR_Anchor: xrQuerySpacesFB: split anchor query enabled
03-27 06:18:52.144  4500 18556 I [CT]    : SP:AP:AnchorPersistenceRuntimeIpcServer: checkRPC start: sessionUuid:de76105c-3765-3cfc-f025-996364c4337d, clientId:3936617581, givenPackageName:com.oculus.vrshell
03-27 06:18:52.144  4500 18556 I [CT]    : SP:AP:AnchorPersistenceRuntimeIpcServer: checkPackageAccess - detectedPackageName:com.oculus.vrshell, detectedProcessName:com.oculus.vrshell, givenPackageName:com.oculus.vrshell
03-27 06:18:52.144  4500 18556 I [CT]    : SP:AP:AnchorPersistenceRuntimeIpcServer: checkRPC package name matches: sessionUuid:de76105c-3765-3cfc-f025-996364c4337d, clientId:3936617581, givenPackageName:com.oculus.vrshell, detectedPackageName:com.oculus.vrshell, detectedProcessName:com.oculus.vrshell
03-27 06:18:52.144  4500 18556 I [CT]    : SP:AP:AnchorPersistenceRuntimeIpcServer: queryAvailableAnchorsSMV2: clientId: 3936617581, maxAnchors: 500, filter: 0, queryMultipleRoomsEnabledByOpenXrVersion: true, source: 1, appId: com.oculus.vrshell
03-27 06:18:52.144  4500 18556 I [CT]    : SP:AP:AnchorPersistenceConfig: getSceneRuntimePermissionEnabled: USE_SCENE permission is enabled on this device
03-27 06:18:52.144  4500 18556 I [CT]    : SP:AP:AnchorPersistenceScenePermissions: hasClientGrantedScenePermission: USE_SCENE permission is enabled on this device, check client 3936617581, grant is true
03-27 06:18:52.144  4500 18556 I [CT]    : SP:AP:AnchorPersistenceConfig: getSceneRuntimePermissionEnabled: USE_SCENE permission is enabled on this device
03-27 06:18:52.145  4500 18556 I [CT]    : SP:SceneAnchorFilterUtil: filterSceneDataByPermission: com.oculus.vrshell permission check passed, keep scene data. anchors size: 0
03-27 06:18:52.155 18091 18205 I [CT]    : HandPoseSampler: Filter reset
03-27 06:18:52.156 18091 18205 I InputDevice_Hand: HANDTRACKING ADMIRE hand 0: hpm=1 -> shared=0
03-27 06:18:52.156 18091 18205 I [CT]    : HandPoseSampler: Filter reset
03-27 06:18:52.156 18091 18205 I InputDevice_Hand: HANDTRACKING ADMIRE hand 1: hpm=1 -> shared=0
03-27 06:18:52.169 18091 18205 I [CT]    : HandPoseSampler: Filter reset
03-27 06:18:52.169 18091 18205 I InputDevice_Hand: HANDTRACKING ADMIRE hand 0: hpm=1 -> shared=0
03-27 06:18:52.169 18091 18205 I [CT]    : HandPoseSampler: Filter reset
03-27 06:18:52.169 18091 18205 I InputDevice_Hand: HANDTRACKING ADMIRE hand 1: hpm=1 -> shared=0
03-27 06:18:52.183 18091 18205 I [CT]    : HandPoseSampler: Filter reset
03-27 06:18:52.183 18091 18205 I InputDevice_Hand: HANDTRACKING ADMIRE hand 0: hpm=1 -> shared=0
03-27 06:18:52.183 18091 18205 I [CT]    : HandPoseSampler: Filter reset
03-27 06:18:52.183 18091 18205 I InputDevice_Hand: HANDTRACKING ADMIRE hand 1: hpm=1 -> shared=0
03-27 06:18:52.197 18091 18205 I [CT]    : HandPoseSampler: Filter reset
03-27 06:18:52.197 18091 18205 I InputDevice_Hand: HANDTRACKING ADMIRE hand 0: hpm=1 -> shared=0
03-27 06:18:52.197 18091 18205 I [CT]    : HandPoseSampler: Filter reset
03-27 06:18:52.197 18091 18205 I InputDevice_Hand: HANDTRACKING ADMIRE hand 1: hpm=1 -> shared=0
03-27 06:18:52.210 18091 18205 I [CT]    : HandPoseSampler: Filter reset
03-27 06:18:52.210 18091 18205 I InputDevice_Hand: HANDTRACKING ADMIRE hand 0: hpm=1 -> shared=0
03-27 06:18:52.210 18091 18205 I [CT]    : HandPoseSampler: Filter reset
03-27 06:18:52.210 18091 18205 I InputDevice_Hand: HANDTRACKING ADMIRE hand 1: hpm=1 -> shared=0
03-27 06:18:52.225 18091 18205 I [CT]    : HandPoseSampler: Filter reset
03-27 06:18:52.225 18091 18205 I InputDevice_Hand: HANDTRACKING ADMIRE hand 0: hpm=1 -> shared=0
03-27 06:18:52.225 18091 18205 I [CT]    : HandPoseSampler: Filter reset
03-27 06:18:52.225 18091 18205 I InputDevice_Hand: HANDTRACKING ADMIRE hand 1: hpm=1 -> shared=0
03-27 06:18:52.238 18091 18205 I [CT]    : HandPoseSampler: Filter reset
03-27 06:18:52.238 18091 18205 I InputDevice_Hand: HANDTRACKING ADMIRE hand 0: hpm=1 -> shared=0
03-27 06:18:52.238 18091 18205 I [CT]    : HandPoseSampler: Filter reset
03-27 06:18:52.238 18091 18205 I InputDevice_Hand: HANDTRACKING ADMIRE hand 1: hpm=1 -> shared=0
03-27 06:18:52.252 18091 18205 I [CT]    : HandPoseSampler: Filter reset
03-27 06:18:52.252 18091 18205 I InputDevice_Hand: HANDTRACKING ADMIRE hand 0: hpm=1 -> shared=0
03-27 06:18:52.252 18091 18205 I [CT]    : HandPoseSampler: Filter reset
03-27 06:18:52.252 18091 18205 I InputDevice_Hand: HANDTRACKING ADMIRE hand 1: hpm=1 -> shared=0
03-27 06:18:52.254 18091 18205 I OpenXR_Anchor: xrQuerySpacesFB: split anchor query enabled
03-27 06:18:52.254  4500 18556 I [CT]    : SP:AP:AnchorPersistenceRuntimeIpcServer: checkRPC start: sessionUuid:de76105c-3765-3cfc-f025-996364c4337d, clientId:3936617581, givenPackageName:com.oculus.vrshell
03-27 06:18:52.254  4500 18556 I [CT]    : SP:AP:AnchorPersistenceRuntimeIpcServer: checkPackageAccess - detectedPackageName:com.oculus.vrshell, detectedProcessName:com.oculus.vrshell, givenPackageName:com.oculus.vrshell
03-27 06:18:52.255  4500 18556 I [CT]    : SP:AP:AnchorPersistenceRuntimeIpcServer: checkRPC package name matches: sessionUuid:de76105c-3765-3cfc-f025-996364c4337d, clientId:3936617581, givenPackageName:com.oculus.vrshell, detectedPackageName:com.oculus.vrshell, detectedProcessName:com.oculus.vrshell
03-27 06:18:52.255  4500 18556 I [CT]    : SP:AP:AnchorPersistenceRuntimeIpcServer: queryAvailableAnchorsSMV2: clientId: 3936617581, maxAnchors: 500, filter: 0, queryMultipleRoomsEnabledByOpenXrVersion: true, source: 1, appId: com.oculus.vrshell
03-27 06:18:52.255  4500 18556 I [CT]    : SP:AP:AnchorPersistenceConfig: getSceneRuntimePermissionEnabled: USE_SCENE permission is enabled on this device
03-27 06:18:52.255  4500 18556 I [CT]    : SP:AP:AnchorPersistenceScenePermissions: hasClientGrantedScenePermission: USE_SCENE permission is enabled on this device, check client 3936617581, grant is true
03-27 06:18:52.255  4500 18556 I [CT]    : SP:AP:AnchorPersistenceConfig: getSceneRuntimePermissionEnabled: USE_SCENE permission is enabled on this device
03-27 06:18:52.255  4500 18556 I [CT]    : SP:SceneAnchorFilterUtil: filterSceneDataByPermission: com.oculus.vrshell permission check passed, keep scene data. anchors size: 0
03-27 06:18:52.256  1168  9592 I MRSS    : EvaController: Sessions: CvpPreprocessor(DSP)(Running) with 4 handles: WARP(150),WARP(150),PYRAMID(151),PYRAMID(151),; 
03-27 06:18:52.267 18091 18205 I [CT]    : HandPoseSampler: Filter reset
03-27 06:18:52.267 18091 18205 I InputDevice_Hand: HANDTRACKING ADMIRE hand 0: hpm=1 -> shared=0
03-27 06:18:52.267 18091 18205 I [CT]    : HandPoseSampler: Filter reset
03-27 06:18:52.267 18091 18205 I InputDevice_Hand: HANDTRACKING ADMIRE hand 1: hpm=1 -> shared=0
03-27 06:18:52.280 18091 18205 I [CT]    : HandPoseSampler: Filter reset
03-27 06:18:52.280 18091 18205 I InputDevice_Hand: HANDTRACKING ADMIRE hand 0: hpm=1 -> shared=0
03-27 06:18:52.280 18091 18205 I [CT]    : HandPoseSampler: Filter reset
03-27 06:18:52.280 18091 18205 I InputDevice_Hand: HANDTRACKING ADMIRE hand 1: hpm=1 -> shared=0
03-27 06:18:52.288  1168  1808 I MRSS    : MIXEDREALITY: MrRuntimeCompute: dispatchFrameset : (every 5 seconds). InstantPlacement: OFF, MetaAssistedSceneCapture: OFF, Fiducials: OFF, LightingEstimation: OFF, SemanticVolume: OFF, SceneReconstruction: OFF, DepthMeshing: OFF, MrFeatureTelemetry: ON, VisionInterfaceTelemetry: ON, Passthrough: ON, Camera: ON, MetaForegroundFreespaceScan: OFF, Semantics: OFF, PlaneFreespace: OFF, TrackedKeypoints: OFF, SceneLayout: OFF, MetaBackgroundFreespaceScan: OFF, MetaEnvironmentDepth: ON, SceneObjects: OFF, Depth: ON, FloorHeight: OFF
03-27 06:18:52.294 18091 18205 I [CT]    : HandPoseSampler: Filter reset
03-27 06:18:52.294 18091 18205 I InputDevice_Hand: HANDTRACKING ADMIRE hand 0: hpm=1 -> shared=0
03-27 06:18:52.294 18091 18205 I [CT]    : HandPoseSampler: Filter reset
03-27 06:18:52.294 18091 18205 I InputDevice_Hand: HANDTRACKING ADMIRE hand 1: hpm=1 -> shared=0
03-27 06:18:52.308 18091 18205 I [CT]    : HandPoseSampler: Filter reset
03-27 06:18:52.308 18091 18205 I InputDevice_Hand: HANDTRACKING ADMIRE hand 0: hpm=1 -> shared=0
03-27 06:18:52.308 18091 18205 I [CT]    : HandPoseSampler: Filter reset
03-27 06:18:52.308 18091 18205 I InputDevice_Hand: HANDTRACKING ADMIRE hand 1: hpm=1 -> shared=0
03-27 06:18:52.322 18091 18205 I [CT]    : HandPoseSampler: Filter reset
03-27 06:18:52.322 18091 18205 I InputDevice_Hand: HANDTRACKING ADMIRE hand 0: hpm=1 -> shared=0
03-27 06:18:52.322 18091 18205 I [CT]    : HandPoseSampler: Filter reset
03-27 06:18:52.322 18091 18205 I InputDevice_Hand: HANDTRACKING ADMIRE hand 1: hpm=1 -> shared=0
03-27 06:18:52.336 18091 18205 I [CT]    : HandPoseSampler: Filter reset
03-27 06:18:52.336 18091 18205 I InputDevice_Hand: HANDTRACKING ADMIRE hand 0: hpm=1 -> shared=0
03-27 06:18:52.336 18091 18205 I [CT]    : HandPoseSampler: Filter reset
03-27 06:18:52.336 18091 18205 I InputDevice_Hand: HANDTRACKING ADMIRE hand 1: hpm=1 -> shared=0
03-27 06:18:52.350 18091 18205 I [CT]    : HandPoseSampler: Filter reset
03-27 06:18:52.350 18091 18205 I InputDevice_Hand: HANDTRACKING ADMIRE hand 0: hpm=1 -> shared=0
03-27 06:18:52.350 18091 18205 I [CT]    : HandPoseSampler: Filter reset
03-27 06:18:52.350 18091 18205 I InputDevice_Hand: HANDTRACKING ADMIRE hand 1: hpm=1 -> shared=0
03-27 06:18:52.355   920  8050 I VD628x  : Flicker results: freq 120.000000, max 119.833954, dcr 33.037361, pct 0.040489, idx 0.012921, conf 0.913249, snr 10.273335, svm 0.069994, sus 0
03-27 06:18:52.363 18091 18205 I [CT]    : HandPoseSampler: Filter reset
03-27 06:18:52.363 18091 18205 I InputDevice_Hand: HANDTRACKING ADMIRE hand 0: hpm=1 -> shared=0
03-27 06:18:52.363 18091 18205 I [CT]    : HandPoseSampler: Filter reset
03-27 06:18:52.363 18091 18205 I InputDevice_Hand: HANDTRACKING ADMIRE hand 1: hpm=1 -> shared=0
03-27 06:18:52.366 18091 18205 I OpenXR_Anchor: xrQuerySpacesFB: split anchor query enabled
03-27 06:18:52.366  4500 18556 I [CT]    : SP:AP:AnchorPersistenceRuntimeIpcServer: checkRPC start: sessionUuid:de76105c-3765-3cfc-f025-996364c4337d, clientId:3936617581, givenPackageName:com.oculus.vrshell
03-27 06:18:52.366  4500 18556 I [CT]    : SP:AP:AnchorPersistenceRuntimeIpcServer: checkPackageAccess - detectedPackageName:com.oculus.vrshell, detectedProcessName:com.oculus.vrshell, givenPackageName:com.oculus.vrshell
03-27 06:18:52.366  4500 18556 I [CT]    : SP:AP:AnchorPersistenceRuntimeIpcServer: checkRPC package name matches: sessionUuid:de76105c-3765-3cfc-f025-996364c4337d, clientId:3936617581, givenPackageName:com.oculus.vrshell, detectedPackageName:com.oculus.vrshell, detectedProcessName:com.oculus.vrshell
03-27 06:18:52.366  4500 18556 I [CT]    : SP:AP:AnchorPersistenceRuntimeIpcServer: queryAvailableAnchorsSMV2: clientId: 3936617581, maxAnchors: 500, filter: 0, queryMultipleRoomsEnabledByOpenXrVersion: true, source: 1, appId: com.oculus.vrshell
03-27 06:18:52.366  4500 18556 I [CT]    : SP:AP:AnchorPersistenceConfig: getSceneRuntimePermissionEnabled: USE_SCENE permission is enabled on this device
03-27 06:18:52.366  4500 18556 I [CT]    : SP:AP:AnchorPersistenceScenePermissions: hasClientGrantedScenePermission: USE_SCENE permission is enabled on this device, check client 3936617581, grant is true
03-27 06:18:52.366  4500 18556 I [CT]    : SP:AP:AnchorPersistenceConfig: getSceneRuntimePermissionEnabled: USE_SCENE permission is enabled on this device
03-27 06:18:52.367  4500 18556 I [CT]    : SP:SceneAnchorFilterUtil: filterSceneDataByPermission: com.oculus.vrshell permission check passed, keep scene data. anchors size: 0
03-27 06:18:52.377 18091 18205 I [CT]    : HandPoseSampler: Filter reset
03-27 06:18:52.377 18091 18205 I InputDevice_Hand: HANDTRACKING ADMIRE hand 0: hpm=1 -> shared=0
03-27 06:18:52.377 18091 18205 I [CT]    : HandPoseSampler: Filter reset
03-27 06:18:52.377 18091 18205 I InputDevice_Hand: HANDTRACKING ADMIRE hand 1: hpm=1 -> shared=0
03-27 06:18:52.391 18091 18205 I [CT]    : HandPoseSampler: Filter reset
03-27 06:18:52.391 18091 18205 I InputDevice_Hand: HANDTRACKING ADMIRE hand 0: hpm=1 -> shared=0
03-27 06:18:52.391 18091 18205 I [CT]    : HandPoseSampler: Filter reset
03-27 06:18:52.391 18091 18205 I InputDevice_Hand: HANDTRACKING ADMIRE hand 1: hpm=1 -> shared=0
03-27 06:18:52.405 18091 18205 I [CT]    : HandPoseSampler: Filter reset
03-27 06:18:52.405 18091 18205 I InputDevice_Hand: HANDTRACKING ADMIRE hand 0: hpm=1 -> shared=0
03-27 06:18:52.405 18091 18205 I [CT]    : HandPoseSampler: Filter reset
03-27 06:18:52.406 18091 18205 I InputDevice_Hand: HANDTRACKING ADMIRE hand 1: hpm=1 -> shared=0
03-27 06:18:52.419 18091 18205 I [CT]    : HandPoseSampler: Filter reset
03-27 06:18:52.419 18091 18205 I InputDevice_Hand: HANDTRACKING ADMIRE hand 0: hpm=1 -> shared=0
03-27 06:18:52.419 18091 18205 I [CT]    : HandPoseSampler: Filter reset
03-27 06:18:52.419 18091 18205 I InputDevice_Hand: HANDTRACKING ADMIRE hand 1: hpm=1 -> shared=0
03-27 06:18:52.433 18091 18205 I [CT]    : HandPoseSampler: Filter reset
03-27 06:18:52.433 18091 18205 I InputDevice_Hand: HANDTRACKING ADMIRE hand 0: hpm=1 -> shared=0
03-27 06:18:52.433 18091 18205 I [CT]    : HandPoseSampler: Filter reset
03-27 06:18:52.433 18091 18205 I InputDevice_Hand: HANDTRACKING ADMIRE hand 1: hpm=1 -> shared=0
03-27 06:18:52.447 18091 18205 I [CT]    : HandPoseSampler: Filter reset
03-27 06:18:52.447 18091 18205 I InputDevice_Hand: HANDTRACKING ADMIRE hand 0: hpm=1 -> shared=0
03-27 06:18:52.447 18091 18205 I [CT]    : HandPoseSampler: Filter reset
03-27 06:18:52.448 18091 18205 I InputDevice_Hand: HANDTRACKING ADMIRE hand 1: hpm=1 -> shared=0
03-27 06:18:52.461 18091 18205 I [CT]    : HandPoseSampler: Filter reset
03-27 06:18:52.461 18091 18205 I InputDevice_Hand: HANDTRACKING ADMIRE hand 0: hpm=1 -> shared=0
03-27 06:18:52.461 18091 18205 I [CT]    : HandPoseSampler: Filter reset
03-27 06:18:52.461 18091 18205 I InputDevice_Hand: HANDTRACKING ADMIRE hand 1: hpm=1 -> shared=0
03-27 06:18:52.474   897  1848 I Tracking: Vega: [INSIGHTS] Mode=DescriptorVega,6DoF,Agg=18s,Inl=17,22,28,Mem=92.9,FrameDur=6.1,12.1,PoseLat=1.5,7.0,CamImuLat=24.0,29.9,Jit=0.0,0.0,Drops(Cam=0,IMU=0),MeanIr=2428.9,Exp(5.4ms,g=5,I=60)(5.4ms,g=5,I=60)(5.8ms,g=6,I=61)(4.2ms,g=4,I=61)(0.0ms,g=0)(0.0ms,g=0),NonInertEnv=n
03-27 06:18:52.474 18091 18205 I [CT]    : HandPoseSampler: Filter reset
03-27 06:18:52.474 18091 18205 I InputDevice_Hand: HANDTRACKING ADMIRE hand 0: hpm=1 -> shared=0
03-27 06:18:52.474 18091 18205 I [CT]    : HandPoseSampler: Filter reset
03-27 06:18:52.474 18091 18205 I InputDevice_Hand: HANDTRACKING ADMIRE hand 1: hpm=1 -> shared=0
03-27 06:18:52.477 18091 18205 I OpenXR_Anchor: xrQuerySpacesFB: split anchor query enabled
03-27 06:18:52.477  4500 18556 I [CT]    : SP:AP:AnchorPersistenceRuntimeIpcServer: checkRPC start: sessionUuid:de76105c-3765-3cfc-f025-996364c4337d, clientId:3936617581, givenPackageName:com.oculus.vrshell
03-27 06:18:52.477  4500 18556 I [CT]    : SP:AP:AnchorPersistenceRuntimeIpcServer: checkPackageAccess - detectedPackageName:com.oculus.vrshell, detectedProcessName:com.oculus.vrshell, givenPackageName:com.oculus.vrshell
03-27 06:18:52.477  4500 18556 I [CT]    : SP:AP:AnchorPersistenceRuntimeIpcServer: checkRPC package name matches: sessionUuid:de76105c-3765-3cfc-f025-996364c4337d, clientId:3936617581, givenPackageName:com.oculus.vrshell, detectedPackageName:com.oculus.vrshell, detectedProcessName:com.oculus.vrshell
03-27 06:18:52.477  4500 18556 I [CT]    : SP:AP:AnchorPersistenceRuntimeIpcServer: queryAvailableAnchorsSMV2: clientId: 3936617581, maxAnchors: 500, filter: 0, queryMultipleRoomsEnabledByOpenXrVersion: true, source: 1, appId: com.oculus.vrshell
03-27 06:18:52.477  4500 18556 I [CT]    : SP:AP:AnchorPersistenceConfig: getSceneRuntimePermissionEnabled: USE_SCENE permission is enabled on this device
03-27 06:18:52.477  4500 18556 I [CT]    : SP:AP:AnchorPersistenceScenePermissions: hasClientGrantedScenePermission: USE_SCENE permission is enabled on this device, check client 3936617581, grant is true
03-27 06:18:52.477  4500 18556 I [CT]    : SP:AP:AnchorPersistenceConfig: getSceneRuntimePermissionEnabled: USE_SCENE permission is enabled on this device
03-27 06:18:52.478  4500 18556 I [CT]    : SP:SceneAnchorFilterUtil: filterSceneDataByPermission: com.oculus.vrshell permission check passed, keep scene data. anchors size: 0
03-27 06:18:52.489 18091 18205 I [CT]    : HandPoseSampler: Filter reset
03-27 06:18:52.489 18091 18205 I InputDevice_Hand: HANDTRACKING ADMIRE hand 0: hpm=1 -> shared=0
03-27 06:18:52.489 18091 18205 I [CT]    : HandPoseSampler: Filter reset
03-27 06:18:52.489 18091 18205 I InputDevice_Hand: HANDTRACKING ADMIRE hand 1: hpm=1 -> shared=0
03-27 06:18:52.502 18091 18205 I [CT]    : HandPoseSampler: Filter reset
03-27 06:18:52.502 18091 18205 I InputDevice_Hand: HANDTRACKING ADMIRE hand 0: hpm=1 -> shared=0
03-27 06:18:52.502 18091 18205 I [CT]    : HandPoseSampler: Filter reset
03-27 06:18:52.502 18091 18205 I InputDevice_Hand: HANDTRACKING ADMIRE hand 1: hpm=1 -> shared=0
03-27 06:18:52.502  4500  4806 I DynamicObjectClient: Query Dynamic Object Tracker anchors
03-27 06:18:52.502  4500  4806 I DynamicObjectClient: Object in query has empty predictions or tracking flags
03-27 06:18:52.516 18091 18205 I [CT]    : HandPoseSampler: Filter reset
03-27 06:18:52.516 18091 18205 I InputDevice_Hand: HANDTRACKING ADMIRE hand 0: hpm=1 -> shared=0
03-27 06:18:52.516 18091 18205 I [CT]    : HandPoseSampler: Filter reset
03-27 06:18:52.516 18091 18205 I InputDevice_Hand: HANDTRACKING ADMIRE hand 1: hpm=1 -> shared=0
03-27 06:18:52.529 18091 18205 I [CT]    : HandPoseSampler: Filter reset
03-27 06:18:52.529 18091 18205 I InputDevice_Hand: HANDTRACKING ADMIRE hand 0: hpm=1 -> shared=0
03-27 06:18:52.529 18091 18205 I [CT]    : HandPoseSampler: Filter reset
03-27 06:18:52.529 18091 18205 I InputDevice_Hand: HANDTRACKING ADMIRE hand 1: hpm=1 -> shared=0
03-27 06:18:52.542 18091 18205 I [CT]    : HandPoseSampler: Filter reset
03-27 06:18:52.542 18091 18205 I InputDevice_Hand: HANDTRACKING ADMIRE hand 0: hpm=1 -> shared=0
03-27 06:18:52.543 18091 18205 I [CT]    : HandPoseSampler: Filter reset
03-27 06:18:52.543 18091 18205 I InputDevice_Hand: HANDTRACKING ADMIRE hand 1: hpm=1 -> shared=0
03-27 06:18:52.555   927  1672 I DUMPSYS_LOG: {"additional_data":{"camera_fps":[{"fps":72.027087145345064,"frames":721,"id":4},{"fps":72.027087145345064,"frames":721,"id":5}]},"event":"CameraFPS","service":"SensorService","tid":"478314216240","ts":1774606732555045,"ts_proc":128252591687}
03-27 06:18:52.556 18091 18205 I [CT]    : HandPoseSampler: Filter reset
03-27 06:18:52.556 18091 18205 I InputDevice_Hand: HANDTRACKING ADMIRE hand 0: hpm=1 -> shared=0
03-27 06:18:52.556 18091 18205 I [CT]    : HandPoseSampler: Filter reset
03-27 06:18:52.556 18091 18205 I InputDevice_Hand: HANDTRACKING ADMIRE hand 1: hpm=1 -> shared=0
03-27 06:18:52.567   897  8215 W Tracking: CONSTELLATION_Left: [Throttled count=503] P+C Left: Could not retrieve 3dof fallback pose.
03-27 06:18:52.571 18091 18205 I [CT]    : HandPoseSampler: Filter reset
03-27 06:18:52.571 18091 18205 I InputDevice_Hand: HANDTRACKING ADMIRE hand 0: hpm=1 -> shared=0
03-27 06:18:52.571 18091 18205 I [CT]    : HandPoseSampler: Filter reset
03-27 06:18:52.571 18091 18205 I InputDevice_Hand: HANDTRACKING ADMIRE hand 1: hpm=1 -> shared=0
03-27 06:18:52.585 18091 18205 I [CT]    : HandPoseSampler: Filter reset
03-27 06:18:52.585 18091 18205 I InputDevice_Hand: HANDTRACKING ADMIRE hand 0: hpm=1 -> shared=0
03-27 06:18:52.585 18091 18205 I [CT]    : HandPoseSampler: Filter reset
03-27 06:18:52.585 18091 18205 I InputDevice_Hand: HANDTRACKING ADMIRE hand 1: hpm=1 -> shared=0
03-27 06:18:52.587 18091 18205 I OpenXR_Anchor: xrQuerySpacesFB: split anchor query enabled
03-27 06:18:52.588  4500 18556 I [CT]    : SP:AP:AnchorPersistenceRuntimeIpcServer: checkRPC start: sessionUuid:de76105c-3765-3cfc-f025-996364c4337d, clientId:3936617581, givenPackageName:com.oculus.vrshell
03-27 06:18:52.588  4500 18556 I [CT]    : SP:AP:AnchorPersistenceRuntimeIpcServer: checkPackageAccess - detectedPackageName:com.oculus.vrshell, detectedProcessName:com.oculus.vrshell, givenPackageName:com.oculus.vrshell
03-27 06:18:52.588  4500 18556 I [CT]    : SP:AP:AnchorPersistenceRuntimeIpcServer: checkRPC package name matches: sessionUuid:de76105c-3765-3cfc-f025-996364c4337d, clientId:3936617581, givenPackageName:com.oculus.vrshell, detectedPackageName:com.oculus.vrshell, detectedProcessName:com.oculus.vrshell
03-27 06:18:52.588  4500 18556 I [CT]    : SP:AP:AnchorPersistenceRuntimeIpcServer: queryAvailableAnchorsSMV2: clientId: 3936617581, maxAnchors: 500, filter: 0, queryMultipleRoomsEnabledByOpenXrVersion: true, source: 1, appId: com.oculus.vrshell
03-27 06:18:52.588  4500 18556 I [CT]    : SP:AP:AnchorPersistenceConfig: getSceneRuntimePermissionEnabled: USE_SCENE permission is enabled on this device
03-27 06:18:52.588  4500 18556 I [CT]    : SP:AP:AnchorPersistenceScenePermissions: hasClientGrantedScenePermission: USE_SCENE permission is enabled on this device, check client 3936617581, grant is true
03-27 06:18:52.588  4500 18556 I [CT]    : SP:AP:AnchorPersistenceConfig: getSceneRuntimePermissionEnabled: USE_SCENE permission is enabled on this device
03-27 06:18:52.589  4500 18556 I [CT]    : SP:SceneAnchorFilterUtil: filterSceneDataByPermission: com.oculus.vrshell permission check passed, keep scene data. anchors size: 0
03-27 06:18:52.598 18091 18205 I [CT]    : HandPoseSampler: Filter reset
03-27 06:18:52.598 18091 18205 I InputDevice_Hand: HANDTRACKING ADMIRE hand 0: hpm=1 -> shared=0
03-27 06:18:52.599 18091 18205 I [CT]    : HandPoseSampler: Filter reset
03-27 06:18:52.599 18091 18205 I InputDevice_Hand: HANDTRACKING ADMIRE hand 1: hpm=1 -> shared=0
03-27 06:18:52.612 18091 18205 I [CT]    : HandPoseSampler: Filter reset
03-27 06:18:52.612 18091 18205 I InputDevice_Hand: HANDTRACKING ADMIRE hand 0: hpm=1 -> shared=0
03-27 06:18:52.612 18091 18205 I [CT]    : HandPoseSampler: Filter reset
03-27 06:18:52.612 18091 18205 I InputDevice_Hand: HANDTRACKING ADMIRE hand 1: hpm=1 -> shared=0
--------- beginning of tracking
03-27 06:18:52.625   927  8009 W SensorService: Unknown packet type (32) received
03-27 06:18:52.626 18091 18205 I [CT]    : HandPoseSampler: Filter reset
03-27 06:18:52.627 18091 18205 I InputDevice_Hand: HANDTRACKING ADMIRE hand 0: hpm=1 -> shared=0
03-27 06:18:52.627 18091 18205 I [CT]    : HandPoseSampler: Filter reset
03-27 06:18:52.627 18091 18205 I InputDevice_Hand: HANDTRACKING ADMIRE hand 1: hpm=1 -> shared=0
03-27 06:18:52.640 18091 18205 I [CT]    : HandPoseSampler: Filter reset
03-27 06:18:52.640 18091 18205 I InputDevice_Hand: HANDTRACKING ADMIRE hand 0: hpm=1 -> shared=0
03-27 06:18:52.640 18091 18205 I [CT]    : HandPoseSampler: Filter reset
03-27 06:18:52.640 18091 18205 I InputDevice_Hand: HANDTRACKING ADMIRE hand 1: hpm=1 -> shared=0
03-27 06:18:52.654 18091 18205 I [CT]    : HandPoseSampler: Filter reset
03-27 06:18:52.654 18091 18205 I InputDevice_Hand: HANDTRACKING ADMIRE hand 0: hpm=1 -> shared=0
03-27 06:18:52.654 18091 18205 I [CT]    : HandPoseSampler: Filter reset
03-27 06:18:52.654 18091 18205 I InputDevice_Hand: HANDTRACKING ADMIRE hand 1: hpm=1 -> shared=0
03-27 06:18:52.669 18091 18205 I [CT]    : HandPoseSampler: Filter reset
03-27 06:18:52.669 18091 18205 I InputDevice_Hand: HANDTRACKING ADMIRE hand 0: hpm=1 -> shared=0
03-27 06:18:52.669 18091 18205 I [CT]    : HandPoseSampler: Filter reset
03-27 06:18:52.669 18091 18205 I InputDevice_Hand: HANDTRACKING ADMIRE hand 1: hpm=1 -> shared=0
03-27 06:18:52.682 18091 18205 I [CT]    : HandPoseSampler: Filter reset
03-27 06:18:52.682 18091 18205 I InputDevice_Hand: HANDTRACKING ADMIRE hand 0: hpm=1 -> shared=0
03-27 06:18:52.682 18091 18205 I [CT]    : HandPoseSampler: Filter reset
03-27 06:18:52.682 18091 18205 I InputDevice_Hand: HANDTRACKING ADMIRE hand 1: hpm=1 -> shared=0
03-27 06:18:52.692  2697  8068 I ProxyToPassthroughLayerProcessor: ProcessPTProxyLayers: In/Out=1/1 PTApiLCnt=1 skipped=0
03-27 06:18:52.692  2697  8068 I PassthroughInCompositorRenderer: PTINC: p2pLat: [37.21/0.01/37.22] ms, p2brLat: [23.47/0.18/23.76] ms [mean / stdev / p95]
03-27 06:18:52.695 18091 18205 I [CT]    : HandPoseSampler: Filter reset
03-27 06:18:52.695 18091 18205 I InputDevice_Hand: HANDTRACKING ADMIRE hand 0: hpm=1 -> shared=0
03-27 06:18:52.695 18091 18205 I [CT]    : HandPoseSampler: Filter reset
03-27 06:18:52.695 18091 18205 I InputDevice_Hand: HANDTRACKING ADMIRE hand 1: hpm=1 -> shared=0
03-27 06:18:52.699 18091 18205 I OpenXR_Anchor: xrQuerySpacesFB: split anchor query enabled
03-27 06:18:52.699  4500 18556 I [CT]    : SP:AP:AnchorPersistenceRuntimeIpcServer: checkRPC start: sessionUuid:de76105c-3765-3cfc-f025-996364c4337d, clientId:3936617581, givenPackageName:com.oculus.vrshell
03-27 06:18:52.699  4500 18556 I [CT]    : SP:AP:AnchorPersistenceRuntimeIpcServer: checkPackageAccess - detectedPackageName:com.oculus.vrshell, detectedProcessName:com.oculus.vrshell, givenPackageName:com.oculus.vrshell
03-27 06:18:52.699  4500 18556 I [CT]    : SP:AP:AnchorPersistenceRuntimeIpcServer: checkRPC package name matches: sessionUuid:de76105c-3765-3cfc-f025-996364c4337d, clientId:3936617581, givenPackageName:com.oculus.vrshell, detectedPackageName:com.oculus.vrshell, detectedProcessName:com.oculus.vrshell
03-27 06:18:52.699  4500 18556 I [CT]    : SP:AP:AnchorPersistenceRuntimeIpcServer: queryAvailableAnchorsSMV2: clientId: 3936617581, maxAnchors: 500, filter: 0, queryMultipleRoomsEnabledByOpenXrVersion: true, source: 1, appId: com.oculus.vrshell
03-27 06:18:52.699  4500 18556 I [CT]    : SP:AP:AnchorPersistenceConfig: getSceneRuntimePermissionEnabled: USE_SCENE permission is enabled on this device
03-27 06:18:52.699  4500 18556 I [CT]    : SP:AP:AnchorPersistenceScenePermissions: hasClientGrantedScenePermission: USE_SCENE permission is enabled on this device, check client 3936617581, grant is true
03-27 06:18:52.699  4500 18556 I [CT]    : SP:AP:AnchorPersistenceConfig: getSceneRuntimePermissionEnabled: USE_SCENE permission is enabled on this device
03-27 06:18:52.700  4500 18556 I [CT]    : SP:SceneAnchorFilterUtil: filterSceneDataByPermission: com.oculus.vrshell permission check passed, keep scene data. anchors size: 0
03-27 06:18:52.701 18091 18457 W ShellHsr: Renderer: RenderableFilter has 97 tags, which is more than 10. This is expected to be rare. If this becomes common, consider changing RenderableFilter logic to use something other than linear searches for filtering renderable tags (like registered bitsets).
03-27 06:18:52.710 18091 18205 I [CT]    : HandPoseSampler: Filter reset
03-27 06:18:52.710 18091 18205 I InputDevice_Hand: HANDTRACKING ADMIRE hand 0: hpm=1 -> shared=0
03-27 06:18:52.710 18091 18205 I [CT]    : HandPoseSampler: Filter reset
03-27 06:18:52.710 18091 18205 I InputDevice_Hand: HANDTRACKING ADMIRE hand 1: hpm=1 -> shared=0
03-27 06:18:52.724 18091 18205 I [CT]    : HandPoseSampler: Filter reset
03-27 06:18:52.724 18091 18205 I InputDevice_Hand: HANDTRACKING ADMIRE hand 0: hpm=1 -> shared=0
03-27 06:18:52.724 18091 18205 I [CT]    : HandPoseSampler: Filter reset
03-27 06:18:52.724 18091 18205 I InputDevice_Hand: HANDTRACKING ADMIRE hand 1: hpm=1 -> shared=0
03-27 06:18:52.738 18091 18205 I [CT]    : HandPoseSampler: Filter reset
03-27 06:18:52.738 18091 18205 I InputDevice_Hand: HANDTRACKING ADMIRE hand 0: hpm=1 -> shared=0
03-27 06:18:52.738 18091 18205 I [CT]    : HandPoseSampler: Filter reset
03-27 06:18:52.738 18091 18205 I InputDevice_Hand: HANDTRACKING ADMIRE hand 1: hpm=1 -> shared=0
03-27 06:18:52.751 18091 18205 I [CT]    : HandPoseSampler: Filter reset
03-27 06:18:52.751 18091 18205 I InputDevice_Hand: HANDTRACKING ADMIRE hand 0: hpm=1 -> shared=0
03-27 06:18:52.751 18091 18205 I [CT]    : HandPoseSampler: Filter reset
03-27 06:18:52.751 18091 18205 I InputDevice_Hand: HANDTRACKING ADMIRE hand 1: hpm=1 -> shared=0
03-27 06:18:52.766 18091 18205 I [CT]    : HandPoseSampler: Filter reset
03-27 06:18:52.766 18091 18205 I InputDevice_Hand: HANDTRACKING ADMIRE hand 0: hpm=1 -> shared=0
03-27 06:18:52.766 18091 18205 I [CT]    : HandPoseSampler: Filter reset
03-27 06:18:52.766 18091 18205 I InputDevice_Hand: HANDTRACKING ADMIRE hand 1: hpm=1 -> shared=0
03-27 06:18:52.780 18091 18205 I [CT]    : HandPoseSampler: Filter reset
03-27 06:18:52.780 18091 18205 I InputDevice_Hand: HANDTRACKING ADMIRE hand 0: hpm=1 -> shared=0
03-27 06:18:52.780 18091 18205 I [CT]    : HandPoseSampler: Filter reset
03-27 06:18:52.780 18091 18205 I InputDevice_Hand: HANDTRACKING ADMIRE hand 1: hpm=1 -> shared=0
03-27 06:18:52.794 18091 18205 I [CT]    : HandPoseSampler: Filter reset
03-27 06:18:52.794 18091 18205 I InputDevice_Hand: HANDTRACKING ADMIRE hand 0: hpm=1 -> shared=0
03-27 06:18:52.794 18091 18205 I [CT]    : HandPoseSampler: Filter reset
03-27 06:18:52.794 18091 18205 I InputDevice_Hand: HANDTRACKING ADMIRE hand 1: hpm=1 -> shared=0
03-27 06:18:52.808 18091 18205 I [CT]    : HandPoseSampler: Filter reset
03-27 06:18:52.808 18091 18205 I InputDevice_Hand: HANDTRACKING ADMIRE hand 0: hpm=1 -> shared=0
03-27 06:18:52.808 18091 18205 I [CT]    : HandPoseSampler: Filter reset
03-27 06:18:52.808 18091 18205 I InputDevice_Hand: HANDTRACKING ADMIRE hand 1: hpm=1 -> shared=0
03-27 06:18:52.810 18224 18352 I AutoStationaryHelper: [AutoStationaryHelper::getGuardianDataFromNearbyRoomscale] Checking 1 existing guardian data
03-27 06:18:52.810 18224 18352 I GuardianMapDataMgr: [GuardianMapDataMgr::isValidTrackedRoomscale] [2575043440] Valid=yes, Roomscale=yes, Anchor [2cee9d32-7f24-ff1e-5555-ae309d8ea246] Tracked=yes
03-27 06:18:52.810 18224 18352 I AutoStationaryHelper: [AutoStationaryHelper::getGuardianDataFromNearbyRoomscale] [2575043440] Distance to HMD: 3.777976
03-27 06:18:52.810 18091 18205 I OpenXR_Anchor: xrQuerySpacesFB: split anchor query enabled
03-27 06:18:52.810  4500 18556 I [CT]    : SP:AP:AnchorPersistenceRuntimeIpcServer: checkRPC start: sessionUuid:de76105c-3765-3cfc-f025-996364c4337d, clientId:3936617581, givenPackageName:com.oculus.vrshell
03-27 06:18:52.810  4500 18556 I [CT]    : SP:AP:AnchorPersistenceRuntimeIpcServer: checkPackageAccess - detectedPackageName:com.oculus.vrshell, detectedProcessName:com.oculus.vrshell, givenPackageName:com.oculus.vrshell
03-27 06:18:52.810  4500 18556 I [CT]    : SP:AP:AnchorPersistenceRuntimeIpcServer: checkRPC package name matches: sessionUuid:de76105c-3765-3cfc-f025-996364c4337d, clientId:3936617581, givenPackageName:com.oculus.vrshell, detectedPackageName:com.oculus.vrshell, detectedProcessName:com.oculus.vrshell
03-27 06:18:52.810  4500 18556 I [CT]    : SP:AP:AnchorPersistenceRuntimeIpcServer: queryAvailableAnchorsSMV2: clientId: 3936617581, maxAnchors: 500, filter: 0, queryMultipleRoomsEnabledByOpenXrVersion: true, source: 1, appId: com.oculus.vrshell
03-27 06:18:52.811  4500 18556 I [CT]    : SP:SM:SceneManager: queryAvailableAnchors: maxAnchors: 500, filter: 0, queryMultipleRoomsEnabledByOpenXrVersion: true, source: 1, appId: com.oculus.vrshell
03-27 06:18:52.811  4500 18556 I [CT]    : SP:AP:AnchorPersistenceConfig: getSceneRuntimePermissionEnabled: USE_SCENE permission is enabled on this device
03-27 06:18:52.811  4500 18556 I [CT]    : SP:AP:AnchorPersistenceScenePermissions: hasClientGrantedScenePermission: USE_SCENE permission is enabled on this device, check client 3936617581, grant is true
03-27 06:18:52.811  4500 18556 I [CT]    : SP:AP:AnchorPersistenceConfig: getSceneRuntimePermissionEnabled: USE_SCENE permission is enabled on this device
03-27 06:18:52.811  4500 18556 I [CT]    : SP:SceneAnchorFilterUtil: filterSceneDataByPermission: com.oculus.vrshell permission check passed, keep scene data. anchors size: 0
03-27 06:18:52.822 18091 18205 I [CT]    : HandPoseSampler: Filter reset
03-27 06:18:52.822 18091 18205 I InputDevice_Hand: HANDTRACKING ADMIRE hand 0: hpm=1 -> shared=0
03-27 06:18:52.822 18091 18205 I [CT]    : HandPoseSampler: Filter reset
03-27 06:18:52.822 18091 18205 I InputDevice_Hand: HANDTRACKING ADMIRE hand 1: hpm=1 -> shared=0
03-27 06:18:52.835 18091 18205 I [CT]    : HandPoseSampler: Filter reset
03-27 06:18:52.835 18091 18205 I InputDevice_Hand: HANDTRACKING ADMIRE hand 0: hpm=1 -> shared=0
03-27 06:18:52.835 18091 18205 I [CT]    : HandPoseSampler: Filter reset
03-27 06:18:52.835 18091 18205 I InputDevice_Hand: HANDTRACKING ADMIRE hand 1: hpm=1 -> shared=0
03-27 06:18:52.849 18091 18205 I [CT]    : HandPoseSampler: Filter reset
03-27 06:18:52.849 18091 18205 I InputDevice_Hand: HANDTRACKING ADMIRE hand 0: hpm=1 -> shared=0
03-27 06:18:52.849 18091 18205 I [CT]    : HandPoseSampler: Filter reset
03-27 06:18:52.849 18091 18205 I InputDevice_Hand: HANDTRACKING ADMIRE hand 1: hpm=1 -> shared=0
03-27 06:18:52.863 18091 18205 I [CT]    : HandPoseSampler: Filter reset
03-27 06:18:52.863 18091 18205 I InputDevice_Hand: HANDTRACKING ADMIRE hand 0: hpm=1 -> shared=0
03-27 06:18:52.863 18091 18205 I [CT]    : HandPoseSampler: Filter reset
03-27 06:18:52.863 18091 18205 I InputDevice_Hand: HANDTRACKING ADMIRE hand 1: hpm=1 -> shared=0
03-27 06:18:52.877 18091 18205 I [CT]    : HandPoseSampler: Filter reset
03-27 06:18:52.877 18091 18205 I InputDevice_Hand: HANDTRACKING ADMIRE hand 0: hpm=1 -> shared=0
03-27 06:18:52.877 18091 18205 I [CT]    : HandPoseSampler: Filter reset
03-27 06:18:52.877 18091 18205 I InputDevice_Hand: HANDTRACKING ADMIRE hand 1: hpm=1 -> shared=0
03-27 06:18:52.891 18091 18205 I [CT]    : HandPoseSampler: Filter reset
03-27 06:18:52.891 18091 18205 I InputDevice_Hand: HANDTRACKING ADMIRE hand 0: hpm=1 -> shared=0
03-27 06:18:52.891 18091 18205 I [CT]    : HandPoseSampler: Filter reset
03-27 06:18:52.891 18091 18205 I InputDevice_Hand: HANDTRACKING ADMIRE hand 1: hpm=1 -> shared=0
03-27 06:18:52.899   897  8215 I Tracking: CONSTELLATION:IMU_STATUS: 0x9a0f3b964e7e111f (L): [#Samples=2516] 260.083s | [FusionTracked=0.000, OutputTracked=0.000, OutputValid=0.000] [AccelSat=0.000, GyroSat=0.000] [AccelMinMeanMax: X=9.060|9.111|9.164, Y=-1.933|-1.870|-1.820, Z=-2.841|-2.756|-2.674] [GyroMinMeanMax: X=-0.004|0.005|0.015, Y=-0.030|-0.012|0.002, Z=-0.009|0.002|0.015] [AccelStuck: X=0|0.000, Y=0|0.000, Z=0|0.000] [GyroStuck: X=0|0.000, Y=0|0.000, Z=0|0.000]  [Current time=260.083s, last log time=255.081s]
03-27 06:18:52.905 18091 18205 I [CT]    : HandPoseSampler: Filter reset
03-27 06:18:52.905 18091 18205 I InputDevice_Hand: HANDTRACKING ADMIRE hand 0: hpm=1 -> shared=0
03-27 06:18:52.905 18091 18205 I [CT]    : HandPoseSampler: Filter reset
03-27 06:18:52.905 18091 18205 I InputDevice_Hand: HANDTRACKING ADMIRE hand 1: hpm=1 -> shared=0
03-27 06:18:52.915   897  8215 I Tracking: CONSTELLATION:IMU_STATUS: 0x2e7e5d32cf134aad (R): [#Samples=2515] 260.100s | [FusionTracked=1.000, OutputTracked=1.000, OutputValid=1.000] [AccelSat=0.000, GyroSat=0.000] [AccelMinMeanMax: X=5.301|5.373|5.429, Y=5.151|5.222|5.289, Z=-6.126|-6.067|-5.991] [GyroMinMeanMax: X=0.002|0.007|0.013, Y=-0.013|-0.003|0.006, Z=-0.006|0.002|0.009] [AccelStuck: X=0|0.000, Y=0|0.000, Z=0|0.000] [GyroStuck: X=0|0.000, Y=0|0.000, Z=0|0.000]  [Current time=260.100s, last log time=255.098s]
03-27 06:18:52.918  1168  1826 I MRSS    : MIXEDREALITY: MrService: renderIteration: (every 10 seconds), screen is: ON, PT is: OFF, Depth is: OFF
03-27 06:18:52.919 18091 18205 I [CT]    : HandPoseSampler: Filter reset
03-27 06:18:52.919 18091 18205 I InputDevice_Hand: HANDTRACKING ADMIRE hand 0: hpm=1 -> shared=0
03-27 06:18:52.919 18091 18205 I [CT]    : HandPoseSampler: Filter reset
03-27 06:18:52.919 18091 18205 I InputDevice_Hand: HANDTRACKING ADMIRE hand 1: hpm=1 -> shared=0
03-27 06:18:52.921 18091 18205 I OpenXR_Anchor: xrQuerySpacesFB: split anchor query enabled
03-27 06:18:52.921  4500 18556 I [CT]    : SP:AP:AnchorPersistenceRuntimeIpcServer: checkRPC start: sessionUuid:de76105c-3765-3cfc-f025-996364c4337d, clientId:3936617581, givenPackageName:com.oculus.vrshell
03-27 06:18:52.921  4500 18556 I [CT]    : SP:AP:AnchorPersistenceRuntimeIpcServer: checkPackageAccess - detectedPackageName:com.oculus.vrshell, detectedProcessName:com.oculus.vrshell, givenPackageName:com.oculus.vrshell
03-27 06:18:52.921  4500 18556 I [CT]    : SP:AP:AnchorPersistenceRuntimeIpcServer: checkRPC package name matches: sessionUuid:de76105c-3765-3cfc-f025-996364c4337d, clientId:3936617581, givenPackageName:com.oculus.vrshell, detectedPackageName:com.oculus.vrshell, detectedProcessName:com.oculus.vrshell
03-27 06:18:52.921  4500 18556 I [CT]    : SP:AP:AnchorPersistenceRuntimeIpcServer: queryAvailableAnchorsSMV2: clientId: 3936617581, maxAnchors: 500, filter: 0, queryMultipleRoomsEnabledByOpenXrVersion: true, source: 1, appId: com.oculus.vrshell
03-27 06:18:52.921  4500 18556 I [CT]    : SP:AP:AnchorPersistenceConfig: getSceneRuntimePermissionEnabled: USE_SCENE permission is enabled on this device
03-27 06:18:52.921  4500 18556 I [CT]    : SP:AP:AnchorPersistenceScenePermissions: hasClientGrantedScenePermission: USE_SCENE permission is enabled on this device, check client 3936617581, grant is true
03-27 06:18:52.921  4500 18556 I [CT]    : SP:AP:AnchorPersistenceConfig: getSceneRuntimePermissionEnabled: USE_SCENE permission is enabled on this device
03-27 06:18:52.922  4500 18556 I [CT]    : SP:SceneAnchorFilterUtil: filterSceneDataByPermission: com.oculus.vrshell permission check passed, keep scene data. anchors size: 0
03-27 06:18:52.933 18091 18205 I [CT]    : HandPoseSampler: Filter reset
03-27 06:18:52.933 18091 18205 I InputDevice_Hand: HANDTRACKING ADMIRE hand 0: hpm=1 -> shared=0
03-27 06:18:52.933 18091 18205 I [CT]    : HandPoseSampler: Filter reset
03-27 06:18:52.933 18091 18205 I InputDevice_Hand: HANDTRACKING ADMIRE hand 1: hpm=1 -> shared=0
03-27 06:18:52.946 18091 18205 I [CT]    : HandPoseSampler: Filter reset
03-27 06:18:52.946 18091 18205 I InputDevice_Hand: HANDTRACKING ADMIRE hand 0: hpm=1 -> shared=0
03-27 06:18:52.946 18091 18205 I [CT]    : HandPoseSampler: Filter reset
03-27 06:18:52.946 18091 18205 I InputDevice_Hand: HANDTRACKING ADMIRE hand 1: hpm=1 -> shared=0
03-27 06:18:52.950 18091 18205 I [SEO] ShellFrameAnalytics: ShellFrame frameFunction: 13817us/16688us, trace: 0us/98us, process commands: 7us/428us, system update: 106us/724us, render 63us/796us, post render 0us/0us, input processing 1402us/4365us, input dispatch 101us/716us, stale frames: 4321, refresh rate: 72
03-27 06:18:52.960 18091 18205 I [CT]    : HandPoseSampler: Filter reset
03-27 06:18:52.960 18091 18205 I InputDevice_Hand: HANDTRACKING ADMIRE hand 0: hpm=1 -> shared=0
03-27 06:18:52.960 18091 18205 I [CT]    : HandPoseSampler: Filter reset
03-27 06:18:52.960 18091 18205 I InputDevice_Hand: HANDTRACKING ADMIRE hand 1: hpm=1 -> shared=0
03-27 06:18:52.969  2697  8068 I [CT]    : MIXEDREALITY: PassthroughApiManager: GetUpdatedLayerState: (every 2 seconds) PT is: ON numLayers: 1
03-27 06:18:52.975 18091 18205 I [CT]    : HandPoseSampler: Filter reset
03-27 06:18:52.975 18091 18205 I InputDevice_Hand: HANDTRACKING ADMIRE hand 0: hpm=1 -> shared=0
03-27 06:18:52.975 18091 18205 I [CT]    : HandPoseSampler: Filter reset
03-27 06:18:52.975 18091 18205 I InputDevice_Hand: HANDTRACKING ADMIRE hand 1: hpm=1 -> shared=0
03-27 06:18:52.989 18091 18205 I [CT]    : HandPoseSampler: Filter reset
03-27 06:18:52.989 18091 18205 I InputDevice_Hand: HANDTRACKING ADMIRE hand 0: hpm=1 -> shared=0
03-27 06:18:52.989 18091 18205 I [CT]    : HandPoseSampler: Filter reset
03-27 06:18:52.989 18091 18205 I InputDevice_Hand: HANDTRACKING ADMIRE hand 1: hpm=1 -> shared=0
03-27 06:18:53.003 18091 18205 I [CT]    : HandPoseSampler: Filter reset
03-27 06:18:53.003 18091 18205 I InputDevice_Hand: HANDTRACKING ADMIRE hand 0: hpm=1 -> shared=0
03-27 06:18:53.003 18091 18205 I [CT]    : HandPoseSampler: Filter reset
03-27 06:18:53.003 18091 18205 I InputDevice_Hand: HANDTRACKING ADMIRE hand 1: hpm=1 -> shared=0
03-27 06:18:53.016 18091 18205 I [CT]    : HandPoseSampler: Filter reset
03-27 06:18:53.016 18091 18205 I InputDevice_Hand: HANDTRACKING ADMIRE hand 0: hpm=1 -> shared=0
03-27 06:18:53.016 18091 18205 I [CT]    : HandPoseSampler: Filter reset
03-27 06:18:53.016 18091 18205 I InputDevice_Hand: HANDTRACKING ADMIRE hand 1: hpm=1 -> shared=0
03-27 06:18:53.028 18091  8056 I VrApi   : FPS=72/72,Prd=23ms,Tear=0,Early=0,Stale=0,Stale2/5/10/max=0/0/0/0,VSnc=1,Lat=-4,Fov=3,CPU4/GPU=-1/-1,1920/545MHz,OC=3F,TA=0/0/0,SP=N/N/N,Mem=2736MHz,Free=2985MB,PLS=0,Temp=33.0C/0.0C,TW=1.35ms,App=0.67ms,GD=0.00ms,CPU&GPU=7.08ms,LCnt=4(DR73,LM2),GPU%=0.17,CPU%=0.28(W0.38),CFL=12.06/15.37,ICFLp95=14.11,LD=0,CABC=1,SF=0.78,LP=1,DVFS=0,ShrpLCnt=1,ShrpR=0.000,SSLCnt=1/2,Preempt=170,PoseAgeP95=0.00
03-27 06:18:53.028 18091  8056 I VrApi   : ASW=0,Type=PTWFromStereo,E=0.000/0.000,D=0.000/0.000
03-27 06:18:53.031 18091 18205 I [CT]    : HandPoseSampler: Filter reset
03-27 06:18:53.031 18091 18205 I InputDevice_Hand: HANDTRACKING ADMIRE hand 0: hpm=1 -> shared=0
03-27 06:18:53.031 18091 18205 I [CT]    : HandPoseSampler: Filter reset
03-27 06:18:53.031 18091 18205 I InputDevice_Hand: HANDTRACKING ADMIRE hand 1: hpm=1 -> shared=0
03-27 06:18:53.032 18091 18205 I OpenXR_Anchor: xrQuerySpacesFB: split anchor query enabled
03-27 06:18:53.033  4500 18556 I [CT]    : SP:AP:AnchorPersistenceRuntimeIpcServer: checkRPC start: sessionUuid:de76105c-3765-3cfc-f025-996364c4337d, clientId:3936617581, givenPackageName:com.oculus.vrshell
03-27 06:18:53.033  4500 18556 I [CT]    : SP:AP:AnchorPersistenceRuntimeIpcServer: checkPackageAccess - detectedPackageName:com.oculus.vrshell, detectedProcessName:com.oculus.vrshell, givenPackageName:com.oculus.vrshell
03-27 06:18:53.033  4500 18556 I [CT]    : SP:AP:AnchorPersistenceRuntimeIpcServer: checkRPC package name matches: sessionUuid:de76105c-3765-3cfc-f025-996364c4337d, clientId:3936617581, givenPackageName:com.oculus.vrshell, detectedPackageName:com.oculus.vrshell, detectedProcessName:com.oculus.vrshell
03-27 06:18:53.033  4500 18556 I [CT]    : SP:AP:AnchorPersistenceRuntimeIpcServer: queryAvailableAnchorsSMV2: clientId: 3936617581, maxAnchors: 500, filter: 0, queryMultipleRoomsEnabledByOpenXrVersion: true, source: 1, appId: com.oculus.vrshell
03-27 06:18:53.033  4500 18556 I [CT]    : SP:AP:AnchorPersistenceConfig: getSceneRuntimePermissionEnabled: USE_SCENE permission is enabled on this device
03-27 06:18:53.033  4500 18556 I [CT]    : SP:AP:AnchorPersistenceScenePermissions: hasClientGrantedScenePermission: USE_SCENE permission is enabled on this device, check client 3936617581, grant is true
03-27 06:18:53.033  4500 18556 I [CT]    : SP:AP:AnchorPersistenceConfig: getSceneRuntimePermissionEnabled: USE_SCENE permission is enabled on this device
03-27 06:18:53.034  4500 18556 I [CT]    : SP:SceneAnchorFilterUtil: filterSceneDataByPermission: com.oculus.vrshell permission check passed, keep scene data. anchors size: 0
03-27 06:18:53.044 18091 18205 I [CT]    : HandPoseSampler: Filter reset
03-27 06:18:53.044 18091 18205 I InputDevice_Hand: HANDTRACKING ADMIRE hand 0: hpm=1 -> shared=0
03-27 06:18:53.044 18091 18205 I [CT]    : HandPoseSampler: Filter reset
03-27 06:18:53.044 18091 18205 I InputDevice_Hand: HANDTRACKING ADMIRE hand 1: hpm=1 -> shared=0
03-27 06:18:53.057 18091 18205 I [CT]    : HandPoseSampler: Filter reset
03-27 06:18:53.057 18091 18205 I InputDevice_Hand: HANDTRACKING ADMIRE hand 0: hpm=1 -> shared=0
03-27 06:18:53.057 18091 18205 I [CT]    : HandPoseSampler: Filter reset
03-27 06:18:53.057 18091 18205 I InputDevice_Hand: HANDTRACKING ADMIRE hand 1: hpm=1 -> shared=0
03-27 06:18:53.071 18091 18205 I [CT]    : HandPoseSampler: Filter reset
03-27 06:18:53.071 18091 18205 I InputDevice_Hand: HANDTRACKING ADMIRE hand 0: hpm=1 -> shared=0
03-27 06:18:53.071 18091 18205 I [CT]    : HandPoseSampler: Filter reset
03-27 06:18:53.071 18091 18205 I InputDevice_Hand: HANDTRACKING ADMIRE hand 1: hpm=1 -> shared=0
03-27 06:18:53.086 18091 18205 I [CT]    : HandPoseSampler: Filter reset
03-27 06:18:53.086 18091 18205 I InputDevice_Hand: HANDTRACKING ADMIRE hand 0: hpm=1 -> shared=0
03-27 06:18:53.086 18091 18205 I [CT]    : HandPoseSampler: Filter reset
03-27 06:18:53.086 18091 18205 I InputDevice_Hand: HANDTRACKING ADMIRE hand 1: hpm=1 -> shared=0
03-27 06:18:53.100 18091 18205 I [CT]    : HandPoseSampler: Filter reset
03-27 06:18:53.100 18091 18205 I InputDevice_Hand: HANDTRACKING ADMIRE hand 0: hpm=1 -> shared=0
03-27 06:18:53.100 18091 18205 I [CT]    : HandPoseSampler: Filter reset
03-27 06:18:53.100 18091 18205 I InputDevice_Hand: HANDTRACKING ADMIRE hand 1: hpm=1 -> shared=0
03-27 06:18:53.104   920  8050 I VD628x  : Flicker results: freq 120.000000, max 119.831810, dcr 33.061691, pct 0.040320, idx 0.012957, conf 0.913249, snr 10.273335, svm 0.070036, sus 0
03-27 06:18:53.114 18091 18205 I [CT]    : HandPoseSampler: Filter reset
03-27 06:18:53.114 18091 18205 I InputDevice_Hand: HANDTRACKING ADMIRE hand 0: hpm=1 -> shared=0
03-27 06:18:53.114 18091 18205 I [CT]    : HandPoseSampler: Filter reset
03-27 06:18:53.114 18091 18205 I InputDevice_Hand: HANDTRACKING ADMIRE hand 1: hpm=1 -> shared=0
03-27 06:18:53.119   897  8029 I Tracking: BOLT:HexagonTelemetry: Global DSP utilization: 27.29% (1365 / 5002 ms), Scalar Util: 71.06%, HVX Util: 55.84%, HMX Util: 27.72%, DMA Active: 11.94%, Freq: 787.2000000000002 MHz
03-27 06:18:53.119   897  8029 I Tracking: boltlib: DSP Rpc stats over 5002 ms: {"HexagonPyramid3x3Async":67,"controller_inference":25,"ofi_detector":1}
03-27 06:18:53.126 18091 18205 I [CT]    : HandPoseSampler: Filter reset
03-27 06:18:53.126 18091 18205 I InputDevice_Hand: HANDTRACKING ADMIRE hand 0: hpm=1 -> shared=0
03-27 06:18:53.126 18091 18205 I [CT]    : HandPoseSampler: Filter reset
03-27 06:18:53.126 18091 18205 I InputDevice_Hand: HANDTRACKING ADMIRE hand 1: hpm=1 -> shared=0
03-27 06:18:53.141 18091 18205 I [CT]    : HandPoseSampler: Filter reset
03-27 06:18:53.141 18091 18205 I InputDevice_Hand: HANDTRACKING ADMIRE hand 0: hpm=1 -> shared=0
03-27 06:18:53.141 18091 18205 I [CT]    : HandPoseSampler: Filter reset
03-27 06:18:53.141 18091 18205 I InputDevice_Hand: HANDTRACKING ADMIRE hand 1: hpm=1 -> shared=0
03-27 06:18:53.143 18091 18205 I OpenXR_Anchor: xrQuerySpacesFB: split anchor query enabled
03-27 06:18:53.143  4500 18556 I [CT]    : SP:AP:AnchorPersistenceRuntimeIpcServer: checkRPC start: sessionUuid:de76105c-3765-3cfc-f025-996364c4337d, clientId:3936617581, givenPackageName:com.oculus.vrshell
03-27 06:18:53.143  4500 18556 I [CT]    : SP:AP:AnchorPersistenceRuntimeIpcServer: checkPackageAccess - detectedPackageName:com.oculus.vrshell, detectedProcessName:com.oculus.vrshell, givenPackageName:com.oculus.vrshell
03-27 06:18:53.143  4500 18556 I [CT]    : SP:AP:AnchorPersistenceRuntimeIpcServer: checkRPC package name matches: sessionUuid:de76105c-3765-3cfc-f025-996364c4337d, clientId:3936617581, givenPackageName:com.oculus.vrshell, detectedPackageName:com.oculus.vrshell, detectedProcessName:com.oculus.vrshell
03-27 06:18:53.143  4500 18556 I [CT]    : SP:AP:AnchorPersistenceRuntimeIpcServer: queryAvailableAnchorsSMV2: clientId: 3936617581, maxAnchors: 500, filter: 0, queryMultipleRoomsEnabledByOpenXrVersion: true, source: 1, appId: com.oculus.vrshell
03-27 06:18:53.143  4500 18556 I [CT]    : SP:AP:AnchorPersistenceConfig: getSceneRuntimePermissionEnabled: USE_SCENE permission is enabled on this device
03-27 06:18:53.143  4500 18556 I [CT]    : SP:AP:AnchorPersistenceScenePermissions: hasClientGrantedScenePermission: USE_SCENE permission is enabled on this device, check client 3936617581, grant is true
03-27 06:18:53.143  4500 18556 I [CT]    : SP:AP:AnchorPersistenceConfig: getSceneRuntimePermissionEnabled: USE_SCENE permission is enabled on this device
03-27 06:18:53.144  4500 18556 I [CT]    : SP:SceneAnchorFilterUtil: filterSceneDataByPermission: com.oculus.vrshell permission check passed, keep scene data. anchors size: 0
03-27 06:18:53.155 18091 18205 I [CT]    : HandPoseSampler: Filter reset
03-27 06:18:53.155 18091 18205 I InputDevice_Hand: HANDTRACKING ADMIRE hand 0: hpm=1 -> shared=0
03-27 06:18:53.155 18091 18205 I [CT]    : HandPoseSampler: Filter reset
03-27 06:18:53.155 18091 18205 I InputDevice_Hand: HANDTRACKING ADMIRE hand 1: hpm=1 -> shared=0
03-27 06:18:53.169 18091 18205 I [CT]    : HandPoseSampler: Filter reset
03-27 06:18:53.169 18091 18205 I InputDevice_Hand: HANDTRACKING ADMIRE hand 0: hpm=1 -> shared=0
03-27 06:18:53.169 18091 18205 I [CT]    : HandPoseSampler: Filter reset
03-27 06:18:53.169 18091 18205 I InputDevice_Hand: HANDTRACKING ADMIRE hand 1: hpm=1 -> shared=0
03-27 06:18:53.182 18091 18205 I [CT]    : HandPoseSampler: Filter reset
03-27 06:18:53.182 18091 18205 I InputDevice_Hand: HANDTRACKING ADMIRE hand 0: hpm=1 -> shared=0
03-27 06:18:53.182 18091 18205 I [CT]    : HandPoseSampler: Filter reset
03-27 06:18:53.182 18091 18205 I InputDevice_Hand: HANDTRACKING ADMIRE hand 1: hpm=1 -> shared=0
03-27 06:18:53.197 18091 18205 I [CT]    : HandPoseSampler: Filter reset
03-27 06:18:53.197 18091 18205 I InputDevice_Hand: HANDTRACKING ADMIRE hand 0: hpm=1 -> shared=0
03-27 06:18:53.197 18091 18205 I [CT]    : HandPoseSampler: Filter reset
03-27 06:18:53.197 18091 18205 I InputDevice_Hand: HANDTRACKING ADMIRE hand 1: hpm=1 -> shared=0
03-27 06:18:53.211 18091 18205 I [CT]    : HandPoseSampler: Filter reset
03-27 06:18:53.211 18091 18205 I InputDevice_Hand: HANDTRACKING ADMIRE hand 0: hpm=1 -> shared=0
03-27 06:18:53.211 18091 18205 I [CT]    : HandPoseSampler: Filter reset
03-27 06:18:53.211 18091 18205 I InputDevice_Hand: HANDTRACKING ADMIRE hand 1: hpm=1 -> shared=0
03-27 06:18:53.213 18224 18352 I [CT]    : SP:AF:AnchorFramework: calculateRigidScenePose: Located 14 / 14 anchors in fd4ff835-375f-eff7-378d-3df1f3bd4165 for calculating rigid scene pose for com.oculus.guardian
03-27 06:18:53.214 18224 18352 I [CT]    : SP:AF:AnchorAccuracy: New Rigid Scene calculated using 14 anchors attached to 1 IAs. 0.20117632200708613 seconds since last update
03-27 06:18:53.214 18224 18352 I [CT]    : SP:AF:AnchorAccuracy: Translation difference (mean/min/max): 0.01830844201945833 0.002528236247599125 0.04353513568639755
03-27 06:18:53.214 18224 18352 I [CT]    : SP:AF:AnchorAccuracy: Rotation difference (mean/min/max): 0.011412390707326787 0.010455571115016937 0.023671019822359085
03-27 06:18:53.214 18224 18352 I [CT]    : SP:AF:AnchorAccuracy: New scene origin pose: -2.5107641220092773 -0.18463288247585297 -1.9405649900436401 : 0.5015484690666199 -0.5015484690666199 -0.4984467923641205 -0.4984467327594757
03-27 06:18:53.214 18224 18352 I [CT]    : SP:AF:AnchorAccuracy: New scene origin pose moved: 5.990192448734888e-07 translation 2.1283115358983196e-07 rotation
03-27 06:18:53.225 18091 18205 I [CT]    : HandPoseSampler: Filter reset
03-27 06:18:53.225 18091 18205 I InputDevice_Hand: HANDTRACKING ADMIRE hand 0: hpm=1 -> shared=0
03-27 06:18:53.225 18091 18205 I [CT]    : HandPoseSampler: Filter reset
03-27 06:18:53.225 18091 18205 I InputDevice_Hand: HANDTRACKING ADMIRE hand 1: hpm=1 -> shared=0
03-27 06:18:53.239 18091 18205 I [CT]    : HandPoseSampler: Filter reset
03-27 06:18:53.239 18091 18205 I InputDevice_Hand: HANDTRACKING ADMIRE hand 0: hpm=1 -> shared=0
03-27 06:18:53.239 18091 18205 I [CT]    : HandPoseSampler: Filter reset
03-27 06:18:53.239 18091 18205 I InputDevice_Hand: HANDTRACKING ADMIRE hand 1: hpm=1 -> shared=0
03-27 06:18:53.252 18091 18205 I [CT]    : HandPoseSampler: Filter reset
03-27 06:18:53.252 18091 18205 I InputDevice_Hand: HANDTRACKING ADMIRE hand 0: hpm=1 -> shared=0
03-27 06:18:53.252 18091 18205 I [CT]    : HandPoseSampler: Filter reset
03-27 06:18:53.252 18091 18205 I InputDevice_Hand: HANDTRACKING ADMIRE hand 1: hpm=1 -> shared=0
03-27 06:18:53.254 18091 18205 I OpenXR_Anchor: xrQuerySpacesFB: split anchor query enabled
03-27 06:18:53.254  4500 18556 I [CT]    : SP:AP:AnchorPersistenceRuntimeIpcServer: checkRPC start: sessionUuid:de76105c-3765-3cfc-f025-996364c4337d, clientId:3936617581, givenPackageName:com.oculus.vrshell
03-27 06:18:53.254  4500 18556 I [CT]    : SP:AP:AnchorPersistenceRuntimeIpcServer: checkPackageAccess - detectedPackageName:com.oculus.vrshell, detectedProcessName:com.oculus.vrshell, givenPackageName:com.oculus.vrshell
03-27 06:18:53.254  4500 18556 I [CT]    : SP:AP:AnchorPersistenceRuntimeIpcServer: checkRPC package name matches: sessionUuid:de76105c-3765-3cfc-f025-996364c4337d, clientId:3936617581, givenPackageName:com.oculus.vrshell, detectedPackageName:com.oculus.vrshell, detectedProcessName:com.oculus.vrshell
03-27 06:18:53.254  4500 18556 I [CT]    : SP:AP:AnchorPersistenceRuntimeIpcServer: queryAvailableAnchorsSMV2: clientId: 3936617581, maxAnchors: 500, filter: 0, queryMultipleRoomsEnabledByOpenXrVersion: true, source: 1, appId: com.oculus.vrshell
03-27 06:18:53.254  4500 18556 I [CT]    : SP:AP:AnchorPersistenceConfig: getSceneRuntimePermissionEnabled: USE_SCENE permission is enabled on this device
03-27 06:18:53.254  4500 18556 I [CT]    : SP:AP:AnchorPersistenceScenePermissions: hasClientGrantedScenePermission: USE_SCENE permission is enabled on this device, check client 3936617581, grant is true
03-27 06:18:53.254  4500 18556 I [CT]    : SP:AP:AnchorPersistenceConfig: getSceneRuntimePermissionEnabled: USE_SCENE permission is enabled on this device
03-27 06:18:53.256  4500 18556 I [CT]    : SP:SceneAnchorFilterUtil: filterSceneDataByPermission: com.oculus.vrshell permission check passed, keep scene data. anchors size: 0
03-27 06:18:53.267 18091 18205 I [CT]    : HandPoseSampler: Filter reset
03-27 06:18:53.267 18091 18205 I InputDevice_Hand: HANDTRACKING ADMIRE hand 0: hpm=1 -> shared=0
03-27 06:18:53.267 18091 18205 I [CT]    : HandPoseSampler: Filter reset
03-27 06:18:53.267 18091 18205 I InputDevice_Hand: HANDTRACKING ADMIRE hand 1: hpm=1 -> shared=0
03-27 06:18:53.281 18091 18205 I [CT]    : HandPoseSampler: Filter reset
03-27 06:18:53.281 18091 18205 I InputDevice_Hand: HANDTRACKING ADMIRE hand 0: hpm=1 -> shared=0
03-27 06:18:53.281 18091 18205 I [CT]    : HandPoseSampler: Filter reset
03-27 06:18:53.281 18091 18205 I InputDevice_Hand: HANDTRACKING ADMIRE hand 1: hpm=1 -> shared=0
03-27 06:18:53.294 18091 18205 I [CT]    : HandPoseSampler: Filter reset
03-27 06:18:53.294 18091 18205 I InputDevice_Hand: HANDTRACKING ADMIRE hand 0: hpm=1 -> shared=0
03-27 06:18:53.294 18091 18205 I [CT]    : HandPoseSampler: Filter reset
03-27 06:18:53.294 18091 18205 I InputDevice_Hand: HANDTRACKING ADMIRE hand 1: hpm=1 -> shared=0
03-27 06:18:53.308 18091 18205 I [CT]    : HandPoseSampler: Filter reset
03-27 06:18:53.308 18091 18205 I InputDevice_Hand: HANDTRACKING ADMIRE hand 0: hpm=1 -> shared=0
03-27 06:18:53.308 18091 18205 I [CT]    : HandPoseSampler: Filter reset
03-27 06:18:53.308 18091 18205 I InputDevice_Hand: HANDTRACKING ADMIRE hand 1: hpm=1 -> shared=0
03-27 06:18:53.321 18091 18205 I [CT]    : HandPoseSampler: Filter reset
03-27 06:18:53.322 18091 18205 I InputDevice_Hand: HANDTRACKING ADMIRE hand 0: hpm=1 -> shared=0
03-27 06:18:53.322 18091 18205 I [CT]    : HandPoseSampler: Filter reset
03-27 06:18:53.322 18091 18205 I InputDevice_Hand: HANDTRACKING ADMIRE hand 1: hpm=1 -> shared=0
03-27 06:18:53.336 18091 18205 I [CT]    : HandPoseSampler: Filter reset
03-27 06:18:53.336 18091 18205 I InputDevice_Hand: HANDTRACKING ADMIRE hand 0: hpm=1 -> shared=0
03-27 06:18:53.336 18091 18205 I [CT]    : HandPoseSampler: Filter reset
03-27 06:18:53.336 18091 18205 I InputDevice_Hand: HANDTRACKING ADMIRE hand 1: hpm=1 -> shared=0
03-27 06:18:53.350 18091 18205 I [CT]    : HandPoseSampler: Filter reset
03-27 06:18:53.350 18091 18205 I InputDevice_Hand: HANDTRACKING ADMIRE hand 0: hpm=1 -> shared=0
03-27 06:18:53.350 18091 18205 I [CT]    : HandPoseSampler: Filter reset
03-27 06:18:53.350 18091 18205 I InputDevice_Hand: HANDTRACKING ADMIRE hand 1: hpm=1 -> shared=0
03-27 06:18:53.363 18091 18205 I [CT]    : HandPoseSampler: Filter reset
03-27 06:18:53.363 18091 18205 I InputDevice_Hand: HANDTRACKING ADMIRE hand 0: hpm=1 -> shared=0
03-27 06:18:53.363 18091 18205 I [CT]    : HandPoseSampler: Filter reset
03-27 06:18:53.363 18091 18205 I InputDevice_Hand: HANDTRACKING ADMIRE hand 1: hpm=1 -> shared=0
03-27 06:18:53.365 18091 18205 I OpenXR_Anchor: xrQuerySpacesFB: split anchor query enabled
03-27 06:18:53.366  4500 18556 I [CT]    : SP:AP:AnchorPersistenceRuntimeIpcServer: checkRPC start: sessionUuid:de76105c-3765-3cfc-f025-996364c4337d, clientId:3936617581, givenPackageName:com.oculus.vrshell
03-27 06:18:53.366  4500 18556 I [CT]    : SP:AP:AnchorPersistenceRuntimeIpcServer: checkPackageAccess - detectedPackageName:com.oculus.vrshell, detectedProcessName:com.oculus.vrshell, givenPackageName:com.oculus.vrshell
03-27 06:18:53.366  4500 18556 I [CT]    : SP:AP:AnchorPersistenceRuntimeIpcServer: checkRPC package name matches: sessionUuid:de76105c-3765-3cfc-f025-996364c4337d, clientId:3936617581, givenPackageName:com.oculus.vrshell, detectedPackageName:com.oculus.vrshell, detectedProcessName:com.oculus.vrshell
03-27 06:18:53.366  4500 18556 I [CT]    : SP:AP:AnchorPersistenceRuntimeIpcServer: queryAvailableAnchorsSMV2: clientId: 3936617581, maxAnchors: 500, filter: 0, queryMultipleRoomsEnabledByOpenXrVersion: true, source: 1, appId: com.oculus.vrshell
03-27 06:18:53.366  4500 18556 I [CT]    : SP:AP:AnchorPersistenceConfig: getSceneRuntimePermissionEnabled: USE_SCENE permission is enabled on this device
03-27 06:18:53.366  4500 18556 I [CT]    : SP:AP:AnchorPersistenceScenePermissions: hasClientGrantedScenePermission: USE_SCENE permission is enabled on this device, check client 3936617581, grant is true
03-27 06:18:53.366  4500 18556 I [CT]    : SP:AP:AnchorPersistenceConfig: getSceneRuntimePermissionEnabled: USE_SCENE permission is enabled on this device
03-27 06:18:53.367  4500 18556 I [CT]    : SP:SceneAnchorFilterUtil: filterSceneDataByPermission: com.oculus.vrshell permission check passed, keep scene data. anchors size: 0
03-27 06:18:53.377 18091 18205 I [CT]    : HandPoseSampler: Filter reset
03-27 06:18:53.377 18091 18205 I InputDevice_Hand: HANDTRACKING ADMIRE hand 0: hpm=1 -> shared=0
03-27 06:18:53.377 18091 18205 I [CT]    : HandPoseSampler: Filter reset
03-27 06:18:53.377 18091 18205 I InputDevice_Hand: HANDTRACKING ADMIRE hand 1: hpm=1 -> shared=0
03-27 06:18:53.391 18091 18205 I [CT]    : HandPoseSampler: Filter reset
03-27 06:18:53.391 18091 18205 I InputDevice_Hand: HANDTRACKING ADMIRE hand 0: hpm=1 -> shared=0
03-27 06:18:53.391 18091 18205 I [CT]    : HandPoseSampler: Filter reset
03-27 06:18:53.391 18091 18205 I InputDevice_Hand: HANDTRACKING ADMIRE hand 1: hpm=1 -> shared=0
03-27 06:18:53.405 18091 18205 I [CT]    : HandPoseSampler: Filter reset
03-27 06:18:53.406 18091 18205 I InputDevice_Hand: HANDTRACKING ADMIRE hand 0: hpm=1 -> shared=0
03-27 06:18:53.406 18091 18205 I [CT]    : HandPoseSampler: Filter reset
03-27 06:18:53.406 18091 18205 I InputDevice_Hand: HANDTRACKING ADMIRE hand 1: hpm=1 -> shared=0
03-27 06:18:53.407   927 19557 I libcamerahal: [INSIGHTS][2.00s] recv/ret/req heartbeat: cam4: 144/144/0, cam5: 144/144/0
03-27 06:18:53.407   927 19557 I libcamerahal: [INSIGHTS][2.00s] recv/ret/req heartbeat: cam0: 120/120/0, cam1: 120/120/0, cam2: 120/120/0, cam3: 120/120/0
03-27 06:18:53.408   897  8147 W Tracking: IoteLogging: IMU Update exceeded imu sampling period: update=0.001375637 [sec], period=0.001250000 [sec].
03-27 06:18:53.419 18091 18205 I [CT]    : HandPoseSampler: Filter reset
03-27 06:18:53.419 18091 18205 I InputDevice_Hand: HANDTRACKING ADMIRE hand 0: hpm=1 -> shared=0
03-27 06:18:53.419 18091 18205 I [CT]    : HandPoseSampler: Filter reset
03-27 06:18:53.419 18091 18205 I InputDevice_Hand: HANDTRACKING ADMIRE hand 1: hpm=1 -> shared=0
03-27 06:18:53.433 18091 18205 I [CT]    : HandPoseSampler: Filter reset
03-27 06:18:53.433 18091 18205 I InputDevice_Hand: HANDTRACKING ADMIRE hand 0: hpm=1 -> shared=0
03-27 06:18:53.433 18091 18205 I [CT]    : HandPoseSampler: Filter reset
03-27 06:18:53.433 18091 18205 I InputDevice_Hand: HANDTRACKING ADMIRE hand 1: hpm=1 -> shared=0
03-27 06:18:53.438   897  1854 I Tracking: CONSTELLATION_Right: [Throttled count=90] P+C Right: Applying Consistent Zero Velocity Update during slow motion.
03-27 06:18:53.447 18091 18205 I [CT]    : HandPoseSampler: Filter reset
03-27 06:18:53.447 18091 18205 I InputDevice_Hand: HANDTRACKING ADMIRE hand 0: hpm=1 -> shared=0
03-27 06:18:53.447 18091 18205 I [CT]    : HandPoseSampler: Filter reset
03-27 06:18:53.447 18091 18205 I InputDevice_Hand: HANDTRACKING ADMIRE hand 1: hpm=1 -> shared=0
03-27 06:18:53.460 18091 18205 I [CT]    : HandPoseSampler: Filter reset
03-27 06:18:53.460 18091 18205 I InputDevice_Hand: HANDTRACKING ADMIRE hand 0: hpm=1 -> shared=0
03-27 06:18:53.460 18091 18205 I [CT]    : HandPoseSampler: Filter reset
03-27 06:18:53.460 18091 18205 I InputDevice_Hand: HANDTRACKING ADMIRE hand 1: hpm=1 -> shared=0
03-27 06:18:53.422     0     0 I logd    : logdr: UID=2000 GID=2000 PID=10069 n tail=0 logMask=10099 pid=0 start=0ns deadline=0ns
