
================================================================================

Build configuration:
 - Architecture: arm64
 - Build type: debug
 - AddressSanitizer: false

 ------------------------------------------------------------------------------ 

Computed flags:
 - CFLAGS: -fPIC -O0 -g
 - CXXFLAGS: -fPIC -frtti -fexceptions -O0 -g
 - LDFLAGS: 

================================================================================
(Please run ./clean.sh manually if you modify any of the options)

==> Download and set up the NDK
~/Documents/android/apps/openmw-vr-quest/buildscripts/downloads ~/Documents/android/apps/openmw-vr-quest/buildscripts
~/Documents/android/apps/openmw-vr-quest/buildscripts/toolchain ~/Documents/android/apps/openmw-vr-quest/buildscripts
~/Documents/android/apps/openmw-vr-quest/buildscripts
==> Build using 12 CPUs
~/Documents/android/apps/openmw-vr-quest/buildscripts/build/arm64 ~/Documents/android/apps/openmw-vr-quest/buildscripts
CMake Deprecation Warning at CMakeLists.txt:1 (cmake_minimum_required):
  Compatibility with CMake < 3.10 will be removed from a future version of
  CMake.

  Update the VERSION argument <min> value.  Or, use the <min>...<max> syntax
  to tell CMake that the project requires at least <min> but has been updated
  to work with policies introduced by <max> or earlier.


CMake Warning (dev) at /usr/share/cmake-4.3/Modules/ExternalProject/shared_internal_commands.cmake:1261 (message):
  The DOWNLOAD_EXTRACT_TIMESTAMP option was not given and policy CMP0135 is
  not set.  The policy's OLD behavior will be used.  When using a URL
  download, the timestamps of extracted files should preferably be that of
  the time of extraction, otherwise code that depends on the extracted
  contents might not be rebuilt if the URL changes.  The OLD behavior
  preserves the timestamps from the archive instead, but this is usually not
  what you want.  Update your project to the NEW behavior or specify the
  DOWNLOAD_EXTRACT_TIMESTAMP option with a value of true to avoid this
  robustness issue.
Call Stack (most recent call first):
  /usr/share/cmake-4.3/Modules/ExternalProject.cmake:3258 (_ep_add_download_command)
  CMakeLists.txt:127 (ExternalProject_Add)
This warning is for project developers.  Use -Wno-dev to suppress it.

CMake Warning (dev) at /usr/share/cmake-4.3/Modules/ExternalProject/shared_internal_commands.cmake:1261 (message):
  The DOWNLOAD_EXTRACT_TIMESTAMP option was not given and policy CMP0135 is
  not set.  The policy's OLD behavior will be used.  When using a URL
  download, the timestamps of extracted files should preferably be that of
  the time of extraction, otherwise code that depends on the extracted
  contents might not be rebuilt if the URL changes.  The OLD behavior
  preserves the timestamps from the archive instead, but this is usually not
  what you want.  Update your project to the NEW behavior or specify the
  DOWNLOAD_EXTRACT_TIMESTAMP option with a value of true to avoid this
  robustness issue.
Call Stack (most recent call first):
  /usr/share/cmake-4.3/Modules/ExternalProject.cmake:3258 (_ep_add_download_command)
  CMakeLists.txt:142 (ExternalProject_Add)
This warning is for project developers.  Use -Wno-dev to suppress it.

CMake Warning (dev) at /usr/share/cmake-4.3/Modules/ExternalProject/shared_internal_commands.cmake:1261 (message):
  The DOWNLOAD_EXTRACT_TIMESTAMP option was not given and policy CMP0135 is
  not set.  The policy's OLD behavior will be used.  When using a URL
  download, the timestamps of extracted files should preferably be that of
  the time of extraction, otherwise code that depends on the extracted
  contents might not be rebuilt if the URL changes.  The OLD behavior
  preserves the timestamps from the archive instead, but this is usually not
  what you want.  Update your project to the NEW behavior or specify the
  DOWNLOAD_EXTRACT_TIMESTAMP option with a value of true to avoid this
  robustness issue.
Call Stack (most recent call first):
  /usr/share/cmake-4.3/Modules/ExternalProject.cmake:3258 (_ep_add_download_command)
  CMakeLists.txt:156 (ExternalProject_Add)
This warning is for project developers.  Use -Wno-dev to suppress it.

CMake Warning (dev) at /usr/share/cmake-4.3/Modules/ExternalProject/shared_internal_commands.cmake:1261 (message):
  The DOWNLOAD_EXTRACT_TIMESTAMP option was not given and policy CMP0135 is
  not set.  The policy's OLD behavior will be used.  When using a URL
  download, the timestamps of extracted files should preferably be that of
  the time of extraction, otherwise code that depends on the extracted
  contents might not be rebuilt if the URL changes.  The OLD behavior
  preserves the timestamps from the archive instead, but this is usually not
  what you want.  Update your project to the NEW behavior or specify the
  DOWNLOAD_EXTRACT_TIMESTAMP option with a value of true to avoid this
  robustness issue.
Call Stack (most recent call first):
  /usr/share/cmake-4.3/Modules/ExternalProject.cmake:3258 (_ep_add_download_command)
  CMakeLists.txt:171 (ExternalProject_Add)
This warning is for project developers.  Use -Wno-dev to suppress it.

CMake Warning (dev) at /usr/share/cmake-4.3/Modules/ExternalProject/shared_internal_commands.cmake:1261 (message):
  The DOWNLOAD_EXTRACT_TIMESTAMP option was not given and policy CMP0135 is
  not set.  The policy's OLD behavior will be used.  When using a URL
  download, the timestamps of extracted files should preferably be that of
  the time of extraction, otherwise code that depends on the extracted
  contents might not be rebuilt if the URL changes.  The OLD behavior
  preserves the timestamps from the archive instead, but this is usually not
  what you want.  Update your project to the NEW behavior or specify the
  DOWNLOAD_EXTRACT_TIMESTAMP option with a value of true to avoid this
  robustness issue.
Call Stack (most recent call first):
  /usr/share/cmake-4.3/Modules/ExternalProject.cmake:3258 (_ep_add_download_command)
  CMakeLists.txt:192 (ExternalProject_Add)
This warning is for project developers.  Use -Wno-dev to suppress it.

CMake Warning (dev) at /usr/share/cmake-4.3/Modules/ExternalProject/shared_internal_commands.cmake:1261 (message):
  The DOWNLOAD_EXTRACT_TIMESTAMP option was not given and policy CMP0135 is
  not set.  The policy's OLD behavior will be used.  When using a URL
  download, the timestamps of extracted files should preferably be that of
  the time of extraction, otherwise code that depends on the extracted
  contents might not be rebuilt if the URL changes.  The OLD behavior
  preserves the timestamps from the archive instead, but this is usually not
  what you want.  Update your project to the NEW behavior or specify the
  DOWNLOAD_EXTRACT_TIMESTAMP option with a value of true to avoid this
  robustness issue.
Call Stack (most recent call first):
  /usr/share/cmake-4.3/Modules/ExternalProject.cmake:3258 (_ep_add_download_command)
  CMakeLists.txt:230 (ExternalProject_Add)
This warning is for project developers.  Use -Wno-dev to suppress it.

CMake Warning (dev) at /usr/share/cmake-4.3/Modules/ExternalProject/shared_internal_commands.cmake:1261 (message):
  The DOWNLOAD_EXTRACT_TIMESTAMP option was not given and policy CMP0135 is
  not set.  The policy's OLD behavior will be used.  When using a URL
  download, the timestamps of extracted files should preferably be that of
  the time of extraction, otherwise code that depends on the extracted
  contents might not be rebuilt if the URL changes.  The OLD behavior
  preserves the timestamps from the archive instead, but this is usually not
  what you want.  Update your project to the NEW behavior or specify the
  DOWNLOAD_EXTRACT_TIMESTAMP option with a value of true to avoid this
  robustness issue.
Call Stack (most recent call first):
  /usr/share/cmake-4.3/Modules/ExternalProject.cmake:3258 (_ep_add_download_command)
  CMakeLists.txt:271 (ExternalProject_Add)
This warning is for project developers.  Use -Wno-dev to suppress it.

CMake Warning (dev) at /usr/share/cmake-4.3/Modules/ExternalProject/shared_internal_commands.cmake:1261 (message):
  The DOWNLOAD_EXTRACT_TIMESTAMP option was not given and policy CMP0135 is
  not set.  The policy's OLD behavior will be used.  When using a URL
  download, the timestamps of extracted files should preferably be that of
  the time of extraction, otherwise code that depends on the extracted
  contents might not be rebuilt if the URL changes.  The OLD behavior
  preserves the timestamps from the archive instead, but this is usually not
  what you want.  Update your project to the NEW behavior or specify the
  DOWNLOAD_EXTRACT_TIMESTAMP option with a value of true to avoid this
  robustness issue.
Call Stack (most recent call first):
  /usr/share/cmake-4.3/Modules/ExternalProject.cmake:3258 (_ep_add_download_command)
  CMakeLists.txt:291 (ExternalProject_Add)
This warning is for project developers.  Use -Wno-dev to suppress it.

CMake Warning (dev) at /usr/share/cmake-4.3/Modules/ExternalProject/shared_internal_commands.cmake:1261 (message):
  The DOWNLOAD_EXTRACT_TIMESTAMP option was not given and policy CMP0135 is
  not set.  The policy's OLD behavior will be used.  When using a URL
  download, the timestamps of extracted files should preferably be that of
  the time of extraction, otherwise code that depends on the extracted
  contents might not be rebuilt if the URL changes.  The OLD behavior
  preserves the timestamps from the archive instead, but this is usually not
  what you want.  Update your project to the NEW behavior or specify the
  DOWNLOAD_EXTRACT_TIMESTAMP option with a value of true to avoid this
  robustness issue.
Call Stack (most recent call first):
  /usr/share/cmake-4.3/Modules/ExternalProject.cmake:3258 (_ep_add_download_command)
  CMakeLists.txt:312 (ExternalProject_Add)
This warning is for project developers.  Use -Wno-dev to suppress it.

CMake Warning (dev) at /usr/share/cmake-4.3/Modules/ExternalProject/shared_internal_commands.cmake:1261 (message):
  The DOWNLOAD_EXTRACT_TIMESTAMP option was not given and policy CMP0135 is
  not set.  The policy's OLD behavior will be used.  When using a URL
  download, the timestamps of extracted files should preferably be that of
  the time of extraction, otherwise code that depends on the extracted
  contents might not be rebuilt if the URL changes.  The OLD behavior
  preserves the timestamps from the archive instead, but this is usually not
  what you want.  Update your project to the NEW behavior or specify the
  DOWNLOAD_EXTRACT_TIMESTAMP option with a value of true to avoid this
  robustness issue.
Call Stack (most recent call first):
  /usr/share/cmake-4.3/Modules/ExternalProject.cmake:3258 (_ep_add_download_command)
  CMakeLists.txt:332 (ExternalProject_Add)
This warning is for project developers.  Use -Wno-dev to suppress it.

CMake Warning (dev) at /usr/share/cmake-4.3/Modules/ExternalProject/shared_internal_commands.cmake:1261 (message):
  The DOWNLOAD_EXTRACT_TIMESTAMP option was not given and policy CMP0135 is
  not set.  The policy's OLD behavior will be used.  When using a URL
  download, the timestamps of extracted files should preferably be that of
  the time of extraction, otherwise code that depends on the extracted
  contents might not be rebuilt if the URL changes.  The OLD behavior
  preserves the timestamps from the archive instead, but this is usually not
  what you want.  Update your project to the NEW behavior or specify the
  DOWNLOAD_EXTRACT_TIMESTAMP option with a value of true to avoid this
  robustness issue.
Call Stack (most recent call first):
  /usr/share/cmake-4.3/Modules/ExternalProject.cmake:3258 (_ep_add_download_command)
  CMakeLists.txt:357 (ExternalProject_Add)
This warning is for project developers.  Use -Wno-dev to suppress it.

CMake Warning (dev) at /usr/share/cmake-4.3/Modules/ExternalProject/shared_internal_commands.cmake:1261 (message):
  The DOWNLOAD_EXTRACT_TIMESTAMP option was not given and policy CMP0135 is
  not set.  The policy's OLD behavior will be used.  When using a URL
  download, the timestamps of extracted files should preferably be that of
  the time of extraction, otherwise code that depends on the extracted
  contents might not be rebuilt if the URL changes.  The OLD behavior
  preserves the timestamps from the archive instead, but this is usually not
  what you want.  Update your project to the NEW behavior or specify the
  DOWNLOAD_EXTRACT_TIMESTAMP option with a value of true to avoid this
  robustness issue.
Call Stack (most recent call first):
  /usr/share/cmake-4.3/Modules/ExternalProject.cmake:3258 (_ep_add_download_command)
  CMakeLists.txt:414 (ExternalProject_Add)
This warning is for project developers.  Use -Wno-dev to suppress it.

-- OpenMW source: local openmw-vr (/home/user/Documents/android/apps/openmw-vr-quest/buildscripts/openmw-vr)
-- Configuring done (0.3s)
-- Generating done (0.0s)
-- Build files have been written to: /home/user/Documents/android/apps/openmw-vr-quest/buildscripts/build/arm64
[  8%] Built target libjpeg-turbo
[ 15%] Built target libpng
[ 22%] Built target freetype2
[ 29%] Built target openal
[ 36%] Built target boost
[ 44%] Built target ffmpeg
[ 52%] Built target sdl2
[ 60%] Built target bullet
[ 68%] Built target gl4es
[ 76%] Built target mygui
[ 84%] Built target lz4
[ 92%] Built target osg
[ 93%] Performing build step for 'openmw'
[  1%] Built target osg-ffmpeg-videoplayer
[  1%] Built target local_tinyxml
[  2%] Built target oics
[  3%] Built target Recast
[  4%] Built target Detour
[  4%] Built target DetourTileCache
[  4%] Built target DebugUtils
[ 32%] Built target components
[ 32%] Building CXX object apps/openmw/CMakeFiles/openmw.dir/mwrender/ripplesimulation.cpp.o
In file included from /home/user/Documents/android/apps/openmw-vr-quest/buildscripts/openmw-vr/apps/openmw/mwrender/ripplesimulation.cpp:10:
In file included from /home/user/Documents/android/apps/openmw-vr-quest/buildscripts/prefix/arm64/include/osgParticle/ParticleSystem:27:
In file included from /home/user/Documents/android/apps/openmw-vr-quest/buildscripts/prefix/arm64/include/osg/Drawable:21:
In file included from /home/user/Documents/android/apps/openmw-vr-quest/buildscripts/prefix/arm64/include/osg/RenderInfo:18:
In file included from /home/user/Documents/android/apps/openmw-vr-quest/buildscripts/prefix/arm64/include/osg/View:17:
/home/user/Documents/android/apps/openmw-vr-quest/buildscripts/prefix/arm64/include/osg/Camera:604:25: warning: 'osg::Camera::DrawCallback::run' hides overloaded virtual function [-Woverloaded-virtual]
            inline void run(osg::RenderInfo& renderInfo) const
                        ^
/home/user/Documents/android/apps/openmw-vr-quest/buildscripts/prefix/arm64/include/osg/Callback:80:22: note: hidden overloaded virtual function 'osg::Callback::run' declared here: different number of parameters (2 vs 1)
        virtual bool run(osg::Object* object, osg::Object* data)
                     ^
1 warning generated.
[ 32%] Building CXX object apps/openmw/CMakeFiles/openmw.dir/mwrender/actoranimation.cpp.o
[ 32%] Building CXX object apps/openmw/CMakeFiles/openmw.dir/mwrender/landmanager.cpp.o
[ 33%] Building CXX object apps/openmw/CMakeFiles/openmw.dir/mwrender/actorspaths.cpp.o
[ 33%] Building CXX object apps/openmw/CMakeFiles/openmw.dir/mwrender/recastmesh.cpp.o
[ 33%] Building CXX object apps/openmw/CMakeFiles/openmw.dir/mwrender/fogmanager.cpp.o
[ 33%] Building CXX object apps/openmw/CMakeFiles/openmw.dir/mwrender/objectpaging.cpp.o
In file included from /home/user/Documents/android/apps/openmw-vr-quest/buildscripts/openmw-vr/apps/openmw/mwrender/objectpaging.cpp:10:
In file included from /home/user/Documents/android/apps/openmw-vr-quest/buildscripts/prefix/arm64/include/osgUtil/IncrementalCompileOperation:19:
In file included from /home/user/Documents/android/apps/openmw-vr-quest/buildscripts/prefix/arm64/include/osgUtil/GLObjectsVisitor:19:
In file included from /home/user/Documents/android/apps/openmw-vr-quest/buildscripts/prefix/arm64/include/osg/Geode:19:
In file included from /home/user/Documents/android/apps/openmw-vr-quest/buildscripts/prefix/arm64/include/osg/Drawable:21:
In file included from /home/user/Documents/android/apps/openmw-vr-quest/buildscripts/prefix/arm64/include/osg/RenderInfo:18:
In file included from /home/user/Documents/android/apps/openmw-vr-quest/buildscripts/prefix/arm64/include/osg/View:17:
/home/user/Documents/android/apps/openmw-vr-quest/buildscripts/prefix/arm64/include/osg/Camera:604:25: warning: 'osg::Camera::DrawCallback::run' hides overloaded virtual function [-Woverloaded-virtual]
            inline void run(osg::RenderInfo& renderInfo) const
                        ^
/home/user/Documents/android/apps/openmw-vr-quest/buildscripts/prefix/arm64/include/osg/Callback:80:22: note: hidden overloaded virtual function 'osg::Callback::run' declared here: different number of parameters (2 vs 1)
        virtual bool run(osg::Object* object, osg::Object* data)
                     ^
In file included from /home/user/Documents/android/apps/openmw-vr-quest/buildscripts/openmw-vr/apps/openmw/mwrender/objectpaging.cpp:10:
In file included from /home/user/Documents/android/apps/openmw-vr-quest/buildscripts/prefix/arm64/include/osgUtil/IncrementalCompileOperation:19:
/home/user/Documents/android/apps/openmw-vr-quest/buildscripts/prefix/arm64/include/osgUtil/GLObjectsVisitor:104:14: warning: 'osgUtil::GLObjectsVisitor::apply' hides overloaded virtual functions [-Woverloaded-virtual]
        void apply(osg::StateSet& stateset);
             ^
/home/user/Documents/android/apps/openmw-vr-quest/buildscripts/prefix/arm64/include/osg/NodeVisitor:327:22: note: hidden overloaded virtual function 'osg::NodeVisitor::apply' declared here: type mismatch at 1st parameter ('osg::Geometry &' vs 'osg::StateSet &')
        virtual void apply(Geometry& geometry);
                     ^
/home/user/Documents/android/apps/openmw-vr-quest/buildscripts/prefix/arm64/include/osg/NodeVisitor:331:22: note: hidden overloaded virtual function 'osg::NodeVisitor::apply' declared here: type mismatch at 1st parameter ('osg::Geode &' vs 'osg::StateSet &')
        virtual void apply(Geode& node);
                     ^
/home/user/Documents/android/apps/openmw-vr-quest/buildscripts/prefix/arm64/include/osg/NodeVisitor:332:22: note: hidden overloaded virtual function 'osg::NodeVisitor::apply' declared here: type mismatch at 1st parameter ('osg::Billboard &' vs 'osg::StateSet &')
        virtual void apply(Billboard& node);
                     ^
/home/user/Documents/android/apps/openmw-vr-quest/buildscripts/prefix/arm64/include/osg/NodeVisitor:334:22: note: hidden overloaded virtual function 'osg::NodeVisitor::apply' declared here: type mismatch at 1st parameter ('osg::Group &' vs 'osg::StateSet &')
        virtual void apply(Group& node);
                     ^
/home/user/Documents/android/apps/openmw-vr-quest/buildscripts/prefix/arm64/include/osg/NodeVisitor:336:22: note: hidden overloaded virtual function 'osg::NodeVisitor::apply' declared here: type mismatch at 1st parameter ('osg::ProxyNode &' vs 'osg::StateSet &')
        virtual void apply(ProxyNode& node);
                     ^
/home/user/Documents/android/apps/openmw-vr-quest/buildscripts/prefix/arm64/include/osg/NodeVisitor:338:22: note: hidden overloaded virtual function 'osg::NodeVisitor::apply' declared here: type mismatch at 1st parameter ('osg::Projection &' vs 'osg::StateSet &')
        virtual void apply(Projection& node);
                     ^
/home/user/Documents/android/apps/openmw-vr-quest/buildscripts/prefix/arm64/include/osg/NodeVisitor:340:22: note: hidden overloaded virtual function 'osg::NodeVisitor::apply' declared here: type mismatch at 1st parameter ('osg::CoordinateSystemNode &' vs 'osg::StateSet &')
        virtual void apply(CoordinateSystemNode& node);
                     ^
/home/user/Documents/android/apps/openmw-vr-quest/buildscripts/prefix/arm64/include/osg/NodeVisitor:342:22: note: hidden overloaded virtual function 'osg::NodeVisitor::apply' declared here: type mismatch at 1st parameter ('osg::ClipNode &' vs 'osg::StateSet &')
        virtual void apply(ClipNode& node);
                     ^
/home/user/Documents/android/apps/openmw-vr-quest/buildscripts/prefix/arm64/include/osg/NodeVisitor:343:22: note: hidden overloaded virtual function 'osg::NodeVisitor::apply' declared here: type mismatch at 1st parameter ('osg::TexGenNode &' vs 'osg::StateSet &')
        virtual void apply(TexGenNode& node);
                     ^
/home/user/Documents/android/apps/openmw-vr-quest/buildscripts/prefix/arm64/include/osg/NodeVisitor:344:22: note: hidden overloaded virtual function 'osg::NodeVisitor::apply' declared here: type mismatch at 1st parameter ('osg::LightSource &' vs 'osg::StateSet &')
        virtual void apply(LightSource& node);
                     ^
/home/user/Documents/android/apps/openmw-vr-quest/buildscripts/prefix/arm64/include/osg/NodeVisitor:346:22: note: hidden overloaded virtual function 'osg::NodeVisitor::apply' declared here: type mismatch at 1st parameter ('osg::Transform &' vs 'osg::StateSet &')
        virtual void apply(Transform& node);
                     ^
/home/user/Documents/android/apps/openmw-vr-quest/buildscripts/prefix/arm64/include/osg/NodeVisitor:347:22: note: hidden overloaded virtual function 'osg::NodeVisitor::apply' declared here: type mismatch at 1st parameter ('osg::Camera &' vs 'osg::StateSet &')
        virtual void apply(Camera& node);
                     ^
/home/user/Documents/android/apps/openmw-vr-quest/buildscripts/prefix/arm64/include/osg/NodeVisitor:348:22: note: hidden overloaded virtual function 'osg::NodeVisitor::apply' declared here: type mismatch at 1st parameter ('osg::CameraView &' vs 'osg::StateSet &')
        virtual void apply(CameraView& node);
                     ^
/home/user/Documents/android/apps/openmw-vr-quest/buildscripts/prefix/arm64/include/osg/NodeVisitor:349:22: note: hidden overloaded virtual function 'osg::NodeVisitor::apply' declared here: type mismatch at 1st parameter ('osg::MatrixTransform &' vs 'osg::StateSet &')
        virtual void apply(MatrixTransform& node);
                     ^
/home/user/Documents/android/apps/openmw-vr-quest/buildscripts/prefix/arm64/include/osg/NodeVisitor:350:22: note: hidden overloaded virtual function 'osg::NodeVisitor::apply' declared here: type mismatch at 1st parameter ('osg::PositionAttitudeTransform &' vs 'osg::StateSet &')
        virtual void apply(PositionAttitudeTransform& node);
                     ^
/home/user/Documents/android/apps/openmw-vr-quest/buildscripts/prefix/arm64/include/osg/NodeVisitor:351:22: note: hidden overloaded virtual function 'osg::NodeVisitor::apply' declared here: type mismatch at 1st parameter ('osg::AutoTransform &' vs 'osg::StateSet &')
        virtual void apply(AutoTransform& node);
                     ^
/home/user/Documents/android/apps/openmw-vr-quest/buildscripts/prefix/arm64/include/osg/NodeVisitor:353:22: note: hidden overloaded virtual function 'osg::NodeVisitor::apply' declared here: type mismatch at 1st parameter ('osg::Switch &' vs 'osg::StateSet &')
        virtual void apply(Switch& node);
                     ^
/home/user/Documents/android/apps/openmw-vr-quest/buildscripts/prefix/arm64/include/osg/NodeVisitor:354:22: note: hidden overloaded virtual function 'osg::NodeVisitor::apply' declared here: type mismatch at 1st parameter ('osg::Sequence &' vs 'osg::StateSet &')
        virtual void apply(Sequence& node);
                     ^
/home/user/Documents/android/apps/openmw-vr-quest/buildscripts/prefix/arm64/include/osg/NodeVisitor:355:22: note: hidden overloaded virtual function 'osg::NodeVisitor::apply' declared here: type mismatch at 1st parameter ('osg::LOD &' vs 'osg::StateSet &')
        virtual void apply(LOD& node);
                     ^
/home/user/Documents/android/apps/openmw-vr-quest/buildscripts/prefix/arm64/include/osg/NodeVisitor:356:22: note: hidden overloaded virtual function 'osg::NodeVisitor::apply' declared here: type mismatch at 1st parameter ('osg::PagedLOD &' vs 'osg::StateSet &')
        virtual void apply(PagedLOD& node);
                     ^
/home/user/Documents/android/apps/openmw-vr-quest/buildscripts/prefix/arm64/include/osg/NodeVisitor:357:22: note: hidden overloaded virtual function 'osg::NodeVisitor::apply' declared here: type mismatch at 1st parameter ('osg::ClearNode &' vs 'osg::StateSet &')
        virtual void apply(ClearNode& node);
                     ^
/home/user/Documents/android/apps/openmw-vr-quest/buildscripts/prefix/arm64/include/osg/NodeVisitor:358:22: note: hidden overloaded virtual function 'osg::NodeVisitor::apply' declared here: type mismatch at 1st parameter ('osg::OccluderNode &' vs 'osg::StateSet &')
        virtual void apply(OccluderNode& node);
                     ^
/home/user/Documents/android/apps/openmw-vr-quest/buildscripts/prefix/arm64/include/osg/NodeVisitor:359:22: note: hidden overloaded virtual function 'osg::NodeVisitor::apply' declared here: type mismatch at 1st parameter ('osg::OcclusionQueryNode &' vs 'osg::StateSet &')
        virtual void apply(OcclusionQueryNode& node);
                     ^
In file included from /home/user/Documents/android/apps/openmw-vr-quest/buildscripts/openmw-vr/apps/openmw/mwrender/objectpaging.cpp:10:
/home/user/Documents/android/apps/openmw-vr-quest/buildscripts/prefix/arm64/include/osgUtil/IncrementalCompileOperation:52:22: warning: 'osgUtil::StateToCompile::apply' hides overloaded virtual functions [-Woverloaded-virtual]
        virtual void apply(osg::StateSet& stateset);
                     ^
/home/user/Documents/android/apps/openmw-vr-quest/buildscripts/prefix/arm64/include/osg/NodeVisitor:327:22: note: hidden overloaded virtual function 'osg::NodeVisitor::apply' declared here: type mismatch at 1st parameter ('osg::Geometry &' vs 'osg::StateSet &')
        virtual void apply(Geometry& geometry);
                     ^
/home/user/Documents/android/apps/openmw-vr-quest/buildscripts/prefix/arm64/include/osg/NodeVisitor:331:22: note: hidden overloaded virtual function 'osg::NodeVisitor::apply' declared here: type mismatch at 1st parameter ('osg::Geode &' vs 'osg::StateSet &')
        virtual void apply(Geode& node);
                     ^
/home/user/Documents/android/apps/openmw-vr-quest/buildscripts/prefix/arm64/include/osg/NodeVisitor:332:22: note: hidden overloaded virtual function 'osg::NodeVisitor::apply' declared here: type mismatch at 1st parameter ('osg::Billboard &' vs 'osg::StateSet &')
        virtual void apply(Billboard& node);
                     ^
/home/user/Documents/android/apps/openmw-vr-quest/buildscripts/prefix/arm64/include/osg/NodeVisitor:334:22: note: hidden overloaded virtual function 'osg::NodeVisitor::apply' declared here: type mismatch at 1st parameter ('osg::Group &' vs 'osg::StateSet &')
        virtual void apply(Group& node);
                     ^
/home/user/Documents/android/apps/openmw-vr-quest/buildscripts/prefix/arm64/include/osg/NodeVisitor:336:22: note: hidden overloaded virtual function 'osg::NodeVisitor::apply' declared here: type mismatch at 1st parameter ('osg::ProxyNode &' vs 'osg::StateSet &')
        virtual void apply(ProxyNode& node);
                     ^
/home/user/Documents/android/apps/openmw-vr-quest/buildscripts/prefix/arm64/include/osg/NodeVisitor:338:22: note: hidden overloaded virtual function 'osg::NodeVisitor::apply' declared here: type mismatch at 1st parameter ('osg::Projection &' vs 'osg::StateSet &')
        virtual void apply(Projection& node);
                     ^
/home/user/Documents/android/apps/openmw-vr-quest/buildscripts/prefix/arm64/include/osg/NodeVisitor:340:22: note: hidden overloaded virtual function 'osg::NodeVisitor::apply' declared here: type mismatch at 1st parameter ('osg::CoordinateSystemNode &' vs 'osg::StateSet &')
        virtual void apply(CoordinateSystemNode& node);
                     ^
/home/user/Documents/android/apps/openmw-vr-quest/buildscripts/prefix/arm64/include/osg/NodeVisitor:342:22: note: hidden overloaded virtual function 'osg::NodeVisitor::apply' declared here: type mismatch at 1st parameter ('osg::ClipNode &' vs 'osg::StateSet &')
        virtual void apply(ClipNode& node);
                     ^
/home/user/Documents/android/apps/openmw-vr-quest/buildscripts/prefix/arm64/include/osg/NodeVisitor:343:22: note: hidden overloaded virtual function 'osg::NodeVisitor::apply' declared here: type mismatch at 1st parameter ('osg::TexGenNode &' vs 'osg::StateSet &')
        virtual void apply(TexGenNode& node);
                     ^
/home/user/Documents/android/apps/openmw-vr-quest/buildscripts/prefix/arm64/include/osg/NodeVisitor:344:22: note: hidden overloaded virtual function 'osg::NodeVisitor::apply' declared here: type mismatch at 1st parameter ('osg::LightSource &' vs 'osg::StateSet &')
        virtual void apply(LightSource& node);
                     ^
/home/user/Documents/android/apps/openmw-vr-quest/buildscripts/prefix/arm64/include/osg/NodeVisitor:346:22: note: hidden overloaded virtual function 'osg::NodeVisitor::apply' declared here: type mismatch at 1st parameter ('osg::Transform &' vs 'osg::StateSet &')
        virtual void apply(Transform& node);
                     ^
/home/user/Documents/android/apps/openmw-vr-quest/buildscripts/prefix/arm64/include/osg/NodeVisitor:347:22: note: hidden overloaded virtual function 'osg::NodeVisitor::apply' declared here: type mismatch at 1st parameter ('osg::Camera &' vs 'osg::StateSet &')
        virtual void apply(Camera& node);
                     ^
/home/user/Documents/android/apps/openmw-vr-quest/buildscripts/prefix/arm64/include/osg/NodeVisitor:348:22: note: hidden overloaded virtual function 'osg::NodeVisitor::apply' declared here: type mismatch at 1st parameter ('osg::CameraView &' vs 'osg::StateSet &')
        virtual void apply(CameraView& node);
                     ^
/home/user/Documents/android/apps/openmw-vr-quest/buildscripts/prefix/arm64/include/osg/NodeVisitor:349:22: note: hidden overloaded virtual function 'osg::NodeVisitor::apply' declared here: type mismatch at 1st parameter ('osg::MatrixTransform &' vs 'osg::StateSet &')
        virtual void apply(MatrixTransform& node);
                     ^
/home/user/Documents/android/apps/openmw-vr-quest/buildscripts/prefix/arm64/include/osg/NodeVisitor:350:22: note: hidden overloaded virtual function 'osg::NodeVisitor::apply' declared here: type mismatch at 1st parameter ('osg::PositionAttitudeTransform &' vs 'osg::StateSet &')
        virtual void apply(PositionAttitudeTransform& node);
                     ^
/home/user/Documents/android/apps/openmw-vr-quest/buildscripts/prefix/arm64/include/osg/NodeVisitor:351:22: note: hidden overloaded virtual function 'osg::NodeVisitor::apply' declared here: type mismatch at 1st parameter ('osg::AutoTransform &' vs 'osg::StateSet &')
        virtual void apply(AutoTransform& node);
                     ^
/home/user/Documents/android/apps/openmw-vr-quest/buildscripts/prefix/arm64/include/osg/NodeVisitor:353:22: note: hidden overloaded virtual function 'osg::NodeVisitor::apply' declared here: type mismatch at 1st parameter ('osg::Switch &' vs 'osg::StateSet &')
        virtual void apply(Switch& node);
                     ^
/home/user/Documents/android/apps/openmw-vr-quest/buildscripts/prefix/arm64/include/osg/NodeVisitor:354:22: note: hidden overloaded virtual function 'osg::NodeVisitor::apply' declared here: type mismatch at 1st parameter ('osg::Sequence &' vs 'osg::StateSet &')
        virtual void apply(Sequence& node);
                     ^
/home/user/Documents/android/apps/openmw-vr-quest/buildscripts/prefix/arm64/include/osg/NodeVisitor:355:22: note: hidden overloaded virtual function 'osg::NodeVisitor::apply' declared here: type mismatch at 1st parameter ('osg::LOD &' vs 'osg::StateSet &')
        virtual void apply(LOD& node);
                     ^
/home/user/Documents/android/apps/openmw-vr-quest/buildscripts/prefix/arm64/include/osg/NodeVisitor:356:22: note: hidden overloaded virtual function 'osg::NodeVisitor::apply' declared here: type mismatch at 1st parameter ('osg::PagedLOD &' vs 'osg::StateSet &')
        virtual void apply(PagedLOD& node);
                     ^
/home/user/Documents/android/apps/openmw-vr-quest/buildscripts/prefix/arm64/include/osg/NodeVisitor:357:22: note: hidden overloaded virtual function 'osg::NodeVisitor::apply' declared here: type mismatch at 1st parameter ('osg::ClearNode &' vs 'osg::StateSet &')
        virtual void apply(ClearNode& node);
                     ^
/home/user/Documents/android/apps/openmw-vr-quest/buildscripts/prefix/arm64/include/osg/NodeVisitor:358:22: note: hidden overloaded virtual function 'osg::NodeVisitor::apply' declared here: type mismatch at 1st parameter ('osg::OccluderNode &' vs 'osg::StateSet &')
        virtual void apply(OccluderNode& node);
                     ^
/home/user/Documents/android/apps/openmw-vr-quest/buildscripts/prefix/arm64/include/osg/NodeVisitor:359:22: note: hidden overloaded virtual function 'osg::NodeVisitor::apply' declared here: type mismatch at 1st parameter ('osg::OcclusionQueryNode &' vs 'osg::StateSet &')
        virtual void apply(OcclusionQueryNode& node);
                     ^
In file included from /home/user/Documents/android/apps/openmw-vr-quest/buildscripts/openmw-vr/apps/openmw/mwrender/objectpaging.cpp:10:
/home/user/Documents/android/apps/openmw-vr-quest/buildscripts/prefix/arm64/include/osgUtil/IncrementalCompileOperation:53:22: warning: 'osgUtil::StateToCompile::apply' hides overloaded virtual functions [-Woverloaded-virtual]
        virtual void apply(osg::Texture& texture);
                     ^
/home/user/Documents/android/apps/openmw-vr-quest/buildscripts/prefix/arm64/include/osg/NodeVisitor:327:22: note: hidden overloaded virtual function 'osg::NodeVisitor::apply' declared here: type mismatch at 1st parameter ('osg::Geometry &' vs 'osg::Texture &')
        virtual void apply(Geometry& geometry);
                     ^
/home/user/Documents/android/apps/openmw-vr-quest/buildscripts/prefix/arm64/include/osg/NodeVisitor:331:22: note: hidden overloaded virtual function 'osg::NodeVisitor::apply' declared here: type mismatch at 1st parameter ('osg::Geode &' vs 'osg::Texture &')
        virtual void apply(Geode& node);
                     ^
/home/user/Documents/android/apps/openmw-vr-quest/buildscripts/prefix/arm64/include/osg/NodeVisitor:332:22: note: hidden overloaded virtual function 'osg::NodeVisitor::apply' declared here: type mismatch at 1st parameter ('osg::Billboard &' vs 'osg::Texture &')
        virtual void apply(Billboard& node);
                     ^
/home/user/Documents/android/apps/openmw-vr-quest/buildscripts/prefix/arm64/include/osg/NodeVisitor:334:22: note: hidden overloaded virtual function 'osg::NodeVisitor::apply' declared here: type mismatch at 1st parameter ('osg::Group &' vs 'osg::Texture &')
        virtual void apply(Group& node);
                     ^
/home/user/Documents/android/apps/openmw-vr-quest/buildscripts/prefix/arm64/include/osg/NodeVisitor:336:22: note: hidden overloaded virtual function 'osg::NodeVisitor::apply' declared here: type mismatch at 1st parameter ('osg::ProxyNode &' vs 'osg::Texture &')
        virtual void apply(ProxyNode& node);
                     ^
/home/user/Documents/android/apps/openmw-vr-quest/buildscripts/prefix/arm64/include/osg/NodeVisitor:338:22: note: hidden overloaded virtual function 'osg::NodeVisitor::apply' declared here: type mismatch at 1st parameter ('osg::Projection &' vs 'osg::Texture &')
        virtual void apply(Projection& node);
                     ^
/home/user/Documents/android/apps/openmw-vr-quest/buildscripts/prefix/arm64/include/osg/NodeVisitor:340:22: note: hidden overloaded virtual function 'osg::NodeVisitor::apply' declared here: type mismatch at 1st parameter ('osg::CoordinateSystemNode &' vs 'osg::Texture &')
        virtual void apply(CoordinateSystemNode& node);
                     ^
/home/user/Documents/android/apps/openmw-vr-quest/buildscripts/prefix/arm64/include/osg/NodeVisitor:342:22: note: hidden overloaded virtual function 'osg::NodeVisitor::apply' declared here: type mismatch at 1st parameter ('osg::ClipNode &' vs 'osg::Texture &')
        virtual void apply(ClipNode& node);
                     ^
/home/user/Documents/android/apps/openmw-vr-quest/buildscripts/prefix/arm64/include/osg/NodeVisitor:343:22: note: hidden overloaded virtual function 'osg::NodeVisitor::apply' declared here: type mismatch at 1st parameter ('osg::TexGenNode &' vs 'osg::Texture &')
        virtual void apply(TexGenNode& node);
                     ^
/home/user/Documents/android/apps/openmw-vr-quest/buildscripts/prefix/arm64/include/osg/NodeVisitor:344:22: note: hidden overloaded virtual function 'osg::NodeVisitor::apply' declared here: type mismatch at 1st parameter ('osg::LightSource &' vs 'osg::Texture &')
        virtual void apply(LightSource& node);
                     ^
/home/user/Documents/android/apps/openmw-vr-quest/buildscripts/prefix/arm64/include/osg/NodeVisitor:346:22: note: hidden overloaded virtual function 'osg::NodeVisitor::apply' declared here: type mismatch at 1st parameter ('osg::Transform &' vs 'osg::Texture &')
        virtual void apply(Transform& node);
                     ^
/home/user/Documents/android/apps/openmw-vr-quest/buildscripts/prefix/arm64/include/osg/NodeVisitor:347:22: note: hidden overloaded virtual function 'osg::NodeVisitor::apply' declared here: type mismatch at 1st parameter ('osg::Camera &' vs 'osg::Texture &')
        virtual void apply(Camera& node);
                     ^
/home/user/Documents/android/apps/openmw-vr-quest/buildscripts/prefix/arm64/include/osg/NodeVisitor:348:22: note: hidden overloaded virtual function 'osg::NodeVisitor::apply' declared here: type mismatch at 1st parameter ('osg::CameraView &' vs 'osg::Texture &')
        virtual void apply(CameraView& node);
                     ^
/home/user/Documents/android/apps/openmw-vr-quest/buildscripts/prefix/arm64/include/osg/NodeVisitor:349:22: note: hidden overloaded virtual function 'osg::NodeVisitor::apply' declared here: type mismatch at 1st parameter ('osg::MatrixTransform &' vs 'osg::Texture &')
        virtual void apply(MatrixTransform& node);
                     ^
/home/user/Documents/android/apps/openmw-vr-quest/buildscripts/prefix/arm64/include/osg/NodeVisitor:350:22: note: hidden overloaded virtual function 'osg::NodeVisitor::apply' declared here: type mismatch at 1st parameter ('osg::PositionAttitudeTransform &' vs 'osg::Texture &')
        virtual void apply(PositionAttitudeTransform& node);
                     ^
/home/user/Documents/android/apps/openmw-vr-quest/buildscripts/prefix/arm64/include/osg/NodeVisitor:351:22: note: hidden overloaded virtual function 'osg::NodeVisitor::apply' declared here: type mismatch at 1st parameter ('osg::AutoTransform &' vs 'osg::Texture &')
        virtual void apply(AutoTransform& node);
                     ^
/home/user/Documents/android/apps/openmw-vr-quest/buildscripts/prefix/arm64/include/osg/NodeVisitor:353:22: note: hidden overloaded virtual function 'osg::NodeVisitor::apply' declared here: type mismatch at 1st parameter ('osg::Switch &' vs 'osg::Texture &')
        virtual void apply(Switch& node);
                     ^
/home/user/Documents/android/apps/openmw-vr-quest/buildscripts/prefix/arm64/include/osg/NodeVisitor:354:22: note: hidden overloaded virtual function 'osg::NodeVisitor::apply' declared here: type mismatch at 1st parameter ('osg::Sequence &' vs 'osg::Texture &')
        virtual void apply(Sequence& node);
                     ^
/home/user/Documents/android/apps/openmw-vr-quest/buildscripts/prefix/arm64/include/osg/NodeVisitor:355:22: note: hidden overloaded virtual function 'osg::NodeVisitor::apply' declared here: type mismatch at 1st parameter ('osg::LOD &' vs 'osg::Texture &')
        virtual void apply(LOD& node);
                     ^
/home/user/Documents/android/apps/openmw-vr-quest/buildscripts/prefix/arm64/include/osg/NodeVisitor:356:22: note: hidden overloaded virtual function 'osg::NodeVisitor::apply' declared here: type mismatch at 1st parameter ('osg::PagedLOD &' vs 'osg::Texture &')
        virtual void apply(PagedLOD& node);
                     ^
/home/user/Documents/android/apps/openmw-vr-quest/buildscripts/prefix/arm64/include/osg/NodeVisitor:357:22: note: hidden overloaded virtual function 'osg::NodeVisitor::apply' declared here: type mismatch at 1st parameter ('osg::ClearNode &' vs 'osg::Texture &')
        virtual void apply(ClearNode& node);
                     ^
/home/user/Documents/android/apps/openmw-vr-quest/buildscripts/prefix/arm64/include/osg/NodeVisitor:358:22: note: hidden overloaded virtual function 'osg::NodeVisitor::apply' declared here: type mismatch at 1st parameter ('osg::OccluderNode &' vs 'osg::Texture &')
        virtual void apply(OccluderNode& node);
                     ^
/home/user/Documents/android/apps/openmw-vr-quest/buildscripts/prefix/arm64/include/osg/NodeVisitor:359:22: note: hidden overloaded virtual function 'osg::NodeVisitor::apply' declared here: type mismatch at 1st parameter ('osg::OcclusionQueryNode &' vs 'osg::Texture &')
        virtual void apply(OcclusionQueryNode& node);
                     ^
4 warnings generated.
[ 33%] Building CXX object apps/openmw/CMakeFiles/openmw.dir/mwrender/groundcover.cpp.o
[ 33%] Building CXX object apps/openmw/CMakeFiles/openmw.dir/mwinput/actionmanager.cpp.o
In file included from /home/user/Documents/android/apps/openmw-vr-quest/buildscripts/openmw-vr/apps/openmw/mwinput/actionmanager.cpp:1:
In file included from /home/user/Documents/android/apps/openmw-vr-quest/buildscripts/openmw-vr/apps/openmw/mwinput/actionmanager.hpp:5:
In file included from /home/user/Documents/android/apps/openmw-vr-quest/buildscripts/prefix/arm64/include/osgViewer/ViewerEventHandlers:18:
In file included from /home/user/Documents/android/apps/openmw-vr-quest/buildscripts/prefix/arm64/include/osgText/Text:18:
In file included from /home/user/Documents/android/apps/openmw-vr-quest/buildscripts/prefix/arm64/include/osg/Drawable:21:
In file included from /home/user/Documents/android/apps/openmw-vr-quest/buildscripts/prefix/arm64/include/osg/RenderInfo:18:
In file included from /home/user/Documents/android/apps/openmw-vr-quest/buildscripts/prefix/arm64/include/osg/View:17:
/home/user/Documents/android/apps/openmw-vr-quest/buildscripts/prefix/arm64/include/osg/Camera:604:25: warning: 'osg::Camera::DrawCallback::run' hides overloaded virtual function [-Woverloaded-virtual]
            inline void run(osg::RenderInfo& renderInfo) const
                        ^
/home/user/Documents/android/apps/openmw-vr-quest/buildscripts/prefix/arm64/include/osg/Callback:80:22: note: hidden overloaded virtual function 'osg::Callback::run' declared here: different number of parameters (2 vs 1)
        virtual bool run(osg::Object* object, osg::Object* data)
                     ^
In file included from /home/user/Documents/android/apps/openmw-vr-quest/buildscripts/openmw-vr/apps/openmw/mwinput/actionmanager.cpp:1:
In file included from /home/user/Documents/android/apps/openmw-vr-quest/buildscripts/openmw-vr/apps/openmw/mwinput/actionmanager.hpp:5:
In file included from /home/user/Documents/android/apps/openmw-vr-quest/buildscripts/prefix/arm64/include/osgViewer/ViewerEventHandlers:23:
In file included from /home/user/Documents/android/apps/openmw-vr-quest/buildscripts/prefix/arm64/include/osgViewer/Viewer:21:
In file included from /home/user/Documents/android/apps/openmw-vr-quest/buildscripts/prefix/arm64/include/osgViewer/View:29:
In file included from /home/user/Documents/android/apps/openmw-vr-quest/buildscripts/prefix/arm64/include/osgViewer/Scene:19:
In file included from /home/user/Documents/android/apps/openmw-vr-quest/buildscripts/prefix/arm64/include/osgDB/DatabasePager:31:
In file included from /home/user/Documents/android/apps/openmw-vr-quest/buildscripts/prefix/arm64/include/osgUtil/IncrementalCompileOperation:19:
/home/user/Documents/android/apps/openmw-vr-quest/buildscripts/prefix/arm64/include/osgUtil/GLObjectsVisitor:104:14: warning: 'osgUtil::GLObjectsVisitor::apply' hides overloaded virtual functions [-Woverloaded-virtual]
        void apply(osg::StateSet& stateset);
             ^
/home/user/Documents/android/apps/openmw-vr-quest/buildscripts/prefix/arm64/include/osg/NodeVisitor:327:22: note: hidden overloaded virtual function 'osg::NodeVisitor::apply' declared here: type mismatch at 1st parameter ('osg::Geometry &' vs 'osg::StateSet &')
        virtual void apply(Geometry& geometry);
                     ^
/home/user/Documents/android/apps/openmw-vr-quest/buildscripts/prefix/arm64/include/osg/NodeVisitor:331:22: note: hidden overloaded virtual function 'osg::NodeVisitor::apply' declared here: type mismatch at 1st parameter ('osg::Geode &' vs 'osg::StateSet &')
        virtual void apply(Geode& node);
                     ^
/home/user/Documents/android/apps/openmw-vr-quest/buildscripts/prefix/arm64/include/osg/NodeVisitor:332:22: note: hidden overloaded virtual function 'osg::NodeVisitor::apply' declared here: type mismatch at 1st parameter ('osg::Billboard &' vs 'osg::StateSet &')
        virtual void apply(Billboard& node);
                     ^
/home/user/Documents/android/apps/openmw-vr-quest/buildscripts/prefix/arm64/include/osg/NodeVisitor:334:22: note: hidden overloaded virtual function 'osg::NodeVisitor::apply' declared here: type mismatch at 1st parameter ('osg::Group &' vs 'osg::StateSet &')
        virtual void apply(Group& node);
                     ^
/home/user/Documents/android/apps/openmw-vr-quest/buildscripts/prefix/arm64/include/osg/NodeVisitor:336:22: note: hidden overloaded virtual function 'osg::NodeVisitor::apply' declared here: type mismatch at 1st parameter ('osg::ProxyNode &' vs 'osg::StateSet &')
        virtual void apply(ProxyNode& node);
                     ^
/home/user/Documents/android/apps/openmw-vr-quest/buildscripts/prefix/arm64/include/osg/NodeVisitor:338:22: note: hidden overloaded virtual function 'osg::NodeVisitor::apply' declared here: type mismatch at 1st parameter ('osg::Projection &' vs 'osg::StateSet &')
        virtual void apply(Projection& node);
                     ^
/home/user/Documents/android/apps/openmw-vr-quest/buildscripts/prefix/arm64/include/osg/NodeVisitor:340:22: note: hidden overloaded virtual function 'osg::NodeVisitor::apply' declared here: type mismatch at 1st parameter ('osg::CoordinateSystemNode &' vs 'osg::StateSet &')
        virtual void apply(CoordinateSystemNode& node);
                     ^
/home/user/Documents/android/apps/openmw-vr-quest/buildscripts/prefix/arm64/include/osg/NodeVisitor:342:22: note: hidden overloaded virtual function 'osg::NodeVisitor::apply' declared here: type mismatch at 1st parameter ('osg::ClipNode &' vs 'osg::StateSet &')
        virtual void apply(ClipNode& node);
                     ^
/home/user/Documents/android/apps/openmw-vr-quest/buildscripts/prefix/arm64/include/osg/NodeVisitor:343:22: note: hidden overloaded virtual function 'osg::NodeVisitor::apply' declared here: type mismatch at 1st parameter ('osg::TexGenNode &' vs 'osg::StateSet &')
        virtual void apply(TexGenNode& node);
                     ^
/home/user/Documents/android/apps/openmw-vr-quest/buildscripts/prefix/arm64/include/osg/NodeVisitor:344:22: note: hidden overloaded virtual function 'osg::NodeVisitor::apply' declared here: type mismatch at 1st parameter ('osg::LightSource &' vs 'osg::StateSet &')
        virtual void apply(LightSource& node);
                     ^
/home/user/Documents/android/apps/openmw-vr-quest/buildscripts/prefix/arm64/include/osg/NodeVisitor:346:22: note: hidden overloaded virtual function 'osg::NodeVisitor::apply' declared here: type mismatch at 1st parameter ('osg::Transform &' vs 'osg::StateSet &')
        virtual void apply(Transform& node);
                     ^
/home/user/Documents/android/apps/openmw-vr-quest/buildscripts/prefix/arm64/include/osg/NodeVisitor:347:22: note: hidden overloaded virtual function 'osg::NodeVisitor::apply' declared here: type mismatch at 1st parameter ('osg::Camera &' vs 'osg::StateSet &')
        virtual void apply(Camera& node);
                     ^
/home/user/Documents/android/apps/openmw-vr-quest/buildscripts/prefix/arm64/include/osg/NodeVisitor:348:22: note: hidden overloaded virtual function 'osg::NodeVisitor::apply' declared here: type mismatch at 1st parameter ('osg::CameraView &' vs 'osg::StateSet &')
        virtual void apply(CameraView& node);
                     ^
/home/user/Documents/android/apps/openmw-vr-quest/buildscripts/prefix/arm64/include/osg/NodeVisitor:349:22: note: hidden overloaded virtual function 'osg::NodeVisitor::apply' declared here: type mismatch at 1st parameter ('osg::MatrixTransform &' vs 'osg::StateSet &')
        virtual void apply(MatrixTransform& node);
                     ^
/home/user/Documents/android/apps/openmw-vr-quest/buildscripts/prefix/arm64/include/osg/NodeVisitor:350:22: note: hidden overloaded virtual function 'osg::NodeVisitor::apply' declared here: type mismatch at 1st parameter ('osg::PositionAttitudeTransform &' vs 'osg::StateSet &')
        virtual void apply(PositionAttitudeTransform& node);
                     ^
/home/user/Documents/android/apps/openmw-vr-quest/buildscripts/prefix/arm64/include/osg/NodeVisitor:351:22: note: hidden overloaded virtual function 'osg::NodeVisitor::apply' declared here: type mismatch at 1st parameter ('osg::AutoTransform &' vs 'osg::StateSet &')
        virtual void apply(AutoTransform& node);
                     ^
/home/user/Documents/android/apps/openmw-vr-quest/buildscripts/prefix/arm64/include/osg/NodeVisitor:353:22: note: hidden overloaded virtual function 'osg::NodeVisitor::apply' declared here: type mismatch at 1st parameter ('osg::Switch &' vs 'osg::StateSet &')
        virtual void apply(Switch& node);
                     ^
/home/user/Documents/android/apps/openmw-vr-quest/buildscripts/prefix/arm64/include/osg/NodeVisitor:354:22: note: hidden overloaded virtual function 'osg::NodeVisitor::apply' declared here: type mismatch at 1st parameter ('osg::Sequence &' vs 'osg::StateSet &')
        virtual void apply(Sequence& node);
                     ^
/home/user/Documents/android/apps/openmw-vr-quest/buildscripts/prefix/arm64/include/osg/NodeVisitor:355:22: note: hidden overloaded virtual function 'osg::NodeVisitor::apply' declared here: type mismatch at 1st parameter ('osg::LOD &' vs 'osg::StateSet &')
        virtual void apply(LOD& node);
                     ^
/home/user/Documents/android/apps/openmw-vr-quest/buildscripts/prefix/arm64/include/osg/NodeVisitor:356:22: note: hidden overloaded virtual function 'osg::NodeVisitor::apply' declared here: type mismatch at 1st parameter ('osg::PagedLOD &' vs 'osg::StateSet &')
        virtual void apply(PagedLOD& node);
                     ^
/home/user/Documents/android/apps/openmw-vr-quest/buildscripts/prefix/arm64/include/osg/NodeVisitor:357:22: note: hidden overloaded virtual function 'osg::NodeVisitor::apply' declared here: type mismatch at 1st parameter ('osg::ClearNode &' vs 'osg::StateSet &')
        virtual void apply(ClearNode& node);
                     ^
/home/user/Documents/android/apps/openmw-vr-quest/buildscripts/prefix/arm64/include/osg/NodeVisitor:358:22: note: hidden overloaded virtual function 'osg::NodeVisitor::apply' declared here: type mismatch at 1st parameter ('osg::OccluderNode &' vs 'osg::StateSet &')
        virtual void apply(OccluderNode& node);
                     ^
/home/user/Documents/android/apps/openmw-vr-quest/buildscripts/prefix/arm64/include/osg/NodeVisitor:359:22: note: hidden overloaded virtual function 'osg::NodeVisitor::apply' declared here: type mismatch at 1st parameter ('osg::OcclusionQueryNode &' vs 'osg::StateSet &')
        virtual void apply(OcclusionQueryNode& node);
                     ^
In file included from /home/user/Documents/android/apps/openmw-vr-quest/buildscripts/openmw-vr/apps/openmw/mwinput/actionmanager.cpp:1:
In file included from /home/user/Documents/android/apps/openmw-vr-quest/buildscripts/openmw-vr/apps/openmw/mwinput/actionmanager.hpp:5:
In file included from /home/user/Documents/android/apps/openmw-vr-quest/buildscripts/prefix/arm64/include/osgViewer/ViewerEventHandlers:23:
In file included from /home/user/Documents/android/apps/openmw-vr-quest/buildscripts/prefix/arm64/include/osgViewer/Viewer:21:
In file included from /home/user/Documents/android/apps/openmw-vr-quest/buildscripts/prefix/arm64/include/osgViewer/View:29:
In file included from /home/user/Documents/android/apps/openmw-vr-quest/buildscripts/prefix/arm64/include/osgViewer/Scene:19:
In file included from /home/user/Documents/android/apps/openmw-vr-quest/buildscripts/prefix/arm64/include/osgDB/DatabasePager:31:
/home/user/Documents/android/apps/openmw-vr-quest/buildscripts/prefix/arm64/include/osgUtil/IncrementalCompileOperation:52:22: warning: 'osgUtil::StateToCompile::apply' hides overloaded virtual functions [-Woverloaded-virtual]
        virtual void apply(osg::StateSet& stateset);
                     ^
/home/user/Documents/android/apps/openmw-vr-quest/buildscripts/prefix/arm64/include/osg/NodeVisitor:327:22: note: hidden overloaded virtual function 'osg::NodeVisitor::apply' declared here: type mismatch at 1st parameter ('osg::Geometry &' vs 'osg::StateSet &')
        virtual void apply(Geometry& geometry);
                     ^
/home/user/Documents/android/apps/openmw-vr-quest/buildscripts/prefix/arm64/include/osg/NodeVisitor:331:22: note: hidden overloaded virtual function 'osg::NodeVisitor::apply' declared here: type mismatch at 1st parameter ('osg::Geode &' vs 'osg::StateSet &')
        virtual void apply(Geode& node);
                     ^
/home/user/Documents/android/apps/openmw-vr-quest/buildscripts/prefix/arm64/include/osg/NodeVisitor:332:22: note: hidden overloaded virtual function 'osg::NodeVisitor::apply' declared here: type mismatch at 1st parameter ('osg::Billboard &' vs 'osg::StateSet &')
        virtual void apply(Billboard& node);
                     ^
/home/user/Documents/android/apps/openmw-vr-quest/buildscripts/prefix/arm64/include/osg/NodeVisitor:334:22: note: hidden overloaded virtual function 'osg::NodeVisitor::apply' declared here: type mismatch at 1st parameter ('osg::Group &' vs 'osg::StateSet &')
        virtual void apply(Group& node);
                     ^
/home/user/Documents/android/apps/openmw-vr-quest/buildscripts/prefix/arm64/include/osg/NodeVisitor:336:22: note: hidden overloaded virtual function 'osg::NodeVisitor::apply' declared here: type mismatch at 1st parameter ('osg::ProxyNode &' vs 'osg::StateSet &')
        virtual void apply(ProxyNode& node);
                     ^
/home/user/Documents/android/apps/openmw-vr-quest/buildscripts/prefix/arm64/include/osg/NodeVisitor:338:22: note: hidden overloaded virtual function 'osg::NodeVisitor::apply' declared here: type mismatch at 1st parameter ('osg::Projection &' vs 'osg::StateSet &')
        virtual void apply(Projection& node);
                     ^
/home/user/Documents/android/apps/openmw-vr-quest/buildscripts/prefix/arm64/include/osg/NodeVisitor:340:22: note: hidden overloaded virtual function 'osg::NodeVisitor::apply' declared here: type mismatch at 1st parameter ('osg::CoordinateSystemNode &' vs 'osg::StateSet &')
        virtual void apply(CoordinateSystemNode& node);
                     ^
/home/user/Documents/android/apps/openmw-vr-quest/buildscripts/prefix/arm64/include/osg/NodeVisitor:342:22: note: hidden overloaded virtual function 'osg::NodeVisitor::apply' declared here: type mismatch at 1st parameter ('osg::ClipNode &' vs 'osg::StateSet &')
        virtual void apply(ClipNode& node);
                     ^
/home/user/Documents/android/apps/openmw-vr-quest/buildscripts/prefix/arm64/include/osg/NodeVisitor:343:22: note: hidden overloaded virtual function 'osg::NodeVisitor::apply' declared here: type mismatch at 1st parameter ('osg::TexGenNode &' vs 'osg::StateSet &')
        virtual void apply(TexGenNode& node);
                     ^
/home/user/Documents/android/apps/openmw-vr-quest/buildscripts/prefix/arm64/include/osg/NodeVisitor:344:22: note: hidden overloaded virtual function 'osg::NodeVisitor::apply' declared here: type mismatch at 1st parameter ('osg::LightSource &' vs 'osg::StateSet &')
        virtual void apply(LightSource& node);
                     ^
/home/user/Documents/android/apps/openmw-vr-quest/buildscripts/prefix/arm64/include/osg/NodeVisitor:346:22: note: hidden overloaded virtual function 'osg::NodeVisitor::apply' declared here: type mismatch at 1st parameter ('osg::Transform &' vs 'osg::StateSet &')
        virtual void apply(Transform& node);
                     ^
/home/user/Documents/android/apps/openmw-vr-quest/buildscripts/prefix/arm64/include/osg/NodeVisitor:347:22: note: hidden overloaded virtual function 'osg::NodeVisitor::apply' declared here: type mismatch at 1st parameter ('osg::Camera &' vs 'osg::StateSet &')
        virtual void apply(Camera& node);
                     ^
/home/user/Documents/android/apps/openmw-vr-quest/buildscripts/prefix/arm64/include/osg/NodeVisitor:348:22: note: hidden overloaded virtual function 'osg::NodeVisitor::apply' declared here: type mismatch at 1st parameter ('osg::CameraView &' vs 'osg::StateSet &')
        virtual void apply(CameraView& node);
                     ^
/home/user/Documents/android/apps/openmw-vr-quest/buildscripts/prefix/arm64/include/osg/NodeVisitor:349:22: note: hidden overloaded virtual function 'osg::NodeVisitor::apply' declared here: type mismatch at 1st parameter ('osg::MatrixTransform &' vs 'osg::StateSet &')
        virtual void apply(MatrixTransform& node);
                     ^
/home/user/Documents/android/apps/openmw-vr-quest/buildscripts/prefix/arm64/include/osg/NodeVisitor:350:22: note: hidden overloaded virtual function 'osg::NodeVisitor::apply' declared here: type mismatch at 1st parameter ('osg::PositionAttitudeTransform &' vs 'osg::StateSet &')
        virtual void apply(PositionAttitudeTransform& node);
                     ^
/home/user/Documents/android/apps/openmw-vr-quest/buildscripts/prefix/arm64/include/osg/NodeVisitor:351:22: note: hidden overloaded virtual function 'osg::NodeVisitor::apply' declared here: type mismatch at 1st parameter ('osg::AutoTransform &' vs 'osg::StateSet &')
        virtual void apply(AutoTransform& node);
                     ^
/home/user/Documents/android/apps/openmw-vr-quest/buildscripts/prefix/arm64/include/osg/NodeVisitor:353:22: note: hidden overloaded virtual function 'osg::NodeVisitor::apply' declared here: type mismatch at 1st parameter ('osg::Switch &' vs 'osg::StateSet &')
        virtual void apply(Switch& node);
                     ^
/home/user/Documents/android/apps/openmw-vr-quest/buildscripts/prefix/arm64/include/osg/NodeVisitor:354:22: note: hidden overloaded virtual function 'osg::NodeVisitor::apply' declared here: type mismatch at 1st parameter ('osg::Sequence &' vs 'osg::StateSet &')
        virtual void apply(Sequence& node);
                     ^
/home/user/Documents/android/apps/openmw-vr-quest/buildscripts/prefix/arm64/include/osg/NodeVisitor:355:22: note: hidden overloaded virtual function 'osg::NodeVisitor::apply' declared here: type mismatch at 1st parameter ('osg::LOD &' vs 'osg::StateSet &')
        virtual void apply(LOD& node);
                     ^
/home/user/Documents/android/apps/openmw-vr-quest/buildscripts/prefix/arm64/include/osg/NodeVisitor:356:22: note: hidden overloaded virtual function 'osg::NodeVisitor::apply' declared here: type mismatch at 1st parameter ('osg::PagedLOD &' vs 'osg::StateSet &')
        virtual void apply(PagedLOD& node);
                     ^
/home/user/Documents/android/apps/openmw-vr-quest/buildscripts/prefix/arm64/include/osg/NodeVisitor:357:22: note: hidden overloaded virtual function 'osg::NodeVisitor::apply' declared here: type mismatch at 1st parameter ('osg::ClearNode &' vs 'osg::StateSet &')
        virtual void apply(ClearNode& node);
                     ^
/home/user/Documents/android/apps/openmw-vr-quest/buildscripts/prefix/arm64/include/osg/NodeVisitor:358:22: note: hidden overloaded virtual function 'osg::NodeVisitor::apply' declared here: type mismatch at 1st parameter ('osg::OccluderNode &' vs 'osg::StateSet &')
        virtual void apply(OccluderNode& node);
                     ^
/home/user/Documents/android/apps/openmw-vr-quest/buildscripts/prefix/arm64/include/osg/NodeVisitor:359:22: note: hidden overloaded virtual function 'osg::NodeVisitor::apply' declared here: type mismatch at 1st parameter ('osg::OcclusionQueryNode &' vs 'osg::StateSet &')
        virtual void apply(OcclusionQueryNode& node);
                     ^
In file included from /home/user/Documents/android/apps/openmw-vr-quest/buildscripts/openmw-vr/apps/openmw/mwinput/actionmanager.cpp:1:
In file included from /home/user/Documents/android/apps/openmw-vr-quest/buildscripts/openmw-vr/apps/openmw/mwinput/actionmanager.hpp:5:
In file included from /home/user/Documents/android/apps/openmw-vr-quest/buildscripts/prefix/arm64/include/osgViewer/ViewerEventHandlers:23:
In file included from /home/user/Documents/android/apps/openmw-vr-quest/buildscripts/prefix/arm64/include/osgViewer/Viewer:21:
In file included from /home/user/Documents/android/apps/openmw-vr-quest/buildscripts/prefix/arm64/include/osgViewer/View:29:
In file included from /home/user/Documents/android/apps/openmw-vr-quest/buildscripts/prefix/arm64/include/osgViewer/Scene:19:
In file included from /home/user/Documents/android/apps/openmw-vr-quest/buildscripts/prefix/arm64/include/osgDB/DatabasePager:31:
/home/user/Documents/android/apps/openmw-vr-quest/buildscripts/prefix/arm64/include/osgUtil/IncrementalCompileOperation:53:22: warning: 'osgUtil::StateToCompile::apply' hides overloaded virtual functions [-Woverloaded-virtual]
        virtual void apply(osg::Texture& texture);
                     ^
/home/user/Documents/android/apps/openmw-vr-quest/buildscripts/prefix/arm64/include/osg/NodeVisitor:327:22: note: hidden overloaded virtual function 'osg::NodeVisitor::apply' declared here: type mismatch at 1st parameter ('osg::Geometry &' vs 'osg::Texture &')
        virtual void apply(Geometry& geometry);
                     ^
/home/user/Documents/android/apps/openmw-vr-quest/buildscripts/prefix/arm64/include/osg/NodeVisitor:331:22: note: hidden overloaded virtual function 'osg::NodeVisitor::apply' declared here: type mismatch at 1st parameter ('osg::Geode &' vs 'osg::Texture &')
        virtual void apply(Geode& node);
                     ^
/home/user/Documents/android/apps/openmw-vr-quest/buildscripts/prefix/arm64/include/osg/NodeVisitor:332:22: note: hidden overloaded virtual function 'osg::NodeVisitor::apply' declared here: type mismatch at 1st parameter ('osg::Billboard &' vs 'osg::Texture &')
        virtual void apply(Billboard& node);
                     ^
/home/user/Documents/android/apps/openmw-vr-quest/buildscripts/prefix/arm64/include/osg/NodeVisitor:334:22: note: hidden overloaded virtual function 'osg::NodeVisitor::apply' declared here: type mismatch at 1st parameter ('osg::Group &' vs 'osg::Texture &')
        virtual void apply(Group& node);
                     ^
/home/user/Documents/android/apps/openmw-vr-quest/buildscripts/prefix/arm64/include/osg/NodeVisitor:336:22: note: hidden overloaded virtual function 'osg::NodeVisitor::apply' declared here: type mismatch at 1st parameter ('osg::ProxyNode &' vs 'osg::Texture &')
        virtual void apply(ProxyNode& node);
                     ^
/home/user/Documents/android/apps/openmw-vr-quest/buildscripts/prefix/arm64/include/osg/NodeVisitor:338:22: note: hidden overloaded virtual function 'osg::NodeVisitor::apply' declared here: type mismatch at 1st parameter ('osg::Projection &' vs 'osg::Texture &')
        virtual void apply(Projection& node);
                     ^
/home/user/Documents/android/apps/openmw-vr-quest/buildscripts/prefix/arm64/include/osg/NodeVisitor:340:22: note: hidden overloaded virtual function 'osg::NodeVisitor::apply' declared here: type mismatch at 1st parameter ('osg::CoordinateSystemNode &' vs 'osg::Texture &')
        virtual void apply(CoordinateSystemNode& node);
                     ^
/home/user/Documents/android/apps/openmw-vr-quest/buildscripts/prefix/arm64/include/osg/NodeVisitor:342:22: note: hidden overloaded virtual function 'osg::NodeVisitor::apply' declared here: type mismatch at 1st parameter ('osg::ClipNode &' vs 'osg::Texture &')
        virtual void apply(ClipNode& node);
                     ^
/home/user/Documents/android/apps/openmw-vr-quest/buildscripts/prefix/arm64/include/osg/NodeVisitor:343:22: note: hidden overloaded virtual function 'osg::NodeVisitor::apply' declared here: type mismatch at 1st parameter ('osg::TexGenNode &' vs 'osg::Texture &')
        virtual void apply(TexGenNode& node);
                     ^
/home/user/Documents/android/apps/openmw-vr-quest/buildscripts/prefix/arm64/include/osg/NodeVisitor:344:22: note: hidden overloaded virtual function 'osg::NodeVisitor::apply' declared here: type mismatch at 1st parameter ('osg::LightSource &' vs 'osg::Texture &')
        virtual void apply(LightSource& node);
                     ^
/home/user/Documents/android/apps/openmw-vr-quest/buildscripts/prefix/arm64/include/osg/NodeVisitor:346:22: note: hidden overloaded virtual function 'osg::NodeVisitor::apply' declared here: type mismatch at 1st parameter ('osg::Transform &' vs 'osg::Texture &')
        virtual void apply(Transform& node);
                     ^
/home/user/Documents/android/apps/openmw-vr-quest/buildscripts/prefix/arm64/include/osg/NodeVisitor:347:22: note: hidden overloaded virtual function 'osg::NodeVisitor::apply' declared here: type mismatch at 1st parameter ('osg::Camera &' vs 'osg::Texture &')
        virtual void apply(Camera& node);
                     ^
/home/user/Documents/android/apps/openmw-vr-quest/buildscripts/prefix/arm64/include/osg/NodeVisitor:348:22: note: hidden overloaded virtual function 'osg::NodeVisitor::apply' declared here: type mismatch at 1st parameter ('osg::CameraView &' vs 'osg::Texture &')
        virtual void apply(CameraView& node);
                     ^
/home/user/Documents/android/apps/openmw-vr-quest/buildscripts/prefix/arm64/include/osg/NodeVisitor:349:22: note: hidden overloaded virtual function 'osg::NodeVisitor::apply' declared here: type mismatch at 1st parameter ('osg::MatrixTransform &' vs 'osg::Texture &')
        virtual void apply(MatrixTransform& node);
                     ^
/home/user/Documents/android/apps/openmw-vr-quest/buildscripts/prefix/arm64/include/osg/NodeVisitor:350:22: note: hidden overloaded virtual function 'osg::NodeVisitor::apply' declared here: type mismatch at 1st parameter ('osg::PositionAttitudeTransform &' vs 'osg::Texture &')
        virtual void apply(PositionAttitudeTransform& node);
                     ^
/home/user/Documents/android/apps/openmw-vr-quest/buildscripts/prefix/arm64/include/osg/NodeVisitor:351:22: note: hidden overloaded virtual function 'osg::NodeVisitor::apply' declared here: type mismatch at 1st parameter ('osg::AutoTransform &' vs 'osg::Texture &')
        virtual void apply(AutoTransform& node);
                     ^
/home/user/Documents/android/apps/openmw-vr-quest/buildscripts/prefix/arm64/include/osg/NodeVisitor:353:22: note: hidden overloaded virtual function 'osg::NodeVisitor::apply' declared here: type mismatch at 1st parameter ('osg::Switch &' vs 'osg::Texture &')
        virtual void apply(Switch& node);
                     ^
/home/user/Documents/android/apps/openmw-vr-quest/buildscripts/prefix/arm64/include/osg/NodeVisitor:354:22: note: hidden overloaded virtual function 'osg::NodeVisitor::apply' declared here: type mismatch at 1st parameter ('osg::Sequence &' vs 'osg::Texture &')
        virtual void apply(Sequence& node);
                     ^
/home/user/Documents/android/apps/openmw-vr-quest/buildscripts/prefix/arm64/include/osg/NodeVisitor:355:22: note: hidden overloaded virtual function 'osg::NodeVisitor::apply' declared here: type mismatch at 1st parameter ('osg::LOD &' vs 'osg::Texture &')
        virtual void apply(LOD& node);
                     ^
/home/user/Documents/android/apps/openmw-vr-quest/buildscripts/prefix/arm64/include/osg/NodeVisitor:356:22: note: hidden overloaded virtual function 'osg::NodeVisitor::apply' declared here: type mismatch at 1st parameter ('osg::PagedLOD &' vs 'osg::Texture &')
        virtual void apply(PagedLOD& node);
                     ^
/home/user/Documents/android/apps/openmw-vr-quest/buildscripts/prefix/arm64/include/osg/NodeVisitor:357:22: note: hidden overloaded virtual function 'osg::NodeVisitor::apply' declared here: type mismatch at 1st parameter ('osg::ClearNode &' vs 'osg::Texture &')
        virtual void apply(ClearNode& node);
                     ^
/home/user/Documents/android/apps/openmw-vr-quest/buildscripts/prefix/arm64/include/osg/NodeVisitor:358:22: note: hidden overloaded virtual function 'osg::NodeVisitor::apply' declared here: type mismatch at 1st parameter ('osg::OccluderNode &' vs 'osg::Texture &')
        virtual void apply(OccluderNode& node);
                     ^
/home/user/Documents/android/apps/openmw-vr-quest/buildscripts/prefix/arm64/include/osg/NodeVisitor:359:22: note: hidden overloaded virtual function 'osg::NodeVisitor::apply' declared here: type mismatch at 1st parameter ('osg::OcclusionQueryNode &' vs 'osg::Texture &')
        virtual void apply(OcclusionQueryNode& node);
                     ^
4 warnings generated.
[ 33%] Building CXX object apps/openmw/CMakeFiles/openmw.dir/mwinput/bindingsmanager.cpp.o
[ 33%] Building CXX object apps/openmw/CMakeFiles/openmw.dir/mwinput/controllermanager.cpp.o
In file included from /home/user/Documents/android/apps/openmw-vr-quest/buildscripts/openmw-vr/apps/openmw/mwinput/controllermanager.cpp:18:
In file included from /home/user/Documents/android/apps/openmw-vr-quest/buildscripts/openmw-vr/apps/openmw/mwinput/actionmanager.hpp:5:
In file included from /home/user/Documents/android/apps/openmw-vr-quest/buildscripts/prefix/arm64/include/osgViewer/ViewerEventHandlers:18:
In file included from /home/user/Documents/android/apps/openmw-vr-quest/buildscripts/prefix/arm64/include/osgText/Text:18:
In file included from /home/user/Documents/android/apps/openmw-vr-quest/buildscripts/prefix/arm64/include/osg/Drawable:21:
In file included from /home/user/Documents/android/apps/openmw-vr-quest/buildscripts/prefix/arm64/include/osg/RenderInfo:18:
In file included from /home/user/Documents/android/apps/openmw-vr-quest/buildscripts/prefix/arm64/include/osg/View:17:
/home/user/Documents/android/apps/openmw-vr-quest/buildscripts/prefix/arm64/include/osg/Camera:604:25: warning: 'osg::Camera::DrawCallback::run' hides overloaded virtual function [-Woverloaded-virtual]
            inline void run(osg::RenderInfo& renderInfo) const
                        ^
/home/user/Documents/android/apps/openmw-vr-quest/buildscripts/prefix/arm64/include/osg/Callback:80:22: note: hidden overloaded virtual function 'osg::Callback::run' declared here: different number of parameters (2 vs 1)
        virtual bool run(osg::Object* object, osg::Object* data)
                     ^
In file included from /home/user/Documents/android/apps/openmw-vr-quest/buildscripts/openmw-vr/apps/openmw/mwinput/controllermanager.cpp:18:
In file included from /home/user/Documents/android/apps/openmw-vr-quest/buildscripts/openmw-vr/apps/openmw/mwinput/actionmanager.hpp:5:
In file included from /home/user/Documents/android/apps/openmw-vr-quest/buildscripts/prefix/arm64/include/osgViewer/ViewerEventHandlers:23:
In file included from /home/user/Documents/android/apps/openmw-vr-quest/buildscripts/prefix/arm64/include/osgViewer/Viewer:21:
In file included from /home/user/Documents/android/apps/openmw-vr-quest/buildscripts/prefix/arm64/include/osgViewer/View:29:
In file included from /home/user/Documents/android/apps/openmw-vr-quest/buildscripts/prefix/arm64/include/osgViewer/Scene:19:
In file included from /home/user/Documents/android/apps/openmw-vr-quest/buildscripts/prefix/arm64/include/osgDB/DatabasePager:31:
In file included from /home/user/Documents/android/apps/openmw-vr-quest/buildscripts/prefix/arm64/include/osgUtil/IncrementalCompileOperation:19:
/home/user/Documents/android/apps/openmw-vr-quest/buildscripts/prefix/arm64/include/osgUtil/GLObjectsVisitor:104:14: warning: 'osgUtil::GLObjectsVisitor::apply' hides overloaded virtual functions [-Woverloaded-virtual]
        void apply(osg::StateSet& stateset);
             ^
/home/user/Documents/android/apps/openmw-vr-quest/buildscripts/prefix/arm64/include/osg/NodeVisitor:327:22: note: hidden overloaded virtual function 'osg::NodeVisitor::apply' declared here: type mismatch at 1st parameter ('osg::Geometry &' vs 'osg::StateSet &')
        virtual void apply(Geometry& geometry);
                     ^
/home/user/Documents/android/apps/openmw-vr-quest/buildscripts/prefix/arm64/include/osg/NodeVisitor:331:22: note: hidden overloaded virtual function 'osg::NodeVisitor::apply' declared here: type mismatch at 1st parameter ('osg::Geode &' vs 'osg::StateSet &')
        virtual void apply(Geode& node);
                     ^
/home/user/Documents/android/apps/openmw-vr-quest/buildscripts/prefix/arm64/include/osg/NodeVisitor:332:22: note: hidden overloaded virtual function 'osg::NodeVisitor::apply' declared here: type mismatch at 1st parameter ('osg::Billboard &' vs 'osg::StateSet &')
        virtual void apply(Billboard& node);
                     ^
/home/user/Documents/android/apps/openmw-vr-quest/buildscripts/prefix/arm64/include/osg/NodeVisitor:334:22: note: hidden overloaded virtual function 'osg::NodeVisitor::apply' declared here: type mismatch at 1st parameter ('osg::Group &' vs 'osg::StateSet &')
        virtual void apply(Group& node);
                     ^
/home/user/Documents/android/apps/openmw-vr-quest/buildscripts/prefix/arm64/include/osg/NodeVisitor:336:22: note: hidden overloaded virtual function 'osg::NodeVisitor::apply' declared here: type mismatch at 1st parameter ('osg::ProxyNode &' vs 'osg::StateSet &')
        virtual void apply(ProxyNode& node);
                     ^
/home/user/Documents/android/apps/openmw-vr-quest/buildscripts/prefix/arm64/include/osg/NodeVisitor:338:22: note: hidden overloaded virtual function 'osg::NodeVisitor::apply' declared here: type mismatch at 1st parameter ('osg::Projection &' vs 'osg::StateSet &')
        virtual void apply(Projection& node);
                     ^
/home/user/Documents/android/apps/openmw-vr-quest/buildscripts/prefix/arm64/include/osg/NodeVisitor:340:22: note: hidden overloaded virtual function 'osg::NodeVisitor::apply' declared here: type mismatch at 1st parameter ('osg::CoordinateSystemNode &' vs 'osg::StateSet &')
        virtual void apply(CoordinateSystemNode& node);
                     ^
/home/user/Documents/android/apps/openmw-vr-quest/buildscripts/prefix/arm64/include/osg/NodeVisitor:342:22: note: hidden overloaded virtual function 'osg::NodeVisitor::apply' declared here: type mismatch at 1st parameter ('osg::ClipNode &' vs 'osg::StateSet &')
        virtual void apply(ClipNode& node);
                     ^
/home/user/Documents/android/apps/openmw-vr-quest/buildscripts/prefix/arm64/include/osg/NodeVisitor:343:22: note: hidden overloaded virtual function 'osg::NodeVisitor::apply' declared here: type mismatch at 1st parameter ('osg::TexGenNode &' vs 'osg::StateSet &')
        virtual void apply(TexGenNode& node);
                     ^
/home/user/Documents/android/apps/openmw-vr-quest/buildscripts/prefix/arm64/include/osg/NodeVisitor:344:22: note: hidden overloaded virtual function 'osg::NodeVisitor::apply' declared here: type mismatch at 1st parameter ('osg::LightSource &' vs 'osg::StateSet &')
        virtual void apply(LightSource& node);
                     ^
/home/user/Documents/android/apps/openmw-vr-quest/buildscripts/prefix/arm64/include/osg/NodeVisitor:346:22: note: hidden overloaded virtual function 'osg::NodeVisitor::apply' declared here: type mismatch at 1st parameter ('osg::Transform &' vs 'osg::StateSet &')
        virtual void apply(Transform& node);
                     ^
/home/user/Documents/android/apps/openmw-vr-quest/buildscripts/prefix/arm64/include/osg/NodeVisitor:347:22: note: hidden overloaded virtual function 'osg::NodeVisitor::apply' declared here: type mismatch at 1st parameter ('osg::Camera &' vs 'osg::StateSet &')
        virtual void apply(Camera& node);
                     ^
/home/user/Documents/android/apps/openmw-vr-quest/buildscripts/prefix/arm64/include/osg/NodeVisitor:348:22: note: hidden overloaded virtual function 'osg::NodeVisitor::apply' declared here: type mismatch at 1st parameter ('osg::CameraView &' vs 'osg::StateSet &')
        virtual void apply(CameraView& node);
                     ^
/home/user/Documents/android/apps/openmw-vr-quest/buildscripts/prefix/arm64/include/osg/NodeVisitor:349:22: note: hidden overloaded virtual function 'osg::NodeVisitor::apply' declared here: type mismatch at 1st parameter ('osg::MatrixTransform &' vs 'osg::StateSet &')
        virtual void apply(MatrixTransform& node);
                     ^
/home/user/Documents/android/apps/openmw-vr-quest/buildscripts/prefix/arm64/include/osg/NodeVisitor:350:22: note: hidden overloaded virtual function 'osg::NodeVisitor::apply' declared here: type mismatch at 1st parameter ('osg::PositionAttitudeTransform &' vs 'osg::StateSet &')
        virtual void apply(PositionAttitudeTransform& node);
                     ^
/home/user/Documents/android/apps/openmw-vr-quest/buildscripts/prefix/arm64/include/osg/NodeVisitor:351:22: note: hidden overloaded virtual function 'osg::NodeVisitor::apply' declared here: type mismatch at 1st parameter ('osg::AutoTransform &' vs 'osg::StateSet &')
        virtual void apply(AutoTransform& node);
                     ^
/home/user/Documents/android/apps/openmw-vr-quest/buildscripts/prefix/arm64/include/osg/NodeVisitor:353:22: note: hidden overloaded virtual function 'osg::NodeVisitor::apply' declared here: type mismatch at 1st parameter ('osg::Switch &' vs 'osg::StateSet &')
        virtual void apply(Switch& node);
                     ^
/home/user/Documents/android/apps/openmw-vr-quest/buildscripts/prefix/arm64/include/osg/NodeVisitor:354:22: note: hidden overloaded virtual function 'osg::NodeVisitor::apply' declared here: type mismatch at 1st parameter ('osg::Sequence &' vs 'osg::StateSet &')
        virtual void apply(Sequence& node);
                     ^
/home/user/Documents/android/apps/openmw-vr-quest/buildscripts/prefix/arm64/include/osg/NodeVisitor:355:22: note: hidden overloaded virtual function 'osg::NodeVisitor::apply' declared here: type mismatch at 1st parameter ('osg::LOD &' vs 'osg::StateSet &')
        virtual void apply(LOD& node);
                     ^
/home/user/Documents/android/apps/openmw-vr-quest/buildscripts/prefix/arm64/include/osg/NodeVisitor:356:22: note: hidden overloaded virtual function 'osg::NodeVisitor::apply' declared here: type mismatch at 1st parameter ('osg::PagedLOD &' vs 'osg::StateSet &')
        virtual void apply(PagedLOD& node);
                     ^
/home/user/Documents/android/apps/openmw-vr-quest/buildscripts/prefix/arm64/include/osg/NodeVisitor:357:22: note: hidden overloaded virtual function 'osg::NodeVisitor::apply' declared here: type mismatch at 1st parameter ('osg::ClearNode &' vs 'osg::StateSet &')
        virtual void apply(ClearNode& node);
                     ^
/home/user/Documents/android/apps/openmw-vr-quest/buildscripts/prefix/arm64/include/osg/NodeVisitor:358:22: note: hidden overloaded virtual function 'osg::NodeVisitor::apply' declared here: type mismatch at 1st parameter ('osg::OccluderNode &' vs 'osg::StateSet &')
        virtual void apply(OccluderNode& node);
                     ^
/home/user/Documents/android/apps/openmw-vr-quest/buildscripts/prefix/arm64/include/osg/NodeVisitor:359:22: note: hidden overloaded virtual function 'osg::NodeVisitor::apply' declared here: type mismatch at 1st parameter ('osg::OcclusionQueryNode &' vs 'osg::StateSet &')
        virtual void apply(OcclusionQueryNode& node);
                     ^
In file included from /home/user/Documents/android/apps/openmw-vr-quest/buildscripts/openmw-vr/apps/openmw/mwinput/controllermanager.cpp:18:
In file included from /home/user/Documents/android/apps/openmw-vr-quest/buildscripts/openmw-vr/apps/openmw/mwinput/actionmanager.hpp:5:
In file included from /home/user/Documents/android/apps/openmw-vr-quest/buildscripts/prefix/arm64/include/osgViewer/ViewerEventHandlers:23:
In file included from /home/user/Documents/android/apps/openmw-vr-quest/buildscripts/prefix/arm64/include/osgViewer/Viewer:21:
In file included from /home/user/Documents/android/apps/openmw-vr-quest/buildscripts/prefix/arm64/include/osgViewer/View:29:
In file included from /home/user/Documents/android/apps/openmw-vr-quest/buildscripts/prefix/arm64/include/osgViewer/Scene:19:
In file included from /home/user/Documents/android/apps/openmw-vr-quest/buildscripts/prefix/arm64/include/osgDB/DatabasePager:31:
/home/user/Documents/android/apps/openmw-vr-quest/buildscripts/prefix/arm64/include/osgUtil/IncrementalCompileOperation:52:22: warning: 'osgUtil::StateToCompile::apply' hides overloaded virtual functions [-Woverloaded-virtual]
        virtual void apply(osg::StateSet& stateset);
                     ^
/home/user/Documents/android/apps/openmw-vr-quest/buildscripts/prefix/arm64/include/osg/NodeVisitor:327:22: note: hidden overloaded virtual function 'osg::NodeVisitor::apply' declared here: type mismatch at 1st parameter ('osg::Geometry &' vs 'osg::StateSet &')
        virtual void apply(Geometry& geometry);
                     ^
/home/user/Documents/android/apps/openmw-vr-quest/buildscripts/prefix/arm64/include/osg/NodeVisitor:331:22: note: hidden overloaded virtual function 'osg::NodeVisitor::apply' declared here: type mismatch at 1st parameter ('osg::Geode &' vs 'osg::StateSet &')
        virtual void apply(Geode& node);
                     ^
/home/user/Documents/android/apps/openmw-vr-quest/buildscripts/prefix/arm64/include/osg/NodeVisitor:332:22: note: hidden overloaded virtual function 'osg::NodeVisitor::apply' declared here: type mismatch at 1st parameter ('osg::Billboard &' vs 'osg::StateSet &')
        virtual void apply(Billboard& node);
                     ^
/home/user/Documents/android/apps/openmw-vr-quest/buildscripts/prefix/arm64/include/osg/NodeVisitor:334:22: note: hidden overloaded virtual function 'osg::NodeVisitor::apply' declared here: type mismatch at 1st parameter ('osg::Group &' vs 'osg::StateSet &')
        virtual void apply(Group& node);
                     ^
/home/user/Documents/android/apps/openmw-vr-quest/buildscripts/prefix/arm64/include/osg/NodeVisitor:336:22: note: hidden overloaded virtual function 'osg::NodeVisitor::apply' declared here: type mismatch at 1st parameter ('osg::ProxyNode &' vs 'osg::StateSet &')
        virtual void apply(ProxyNode& node);
                     ^
/home/user/Documents/android/apps/openmw-vr-quest/buildscripts/prefix/arm64/include/osg/NodeVisitor:338:22: note: hidden overloaded virtual function 'osg::NodeVisitor::apply' declared here: type mismatch at 1st parameter ('osg::Projection &' vs 'osg::StateSet &')
        virtual void apply(Projection& node);
                     ^
/home/user/Documents/android/apps/openmw-vr-quest/buildscripts/prefix/arm64/include/osg/NodeVisitor:340:22: note: hidden overloaded virtual function 'osg::NodeVisitor::apply' declared here: type mismatch at 1st parameter ('osg::CoordinateSystemNode &' vs 'osg::StateSet &')
        virtual void apply(CoordinateSystemNode& node);
                     ^
/home/user/Documents/android/apps/openmw-vr-quest/buildscripts/prefix/arm64/include/osg/NodeVisitor:342:22: note: hidden overloaded virtual function 'osg::NodeVisitor::apply' declared here: type mismatch at 1st parameter ('osg::ClipNode &' vs 'osg::StateSet &')
        virtual void apply(ClipNode& node);
                     ^
/home/user/Documents/android/apps/openmw-vr-quest/buildscripts/prefix/arm64/include/osg/NodeVisitor:343:22: note: hidden overloaded virtual function 'osg::NodeVisitor::apply' declared here: type mismatch at 1st parameter ('osg::TexGenNode &' vs 'osg::StateSet &')
        virtual void apply(TexGenNode& node);
                     ^
/home/user/Documents/android/apps/openmw-vr-quest/buildscripts/prefix/arm64/include/osg/NodeVisitor:344:22: note: hidden overloaded virtual function 'osg::NodeVisitor::apply' declared here: type mismatch at 1st parameter ('osg::LightSource &' vs 'osg::StateSet &')
        virtual void apply(LightSource& node);
                     ^
/home/user/Documents/android/apps/openmw-vr-quest/buildscripts/prefix/arm64/include/osg/NodeVisitor:346:22: note: hidden overloaded virtual function 'osg::NodeVisitor::apply' declared here: type mismatch at 1st parameter ('osg::Transform &' vs 'osg::StateSet &')
        virtual void apply(Transform& node);
                     ^
/home/user/Documents/android/apps/openmw-vr-quest/buildscripts/prefix/arm64/include/osg/NodeVisitor:347:22: note: hidden overloaded virtual function 'osg::NodeVisitor::apply' declared here: type mismatch at 1st parameter ('osg::Camera &' vs 'osg::StateSet &')
        virtual void apply(Camera& node);
                     ^
/home/user/Documents/android/apps/openmw-vr-quest/buildscripts/prefix/arm64/include/osg/NodeVisitor:348:22: note: hidden overloaded virtual function 'osg::NodeVisitor::apply' declared here: type mismatch at 1st parameter ('osg::CameraView &' vs 'osg::StateSet &')
        virtual void apply(CameraView& node);
                     ^
/home/user/Documents/android/apps/openmw-vr-quest/buildscripts/prefix/arm64/include/osg/NodeVisitor:349:22: note: hidden overloaded virtual function 'osg::NodeVisitor::apply' declared here: type mismatch at 1st parameter ('osg::MatrixTransform &' vs 'osg::StateSet &')
        virtual void apply(MatrixTransform& node);
                     ^
/home/user/Documents/android/apps/openmw-vr-quest/buildscripts/prefix/arm64/include/osg/NodeVisitor:350:22: note: hidden overloaded virtual function 'osg::NodeVisitor::apply' declared here: type mismatch at 1st parameter ('osg::PositionAttitudeTransform &' vs 'osg::StateSet &')
        virtual void apply(PositionAttitudeTransform& node);
                     ^
/home/user/Documents/android/apps/openmw-vr-quest/buildscripts/prefix/arm64/include/osg/NodeVisitor:351:22: note: hidden overloaded virtual function 'osg::NodeVisitor::apply' declared here: type mismatch at 1st parameter ('osg::AutoTransform &' vs 'osg::StateSet &')
        virtual void apply(AutoTransform& node);
                     ^
/home/user/Documents/android/apps/openmw-vr-quest/buildscripts/prefix/arm64/include/osg/NodeVisitor:353:22: note: hidden overloaded virtual function 'osg::NodeVisitor::apply' declared here: type mismatch at 1st parameter ('osg::Switch &' vs 'osg::StateSet &')
        virtual void apply(Switch& node);
                     ^
/home/user/Documents/android/apps/openmw-vr-quest/buildscripts/prefix/arm64/include/osg/NodeVisitor:354:22: note: hidden overloaded virtual function 'osg::NodeVisitor::apply' declared here: type mismatch at 1st parameter ('osg::Sequence &' vs 'osg::StateSet &')
        virtual void apply(Sequence& node);
                     ^
/home/user/Documents/android/apps/openmw-vr-quest/buildscripts/prefix/arm64/include/osg/NodeVisitor:355:22: note: hidden overloaded virtual function 'osg::NodeVisitor::apply' declared here: type mismatch at 1st parameter ('osg::LOD &' vs 'osg::StateSet &')
        virtual void apply(LOD& node);
                     ^
/home/user/Documents/android/apps/openmw-vr-quest/buildscripts/prefix/arm64/include/osg/NodeVisitor:356:22: note: hidden overloaded virtual function 'osg::NodeVisitor::apply' declared here: type mismatch at 1st parameter ('osg::PagedLOD &' vs 'osg::StateSet &')
        virtual void apply(PagedLOD& node);
                     ^
/home/user/Documents/android/apps/openmw-vr-quest/buildscripts/prefix/arm64/include/osg/NodeVisitor:357:22: note: hidden overloaded virtual function 'osg::NodeVisitor::apply' declared here: type mismatch at 1st parameter ('osg::ClearNode &' vs 'osg::StateSet &')
        virtual void apply(ClearNode& node);
                     ^
/home/user/Documents/android/apps/openmw-vr-quest/buildscripts/prefix/arm64/include/osg/NodeVisitor:358:22: note: hidden overloaded virtual function 'osg::NodeVisitor::apply' declared here: type mismatch at 1st parameter ('osg::OccluderNode &' vs 'osg::StateSet &')
        virtual void apply(OccluderNode& node);
                     ^
/home/user/Documents/android/apps/openmw-vr-quest/buildscripts/prefix/arm64/include/osg/NodeVisitor:359:22: note: hidden overloaded virtual function 'osg::NodeVisitor::apply' declared here: type mismatch at 1st parameter ('osg::OcclusionQueryNode &' vs 'osg::StateSet &')
        virtual void apply(OcclusionQueryNode& node);
                     ^
In file included from /home/user/Documents/android/apps/openmw-vr-quest/buildscripts/openmw-vr/apps/openmw/mwinput/controllermanager.cpp:18:
In file included from /home/user/Documents/android/apps/openmw-vr-quest/buildscripts/openmw-vr/apps/openmw/mwinput/actionmanager.hpp:5:
In file included from /home/user/Documents/android/apps/openmw-vr-quest/buildscripts/prefix/arm64/include/osgViewer/ViewerEventHandlers:23:
In file included from /home/user/Documents/android/apps/openmw-vr-quest/buildscripts/prefix/arm64/include/osgViewer/Viewer:21:
In file included from /home/user/Documents/android/apps/openmw-vr-quest/buildscripts/prefix/arm64/include/osgViewer/View:29:
In file included from /home/user/Documents/android/apps/openmw-vr-quest/buildscripts/prefix/arm64/include/osgViewer/Scene:19:
In file included from /home/user/Documents/android/apps/openmw-vr-quest/buildscripts/prefix/arm64/include/osgDB/DatabasePager:31:
/home/user/Documents/android/apps/openmw-vr-quest/buildscripts/prefix/arm64/include/osgUtil/IncrementalCompileOperation:53:22: warning: 'osgUtil::StateToCompile::apply' hides overloaded virtual functions [-Woverloaded-virtual]
        virtual void apply(osg::Texture& texture);
                     ^
/home/user/Documents/android/apps/openmw-vr-quest/buildscripts/prefix/arm64/include/osg/NodeVisitor:327:22: note: hidden overloaded virtual function 'osg::NodeVisitor::apply' declared here: type mismatch at 1st parameter ('osg::Geometry &' vs 'osg::Texture &')
        virtual void apply(Geometry& geometry);
                     ^
/home/user/Documents/android/apps/openmw-vr-quest/buildscripts/prefix/arm64/include/osg/NodeVisitor:331:22: note: hidden overloaded virtual function 'osg::NodeVisitor::apply' declared here: type mismatch at 1st parameter ('osg::Geode &' vs 'osg::Texture &')
        virtual void apply(Geode& node);
                     ^
/home/user/Documents/android/apps/openmw-vr-quest/buildscripts/prefix/arm64/include/osg/NodeVisitor:332:22: note: hidden overloaded virtual function 'osg::NodeVisitor::apply' declared here: type mismatch at 1st parameter ('osg::Billboard &' vs 'osg::Texture &')
        virtual void apply(Billboard& node);
                     ^
/home/user/Documents/android/apps/openmw-vr-quest/buildscripts/prefix/arm64/include/osg/NodeVisitor:334:22: note: hidden overloaded virtual function 'osg::NodeVisitor::apply' declared here: type mismatch at 1st parameter ('osg::Group &' vs 'osg::Texture &')
        virtual void apply(Group& node);
                     ^
/home/user/Documents/android/apps/openmw-vr-quest/buildscripts/prefix/arm64/include/osg/NodeVisitor:336:22: note: hidden overloaded virtual function 'osg::NodeVisitor::apply' declared here: type mismatch at 1st parameter ('osg::ProxyNode &' vs 'osg::Texture &')
        virtual void apply(ProxyNode& node);
                     ^
/home/user/Documents/android/apps/openmw-vr-quest/buildscripts/prefix/arm64/include/osg/NodeVisitor:338:22: note: hidden overloaded virtual function 'osg::NodeVisitor::apply' declared here: type mismatch at 1st parameter ('osg::Projection &' vs 'osg::Texture &')
        virtual void apply(Projection& node);
                     ^
/home/user/Documents/android/apps/openmw-vr-quest/buildscripts/prefix/arm64/include/osg/NodeVisitor:340:22: note: hidden overloaded virtual function 'osg::NodeVisitor::apply' declared here: type mismatch at 1st parameter ('osg::CoordinateSystemNode &' vs 'osg::Texture &')
        virtual void apply(CoordinateSystemNode& node);
                     ^
/home/user/Documents/android/apps/openmw-vr-quest/buildscripts/prefix/arm64/include/osg/NodeVisitor:342:22: note: hidden overloaded virtual function 'osg::NodeVisitor::apply' declared here: type mismatch at 1st parameter ('osg::ClipNode &' vs 'osg::Texture &')
        virtual void apply(ClipNode& node);
                     ^
/home/user/Documents/android/apps/openmw-vr-quest/buildscripts/prefix/arm64/include/osg/NodeVisitor:343:22: note: hidden overloaded virtual function 'osg::NodeVisitor::apply' declared here: type mismatch at 1st parameter ('osg::TexGenNode &' vs 'osg::Texture &')
        virtual void apply(TexGenNode& node);
                     ^
/home/user/Documents/android/apps/openmw-vr-quest/buildscripts/prefix/arm64/include/osg/NodeVisitor:344:22: note: hidden overloaded virtual function 'osg::NodeVisitor::apply' declared here: type mismatch at 1st parameter ('osg::LightSource &' vs 'osg::Texture &')
        virtual void apply(LightSource& node);
                     ^
/home/user/Documents/android/apps/openmw-vr-quest/buildscripts/prefix/arm64/include/osg/NodeVisitor:346:22: note: hidden overloaded virtual function 'osg::NodeVisitor::apply' declared here: type mismatch at 1st parameter ('osg::Transform &' vs 'osg::Texture &')
        virtual void apply(Transform& node);
                     ^
/home/user/Documents/android/apps/openmw-vr-quest/buildscripts/prefix/arm64/include/osg/NodeVisitor:347:22: note: hidden overloaded virtual function 'osg::NodeVisitor::apply' declared here: type mismatch at 1st parameter ('osg::Camera &' vs 'osg::Texture &')
        virtual void apply(Camera& node);
                     ^
/home/user/Documents/android/apps/openmw-vr-quest/buildscripts/prefix/arm64/include/osg/NodeVisitor:348:22: note: hidden overloaded virtual function 'osg::NodeVisitor::apply' declared here: type mismatch at 1st parameter ('osg::CameraView &' vs 'osg::Texture &')
        virtual void apply(CameraView& node);
                     ^
/home/user/Documents/android/apps/openmw-vr-quest/buildscripts/prefix/arm64/include/osg/NodeVisitor:349:22: note: hidden overloaded virtual function 'osg::NodeVisitor::apply' declared here: type mismatch at 1st parameter ('osg::MatrixTransform &' vs 'osg::Texture &')
        virtual void apply(MatrixTransform& node);
                     ^
/home/user/Documents/android/apps/openmw-vr-quest/buildscripts/prefix/arm64/include/osg/NodeVisitor:350:22: note: hidden overloaded virtual function 'osg::NodeVisitor::apply' declared here: type mismatch at 1st parameter ('osg::PositionAttitudeTransform &' vs 'osg::Texture &')
        virtual void apply(PositionAttitudeTransform& node);
                     ^
/home/user/Documents/android/apps/openmw-vr-quest/buildscripts/prefix/arm64/include/osg/NodeVisitor:351:22: note: hidden overloaded virtual function 'osg::NodeVisitor::apply' declared here: type mismatch at 1st parameter ('osg::AutoTransform &' vs 'osg::Texture &')
        virtual void apply(AutoTransform& node);
                     ^
/home/user/Documents/android/apps/openmw-vr-quest/buildscripts/prefix/arm64/include/osg/NodeVisitor:353:22: note: hidden overloaded virtual function 'osg::NodeVisitor::apply' declared here: type mismatch at 1st parameter ('osg::Switch &' vs 'osg::Texture &')
        virtual void apply(Switch& node);
                     ^
/home/user/Documents/android/apps/openmw-vr-quest/buildscripts/prefix/arm64/include/osg/NodeVisitor:354:22: note: hidden overloaded virtual function 'osg::NodeVisitor::apply' declared here: type mismatch at 1st parameter ('osg::Sequence &' vs 'osg::Texture &')
        virtual void apply(Sequence& node);
                     ^
/home/user/Documents/android/apps/openmw-vr-quest/buildscripts/prefix/arm64/include/osg/NodeVisitor:355:22: note: hidden overloaded virtual function 'osg::NodeVisitor::apply' declared here: type mismatch at 1st parameter ('osg::LOD &' vs 'osg::Texture &')
        virtual void apply(LOD& node);
                     ^
/home/user/Documents/android/apps/openmw-vr-quest/buildscripts/prefix/arm64/include/osg/NodeVisitor:356:22: note: hidden overloaded virtual function 'osg::NodeVisitor::apply' declared here: type mismatch at 1st parameter ('osg::PagedLOD &' vs 'osg::Texture &')
        virtual void apply(PagedLOD& node);
                     ^
/home/user/Documents/android/apps/openmw-vr-quest/buildscripts/prefix/arm64/include/osg/NodeVisitor:357:22: note: hidden overloaded virtual function 'osg::NodeVisitor::apply' declared here: type mismatch at 1st parameter ('osg::ClearNode &' vs 'osg::Texture &')
        virtual void apply(ClearNode& node);
                     ^
/home/user/Documents/android/apps/openmw-vr-quest/buildscripts/prefix/arm64/include/osg/NodeVisitor:358:22: note: hidden overloaded virtual function 'osg::NodeVisitor::apply' declared here: type mismatch at 1st parameter ('osg::OccluderNode &' vs 'osg::Texture &')
        virtual void apply(OccluderNode& node);
                     ^
/home/user/Documents/android/apps/openmw-vr-quest/buildscripts/prefix/arm64/include/osg/NodeVisitor:359:22: note: hidden overloaded virtual function 'osg::NodeVisitor::apply' declared here: type mismatch at 1st parameter ('osg::OcclusionQueryNode &' vs 'osg::Texture &')
        virtual void apply(OcclusionQueryNode& node);
                     ^
4 warnings generated.
[ 33%] Building CXX object apps/openmw/CMakeFiles/openmw.dir/mwinput/controlswitch.cpp.o
[ 34%] Building CXX object apps/openmw/CMakeFiles/openmw.dir/mwinput/inputmanagerimp.cpp.o
In file included from /home/user/Documents/android/apps/openmw-vr-quest/buildscripts/openmw-vr/apps/openmw/mwinput/inputmanagerimp.cpp:1:
In file included from /home/user/Documents/android/apps/openmw-vr-quest/buildscripts/openmw-vr/apps/openmw/mwinput/inputmanagerimp.hpp:5:
In file included from /home/user/Documents/android/apps/openmw-vr-quest/buildscripts/prefix/arm64/include/osgViewer/ViewerEventHandlers:18:
In file included from /home/user/Documents/android/apps/openmw-vr-quest/buildscripts/prefix/arm64/include/osgText/Text:18:
In file included from /home/user/Documents/android/apps/openmw-vr-quest/buildscripts/prefix/arm64/include/osg/Drawable:21:
In file included from /home/user/Documents/android/apps/openmw-vr-quest/buildscripts/prefix/arm64/include/osg/RenderInfo:18:
In file included from /home/user/Documents/android/apps/openmw-vr-quest/buildscripts/prefix/arm64/include/osg/View:17:
/home/user/Documents/android/apps/openmw-vr-quest/buildscripts/prefix/arm64/include/osg/Camera:604:25: warning: 'osg::Camera::DrawCallback::run' hides overloaded virtual function [-Woverloaded-virtual]
            inline void run(osg::RenderInfo& renderInfo) const
                        ^
/home/user/Documents/android/apps/openmw-vr-quest/buildscripts/prefix/arm64/include/osg/Callback:80:22: note: hidden overloaded virtual function 'osg::Callback::run' declared here: different number of parameters (2 vs 1)
        virtual bool run(osg::Object* object, osg::Object* data)
                     ^
In file included from /home/user/Documents/android/apps/openmw-vr-quest/buildscripts/openmw-vr/apps/openmw/mwinput/inputmanagerimp.cpp:1:
In file included from /home/user/Documents/android/apps/openmw-vr-quest/buildscripts/openmw-vr/apps/openmw/mwinput/inputmanagerimp.hpp:5:
In file included from /home/user/Documents/android/apps/openmw-vr-quest/buildscripts/prefix/arm64/include/osgViewer/ViewerEventHandlers:23:
In file included from /home/user/Documents/android/apps/openmw-vr-quest/buildscripts/prefix/arm64/include/osgViewer/Viewer:21:
In file included from /home/user/Documents/android/apps/openmw-vr-quest/buildscripts/prefix/arm64/include/osgViewer/View:29:
In file included from /home/user/Documents/android/apps/openmw-vr-quest/buildscripts/prefix/arm64/include/osgViewer/Scene:19:
In file included from /home/user/Documents/android/apps/openmw-vr-quest/buildscripts/prefix/arm64/include/osgDB/DatabasePager:31:
In file included from /home/user/Documents/android/apps/openmw-vr-quest/buildscripts/prefix/arm64/include/osgUtil/IncrementalCompileOperation:19:
/home/user/Documents/android/apps/openmw-vr-quest/buildscripts/prefix/arm64/include/osgUtil/GLObjectsVisitor:104:14: warning: 'osgUtil::GLObjectsVisitor::apply' hides overloaded virtual functions [-Woverloaded-virtual]
        void apply(osg::StateSet& stateset);
             ^
/home/user/Documents/android/apps/openmw-vr-quest/buildscripts/prefix/arm64/include/osg/NodeVisitor:327:22: note: hidden overloaded virtual function 'osg::NodeVisitor::apply' declared here: type mismatch at 1st parameter ('osg::Geometry &' vs 'osg::StateSet &')
        virtual void apply(Geometry& geometry);
                     ^
/home/user/Documents/android/apps/openmw-vr-quest/buildscripts/prefix/arm64/include/osg/NodeVisitor:331:22: note: hidden overloaded virtual function 'osg::NodeVisitor::apply' declared here: type mismatch at 1st parameter ('osg::Geode &' vs 'osg::StateSet &')
        virtual void apply(Geode& node);
                     ^
/home/user/Documents/android/apps/openmw-vr-quest/buildscripts/prefix/arm64/include/osg/NodeVisitor:332:22: note: hidden overloaded virtual function 'osg::NodeVisitor::apply' declared here: type mismatch at 1st parameter ('osg::Billboard &' vs 'osg::StateSet &')
        virtual void apply(Billboard& node);
                     ^
/home/user/Documents/android/apps/openmw-vr-quest/buildscripts/prefix/arm64/include/osg/NodeVisitor:334:22: note: hidden overloaded virtual function 'osg::NodeVisitor::apply' declared here: type mismatch at 1st parameter ('osg::Group &' vs 'osg::StateSet &')
        virtual void apply(Group& node);
                     ^
/home/user/Documents/android/apps/openmw-vr-quest/buildscripts/prefix/arm64/include/osg/NodeVisitor:336:22: note: hidden overloaded virtual function 'osg::NodeVisitor::apply' declared here: type mismatch at 1st parameter ('osg::ProxyNode &' vs 'osg::StateSet &')
        virtual void apply(ProxyNode& node);
                     ^
/home/user/Documents/android/apps/openmw-vr-quest/buildscripts/prefix/arm64/include/osg/NodeVisitor:338:22: note: hidden overloaded virtual function 'osg::NodeVisitor::apply' declared here: type mismatch at 1st parameter ('osg::Projection &' vs 'osg::StateSet &')
        virtual void apply(Projection& node);
                     ^
/home/user/Documents/android/apps/openmw-vr-quest/buildscripts/prefix/arm64/include/osg/NodeVisitor:340:22: note: hidden overloaded virtual function 'osg::NodeVisitor::apply' declared here: type mismatch at 1st parameter ('osg::CoordinateSystemNode &' vs 'osg::StateSet &')
        virtual void apply(CoordinateSystemNode& node);
                     ^
/home/user/Documents/android/apps/openmw-vr-quest/buildscripts/prefix/arm64/include/osg/NodeVisitor:342:22: note: hidden overloaded virtual function 'osg::NodeVisitor::apply' declared here: type mismatch at 1st parameter ('osg::ClipNode &' vs 'osg::StateSet &')
        virtual void apply(ClipNode& node);
                     ^
/home/user/Documents/android/apps/openmw-vr-quest/buildscripts/prefix/arm64/include/osg/NodeVisitor:343:22: note: hidden overloaded virtual function 'osg::NodeVisitor::apply' declared here: type mismatch at 1st parameter ('osg::TexGenNode &' vs 'osg::StateSet &')
        virtual void apply(TexGenNode& node);
                     ^
/home/user/Documents/android/apps/openmw-vr-quest/buildscripts/prefix/arm64/include/osg/NodeVisitor:344:22: note: hidden overloaded virtual function 'osg::NodeVisitor::apply' declared here: type mismatch at 1st parameter ('osg::LightSource &' vs 'osg::StateSet &')
        virtual void apply(LightSource& node);
                     ^
/home/user/Documents/android/apps/openmw-vr-quest/buildscripts/prefix/arm64/include/osg/NodeVisitor:346:22: note: hidden overloaded virtual function 'osg::NodeVisitor::apply' declared here: type mismatch at 1st parameter ('osg::Transform &' vs 'osg::StateSet &')
        virtual void apply(Transform& node);
                     ^
/home/user/Documents/android/apps/openmw-vr-quest/buildscripts/prefix/arm64/include/osg/NodeVisitor:347:22: note: hidden overloaded virtual function 'osg::NodeVisitor::apply' declared here: type mismatch at 1st parameter ('osg::Camera &' vs 'osg::StateSet &')
        virtual void apply(Camera& node);
                     ^
/home/user/Documents/android/apps/openmw-vr-quest/buildscripts/prefix/arm64/include/osg/NodeVisitor:348:22: note: hidden overloaded virtual function 'osg::NodeVisitor::apply' declared here: type mismatch at 1st parameter ('osg::CameraView &' vs 'osg::StateSet &')
        virtual void apply(CameraView& node);
                     ^
/home/user/Documents/android/apps/openmw-vr-quest/buildscripts/prefix/arm64/include/osg/NodeVisitor:349:22: note: hidden overloaded virtual function 'osg::NodeVisitor::apply' declared here: type mismatch at 1st parameter ('osg::MatrixTransform &' vs 'osg::StateSet &')
        virtual void apply(MatrixTransform& node);
                     ^
/home/user/Documents/android/apps/openmw-vr-quest/buildscripts/prefix/arm64/include/osg/NodeVisitor:350:22: note: hidden overloaded virtual function 'osg::NodeVisitor::apply' declared here: type mismatch at 1st parameter ('osg::PositionAttitudeTransform &' vs 'osg::StateSet &')
        virtual void apply(PositionAttitudeTransform& node);
                     ^
/home/user/Documents/android/apps/openmw-vr-quest/buildscripts/prefix/arm64/include/osg/NodeVisitor:351:22: note: hidden overloaded virtual function 'osg::NodeVisitor::apply' declared here: type mismatch at 1st parameter ('osg::AutoTransform &' vs 'osg::StateSet &')
        virtual void apply(AutoTransform& node);
                     ^
/home/user/Documents/android/apps/openmw-vr-quest/buildscripts/prefix/arm64/include/osg/NodeVisitor:353:22: note: hidden overloaded virtual function 'osg::NodeVisitor::apply' declared here: type mismatch at 1st parameter ('osg::Switch &' vs 'osg::StateSet &')
        virtual void apply(Switch& node);
                     ^
/home/user/Documents/android/apps/openmw-vr-quest/buildscripts/prefix/arm64/include/osg/NodeVisitor:354:22: note: hidden overloaded virtual function 'osg::NodeVisitor::apply' declared here: type mismatch at 1st parameter ('osg::Sequence &' vs 'osg::StateSet &')
        virtual void apply(Sequence& node);
                     ^
/home/user/Documents/android/apps/openmw-vr-quest/buildscripts/prefix/arm64/include/osg/NodeVisitor:355:22: note: hidden overloaded virtual function 'osg::NodeVisitor::apply' declared here: type mismatch at 1st parameter ('osg::LOD &' vs 'osg::StateSet &')
        virtual void apply(LOD& node);
                     ^
/home/user/Documents/android/apps/openmw-vr-quest/buildscripts/prefix/arm64/include/osg/NodeVisitor:356:22: note: hidden overloaded virtual function 'osg::NodeVisitor::apply' declared here: type mismatch at 1st parameter ('osg::PagedLOD &' vs 'osg::StateSet &')
        virtual void apply(PagedLOD& node);
                     ^
/home/user/Documents/android/apps/openmw-vr-quest/buildscripts/prefix/arm64/include/osg/NodeVisitor:357:22: note: hidden overloaded virtual function 'osg::NodeVisitor::apply' declared here: type mismatch at 1st parameter ('osg::ClearNode &' vs 'osg::StateSet &')
        virtual void apply(ClearNode& node);
                     ^
/home/user/Documents/android/apps/openmw-vr-quest/buildscripts/prefix/arm64/include/osg/NodeVisitor:358:22: note: hidden overloaded virtual function 'osg::NodeVisitor::apply' declared here: type mismatch at 1st parameter ('osg::OccluderNode &' vs 'osg::StateSet &')
        virtual void apply(OccluderNode& node);
                     ^
/home/user/Documents/android/apps/openmw-vr-quest/buildscripts/prefix/arm64/include/osg/NodeVisitor:359:22: note: hidden overloaded virtual function 'osg::NodeVisitor::apply' declared here: type mismatch at 1st parameter ('osg::OcclusionQueryNode &' vs 'osg::StateSet &')
        virtual void apply(OcclusionQueryNode& node);
                     ^
In file included from /home/user/Documents/android/apps/openmw-vr-quest/buildscripts/openmw-vr/apps/openmw/mwinput/inputmanagerimp.cpp:1:
In file included from /home/user/Documents/android/apps/openmw-vr-quest/buildscripts/openmw-vr/apps/openmw/mwinput/inputmanagerimp.hpp:5:
In file included from /home/user/Documents/android/apps/openmw-vr-quest/buildscripts/prefix/arm64/include/osgViewer/ViewerEventHandlers:23:
In file included from /home/user/Documents/android/apps/openmw-vr-quest/buildscripts/prefix/arm64/include/osgViewer/Viewer:21:
In file included from /home/user/Documents/android/apps/openmw-vr-quest/buildscripts/prefix/arm64/include/osgViewer/View:29:
In file included from /home/user/Documents/android/apps/openmw-vr-quest/buildscripts/prefix/arm64/include/osgViewer/Scene:19:
In file included from /home/user/Documents/android/apps/openmw-vr-quest/buildscripts/prefix/arm64/include/osgDB/DatabasePager:31:
/home/user/Documents/android/apps/openmw-vr-quest/buildscripts/prefix/arm64/include/osgUtil/IncrementalCompileOperation:52:22: warning: 'osgUtil::StateToCompile::apply' hides overloaded virtual functions [-Woverloaded-virtual]
        virtual void apply(osg::StateSet& stateset);
                     ^
/home/user/Documents/android/apps/openmw-vr-quest/buildscripts/prefix/arm64/include/osg/NodeVisitor:327:22: note: hidden overloaded virtual function 'osg::NodeVisitor::apply' declared here: type mismatch at 1st parameter ('osg::Geometry &' vs 'osg::StateSet &')
        virtual void apply(Geometry& geometry);
                     ^
/home/user/Documents/android/apps/openmw-vr-quest/buildscripts/prefix/arm64/include/osg/NodeVisitor:331:22: note: hidden overloaded virtual function 'osg::NodeVisitor::apply' declared here: type mismatch at 1st parameter ('osg::Geode &' vs 'osg::StateSet &')
        virtual void apply(Geode& node);
                     ^
/home/user/Documents/android/apps/openmw-vr-quest/buildscripts/prefix/arm64/include/osg/NodeVisitor:332:22: note: hidden overloaded virtual function 'osg::NodeVisitor::apply' declared here: type mismatch at 1st parameter ('osg::Billboard &' vs 'osg::StateSet &')
        virtual void apply(Billboard& node);
                     ^
/home/user/Documents/android/apps/openmw-vr-quest/buildscripts/prefix/arm64/include/osg/NodeVisitor:334:22: note: hidden overloaded virtual function 'osg::NodeVisitor::apply' declared here: type mismatch at 1st parameter ('osg::Group &' vs 'osg::StateSet &')
        virtual void apply(Group& node);
                     ^
/home/user/Documents/android/apps/openmw-vr-quest/buildscripts/prefix/arm64/include/osg/NodeVisitor:336:22: note: hidden overloaded virtual function 'osg::NodeVisitor::apply' declared here: type mismatch at 1st parameter ('osg::ProxyNode &' vs 'osg::StateSet &')
        virtual void apply(ProxyNode& node);
                     ^
/home/user/Documents/android/apps/openmw-vr-quest/buildscripts/prefix/arm64/include/osg/NodeVisitor:338:22: note: hidden overloaded virtual function 'osg::NodeVisitor::apply' declared here: type mismatch at 1st parameter ('osg::Projection &' vs 'osg::StateSet &')
        virtual void apply(Projection& node);
                     ^
/home/user/Documents/android/apps/openmw-vr-quest/buildscripts/prefix/arm64/include/osg/NodeVisitor:340:22: note: hidden overloaded virtual function 'osg::NodeVisitor::apply' declared here: type mismatch at 1st parameter ('osg::CoordinateSystemNode &' vs 'osg::StateSet &')
        virtual void apply(CoordinateSystemNode& node);
                     ^
/home/user/Documents/android/apps/openmw-vr-quest/buildscripts/prefix/arm64/include/osg/NodeVisitor:342:22: note: hidden overloaded virtual function 'osg::NodeVisitor::apply' declared here: type mismatch at 1st parameter ('osg::ClipNode &' vs 'osg::StateSet &')
        virtual void apply(ClipNode& node);
                     ^
/home/user/Documents/android/apps/openmw-vr-quest/buildscripts/prefix/arm64/include/osg/NodeVisitor:343:22: note: hidden overloaded virtual function 'osg::NodeVisitor::apply' declared here: type mismatch at 1st parameter ('osg::TexGenNode &' vs 'osg::StateSet &')
        virtual void apply(TexGenNode& node);
                     ^
/home/user/Documents/android/apps/openmw-vr-quest/buildscripts/prefix/arm64/include/osg/NodeVisitor:344:22: note: hidden overloaded virtual function 'osg::NodeVisitor::apply' declared here: type mismatch at 1st parameter ('osg::LightSource &' vs 'osg::StateSet &')
        virtual void apply(LightSource& node);
                     ^
/home/user/Documents/android/apps/openmw-vr-quest/buildscripts/prefix/arm64/include/osg/NodeVisitor:346:22: note: hidden overloaded virtual function 'osg::NodeVisitor::apply' declared here: type mismatch at 1st parameter ('osg::Transform &' vs 'osg::StateSet &')
        virtual void apply(Transform& node);
                     ^
/home/user/Documents/android/apps/openmw-vr-quest/buildscripts/prefix/arm64/include/osg/NodeVisitor:347:22: note: hidden overloaded virtual function 'osg::NodeVisitor::apply' declared here: type mismatch at 1st parameter ('osg::Camera &' vs 'osg::StateSet &')
        virtual void apply(Camera& node);
                     ^
/home/user/Documents/android/apps/openmw-vr-quest/buildscripts/prefix/arm64/include/osg/NodeVisitor:348:22: note: hidden overloaded virtual function 'osg::NodeVisitor::apply' declared here: type mismatch at 1st parameter ('osg::CameraView &' vs 'osg::StateSet &')
        virtual void apply(CameraView& node);
                     ^
/home/user/Documents/android/apps/openmw-vr-quest/buildscripts/prefix/arm64/include/osg/NodeVisitor:349:22: note: hidden overloaded virtual function 'osg::NodeVisitor::apply' declared here: type mismatch at 1st parameter ('osg::MatrixTransform &' vs 'osg::StateSet &')
        virtual void apply(MatrixTransform& node);
                     ^
/home/user/Documents/android/apps/openmw-vr-quest/buildscripts/prefix/arm64/include/osg/NodeVisitor:350:22: note: hidden overloaded virtual function 'osg::NodeVisitor::apply' declared here: type mismatch at 1st parameter ('osg::PositionAttitudeTransform &' vs 'osg::StateSet &')
        virtual void apply(PositionAttitudeTransform& node);
                     ^
/home/user/Documents/android/apps/openmw-vr-quest/buildscripts/prefix/arm64/include/osg/NodeVisitor:351:22: note: hidden overloaded virtual function 'osg::NodeVisitor::apply' declared here: type mismatch at 1st parameter ('osg::AutoTransform &' vs 'osg::StateSet &')
        virtual void apply(AutoTransform& node);
                     ^
/home/user/Documents/android/apps/openmw-vr-quest/buildscripts/prefix/arm64/include/osg/NodeVisitor:353:22: note: hidden overloaded virtual function 'osg::NodeVisitor::apply' declared here: type mismatch at 1st parameter ('osg::Switch &' vs 'osg::StateSet &')
        virtual void apply(Switch& node);
                     ^
/home/user/Documents/android/apps/openmw-vr-quest/buildscripts/prefix/arm64/include/osg/NodeVisitor:354:22: note: hidden overloaded virtual function 'osg::NodeVisitor::apply' declared here: type mismatch at 1st parameter ('osg::Sequence &' vs 'osg::StateSet &')
        virtual void apply(Sequence& node);
                     ^
/home/user/Documents/android/apps/openmw-vr-quest/buildscripts/prefix/arm64/include/osg/NodeVisitor:355:22: note: hidden overloaded virtual function 'osg::NodeVisitor::apply' declared here: type mismatch at 1st parameter ('osg::LOD &' vs 'osg::StateSet &')
        virtual void apply(LOD& node);
                     ^
/home/user/Documents/android/apps/openmw-vr-quest/buildscripts/prefix/arm64/include/osg/NodeVisitor:356:22: note: hidden overloaded virtual function 'osg::NodeVisitor::apply' declared here: type mismatch at 1st parameter ('osg::PagedLOD &' vs 'osg::StateSet &')
        virtual void apply(PagedLOD& node);
                     ^
/home/user/Documents/android/apps/openmw-vr-quest/buildscripts/prefix/arm64/include/osg/NodeVisitor:357:22: note: hidden overloaded virtual function 'osg::NodeVisitor::apply' declared here: type mismatch at 1st parameter ('osg::ClearNode &' vs 'osg::StateSet &')
        virtual void apply(ClearNode& node);
                     ^
/home/user/Documents/android/apps/openmw-vr-quest/buildscripts/prefix/arm64/include/osg/NodeVisitor:358:22: note: hidden overloaded virtual function 'osg::NodeVisitor::apply' declared here: type mismatch at 1st parameter ('osg::OccluderNode &' vs 'osg::StateSet &')
        virtual void apply(OccluderNode& node);
                     ^
/home/user/Documents/android/apps/openmw-vr-quest/buildscripts/prefix/arm64/include/osg/NodeVisitor:359:22: note: hidden overloaded virtual function 'osg::NodeVisitor::apply' declared here: type mismatch at 1st parameter ('osg::OcclusionQueryNode &' vs 'osg::StateSet &')
        virtual void apply(OcclusionQueryNode& node);
                     ^
In file included from /home/user/Documents/android/apps/openmw-vr-quest/buildscripts/openmw-vr/apps/openmw/mwinput/inputmanagerimp.cpp:1:
In file included from /home/user/Documents/android/apps/openmw-vr-quest/buildscripts/openmw-vr/apps/openmw/mwinput/inputmanagerimp.hpp:5:
In file included from /home/user/Documents/android/apps/openmw-vr-quest/buildscripts/prefix/arm64/include/osgViewer/ViewerEventHandlers:23:
In file included from /home/user/Documents/android/apps/openmw-vr-quest/buildscripts/prefix/arm64/include/osgViewer/Viewer:21:
In file included from /home/user/Documents/android/apps/openmw-vr-quest/buildscripts/prefix/arm64/include/osgViewer/View:29:
In file included from /home/user/Documents/android/apps/openmw-vr-quest/buildscripts/prefix/arm64/include/osgViewer/Scene:19:
In file included from /home/user/Documents/android/apps/openmw-vr-quest/buildscripts/prefix/arm64/include/osgDB/DatabasePager:31:
/home/user/Documents/android/apps/openmw-vr-quest/buildscripts/prefix/arm64/include/osgUtil/IncrementalCompileOperation:53:22: warning: 'osgUtil::StateToCompile::apply' hides overloaded virtual functions [-Woverloaded-virtual]
        virtual void apply(osg::Texture& texture);
                     ^
/home/user/Documents/android/apps/openmw-vr-quest/buildscripts/prefix/arm64/include/osg/NodeVisitor:327:22: note: hidden overloaded virtual function 'osg::NodeVisitor::apply' declared here: type mismatch at 1st parameter ('osg::Geometry &' vs 'osg::Texture &')
        virtual void apply(Geometry& geometry);
                     ^
/home/user/Documents/android/apps/openmw-vr-quest/buildscripts/prefix/arm64/include/osg/NodeVisitor:331:22: note: hidden overloaded virtual function 'osg::NodeVisitor::apply' declared here: type mismatch at 1st parameter ('osg::Geode &' vs 'osg::Texture &')
        virtual void apply(Geode& node);
                     ^
/home/user/Documents/android/apps/openmw-vr-quest/buildscripts/prefix/arm64/include/osg/NodeVisitor:332:22: note: hidden overloaded virtual function 'osg::NodeVisitor::apply' declared here: type mismatch at 1st parameter ('osg::Billboard &' vs 'osg::Texture &')
        virtual void apply(Billboard& node);
                     ^
/home/user/Documents/android/apps/openmw-vr-quest/buildscripts/prefix/arm64/include/osg/NodeVisitor:334:22: note: hidden overloaded virtual function 'osg::NodeVisitor::apply' declared here: type mismatch at 1st parameter ('osg::Group &' vs 'osg::Texture &')
        virtual void apply(Group& node);
                     ^
/home/user/Documents/android/apps/openmw-vr-quest/buildscripts/prefix/arm64/include/osg/NodeVisitor:336:22: note: hidden overloaded virtual function 'osg::NodeVisitor::apply' declared here: type mismatch at 1st parameter ('osg::ProxyNode &' vs 'osg::Texture &')
        virtual void apply(ProxyNode& node);
                     ^
/home/user/Documents/android/apps/openmw-vr-quest/buildscripts/prefix/arm64/include/osg/NodeVisitor:338:22: note: hidden overloaded virtual function 'osg::NodeVisitor::apply' declared here: type mismatch at 1st parameter ('osg::Projection &' vs 'osg::Texture &')
        virtual void apply(Projection& node);
                     ^
/home/user/Documents/android/apps/openmw-vr-quest/buildscripts/prefix/arm64/include/osg/NodeVisitor:340:22: note: hidden overloaded virtual function 'osg::NodeVisitor::apply' declared here: type mismatch at 1st parameter ('osg::CoordinateSystemNode &' vs 'osg::Texture &')
        virtual void apply(CoordinateSystemNode& node);
                     ^
/home/user/Documents/android/apps/openmw-vr-quest/buildscripts/prefix/arm64/include/osg/NodeVisitor:342:22: note: hidden overloaded virtual function 'osg::NodeVisitor::apply' declared here: type mismatch at 1st parameter ('osg::ClipNode &' vs 'osg::Texture &')
        virtual void apply(ClipNode& node);
                     ^
/home/user/Documents/android/apps/openmw-vr-quest/buildscripts/prefix/arm64/include/osg/NodeVisitor:343:22: note: hidden overloaded virtual function 'osg::NodeVisitor::apply' declared here: type mismatch at 1st parameter ('osg::TexGenNode &' vs 'osg::Texture &')
        virtual void apply(TexGenNode& node);
                     ^
/home/user/Documents/android/apps/openmw-vr-quest/buildscripts/prefix/arm64/include/osg/NodeVisitor:344:22: note: hidden overloaded virtual function 'osg::NodeVisitor::apply' declared here: type mismatch at 1st parameter ('osg::LightSource &' vs 'osg::Texture &')
        virtual void apply(LightSource& node);
                     ^
/home/user/Documents/android/apps/openmw-vr-quest/buildscripts/prefix/arm64/include/osg/NodeVisitor:346:22: note: hidden overloaded virtual function 'osg::NodeVisitor::apply' declared here: type mismatch at 1st parameter ('osg::Transform &' vs 'osg::Texture &')
        virtual void apply(Transform& node);
                     ^
/home/user/Documents/android/apps/openmw-vr-quest/buildscripts/prefix/arm64/include/osg/NodeVisitor:347:22: note: hidden overloaded virtual function 'osg::NodeVisitor::apply' declared here: type mismatch at 1st parameter ('osg::Camera &' vs 'osg::Texture &')
        virtual void apply(Camera& node);
                     ^
/home/user/Documents/android/apps/openmw-vr-quest/buildscripts/prefix/arm64/include/osg/NodeVisitor:348:22: note: hidden overloaded virtual function 'osg::NodeVisitor::apply' declared here: type mismatch at 1st parameter ('osg::CameraView &' vs 'osg::Texture &')
        virtual void apply(CameraView& node);
                     ^
/home/user/Documents/android/apps/openmw-vr-quest/buildscripts/prefix/arm64/include/osg/NodeVisitor:349:22: note: hidden overloaded virtual function 'osg::NodeVisitor::apply' declared here: type mismatch at 1st parameter ('osg::MatrixTransform &' vs 'osg::Texture &')
        virtual void apply(MatrixTransform& node);
                     ^
/home/user/Documents/android/apps/openmw-vr-quest/buildscripts/prefix/arm64/include/osg/NodeVisitor:350:22: note: hidden overloaded virtual function 'osg::NodeVisitor::apply' declared here: type mismatch at 1st parameter ('osg::PositionAttitudeTransform &' vs 'osg::Texture &')
        virtual void apply(PositionAttitudeTransform& node);
                     ^
/home/user/Documents/android/apps/openmw-vr-quest/buildscripts/prefix/arm64/include/osg/NodeVisitor:351:22: note: hidden overloaded virtual function 'osg::NodeVisitor::apply' declared here: type mismatch at 1st parameter ('osg::AutoTransform &' vs 'osg::Texture &')
        virtual void apply(AutoTransform& node);
                     ^
/home/user/Documents/android/apps/openmw-vr-quest/buildscripts/prefix/arm64/include/osg/NodeVisitor:353:22: note: hidden overloaded virtual function 'osg::NodeVisitor::apply' declared here: type mismatch at 1st parameter ('osg::Switch &' vs 'osg::Texture &')
        virtual void apply(Switch& node);
                     ^
/home/user/Documents/android/apps/openmw-vr-quest/buildscripts/prefix/arm64/include/osg/NodeVisitor:354:22: note: hidden overloaded virtual function 'osg::NodeVisitor::apply' declared here: type mismatch at 1st parameter ('osg::Sequence &' vs 'osg::Texture &')
        virtual void apply(Sequence& node);
                     ^
/home/user/Documents/android/apps/openmw-vr-quest/buildscripts/prefix/arm64/include/osg/NodeVisitor:355:22: note: hidden overloaded virtual function 'osg::NodeVisitor::apply' declared here: type mismatch at 1st parameter ('osg::LOD &' vs 'osg::Texture &')
        virtual void apply(LOD& node);
                     ^
/home/user/Documents/android/apps/openmw-vr-quest/buildscripts/prefix/arm64/include/osg/NodeVisitor:356:22: note: hidden overloaded virtual function 'osg::NodeVisitor::apply' declared here: type mismatch at 1st parameter ('osg::PagedLOD &' vs 'osg::Texture &')
        virtual void apply(PagedLOD& node);
                     ^
/home/user/Documents/android/apps/openmw-vr-quest/buildscripts/prefix/arm64/include/osg/NodeVisitor:357:22: note: hidden overloaded virtual function 'osg::NodeVisitor::apply' declared here: type mismatch at 1st parameter ('osg::ClearNode &' vs 'osg::Texture &')
        virtual void apply(ClearNode& node);
                     ^
/home/user/Documents/android/apps/openmw-vr-quest/buildscripts/prefix/arm64/include/osg/NodeVisitor:358:22: note: hidden overloaded virtual function 'osg::NodeVisitor::apply' declared here: type mismatch at 1st parameter ('osg::OccluderNode &' vs 'osg::Texture &')
        virtual void apply(OccluderNode& node);
                     ^
/home/user/Documents/android/apps/openmw-vr-quest/buildscripts/prefix/arm64/include/osg/NodeVisitor:359:22: note: hidden overloaded virtual function 'osg::NodeVisitor::apply' declared here: type mismatch at 1st parameter ('osg::OcclusionQueryNode &' vs 'osg::Texture &')
        virtual void apply(OcclusionQueryNode& node);
                     ^
4 warnings generated.
[ 34%] Building CXX object apps/openmw/CMakeFiles/openmw.dir/mwinput/mousemanager.cpp.o
[ 34%] Building CXX object apps/openmw/CMakeFiles/openmw.dir/mwinput/keyboardmanager.cpp.o
[ 34%] Building CXX object apps/openmw/CMakeFiles/openmw.dir/mwinput/sdlmappings.cpp.o
[ 34%] Building CXX object apps/openmw/CMakeFiles/openmw.dir/mwinput/sensormanager.cpp.o
[ 34%] Building CXX object apps/openmw/CMakeFiles/openmw.dir/mwgui/layout.cpp.o
[ 34%] Building CXX object apps/openmw/CMakeFiles/openmw.dir/mwgui/textinput.cpp.o
[ 34%] Building CXX object apps/openmw/CMakeFiles/openmw.dir/mwgui/widgets.cpp.o
[ 34%] Building CXX object apps/openmw/CMakeFiles/openmw.dir/mwgui/race.cpp.o
[ 35%] Building CXX object apps/openmw/CMakeFiles/openmw.dir/mwgui/class.cpp.o
[ 35%] Building CXX object apps/openmw/CMakeFiles/openmw.dir/mwgui/birth.cpp.o
[ 35%] Building CXX object apps/openmw/CMakeFiles/openmw.dir/mwgui/review.cpp.o
[ 35%] Building CXX object apps/openmw/CMakeFiles/openmw.dir/mwgui/windowmanagerimp.cpp.o
In file included from /home/user/Documents/android/apps/openmw-vr-quest/buildscripts/openmw-vr/apps/openmw/mwgui/windowmanagerimp.cpp:8:
In file included from /home/user/Documents/android/apps/openmw-vr-quest/buildscripts/prefix/arm64/include/osgViewer/Viewer:18:
In file included from /home/user/Documents/android/apps/openmw-vr-quest/buildscripts/prefix/arm64/include/osgGA/EventVisitor:19:
In file included from /home/user/Documents/android/apps/openmw-vr-quest/buildscripts/prefix/arm64/include/osg/Geode:19:
In file included from /home/user/Documents/android/apps/openmw-vr-quest/buildscripts/prefix/arm64/include/osg/Drawable:21:
In file included from /home/user/Documents/android/apps/openmw-vr-quest/buildscripts/prefix/arm64/include/osg/RenderInfo:18:
In file included from /home/user/Documents/android/apps/openmw-vr-quest/buildscripts/prefix/arm64/include/osg/View:17:
/home/user/Documents/android/apps/openmw-vr-quest/buildscripts/prefix/arm64/include/osg/Camera:604:25: warning: 'osg::Camera::DrawCallback::run' hides overloaded virtual function [-Woverloaded-virtual]
            inline void run(osg::RenderInfo& renderInfo) const
                        ^
/home/user/Documents/android/apps/openmw-vr-quest/buildscripts/prefix/arm64/include/osg/Callback:80:22: note: hidden overloaded virtual function 'osg::Callback::run' declared here: different number of parameters (2 vs 1)
        virtual bool run(osg::Object* object, osg::Object* data)
                     ^
In file included from /home/user/Documents/android/apps/openmw-vr-quest/buildscripts/openmw-vr/apps/openmw/mwgui/windowmanagerimp.cpp:8:
In file included from /home/user/Documents/android/apps/openmw-vr-quest/buildscripts/prefix/arm64/include/osgViewer/Viewer:21:
In file included from /home/user/Documents/android/apps/openmw-vr-quest/buildscripts/prefix/arm64/include/osgViewer/View:29:
In file included from /home/user/Documents/android/apps/openmw-vr-quest/buildscripts/prefix/arm64/include/osgViewer/Scene:19:
In file included from /home/user/Documents/android/apps/openmw-vr-quest/buildscripts/prefix/arm64/include/osgDB/DatabasePager:31:
In file included from /home/user/Documents/android/apps/openmw-vr-quest/buildscripts/prefix/arm64/include/osgUtil/IncrementalCompileOperation:19:
/home/user/Documents/android/apps/openmw-vr-quest/buildscripts/prefix/arm64/include/osgUtil/GLObjectsVisitor:104:14: warning: 'osgUtil::GLObjectsVisitor::apply' hides overloaded virtual functions [-Woverloaded-virtual]
        void apply(osg::StateSet& stateset);
             ^
/home/user/Documents/android/apps/openmw-vr-quest/buildscripts/prefix/arm64/include/osg/NodeVisitor:327:22: note: hidden overloaded virtual function 'osg::NodeVisitor::apply' declared here: type mismatch at 1st parameter ('osg::Geometry &' vs 'osg::StateSet &')
        virtual void apply(Geometry& geometry);
                     ^
/home/user/Documents/android/apps/openmw-vr-quest/buildscripts/prefix/arm64/include/osg/NodeVisitor:331:22: note: hidden overloaded virtual function 'osg::NodeVisitor::apply' declared here: type mismatch at 1st parameter ('osg::Geode &' vs 'osg::StateSet &')
        virtual void apply(Geode& node);
                     ^
/home/user/Documents/android/apps/openmw-vr-quest/buildscripts/prefix/arm64/include/osg/NodeVisitor:332:22: note: hidden overloaded virtual function 'osg::NodeVisitor::apply' declared here: type mismatch at 1st parameter ('osg::Billboard &' vs 'osg::StateSet &')
        virtual void apply(Billboard& node);
                     ^
/home/user/Documents/android/apps/openmw-vr-quest/buildscripts/prefix/arm64/include/osg/NodeVisitor:334:22: note: hidden overloaded virtual function 'osg::NodeVisitor::apply' declared here: type mismatch at 1st parameter ('osg::Group &' vs 'osg::StateSet &')
        virtual void apply(Group& node);
                     ^
/home/user/Documents/android/apps/openmw-vr-quest/buildscripts/prefix/arm64/include/osg/NodeVisitor:336:22: note: hidden overloaded virtual function 'osg::NodeVisitor::apply' declared here: type mismatch at 1st parameter ('osg::ProxyNode &' vs 'osg::StateSet &')
        virtual void apply(ProxyNode& node);
                     ^
/home/user/Documents/android/apps/openmw-vr-quest/buildscripts/prefix/arm64/include/osg/NodeVisitor:338:22: note: hidden overloaded virtual function 'osg::NodeVisitor::apply' declared here: type mismatch at 1st parameter ('osg::Projection &' vs 'osg::StateSet &')
        virtual void apply(Projection& node);
                     ^
/home/user/Documents/android/apps/openmw-vr-quest/buildscripts/prefix/arm64/include/osg/NodeVisitor:340:22: note: hidden overloaded virtual function 'osg::NodeVisitor::apply' declared here: type mismatch at 1st parameter ('osg::CoordinateSystemNode &' vs 'osg::StateSet &')
        virtual void apply(CoordinateSystemNode& node);
                     ^
/home/user/Documents/android/apps/openmw-vr-quest/buildscripts/prefix/arm64/include/osg/NodeVisitor:342:22: note: hidden overloaded virtual function 'osg::NodeVisitor::apply' declared here: type mismatch at 1st parameter ('osg::ClipNode &' vs 'osg::StateSet &')
        virtual void apply(ClipNode& node);
                     ^
/home/user/Documents/android/apps/openmw-vr-quest/buildscripts/prefix/arm64/include/osg/NodeVisitor:343:22: note: hidden overloaded virtual function 'osg::NodeVisitor::apply' declared here: type mismatch at 1st parameter ('osg::TexGenNode &' vs 'osg::StateSet &')
        virtual void apply(TexGenNode& node);
                     ^
/home/user/Documents/android/apps/openmw-vr-quest/buildscripts/prefix/arm64/include/osg/NodeVisitor:344:22: note: hidden overloaded virtual function 'osg::NodeVisitor::apply' declared here: type mismatch at 1st parameter ('osg::LightSource &' vs 'osg::StateSet &')
        virtual void apply(LightSource& node);
                     ^
/home/user/Documents/android/apps/openmw-vr-quest/buildscripts/prefix/arm64/include/osg/NodeVisitor:346:22: note: hidden overloaded virtual function 'osg::NodeVisitor::apply' declared here: type mismatch at 1st parameter ('osg::Transform &' vs 'osg::StateSet &')
        virtual void apply(Transform& node);
                     ^
/home/user/Documents/android/apps/openmw-vr-quest/buildscripts/prefix/arm64/include/osg/NodeVisitor:347:22: note: hidden overloaded virtual function 'osg::NodeVisitor::apply' declared here: type mismatch at 1st parameter ('osg::Camera &' vs 'osg::StateSet &')
        virtual void apply(Camera& node);
                     ^
/home/user/Documents/android/apps/openmw-vr-quest/buildscripts/prefix/arm64/include/osg/NodeVisitor:348:22: note: hidden overloaded virtual function 'osg::NodeVisitor::apply' declared here: type mismatch at 1st parameter ('osg::CameraView &' vs 'osg::StateSet &')
        virtual void apply(CameraView& node);
                     ^
/home/user/Documents/android/apps/openmw-vr-quest/buildscripts/prefix/arm64/include/osg/NodeVisitor:349:22: note: hidden overloaded virtual function 'osg::NodeVisitor::apply' declared here: type mismatch at 1st parameter ('osg::MatrixTransform &' vs 'osg::StateSet &')
        virtual void apply(MatrixTransform& node);
                     ^
/home/user/Documents/android/apps/openmw-vr-quest/buildscripts/prefix/arm64/include/osg/NodeVisitor:350:22: note: hidden overloaded virtual function 'osg::NodeVisitor::apply' declared here: type mismatch at 1st parameter ('osg::PositionAttitudeTransform &' vs 'osg::StateSet &')
        virtual void apply(PositionAttitudeTransform& node);
                     ^
/home/user/Documents/android/apps/openmw-vr-quest/buildscripts/prefix/arm64/include/osg/NodeVisitor:351:22: note: hidden overloaded virtual function 'osg::NodeVisitor::apply' declared here: type mismatch at 1st parameter ('osg::AutoTransform &' vs 'osg::StateSet &')
        virtual void apply(AutoTransform& node);
                     ^
/home/user/Documents/android/apps/openmw-vr-quest/buildscripts/prefix/arm64/include/osg/NodeVisitor:353:22: note: hidden overloaded virtual function 'osg::NodeVisitor::apply' declared here: type mismatch at 1st parameter ('osg::Switch &' vs 'osg::StateSet &')
        virtual void apply(Switch& node);
                     ^
/home/user/Documents/android/apps/openmw-vr-quest/buildscripts/prefix/arm64/include/osg/NodeVisitor:354:22: note: hidden overloaded virtual function 'osg::NodeVisitor::apply' declared here: type mismatch at 1st parameter ('osg::Sequence &' vs 'osg::StateSet &')
        virtual void apply(Sequence& node);
                     ^
/home/user/Documents/android/apps/openmw-vr-quest/buildscripts/prefix/arm64/include/osg/NodeVisitor:355:22: note: hidden overloaded virtual function 'osg::NodeVisitor::apply' declared here: type mismatch at 1st parameter ('osg::LOD &' vs 'osg::StateSet &')
        virtual void apply(LOD& node);
                     ^
/home/user/Documents/android/apps/openmw-vr-quest/buildscripts/prefix/arm64/include/osg/NodeVisitor:356:22: note: hidden overloaded virtual function 'osg::NodeVisitor::apply' declared here: type mismatch at 1st parameter ('osg::PagedLOD &' vs 'osg::StateSet &')
        virtual void apply(PagedLOD& node);
                     ^
/home/user/Documents/android/apps/openmw-vr-quest/buildscripts/prefix/arm64/include/osg/NodeVisitor:357:22: note: hidden overloaded virtual function 'osg::NodeVisitor::apply' declared here: type mismatch at 1st parameter ('osg::ClearNode &' vs 'osg::StateSet &')
        virtual void apply(ClearNode& node);
                     ^
/home/user/Documents/android/apps/openmw-vr-quest/buildscripts/prefix/arm64/include/osg/NodeVisitor:358:22: note: hidden overloaded virtual function 'osg::NodeVisitor::apply' declared here: type mismatch at 1st parameter ('osg::OccluderNode &' vs 'osg::StateSet &')
        virtual void apply(OccluderNode& node);
                     ^
/home/user/Documents/android/apps/openmw-vr-quest/buildscripts/prefix/arm64/include/osg/NodeVisitor:359:22: note: hidden overloaded virtual function 'osg::NodeVisitor::apply' declared here: type mismatch at 1st parameter ('osg::OcclusionQueryNode &' vs 'osg::StateSet &')
        virtual void apply(OcclusionQueryNode& node);
                     ^
In file included from /home/user/Documents/android/apps/openmw-vr-quest/buildscripts/openmw-vr/apps/openmw/mwgui/windowmanagerimp.cpp:8:
In file included from /home/user/Documents/android/apps/openmw-vr-quest/buildscripts/prefix/arm64/include/osgViewer/Viewer:21:
In file included from /home/user/Documents/android/apps/openmw-vr-quest/buildscripts/prefix/arm64/include/osgViewer/View:29:
In file included from /home/user/Documents/android/apps/openmw-vr-quest/buildscripts/prefix/arm64/include/osgViewer/Scene:19:
In file included from /home/user/Documents/android/apps/openmw-vr-quest/buildscripts/prefix/arm64/include/osgDB/DatabasePager:31:
/home/user/Documents/android/apps/openmw-vr-quest/buildscripts/prefix/arm64/include/osgUtil/IncrementalCompileOperation:52:22: warning: 'osgUtil::StateToCompile::apply' hides overloaded virtual functions [-Woverloaded-virtual]
        virtual void apply(osg::StateSet& stateset);
                     ^
/home/user/Documents/android/apps/openmw-vr-quest/buildscripts/prefix/arm64/include/osg/NodeVisitor:327:22: note: hidden overloaded virtual function 'osg::NodeVisitor::apply' declared here: type mismatch at 1st parameter ('osg::Geometry &' vs 'osg::StateSet &')
        virtual void apply(Geometry& geometry);
                     ^
/home/user/Documents/android/apps/openmw-vr-quest/buildscripts/prefix/arm64/include/osg/NodeVisitor:331:22: note: hidden overloaded virtual function 'osg::NodeVisitor::apply' declared here: type mismatch at 1st parameter ('osg::Geode &' vs 'osg::StateSet &')
        virtual void apply(Geode& node);
                     ^
/home/user/Documents/android/apps/openmw-vr-quest/buildscripts/prefix/arm64/include/osg/NodeVisitor:332:22: note: hidden overloaded virtual function 'osg::NodeVisitor::apply' declared here: type mismatch at 1st parameter ('osg::Billboard &' vs 'osg::StateSet &')
        virtual void apply(Billboard& node);
                     ^
/home/user/Documents/android/apps/openmw-vr-quest/buildscripts/prefix/arm64/include/osg/NodeVisitor:334:22: note: hidden overloaded virtual function 'osg::NodeVisitor::apply' declared here: type mismatch at 1st parameter ('osg::Group &' vs 'osg::StateSet &')
        virtual void apply(Group& node);
                     ^
/home/user/Documents/android/apps/openmw-vr-quest/buildscripts/prefix/arm64/include/osg/NodeVisitor:336:22: note: hidden overloaded virtual function 'osg::NodeVisitor::apply' declared here: type mismatch at 1st parameter ('osg::ProxyNode &' vs 'osg::StateSet &')
        virtual void apply(ProxyNode& node);
                     ^
/home/user/Documents/android/apps/openmw-vr-quest/buildscripts/prefix/arm64/include/osg/NodeVisitor:338:22: note: hidden overloaded virtual function 'osg::NodeVisitor::apply' declared here: type mismatch at 1st parameter ('osg::Projection &' vs 'osg::StateSet &')
        virtual void apply(Projection& node);
                     ^
/home/user/Documents/android/apps/openmw-vr-quest/buildscripts/prefix/arm64/include/osg/NodeVisitor:340:22: note: hidden overloaded virtual function 'osg::NodeVisitor::apply' declared here: type mismatch at 1st parameter ('osg::CoordinateSystemNode &' vs 'osg::StateSet &')
        virtual void apply(CoordinateSystemNode& node);
                     ^
/home/user/Documents/android/apps/openmw-vr-quest/buildscripts/prefix/arm64/include/osg/NodeVisitor:342:22: note: hidden overloaded virtual function 'osg::NodeVisitor::apply' declared here: type mismatch at 1st parameter ('osg::ClipNode &' vs 'osg::StateSet &')
        virtual void apply(ClipNode& node);
                     ^
/home/user/Documents/android/apps/openmw-vr-quest/buildscripts/prefix/arm64/include/osg/NodeVisitor:343:22: note: hidden overloaded virtual function 'osg::NodeVisitor::apply' declared here: type mismatch at 1st parameter ('osg::TexGenNode &' vs 'osg::StateSet &')
        virtual void apply(TexGenNode& node);
                     ^
/home/user/Documents/android/apps/openmw-vr-quest/buildscripts/prefix/arm64/include/osg/NodeVisitor:344:22: note: hidden overloaded virtual function 'osg::NodeVisitor::apply' declared here: type mismatch at 1st parameter ('osg::LightSource &' vs 'osg::StateSet &')
        virtual void apply(LightSource& node);
                     ^
/home/user/Documents/android/apps/openmw-vr-quest/buildscripts/prefix/arm64/include/osg/NodeVisitor:346:22: note: hidden overloaded virtual function 'osg::NodeVisitor::apply' declared here: type mismatch at 1st parameter ('osg::Transform &' vs 'osg::StateSet &')
        virtual void apply(Transform& node);
                     ^
/home/user/Documents/android/apps/openmw-vr-quest/buildscripts/prefix/arm64/include/osg/NodeVisitor:347:22: note: hidden overloaded virtual function 'osg::NodeVisitor::apply' declared here: type mismatch at 1st parameter ('osg::Camera &' vs 'osg::StateSet &')
        virtual void apply(Camera& node);
                     ^
/home/user/Documents/android/apps/openmw-vr-quest/buildscripts/prefix/arm64/include/osg/NodeVisitor:348:22: note: hidden overloaded virtual function 'osg::NodeVisitor::apply' declared here: type mismatch at 1st parameter ('osg::CameraView &' vs 'osg::StateSet &')
        virtual void apply(CameraView& node);
                     ^
/home/user/Documents/android/apps/openmw-vr-quest/buildscripts/prefix/arm64/include/osg/NodeVisitor:349:22: note: hidden overloaded virtual function 'osg::NodeVisitor::apply' declared here: type mismatch at 1st parameter ('osg::MatrixTransform &' vs 'osg::StateSet &')
        virtual void apply(MatrixTransform& node);
                     ^
/home/user/Documents/android/apps/openmw-vr-quest/buildscripts/prefix/arm64/include/osg/NodeVisitor:350:22: note: hidden overloaded virtual function 'osg::NodeVisitor::apply' declared here: type mismatch at 1st parameter ('osg::PositionAttitudeTransform &' vs 'osg::StateSet &')
        virtual void apply(PositionAttitudeTransform& node);
                     ^
/home/user/Documents/android/apps/openmw-vr-quest/buildscripts/prefix/arm64/include/osg/NodeVisitor:351:22: note: hidden overloaded virtual function 'osg::NodeVisitor::apply' declared here: type mismatch at 1st parameter ('osg::AutoTransform &' vs 'osg::StateSet &')
        virtual void apply(AutoTransform& node);
                     ^
/home/user/Documents/android/apps/openmw-vr-quest/buildscripts/prefix/arm64/include/osg/NodeVisitor:353:22: note: hidden overloaded virtual function 'osg::NodeVisitor::apply' declared here: type mismatch at 1st parameter ('osg::Switch &' vs 'osg::StateSet &')
        virtual void apply(Switch& node);
                     ^
/home/user/Documents/android/apps/openmw-vr-quest/buildscripts/prefix/arm64/include/osg/NodeVisitor:354:22: note: hidden overloaded virtual function 'osg::NodeVisitor::apply' declared here: type mismatch at 1st parameter ('osg::Sequence &' vs 'osg::StateSet &')
        virtual void apply(Sequence& node);
                     ^
/home/user/Documents/android/apps/openmw-vr-quest/buildscripts/prefix/arm64/include/osg/NodeVisitor:355:22: note: hidden overloaded virtual function 'osg::NodeVisitor::apply' declared here: type mismatch at 1st parameter ('osg::LOD &' vs 'osg::StateSet &')
        virtual void apply(LOD& node);
                     ^
/home/user/Documents/android/apps/openmw-vr-quest/buildscripts/prefix/arm64/include/osg/NodeVisitor:356:22: note: hidden overloaded virtual function 'osg::NodeVisitor::apply' declared here: type mismatch at 1st parameter ('osg::PagedLOD &' vs 'osg::StateSet &')
        virtual void apply(PagedLOD& node);
                     ^
/home/user/Documents/android/apps/openmw-vr-quest/buildscripts/prefix/arm64/include/osg/NodeVisitor:357:22: note: hidden overloaded virtual function 'osg::NodeVisitor::apply' declared here: type mismatch at 1st parameter ('osg::ClearNode &' vs 'osg::StateSet &')
        virtual void apply(ClearNode& node);
                     ^
/home/user/Documents/android/apps/openmw-vr-quest/buildscripts/prefix/arm64/include/osg/NodeVisitor:358:22: note: hidden overloaded virtual function 'osg::NodeVisitor::apply' declared here: type mismatch at 1st parameter ('osg::OccluderNode &' vs 'osg::StateSet &')
        virtual void apply(OccluderNode& node);
                     ^
/home/user/Documents/android/apps/openmw-vr-quest/buildscripts/prefix/arm64/include/osg/NodeVisitor:359:22: note: hidden overloaded virtual function 'osg::NodeVisitor::apply' declared here: type mismatch at 1st parameter ('osg::OcclusionQueryNode &' vs 'osg::StateSet &')
        virtual void apply(OcclusionQueryNode& node);
                     ^
In file included from /home/user/Documents/android/apps/openmw-vr-quest/buildscripts/openmw-vr/apps/openmw/mwgui/windowmanagerimp.cpp:8:
In file included from /home/user/Documents/android/apps/openmw-vr-quest/buildscripts/prefix/arm64/include/osgViewer/Viewer:21:
In file included from /home/user/Documents/android/apps/openmw-vr-quest/buildscripts/prefix/arm64/include/osgViewer/View:29:
In file included from /home/user/Documents/android/apps/openmw-vr-quest/buildscripts/prefix/arm64/include/osgViewer/Scene:19:
In file included from /home/user/Documents/android/apps/openmw-vr-quest/buildscripts/prefix/arm64/include/osgDB/DatabasePager:31:
/home/user/Documents/android/apps/openmw-vr-quest/buildscripts/prefix/arm64/include/osgUtil/IncrementalCompileOperation:53:22: warning: 'osgUtil::StateToCompile::apply' hides overloaded virtual functions [-Woverloaded-virtual]
        virtual void apply(osg::Texture& texture);
                     ^
/home/user/Documents/android/apps/openmw-vr-quest/buildscripts/prefix/arm64/include/osg/NodeVisitor:327:22: note: hidden overloaded virtual function 'osg::NodeVisitor::apply' declared here: type mismatch at 1st parameter ('osg::Geometry &' vs 'osg::Texture &')
        virtual void apply(Geometry& geometry);
                     ^
/home/user/Documents/android/apps/openmw-vr-quest/buildscripts/prefix/arm64/include/osg/NodeVisitor:331:22: note: hidden overloaded virtual function 'osg::NodeVisitor::apply' declared here: type mismatch at 1st parameter ('osg::Geode &' vs 'osg::Texture &')
        virtual void apply(Geode& node);
                     ^
/home/user/Documents/android/apps/openmw-vr-quest/buildscripts/prefix/arm64/include/osg/NodeVisitor:332:22: note: hidden overloaded virtual function 'osg::NodeVisitor::apply' declared here: type mismatch at 1st parameter ('osg::Billboard &' vs 'osg::Texture &')
        virtual void apply(Billboard& node);
                     ^
/home/user/Documents/android/apps/openmw-vr-quest/buildscripts/prefix/arm64/include/osg/NodeVisitor:334:22: note: hidden overloaded virtual function 'osg::NodeVisitor::apply' declared here: type mismatch at 1st parameter ('osg::Group &' vs 'osg::Texture &')
        virtual void apply(Group& node);
                     ^
/home/user/Documents/android/apps/openmw-vr-quest/buildscripts/prefix/arm64/include/osg/NodeVisitor:336:22: note: hidden overloaded virtual function 'osg::NodeVisitor::apply' declared here: type mismatch at 1st parameter ('osg::ProxyNode &' vs 'osg::Texture &')
        virtual void apply(ProxyNode& node);
                     ^
/home/user/Documents/android/apps/openmw-vr-quest/buildscripts/prefix/arm64/include/osg/NodeVisitor:338:22: note: hidden overloaded virtual function 'osg::NodeVisitor::apply' declared here: type mismatch at 1st parameter ('osg::Projection &' vs 'osg::Texture &')
        virtual void apply(Projection& node);
                     ^
/home/user/Documents/android/apps/openmw-vr-quest/buildscripts/prefix/arm64/include/osg/NodeVisitor:340:22: note: hidden overloaded virtual function 'osg::NodeVisitor::apply' declared here: type mismatch at 1st parameter ('osg::CoordinateSystemNode &' vs 'osg::Texture &')
        virtual void apply(CoordinateSystemNode& node);
                     ^
/home/user/Documents/android/apps/openmw-vr-quest/buildscripts/prefix/arm64/include/osg/NodeVisitor:342:22: note: hidden overloaded virtual function 'osg::NodeVisitor::apply' declared here: type mismatch at 1st parameter ('osg::ClipNode &' vs 'osg::Texture &')
        virtual void apply(ClipNode& node);
                     ^
/home/user/Documents/android/apps/openmw-vr-quest/buildscripts/prefix/arm64/include/osg/NodeVisitor:343:22: note: hidden overloaded virtual function 'osg::NodeVisitor::apply' declared here: type mismatch at 1st parameter ('osg::TexGenNode &' vs 'osg::Texture &')
        virtual void apply(TexGenNode& node);
                     ^
/home/user/Documents/android/apps/openmw-vr-quest/buildscripts/prefix/arm64/include/osg/NodeVisitor:344:22: note: hidden overloaded virtual function 'osg::NodeVisitor::apply' declared here: type mismatch at 1st parameter ('osg::LightSource &' vs 'osg::Texture &')
        virtual void apply(LightSource& node);
                     ^
/home/user/Documents/android/apps/openmw-vr-quest/buildscripts/prefix/arm64/include/osg/NodeVisitor:346:22: note: hidden overloaded virtual function 'osg::NodeVisitor::apply' declared here: type mismatch at 1st parameter ('osg::Transform &' vs 'osg::Texture &')
        virtual void apply(Transform& node);
                     ^
/home/user/Documents/android/apps/openmw-vr-quest/buildscripts/prefix/arm64/include/osg/NodeVisitor:347:22: note: hidden overloaded virtual function 'osg::NodeVisitor::apply' declared here: type mismatch at 1st parameter ('osg::Camera &' vs 'osg::Texture &')
        virtual void apply(Camera& node);
                     ^
/home/user/Documents/android/apps/openmw-vr-quest/buildscripts/prefix/arm64/include/osg/NodeVisitor:348:22: note: hidden overloaded virtual function 'osg::NodeVisitor::apply' declared here: type mismatch at 1st parameter ('osg::CameraView &' vs 'osg::Texture &')
        virtual void apply(CameraView& node);
                     ^
/home/user/Documents/android/apps/openmw-vr-quest/buildscripts/prefix/arm64/include/osg/NodeVisitor:349:22: note: hidden overloaded virtual function 'osg::NodeVisitor::apply' declared here: type mismatch at 1st parameter ('osg::MatrixTransform &' vs 'osg::Texture &')
        virtual void apply(MatrixTransform& node);
                     ^
/home/user/Documents/android/apps/openmw-vr-quest/buildscripts/prefix/arm64/include/osg/NodeVisitor:350:22: note: hidden overloaded virtual function 'osg::NodeVisitor::apply' declared here: type mismatch at 1st parameter ('osg::PositionAttitudeTransform &' vs 'osg::Texture &')
        virtual void apply(PositionAttitudeTransform& node);
                     ^
/home/user/Documents/android/apps/openmw-vr-quest/buildscripts/prefix/arm64/include/osg/NodeVisitor:351:22: note: hidden overloaded virtual function 'osg::NodeVisitor::apply' declared here: type mismatch at 1st parameter ('osg::AutoTransform &' vs 'osg::Texture &')
        virtual void apply(AutoTransform& node);
                     ^
/home/user/Documents/android/apps/openmw-vr-quest/buildscripts/prefix/arm64/include/osg/NodeVisitor:353:22: note: hidden overloaded virtual function 'osg::NodeVisitor::apply' declared here: type mismatch at 1st parameter ('osg::Switch &' vs 'osg::Texture &')
        virtual void apply(Switch& node);
                     ^
/home/user/Documents/android/apps/openmw-vr-quest/buildscripts/prefix/arm64/include/osg/NodeVisitor:354:22: note: hidden overloaded virtual function 'osg::NodeVisitor::apply' declared here: type mismatch at 1st parameter ('osg::Sequence &' vs 'osg::Texture &')
        virtual void apply(Sequence& node);
                     ^
/home/user/Documents/android/apps/openmw-vr-quest/buildscripts/prefix/arm64/include/osg/NodeVisitor:355:22: note: hidden overloaded virtual function 'osg::NodeVisitor::apply' declared here: type mismatch at 1st parameter ('osg::LOD &' vs 'osg::Texture &')
        virtual void apply(LOD& node);
                     ^
/home/user/Documents/android/apps/openmw-vr-quest/buildscripts/prefix/arm64/include/osg/NodeVisitor:356:22: note: hidden overloaded virtual function 'osg::NodeVisitor::apply' declared here: type mismatch at 1st parameter ('osg::PagedLOD &' vs 'osg::Texture &')
        virtual void apply(PagedLOD& node);
                     ^
/home/user/Documents/android/apps/openmw-vr-quest/buildscripts/prefix/arm64/include/osg/NodeVisitor:357:22: note: hidden overloaded virtual function 'osg::NodeVisitor::apply' declared here: type mismatch at 1st parameter ('osg::ClearNode &' vs 'osg::Texture &')
        virtual void apply(ClearNode& node);
                     ^
/home/user/Documents/android/apps/openmw-vr-quest/buildscripts/prefix/arm64/include/osg/NodeVisitor:358:22: note: hidden overloaded virtual function 'osg::NodeVisitor::apply' declared here: type mismatch at 1st parameter ('osg::OccluderNode &' vs 'osg::Texture &')
        virtual void apply(OccluderNode& node);
                     ^
/home/user/Documents/android/apps/openmw-vr-quest/buildscripts/prefix/arm64/include/osg/NodeVisitor:359:22: note: hidden overloaded virtual function 'osg::NodeVisitor::apply' declared here: type mismatch at 1st parameter ('osg::OcclusionQueryNode &' vs 'osg::Texture &')
        virtual void apply(OcclusionQueryNode& node);
                     ^
In file included from /home/user/Documents/android/apps/openmw-vr-quest/buildscripts/openmw-vr/apps/openmw/mwgui/windowmanagerimp.cpp:76:
/home/user/Documents/android/apps/openmw-vr-quest/buildscripts/openmw-vr/apps/openmw/mwgui/dialogue.hpp:142:14: warning: 'onWindowResize' overrides a member function but is not marked 'override' [-Winconsistent-missing-override]
        void onWindowResize(MyGUI::Window* _sender);
             ^
/home/user/Documents/android/apps/openmw-vr-quest/buildscripts/openmw-vr/apps/openmw/mwgui/windowbase.hpp:51:22: note: overridden virtual function is here
        virtual void onWindowResize(MyGUI::Window* window) {}
                     ^
In file included from /home/user/Documents/android/apps/openmw-vr-quest/buildscripts/openmw-vr/apps/openmw/mwgui/windowmanagerimp.cpp:88:
/home/user/Documents/android/apps/openmw-vr-quest/buildscripts/openmw-vr/apps/openmw/mwgui/settingswindow.hpp:77:18: warning: 'onWindowResize' overrides a member function but is not marked 'override' [-Winconsistent-missing-override]
            void onWindowResize(MyGUI::Window* _sender);
                 ^
/home/user/Documents/android/apps/openmw-vr-quest/buildscripts/openmw-vr/apps/openmw/mwgui/windowbase.hpp:51:22: note: overridden virtual function is here
        virtual void onWindowResize(MyGUI::Window* window) {}
                     ^
6 warnings generated.
[ 35%] Building CXX object apps/openmw/CMakeFiles/openmw.dir/mwgui/console.cpp.o
In file included from /home/user/Documents/android/apps/openmw-vr-quest/buildscripts/openmw-vr/apps/openmw/mwgui/console.cpp:1:
In file included from /home/user/Documents/android/apps/openmw-vr-quest/buildscripts/openmw-vr/apps/openmw/mwgui/console.hpp:13:
In file included from /home/user/Documents/android/apps/openmw-vr-quest/buildscripts/openmw-vr/apps/openmw/mwgui/../mwscript/interpretercontext.hpp:9:
In file included from /home/user/Documents/android/apps/openmw-vr-quest/buildscripts/openmw-vr/apps/openmw/mwgui/../mwscript/globalscripts.hpp:4:
In file included from /home/user/Documents/android/apps/openmw-vr-quest/buildscripts/prefix/arm64/include/boost/variant/variant.hpp:21:
In file included from /home/user/Documents/android/apps/openmw-vr-quest/buildscripts/prefix/arm64/include/boost/type_index.hpp:29:
In file included from /home/user/Documents/android/apps/openmw-vr-quest/buildscripts/prefix/arm64/include/boost/type_index/stl_type_index.hpp:47:
In file included from /home/user/Documents/android/apps/openmw-vr-quest/buildscripts/prefix/arm64/include/boost/container_hash/hash.hpp:24:
In file included from /home/user/Documents/android/apps/openmw-vr-quest/buildscripts/prefix/arm64/include/boost/type_traits/is_enum.hpp:14:
In file included from /home/user/Documents/android/apps/openmw-vr-quest/buildscripts/prefix/arm64/include/boost/type_traits/intrinsics.hpp:16:
/home/user/Documents/android/apps/openmw-vr-quest/buildscripts/prefix/arm64/include/boost/type_traits/detail/config.hpp:85:52: warning: '__clang_major___WORKAROUND_GUARD' is not defined, evaluates to 0 [-Wundef]
      && !BOOST_WORKAROUND(BOOST_MSVC, < 1900) && !BOOST_WORKAROUND(__clang_major__, <= 4)
                                                   ^
/home/user/Documents/android/apps/openmw-vr-quest/buildscripts/prefix/arm64/include/boost/config/workaround.hpp:246:10: note: expanded from macro 'BOOST_WORKAROUND'
       ((symbol ## _WORKAROUND_GUARD + 0 == 0) &&     \
         ^
<scratch space>:422:1: note: expanded from here
__clang_major___WORKAROUND_GUARD
^
1 warning generated.
[ 35%] Building CXX object apps/openmw/CMakeFiles/openmw.dir/mwgui/dialogue.cpp.o
In file included from /home/user/Documents/android/apps/openmw-vr-quest/buildscripts/openmw-vr/apps/openmw/mwgui/dialogue.cpp:1:
/home/user/Documents/android/apps/openmw-vr-quest/buildscripts/openmw-vr/apps/openmw/mwgui/dialogue.hpp:142:14: warning: 'onWindowResize' overrides a member function but is not marked 'override' [-Winconsistent-missing-override]
        void onWindowResize(MyGUI::Window* _sender);
             ^
/home/user/Documents/android/apps/openmw-vr-quest/buildscripts/openmw-vr/apps/openmw/mwgui/windowbase.hpp:51:22: note: overridden virtual function is here
        virtual void onWindowResize(MyGUI::Window* window) {}
                     ^
1 warning generated.
[ 35%] Building CXX object apps/openmw/CMakeFiles/openmw.dir/mwgui/windowbase.cpp.o
[ 35%] Building CXX object apps/openmw/CMakeFiles/openmw.dir/mwgui/statswindow.cpp.o
[ 35%] Building CXX object apps/openmw/CMakeFiles/openmw.dir/mwgui/messagebox.cpp.o
[ 35%] Building CXX object apps/openmw/CMakeFiles/openmw.dir/mwgui/journalwindow.cpp.o
[ 36%] Building CXX object apps/openmw/CMakeFiles/openmw.dir/mwgui/charactercreation.cpp.o
[ 36%] Building CXX object apps/openmw/CMakeFiles/openmw.dir/mwgui/mapwindow.cpp.o
[ 36%] Building CXX object apps/openmw/CMakeFiles/openmw.dir/mwgui/windowpinnablebase.cpp.o
[ 36%] Building CXX object apps/openmw/CMakeFiles/openmw.dir/mwgui/tooltips.cpp.o
[ 36%] Building CXX object apps/openmw/CMakeFiles/openmw.dir/mwgui/scrollwindow.cpp.o
[ 36%] Building CXX object apps/openmw/CMakeFiles/openmw.dir/mwgui/bookwindow.cpp.o
[ 36%] Building CXX object apps/openmw/CMakeFiles/openmw.dir/mwgui/resourceskin.cpp.o
[ 36%] Building CXX object apps/openmw/CMakeFiles/openmw.dir/mwgui/formatting.cpp.o
In file included from /home/user/Documents/android/apps/openmw-vr-quest/buildscripts/openmw-vr/apps/openmw/mwgui/formatting.cpp:16:
In file included from /home/user/Documents/android/apps/openmw-vr-quest/buildscripts/openmw-vr/apps/openmw/mwgui/../mwscript/interpretercontext.hpp:9:
In file included from /home/user/Documents/android/apps/openmw-vr-quest/buildscripts/openmw-vr/apps/openmw/mwgui/../mwscript/globalscripts.hpp:4:
In file included from /home/user/Documents/android/apps/openmw-vr-quest/buildscripts/prefix/arm64/include/boost/variant/variant.hpp:21:
In file included from /home/user/Documents/android/apps/openmw-vr-quest/buildscripts/prefix/arm64/include/boost/type_index.hpp:29:
In file included from /home/user/Documents/android/apps/openmw-vr-quest/buildscripts/prefix/arm64/include/boost/type_index/stl_type_index.hpp:47:
In file included from /home/user/Documents/android/apps/openmw-vr-quest/buildscripts/prefix/arm64/include/boost/container_hash/hash.hpp:24:
In file included from /home/user/Documents/android/apps/openmw-vr-quest/buildscripts/prefix/arm64/include/boost/type_traits/is_enum.hpp:14:
In file included from /home/user/Documents/android/apps/openmw-vr-quest/buildscripts/prefix/arm64/include/boost/type_traits/intrinsics.hpp:16:
/home/user/Documents/android/apps/openmw-vr-quest/buildscripts/prefix/arm64/include/boost/type_traits/detail/config.hpp:85:52: warning: '__clang_major___WORKAROUND_GUARD' is not defined, evaluates to 0 [-Wundef]
      && !BOOST_WORKAROUND(BOOST_MSVC, < 1900) && !BOOST_WORKAROUND(__clang_major__, <= 4)
                                                   ^
/home/user/Documents/android/apps/openmw-vr-quest/buildscripts/prefix/arm64/include/boost/config/workaround.hpp:246:10: note: expanded from macro 'BOOST_WORKAROUND'
       ((symbol ## _WORKAROUND_GUARD + 0 == 0) &&     \
         ^
<scratch space>:215:1: note: expanded from here
__clang_major___WORKAROUND_GUARD
^
1 warning generated.
[ 36%] Building CXX object apps/openmw/CMakeFiles/openmw.dir/mwgui/inventorywindow.cpp.o
[ 36%] Building CXX object apps/openmw/CMakeFiles/openmw.dir/mwgui/container.cpp.o
In file included from /home/user/Documents/android/apps/openmw-vr-quest/buildscripts/openmw-vr/apps/openmw/mwgui/container.cpp:19:
In file included from /home/user/Documents/android/apps/openmw-vr-quest/buildscripts/openmw-vr/apps/openmw/mwgui/../mwscript/interpretercontext.hpp:9:
In file included from /home/user/Documents/android/apps/openmw-vr-quest/buildscripts/openmw-vr/apps/openmw/mwgui/../mwworld/../mwscript/globalscripts.hpp:4:
In file included from /home/user/Documents/android/apps/openmw-vr-quest/buildscripts/prefix/arm64/include/boost/variant/variant.hpp:21:
In file included from /home/user/Documents/android/apps/openmw-vr-quest/buildscripts/prefix/arm64/include/boost/type_index.hpp:29:
In file included from /home/user/Documents/android/apps/openmw-vr-quest/buildscripts/prefix/arm64/include/boost/type_index/stl_type_index.hpp:47:
In file included from /home/user/Documents/android/apps/openmw-vr-quest/buildscripts/prefix/arm64/include/boost/container_hash/hash.hpp:24:
In file included from /home/user/Documents/android/apps/openmw-vr-quest/buildscripts/prefix/arm64/include/boost/type_traits/is_enum.hpp:14:
In file included from /home/user/Documents/android/apps/openmw-vr-quest/buildscripts/prefix/arm64/include/boost/type_traits/intrinsics.hpp:16:
/home/user/Documents/android/apps/openmw-vr-quest/buildscripts/prefix/arm64/include/boost/type_traits/detail/config.hpp:85:52: warning: '__clang_major___WORKAROUND_GUARD' is not defined, evaluates to 0 [-Wundef]
      && !BOOST_WORKAROUND(BOOST_MSVC, < 1900) && !BOOST_WORKAROUND(__clang_major__, <= 4)
                                                   ^
/home/user/Documents/android/apps/openmw-vr-quest/buildscripts/prefix/arm64/include/boost/config/workaround.hpp:246:10: note: expanded from macro 'BOOST_WORKAROUND'
       ((symbol ## _WORKAROUND_GUARD + 0 == 0) &&     \
         ^
<scratch space>:264:1: note: expanded from here
__clang_major___WORKAROUND_GUARD
^
1 warning generated.
[ 37%] Building CXX object apps/openmw/CMakeFiles/openmw.dir/mwgui/hud.cpp.o
[ 37%] Building CXX object apps/openmw/CMakeFiles/openmw.dir/mwgui/countdialog.cpp.o
[ 32%] Building CXX object apps/openmw/CMakeFiles/openmw.dir/mwgui/tradewindow.cpp.o
[ 32%] Building CXX object apps/openmw/CMakeFiles/openmw.dir/mwgui/settingswindow.cpp.o
In file included from /home/user/Documents/android/apps/openmw-vr-quest/buildscripts/openmw-vr/apps/openmw/mwgui/settingswindow.cpp:1:
/home/user/Documents/android/apps/openmw-vr-quest/buildscripts/openmw-vr/apps/openmw/mwgui/settingswindow.hpp:77:18: warning: 'onWindowResize' overrides a member function but is not marked 'override' [-Winconsistent-missing-override]
            void onWindowResize(MyGUI::Window* _sender);
                 ^
/home/user/Documents/android/apps/openmw-vr-quest/buildscripts/openmw-vr/apps/openmw/mwgui/windowbase.hpp:51:22: note: overridden virtual function is here
        virtual void onWindowResize(MyGUI::Window* window) {}
                     ^
/home/user/Documents/android/apps/openmw-vr-quest/buildscripts/openmw-vr/apps/openmw/mwgui/settingswindow.cpp:328:87: warning: 'getItem' is deprecated [-Wdeprecated-declarations]
                if (Misc::StringUtils::ciEqual(mirrorTextureEye, mVRMirrorTextureEye->getItem(i)))
                                                                                      ^
/home/user/Documents/android/apps/openmw-vr-quest/buildscripts/prefix/arm64/include/MYGUI/MyGUI_BackwardCompatibility.h:72:3: note: 'getItem' has been explicitly marked deprecated here
                MYGUI_OBSOLETE(" is deprecated, use : const UString& ComboBox::getItemNameAt(size_t _index)")
                ^
/home/user/Documents/android/apps/openmw-vr-quest/buildscripts/prefix/arm64/include/MYGUI/MyGUI_Diagnostic.h:86:80: note: expanded from macro 'MYGUI_OBSOLETE'
#define MYGUI_OBSOLETE(text) /*! \deprecated text */ MYGUI_OBSOLETE_START(text)MYGUI_OBSOLETE_END
                                                                               ^
/home/user/Documents/android/apps/openmw-vr-quest/buildscripts/prefix/arm64/include/MYGUI/MyGUI_Diagnostic.h:77:45: note: expanded from macro 'MYGUI_OBSOLETE_END'
#               define MYGUI_OBSOLETE_END __attribute__((deprecated))
                                                         ^
/home/user/Documents/android/apps/openmw-vr-quest/buildscripts/openmw-vr/apps/openmw/mwgui/settingswindow.cpp:333:89: warning: 'getItem' is deprecated [-Wdeprecated-declarations]
                if (Misc::StringUtils::ciEqual(leftHandHudPosition, mVRLeftHudPosition->getItem(i)))
                                                                                        ^
/home/user/Documents/android/apps/openmw-vr-quest/buildscripts/prefix/arm64/include/MYGUI/MyGUI_BackwardCompatibility.h:72:3: note: 'getItem' has been explicitly marked deprecated here
                MYGUI_OBSOLETE(" is deprecated, use : const UString& ComboBox::getItemNameAt(size_t _index)")
                ^
/home/user/Documents/android/apps/openmw-vr-quest/buildscripts/prefix/arm64/include/MYGUI/MyGUI_Diagnostic.h:86:80: note: expanded from macro 'MYGUI_OBSOLETE'
#define MYGUI_OBSOLETE(text) /*! \deprecated text */ MYGUI_OBSOLETE_START(text)MYGUI_OBSOLETE_END
                                                                               ^
/home/user/Documents/android/apps/openmw-vr-quest/buildscripts/prefix/arm64/include/MYGUI/MyGUI_Diagnostic.h:77:45: note: expanded from macro 'MYGUI_OBSOLETE_END'
#               define MYGUI_OBSOLETE_END __attribute__((deprecated))
                                                         ^
/home/user/Documents/android/apps/openmw-vr-quest/buildscripts/openmw-vr/apps/openmw/mwgui/settingswindow.cpp:419:62: warning: 'getItem' is deprecated [-Wdeprecated-declarations]
        auto setting = Misc::StringUtils::lowerCase(_sender->getItem(pos));
                                                             ^
/home/user/Documents/android/apps/openmw-vr-quest/buildscripts/prefix/arm64/include/MYGUI/MyGUI_BackwardCompatibility.h:72:3: note: 'getItem' has been explicitly marked deprecated here
                MYGUI_OBSOLETE(" is deprecated, use : const UString& ComboBox::getItemNameAt(size_t _index)")
                ^
/home/user/Documents/android/apps/openmw-vr-quest/buildscripts/prefix/arm64/include/MYGUI/MyGUI_Diagnostic.h:86:80: note: expanded from macro 'MYGUI_OBSOLETE'
#define MYGUI_OBSOLETE(text) /*! \deprecated text */ MYGUI_OBSOLETE_START(text)MYGUI_OBSOLETE_END
                                                                               ^
/home/user/Documents/android/apps/openmw-vr-quest/buildscripts/prefix/arm64/include/MYGUI/MyGUI_Diagnostic.h:77:45: note: expanded from macro 'MYGUI_OBSOLETE_END'
#               define MYGUI_OBSOLETE_END __attribute__((deprecated))
                                                         ^
/home/user/Documents/android/apps/openmw-vr-quest/buildscripts/openmw-vr/apps/openmw/mwgui/settingswindow.cpp:426:62: warning: 'getItem' is deprecated [-Wdeprecated-declarations]
        auto setting = Misc::StringUtils::lowerCase(_sender->getItem(pos));
                                                             ^
/home/user/Documents/android/apps/openmw-vr-quest/buildscripts/prefix/arm64/include/MYGUI/MyGUI_BackwardCompatibility.h:72:3: note: 'getItem' has been explicitly marked deprecated here
                MYGUI_OBSOLETE(" is deprecated, use : const UString& ComboBox::getItemNameAt(size_t _index)")
                ^
/home/user/Documents/android/apps/openmw-vr-quest/buildscripts/prefix/arm64/include/MYGUI/MyGUI_Diagnostic.h:86:80: note: expanded from macro 'MYGUI_OBSOLETE'
#define MYGUI_OBSOLETE(text) /*! \deprecated text */ MYGUI_OBSOLETE_START(text)MYGUI_OBSOLETE_END
                                                                               ^
/home/user/Documents/android/apps/openmw-vr-quest/buildscripts/prefix/arm64/include/MYGUI/MyGUI_Diagnostic.h:77:45: note: expanded from macro 'MYGUI_OBSOLETE_END'
#               define MYGUI_OBSOLETE_END __attribute__((deprecated))
                                                         ^
5 warnings generated.
[ 32%] Building CXX object apps/openmw/CMakeFiles/openmw.dir/mwgui/confirmationdialog.cpp.o
[ 32%] Building CXX object apps/openmw/CMakeFiles/openmw.dir/mwgui/alchemywindow.cpp.o
In file included from /home/user/Documents/android/apps/openmw-vr-quest/buildscripts/openmw-vr/apps/openmw/mwgui/alchemywindow.cpp:1:
/home/user/Documents/android/apps/openmw-vr-quest/buildscripts/openmw-vr/apps/openmw/mwgui/alchemywindow.hpp:66:26: warning: private field 'mFilterListBox' is not used [-Wunused-private-field]
        MWVR::VrListBox* mFilterListBox;
                         ^
1 warning generated.
[ 32%] Building CXX object apps/openmw/CMakeFiles/openmw.dir/mwgui/referenceinterface.cpp.o
[ 32%] Building CXX object apps/openmw/CMakeFiles/openmw.dir/mwgui/spellwindow.cpp.o
[ 32%] Building CXX object apps/openmw/CMakeFiles/openmw.dir/mwgui/mainmenu.cpp.o
[ 33%] Building CXX object apps/openmw/CMakeFiles/openmw.dir/mwgui/quickkeysmenu.cpp.o
[ 33%] Building CXX object apps/openmw/CMakeFiles/openmw.dir/mwgui/itemselection.cpp.o
[ 33%] Building CXX object apps/openmw/CMakeFiles/openmw.dir/mwgui/spellbuyingwindow.cpp.o
[ 33%] Building CXX object apps/openmw/CMakeFiles/openmw.dir/mwgui/loadingscreen.cpp.o
In file included from /home/user/Documents/android/apps/openmw-vr-quest/buildscripts/openmw-vr/apps/openmw/mwgui/loadingscreen.cpp:6:
In file included from /home/user/Documents/android/apps/openmw-vr-quest/buildscripts/prefix/arm64/include/osgViewer/Viewer:18:
In file included from /home/user/Documents/android/apps/openmw-vr-quest/buildscripts/prefix/arm64/include/osgGA/EventVisitor:19:
In file included from /home/user/Documents/android/apps/openmw-vr-quest/buildscripts/prefix/arm64/include/osg/Geode:19:
In file included from /home/user/Documents/android/apps/openmw-vr-quest/buildscripts/prefix/arm64/include/osg/Drawable:21:
In file included from /home/user/Documents/android/apps/openmw-vr-quest/buildscripts/prefix/arm64/include/osg/RenderInfo:18:
In file included from /home/user/Documents/android/apps/openmw-vr-quest/buildscripts/prefix/arm64/include/osg/View:17:
/home/user/Documents/android/apps/openmw-vr-quest/buildscripts/prefix/arm64/include/osg/Camera:604:25: warning: 'osg::Camera::DrawCallback::run' hides overloaded virtual function [-Woverloaded-virtual]
            inline void run(osg::RenderInfo& renderInfo) const
                        ^
/home/user/Documents/android/apps/openmw-vr-quest/buildscripts/prefix/arm64/include/osg/Callback:80:22: note: hidden overloaded virtual function 'osg::Callback::run' declared here: different number of parameters (2 vs 1)
        virtual bool run(osg::Object* object, osg::Object* data)
                     ^
In file included from /home/user/Documents/android/apps/openmw-vr-quest/buildscripts/openmw-vr/apps/openmw/mwgui/loadingscreen.cpp:6:
In file included from /home/user/Documents/android/apps/openmw-vr-quest/buildscripts/prefix/arm64/include/osgViewer/Viewer:21:
In file included from /home/user/Documents/android/apps/openmw-vr-quest/buildscripts/prefix/arm64/include/osgViewer/View:29:
In file included from /home/user/Documents/android/apps/openmw-vr-quest/buildscripts/prefix/arm64/include/osgViewer/Scene:19:
In file included from /home/user/Documents/android/apps/openmw-vr-quest/buildscripts/prefix/arm64/include/osgDB/DatabasePager:31:
In file included from /home/user/Documents/android/apps/openmw-vr-quest/buildscripts/prefix/arm64/include/osgUtil/IncrementalCompileOperation:19:
/home/user/Documents/android/apps/openmw-vr-quest/buildscripts/prefix/arm64/include/osgUtil/GLObjectsVisitor:104:14: warning: 'osgUtil::GLObjectsVisitor::apply' hides overloaded virtual functions [-Woverloaded-virtual]
        void apply(osg::StateSet& stateset);
             ^
/home/user/Documents/android/apps/openmw-vr-quest/buildscripts/prefix/arm64/include/osg/NodeVisitor:327:22: note: hidden overloaded virtual function 'osg::NodeVisitor::apply' declared here: type mismatch at 1st parameter ('osg::Geometry &' vs 'osg::StateSet &')
        virtual void apply(Geometry& geometry);
                     ^
/home/user/Documents/android/apps/openmw-vr-quest/buildscripts/prefix/arm64/include/osg/NodeVisitor:331:22: note: hidden overloaded virtual function 'osg::NodeVisitor::apply' declared here: type mismatch at 1st parameter ('osg::Geode &' vs 'osg::StateSet &')
        virtual void apply(Geode& node);
                     ^
/home/user/Documents/android/apps/openmw-vr-quest/buildscripts/prefix/arm64/include/osg/NodeVisitor:332:22: note: hidden overloaded virtual function 'osg::NodeVisitor::apply' declared here: type mismatch at 1st parameter ('osg::Billboard &' vs 'osg::StateSet &')
        virtual void apply(Billboard& node);
                     ^
/home/user/Documents/android/apps/openmw-vr-quest/buildscripts/prefix/arm64/include/osg/NodeVisitor:334:22: note: hidden overloaded virtual function 'osg::NodeVisitor::apply' declared here: type mismatch at 1st parameter ('osg::Group &' vs 'osg::StateSet &')
        virtual void apply(Group& node);
                     ^
/home/user/Documents/android/apps/openmw-vr-quest/buildscripts/prefix/arm64/include/osg/NodeVisitor:336:22: note: hidden overloaded virtual function 'osg::NodeVisitor::apply' declared here: type mismatch at 1st parameter ('osg::ProxyNode &' vs 'osg::StateSet &')
        virtual void apply(ProxyNode& node);
                     ^
/home/user/Documents/android/apps/openmw-vr-quest/buildscripts/prefix/arm64/include/osg/NodeVisitor:338:22: note: hidden overloaded virtual function 'osg::NodeVisitor::apply' declared here: type mismatch at 1st parameter ('osg::Projection &' vs 'osg::StateSet &')
        virtual void apply(Projection& node);
                     ^
/home/user/Documents/android/apps/openmw-vr-quest/buildscripts/prefix/arm64/include/osg/NodeVisitor:340:22: note: hidden overloaded virtual function 'osg::NodeVisitor::apply' declared here: type mismatch at 1st parameter ('osg::CoordinateSystemNode &' vs 'osg::StateSet &')
        virtual void apply(CoordinateSystemNode& node);
                     ^
/home/user/Documents/android/apps/openmw-vr-quest/buildscripts/prefix/arm64/include/osg/NodeVisitor:342:22: note: hidden overloaded virtual function 'osg::NodeVisitor::apply' declared here: type mismatch at 1st parameter ('osg::ClipNode &' vs 'osg::StateSet &')
        virtual void apply(ClipNode& node);
                     ^
/home/user/Documents/android/apps/openmw-vr-quest/buildscripts/prefix/arm64/include/osg/NodeVisitor:343:22: note: hidden overloaded virtual function 'osg::NodeVisitor::apply' declared here: type mismatch at 1st parameter ('osg::TexGenNode &' vs 'osg::StateSet &')
        virtual void apply(TexGenNode& node);
                     ^
/home/user/Documents/android/apps/openmw-vr-quest/buildscripts/prefix/arm64/include/osg/NodeVisitor:344:22: note: hidden overloaded virtual function 'osg::NodeVisitor::apply' declared here: type mismatch at 1st parameter ('osg::LightSource &' vs 'osg::StateSet &')
        virtual void apply(LightSource& node);
                     ^
/home/user/Documents/android/apps/openmw-vr-quest/buildscripts/prefix/arm64/include/osg/NodeVisitor:346:22: note: hidden overloaded virtual function 'osg::NodeVisitor::apply' declared here: type mismatch at 1st parameter ('osg::Transform &' vs 'osg::StateSet &')
        virtual void apply(Transform& node);
                     ^
/home/user/Documents/android/apps/openmw-vr-quest/buildscripts/prefix/arm64/include/osg/NodeVisitor:347:22: note: hidden overloaded virtual function 'osg::NodeVisitor::apply' declared here: type mismatch at 1st parameter ('osg::Camera &' vs 'osg::StateSet &')
        virtual void apply(Camera& node);
                     ^
/home/user/Documents/android/apps/openmw-vr-quest/buildscripts/prefix/arm64/include/osg/NodeVisitor:348:22: note: hidden overloaded virtual function 'osg::NodeVisitor::apply' declared here: type mismatch at 1st parameter ('osg::CameraView &' vs 'osg::StateSet &')
        virtual void apply(CameraView& node);
                     ^
/home/user/Documents/android/apps/openmw-vr-quest/buildscripts/prefix/arm64/include/osg/NodeVisitor:349:22: note: hidden overloaded virtual function 'osg::NodeVisitor::apply' declared here: type mismatch at 1st parameter ('osg::MatrixTransform &' vs 'osg::StateSet &')
        virtual void apply(MatrixTransform& node);
                     ^
/home/user/Documents/android/apps/openmw-vr-quest/buildscripts/prefix/arm64/include/osg/NodeVisitor:350:22: note: hidden overloaded virtual function 'osg::NodeVisitor::apply' declared here: type mismatch at 1st parameter ('osg::PositionAttitudeTransform &' vs 'osg::StateSet &')
        virtual void apply(PositionAttitudeTransform& node);
                     ^
/home/user/Documents/android/apps/openmw-vr-quest/buildscripts/prefix/arm64/include/osg/NodeVisitor:351:22: note: hidden overloaded virtual function 'osg::NodeVisitor::apply' declared here: type mismatch at 1st parameter ('osg::AutoTransform &' vs 'osg::StateSet &')
        virtual void apply(AutoTransform& node);
                     ^
/home/user/Documents/android/apps/openmw-vr-quest/buildscripts/prefix/arm64/include/osg/NodeVisitor:353:22: note: hidden overloaded virtual function 'osg::NodeVisitor::apply' declared here: type mismatch at 1st parameter ('osg::Switch &' vs 'osg::StateSet &')
        virtual void apply(Switch& node);
                     ^
/home/user/Documents/android/apps/openmw-vr-quest/buildscripts/prefix/arm64/include/osg/NodeVisitor:354:22: note: hidden overloaded virtual function 'osg::NodeVisitor::apply' declared here: type mismatch at 1st parameter ('osg::Sequence &' vs 'osg::StateSet &')
        virtual void apply(Sequence& node);
                     ^
/home/user/Documents/android/apps/openmw-vr-quest/buildscripts/prefix/arm64/include/osg/NodeVisitor:355:22: note: hidden overloaded virtual function 'osg::NodeVisitor::apply' declared here: type mismatch at 1st parameter ('osg::LOD &' vs 'osg::StateSet &')
        virtual void apply(LOD& node);
                     ^
/home/user/Documents/android/apps/openmw-vr-quest/buildscripts/prefix/arm64/include/osg/NodeVisitor:356:22: note: hidden overloaded virtual function 'osg::NodeVisitor::apply' declared here: type mismatch at 1st parameter ('osg::PagedLOD &' vs 'osg::StateSet &')
        virtual void apply(PagedLOD& node);
                     ^
/home/user/Documents/android/apps/openmw-vr-quest/buildscripts/prefix/arm64/include/osg/NodeVisitor:357:22: note: hidden overloaded virtual function 'osg::NodeVisitor::apply' declared here: type mismatch at 1st parameter ('osg::ClearNode &' vs 'osg::StateSet &')
        virtual void apply(ClearNode& node);
                     ^
/home/user/Documents/android/apps/openmw-vr-quest/buildscripts/prefix/arm64/include/osg/NodeVisitor:358:22: note: hidden overloaded virtual function 'osg::NodeVisitor::apply' declared here: type mismatch at 1st parameter ('osg::OccluderNode &' vs 'osg::StateSet &')
        virtual void apply(OccluderNode& node);
                     ^
/home/user/Documents/android/apps/openmw-vr-quest/buildscripts/prefix/arm64/include/osg/NodeVisitor:359:22: note: hidden overloaded virtual function 'osg::NodeVisitor::apply' declared here: type mismatch at 1st parameter ('osg::OcclusionQueryNode &' vs 'osg::StateSet &')
        virtual void apply(OcclusionQueryNode& node);
                     ^
In file included from /home/user/Documents/android/apps/openmw-vr-quest/buildscripts/openmw-vr/apps/openmw/mwgui/loadingscreen.cpp:6:
In file included from /home/user/Documents/android/apps/openmw-vr-quest/buildscripts/prefix/arm64/include/osgViewer/Viewer:21:
In file included from /home/user/Documents/android/apps/openmw-vr-quest/buildscripts/prefix/arm64/include/osgViewer/View:29:
In file included from /home/user/Documents/android/apps/openmw-vr-quest/buildscripts/prefix/arm64/include/osgViewer/Scene:19:
In file included from /home/user/Documents/android/apps/openmw-vr-quest/buildscripts/prefix/arm64/include/osgDB/DatabasePager:31:
/home/user/Documents/android/apps/openmw-vr-quest/buildscripts/prefix/arm64/include/osgUtil/IncrementalCompileOperation:52:22: warning: 'osgUtil::StateToCompile::apply' hides overloaded virtual functions [-Woverloaded-virtual]
        virtual void apply(osg::StateSet& stateset);
                     ^
/home/user/Documents/android/apps/openmw-vr-quest/buildscripts/prefix/arm64/include/osg/NodeVisitor:327:22: note: hidden overloaded virtual function 'osg::NodeVisitor::apply' declared here: type mismatch at 1st parameter ('osg::Geometry &' vs 'osg::StateSet &')
        virtual void apply(Geometry& geometry);
                     ^
/home/user/Documents/android/apps/openmw-vr-quest/buildscripts/prefix/arm64/include/osg/NodeVisitor:331:22: note: hidden overloaded virtual function 'osg::NodeVisitor::apply' declared here: type mismatch at 1st parameter ('osg::Geode &' vs 'osg::StateSet &')
        virtual void apply(Geode& node);
                     ^
/home/user/Documents/android/apps/openmw-vr-quest/buildscripts/prefix/arm64/include/osg/NodeVisitor:332:22: note: hidden overloaded virtual function 'osg::NodeVisitor::apply' declared here: type mismatch at 1st parameter ('osg::Billboard &' vs 'osg::StateSet &')
        virtual void apply(Billboard& node);
                     ^
/home/user/Documents/android/apps/openmw-vr-quest/buildscripts/prefix/arm64/include/osg/NodeVisitor:334:22: note: hidden overloaded virtual function 'osg::NodeVisitor::apply' declared here: type mismatch at 1st parameter ('osg::Group &' vs 'osg::StateSet &')
        virtual void apply(Group& node);
                     ^
/home/user/Documents/android/apps/openmw-vr-quest/buildscripts/prefix/arm64/include/osg/NodeVisitor:336:22: note: hidden overloaded virtual function 'osg::NodeVisitor::apply' declared here: type mismatch at 1st parameter ('osg::ProxyNode &' vs 'osg::StateSet &')
        virtual void apply(ProxyNode& node);
                     ^
/home/user/Documents/android/apps/openmw-vr-quest/buildscripts/prefix/arm64/include/osg/NodeVisitor:338:22: note: hidden overloaded virtual function 'osg::NodeVisitor::apply' declared here: type mismatch at 1st parameter ('osg::Projection &' vs 'osg::StateSet &')
        virtual void apply(Projection& node);
                     ^
/home/user/Documents/android/apps/openmw-vr-quest/buildscripts/prefix/arm64/include/osg/NodeVisitor:340:22: note: hidden overloaded virtual function 'osg::NodeVisitor::apply' declared here: type mismatch at 1st parameter ('osg::CoordinateSystemNode &' vs 'osg::StateSet &')
        virtual void apply(CoordinateSystemNode& node);
                     ^
/home/user/Documents/android/apps/openmw-vr-quest/buildscripts/prefix/arm64/include/osg/NodeVisitor:342:22: note: hidden overloaded virtual function 'osg::NodeVisitor::apply' declared here: type mismatch at 1st parameter ('osg::ClipNode &' vs 'osg::StateSet &')
        virtual void apply(ClipNode& node);
                     ^
/home/user/Documents/android/apps/openmw-vr-quest/buildscripts/prefix/arm64/include/osg/NodeVisitor:343:22: note: hidden overloaded virtual function 'osg::NodeVisitor::apply' declared here: type mismatch at 1st parameter ('osg::TexGenNode &' vs 'osg::StateSet &')
        virtual void apply(TexGenNode& node);
                     ^
/home/user/Documents/android/apps/openmw-vr-quest/buildscripts/prefix/arm64/include/osg/NodeVisitor:344:22: note: hidden overloaded virtual function 'osg::NodeVisitor::apply' declared here: type mismatch at 1st parameter ('osg::LightSource &' vs 'osg::StateSet &')
        virtual void apply(LightSource& node);
                     ^
/home/user/Documents/android/apps/openmw-vr-quest/buildscripts/prefix/arm64/include/osg/NodeVisitor:346:22: note: hidden overloaded virtual function 'osg::NodeVisitor::apply' declared here: type mismatch at 1st parameter ('osg::Transform &' vs 'osg::StateSet &')
        virtual void apply(Transform& node);
                     ^
/home/user/Documents/android/apps/openmw-vr-quest/buildscripts/prefix/arm64/include/osg/NodeVisitor:347:22: note: hidden overloaded virtual function 'osg::NodeVisitor::apply' declared here: type mismatch at 1st parameter ('osg::Camera &' vs 'osg::StateSet &')
        virtual void apply(Camera& node);
                     ^
/home/user/Documents/android/apps/openmw-vr-quest/buildscripts/prefix/arm64/include/osg/NodeVisitor:348:22: note: hidden overloaded virtual function 'osg::NodeVisitor::apply' declared here: type mismatch at 1st parameter ('osg::CameraView &' vs 'osg::StateSet &')
        virtual void apply(CameraView& node);
                     ^
/home/user/Documents/android/apps/openmw-vr-quest/buildscripts/prefix/arm64/include/osg/NodeVisitor:349:22: note: hidden overloaded virtual function 'osg::NodeVisitor::apply' declared here: type mismatch at 1st parameter ('osg::MatrixTransform &' vs 'osg::StateSet &')
        virtual void apply(MatrixTransform& node);
                     ^
/home/user/Documents/android/apps/openmw-vr-quest/buildscripts/prefix/arm64/include/osg/NodeVisitor:350:22: note: hidden overloaded virtual function 'osg::NodeVisitor::apply' declared here: type mismatch at 1st parameter ('osg::PositionAttitudeTransform &' vs 'osg::StateSet &')
        virtual void apply(PositionAttitudeTransform& node);
                     ^
/home/user/Documents/android/apps/openmw-vr-quest/buildscripts/prefix/arm64/include/osg/NodeVisitor:351:22: note: hidden overloaded virtual function 'osg::NodeVisitor::apply' declared here: type mismatch at 1st parameter ('osg::AutoTransform &' vs 'osg::StateSet &')
        virtual void apply(AutoTransform& node);
                     ^
/home/user/Documents/android/apps/openmw-vr-quest/buildscripts/prefix/arm64/include/osg/NodeVisitor:353:22: note: hidden overloaded virtual function 'osg::NodeVisitor::apply' declared here: type mismatch at 1st parameter ('osg::Switch &' vs 'osg::StateSet &')
        virtual void apply(Switch& node);
                     ^
/home/user/Documents/android/apps/openmw-vr-quest/buildscripts/prefix/arm64/include/osg/NodeVisitor:354:22: note: hidden overloaded virtual function 'osg::NodeVisitor::apply' declared here: type mismatch at 1st parameter ('osg::Sequence &' vs 'osg::StateSet &')
        virtual void apply(Sequence& node);
                     ^
/home/user/Documents/android/apps/openmw-vr-quest/buildscripts/prefix/arm64/include/osg/NodeVisitor:355:22: note: hidden overloaded virtual function 'osg::NodeVisitor::apply' declared here: type mismatch at 1st parameter ('osg::LOD &' vs 'osg::StateSet &')
        virtual void apply(LOD& node);
                     ^
/home/user/Documents/android/apps/openmw-vr-quest/buildscripts/prefix/arm64/include/osg/NodeVisitor:356:22: note: hidden overloaded virtual function 'osg::NodeVisitor::apply' declared here: type mismatch at 1st parameter ('osg::PagedLOD &' vs 'osg::StateSet &')
        virtual void apply(PagedLOD& node);
                     ^
/home/user/Documents/android/apps/openmw-vr-quest/buildscripts/prefix/arm64/include/osg/NodeVisitor:357:22: note: hidden overloaded virtual function 'osg::NodeVisitor::apply' declared here: type mismatch at 1st parameter ('osg::ClearNode &' vs 'osg::StateSet &')
        virtual void apply(ClearNode& node);
                     ^
/home/user/Documents/android/apps/openmw-vr-quest/buildscripts/prefix/arm64/include/osg/NodeVisitor:358:22: note: hidden overloaded virtual function 'osg::NodeVisitor::apply' declared here: type mismatch at 1st parameter ('osg::OccluderNode &' vs 'osg::StateSet &')
        virtual void apply(OccluderNode& node);
                     ^
/home/user/Documents/android/apps/openmw-vr-quest/buildscripts/prefix/arm64/include/osg/NodeVisitor:359:22: note: hidden overloaded virtual function 'osg::NodeVisitor::apply' declared here: type mismatch at 1st parameter ('osg::OcclusionQueryNode &' vs 'osg::StateSet &')
        virtual void apply(OcclusionQueryNode& node);
                     ^
In file included from /home/user/Documents/android/apps/openmw-vr-quest/buildscripts/openmw-vr/apps/openmw/mwgui/loadingscreen.cpp:6:
In file included from /home/user/Documents/android/apps/openmw-vr-quest/buildscripts/prefix/arm64/include/osgViewer/Viewer:21:
In file included from /home/user/Documents/android/apps/openmw-vr-quest/buildscripts/prefix/arm64/include/osgViewer/View:29:
In file included from /home/user/Documents/android/apps/openmw-vr-quest/buildscripts/prefix/arm64/include/osgViewer/Scene:19:
In file included from /home/user/Documents/android/apps/openmw-vr-quest/buildscripts/prefix/arm64/include/osgDB/DatabasePager:31:
/home/user/Documents/android/apps/openmw-vr-quest/buildscripts/prefix/arm64/include/osgUtil/IncrementalCompileOperation:53:22: warning: 'osgUtil::StateToCompile::apply' hides overloaded virtual functions [-Woverloaded-virtual]
        virtual void apply(osg::Texture& texture);
                     ^
/home/user/Documents/android/apps/openmw-vr-quest/buildscripts/prefix/arm64/include/osg/NodeVisitor:327:22: note: hidden overloaded virtual function 'osg::NodeVisitor::apply' declared here: type mismatch at 1st parameter ('osg::Geometry &' vs 'osg::Texture &')
        virtual void apply(Geometry& geometry);
                     ^
/home/user/Documents/android/apps/openmw-vr-quest/buildscripts/prefix/arm64/include/osg/NodeVisitor:331:22: note: hidden overloaded virtual function 'osg::NodeVisitor::apply' declared here: type mismatch at 1st parameter ('osg::Geode &' vs 'osg::Texture &')
        virtual void apply(Geode& node);
                     ^
/home/user/Documents/android/apps/openmw-vr-quest/buildscripts/prefix/arm64/include/osg/NodeVisitor:332:22: note: hidden overloaded virtual function 'osg::NodeVisitor::apply' declared here: type mismatch at 1st parameter ('osg::Billboard &' vs 'osg::Texture &')
        virtual void apply(Billboard& node);
                     ^
/home/user/Documents/android/apps/openmw-vr-quest/buildscripts/prefix/arm64/include/osg/NodeVisitor:334:22: note: hidden overloaded virtual function 'osg::NodeVisitor::apply' declared here: type mismatch at 1st parameter ('osg::Group &' vs 'osg::Texture &')
        virtual void apply(Group& node);
                     ^
/home/user/Documents/android/apps/openmw-vr-quest/buildscripts/prefix/arm64/include/osg/NodeVisitor:336:22: note: hidden overloaded virtual function 'osg::NodeVisitor::apply' declared here: type mismatch at 1st parameter ('osg::ProxyNode &' vs 'osg::Texture &')
        virtual void apply(ProxyNode& node);
                     ^
/home/user/Documents/android/apps/openmw-vr-quest/buildscripts/prefix/arm64/include/osg/NodeVisitor:338:22: note: hidden overloaded virtual function 'osg::NodeVisitor::apply' declared here: type mismatch at 1st parameter ('osg::Projection &' vs 'osg::Texture &')
        virtual void apply(Projection& node);
                     ^
/home/user/Documents/android/apps/openmw-vr-quest/buildscripts/prefix/arm64/include/osg/NodeVisitor:340:22: note: hidden overloaded virtual function 'osg::NodeVisitor::apply' declared here: type mismatch at 1st parameter ('osg::CoordinateSystemNode &' vs 'osg::Texture &')
        virtual void apply(CoordinateSystemNode& node);
                     ^
/home/user/Documents/android/apps/openmw-vr-quest/buildscripts/prefix/arm64/include/osg/NodeVisitor:342:22: note: hidden overloaded virtual function 'osg::NodeVisitor::apply' declared here: type mismatch at 1st parameter ('osg::ClipNode &' vs 'osg::Texture &')
        virtual void apply(ClipNode& node);
                     ^
/home/user/Documents/android/apps/openmw-vr-quest/buildscripts/prefix/arm64/include/osg/NodeVisitor:343:22: note: hidden overloaded virtual function 'osg::NodeVisitor::apply' declared here: type mismatch at 1st parameter ('osg::TexGenNode &' vs 'osg::Texture &')
        virtual void apply(TexGenNode& node);
                     ^
/home/user/Documents/android/apps/openmw-vr-quest/buildscripts/prefix/arm64/include/osg/NodeVisitor:344:22: note: hidden overloaded virtual function 'osg::NodeVisitor::apply' declared here: type mismatch at 1st parameter ('osg::LightSource &' vs 'osg::Texture &')
        virtual void apply(LightSource& node);
                     ^
/home/user/Documents/android/apps/openmw-vr-quest/buildscripts/prefix/arm64/include/osg/NodeVisitor:346:22: note: hidden overloaded virtual function 'osg::NodeVisitor::apply' declared here: type mismatch at 1st parameter ('osg::Transform &' vs 'osg::Texture &')
        virtual void apply(Transform& node);
                     ^
/home/user/Documents/android/apps/openmw-vr-quest/buildscripts/prefix/arm64/include/osg/NodeVisitor:347:22: note: hidden overloaded virtual function 'osg::NodeVisitor::apply' declared here: type mismatch at 1st parameter ('osg::Camera &' vs 'osg::Texture &')
        virtual void apply(Camera& node);
                     ^
/home/user/Documents/android/apps/openmw-vr-quest/buildscripts/prefix/arm64/include/osg/NodeVisitor:348:22: note: hidden overloaded virtual function 'osg::NodeVisitor::apply' declared here: type mismatch at 1st parameter ('osg::CameraView &' vs 'osg::Texture &')
        virtual void apply(CameraView& node);
                     ^
/home/user/Documents/android/apps/openmw-vr-quest/buildscripts/prefix/arm64/include/osg/NodeVisitor:349:22: note: hidden overloaded virtual function 'osg::NodeVisitor::apply' declared here: type mismatch at 1st parameter ('osg::MatrixTransform &' vs 'osg::Texture &')
        virtual void apply(MatrixTransform& node);
                     ^
/home/user/Documents/android/apps/openmw-vr-quest/buildscripts/prefix/arm64/include/osg/NodeVisitor:350:22: note: hidden overloaded virtual function 'osg::NodeVisitor::apply' declared here: type mismatch at 1st parameter ('osg::PositionAttitudeTransform &' vs 'osg::Texture &')
        virtual void apply(PositionAttitudeTransform& node);
                     ^
/home/user/Documents/android/apps/openmw-vr-quest/buildscripts/prefix/arm64/include/osg/NodeVisitor:351:22: note: hidden overloaded virtual function 'osg::NodeVisitor::apply' declared here: type mismatch at 1st parameter ('osg::AutoTransform &' vs 'osg::Texture &')
        virtual void apply(AutoTransform& node);
                     ^
/home/user/Documents/android/apps/openmw-vr-quest/buildscripts/prefix/arm64/include/osg/NodeVisitor:353:22: note: hidden overloaded virtual function 'osg::NodeVisitor::apply' declared here: type mismatch at 1st parameter ('osg::Switch &' vs 'osg::Texture &')
        virtual void apply(Switch& node);
                     ^
/home/user/Documents/android/apps/openmw-vr-quest/buildscripts/prefix/arm64/include/osg/NodeVisitor:354:22: note: hidden overloaded virtual function 'osg::NodeVisitor::apply' declared here: type mismatch at 1st parameter ('osg::Sequence &' vs 'osg::Texture &')
        virtual void apply(Sequence& node);
                     ^
/home/user/Documents/android/apps/openmw-vr-quest/buildscripts/prefix/arm64/include/osg/NodeVisitor:355:22: note: hidden overloaded virtual function 'osg::NodeVisitor::apply' declared here: type mismatch at 1st parameter ('osg::LOD &' vs 'osg::Texture &')
        virtual void apply(LOD& node);
                     ^
/home/user/Documents/android/apps/openmw-vr-quest/buildscripts/prefix/arm64/include/osg/NodeVisitor:356:22: note: hidden overloaded virtual function 'osg::NodeVisitor::apply' declared here: type mismatch at 1st parameter ('osg::PagedLOD &' vs 'osg::Texture &')
        virtual void apply(PagedLOD& node);
                     ^
/home/user/Documents/android/apps/openmw-vr-quest/buildscripts/prefix/arm64/include/osg/NodeVisitor:357:22: note: hidden overloaded virtual function 'osg::NodeVisitor::apply' declared here: type mismatch at 1st parameter ('osg::ClearNode &' vs 'osg::Texture &')
        virtual void apply(ClearNode& node);
                     ^
/home/user/Documents/android/apps/openmw-vr-quest/buildscripts/prefix/arm64/include/osg/NodeVisitor:358:22: note: hidden overloaded virtual function 'osg::NodeVisitor::apply' declared here: type mismatch at 1st parameter ('osg::OccluderNode &' vs 'osg::Texture &')
        virtual void apply(OccluderNode& node);
                     ^
/home/user/Documents/android/apps/openmw-vr-quest/buildscripts/prefix/arm64/include/osg/NodeVisitor:359:22: note: hidden overloaded virtual function 'osg::NodeVisitor::apply' declared here: type mismatch at 1st parameter ('osg::OcclusionQueryNode &' vs 'osg::Texture &')
        virtual void apply(OcclusionQueryNode& node);
                     ^
4 warnings generated.
[ 33%] Building CXX object apps/openmw/CMakeFiles/openmw.dir/mwgui/levelupdialog.cpp.o
[ 33%] Building CXX object apps/openmw/CMakeFiles/openmw.dir/mwgui/waitdialog.cpp.o
[ 33%] Building CXX object apps/openmw/CMakeFiles/openmw.dir/mwgui/spellcreationdialog.cpp.o
[ 33%] Building CXX object apps/openmw/CMakeFiles/openmw.dir/mwgui/enchantingdialog.cpp.o
[ 33%] Building CXX object apps/openmw/CMakeFiles/openmw.dir/mwgui/trainingwindow.cpp.o
[ 33%] Building CXX object apps/openmw/CMakeFiles/openmw.dir/mwgui/travelwindow.cpp.o
[ 34%] Building CXX object apps/openmw/CMakeFiles/openmw.dir/mwgui/exposedwindow.cpp.o
[ 34%] Building CXX object apps/openmw/CMakeFiles/openmw.dir/mwgui/cursor.cpp.o
[ 34%] Building CXX object apps/openmw/CMakeFiles/openmw.dir/mwgui/spellicons.cpp.o
[ 34%] Building CXX object apps/openmw/CMakeFiles/openmw.dir/mwgui/merchantrepair.cpp.o
make[2]: *** [CMakeFiles/openmw.dir/build.make:86: openmw-prefix/src/openmw-stamp/openmw-build] Terminated
make[1]: *** [CMakeFiles/Makefile2:520: CMakeFiles/openmw.dir/all] Terminated
make: *** [Makefile:91: all] Terminated
make[5]: *** [apps/openmw/CMakeFiles/openmw.dir/build.make:1255: apps/openmw/CMakeFiles/openmw.dir/mwgui/merchantrepair.cpp.o] Terminated
make[4]: *** [CMakeFiles/Makefile2:944: apps/openmw/CMakeFiles/openmw.dir/all] Terminated
make[3]: *** [Makefile:136: all] Terminated
